Key,Value
historical,1.0316869513097828
ssp126,1.0329200552905122
ssp370,1.0315358279042768
ssp585,1.026828992362064
