Key,Value
historical,0.9919818759755588
ssp126,0.9883285719313912
ssp370,0.987250842524222
ssp585,0.9831965955920915
