Key,Value
historical,0.9487283004725576
ssp126,0.9362367931097831
ssp370,0.9289316028454019
ssp585,0.9322303279234612
