Key,Value
historical,1.0021385019988545
ssp126,0.9958487623392461
ssp370,0.9953457038645463
ssp585,0.9959637492003856
