Key,Value
historical,1.0328458094097537
ssp126,1.0249811110542344
ssp370,1.0233770835154479
ssp585,1.0273184478084016
