Key,Value
historical,0.9983461412004359
ssp126,0.987207514622447
ssp370,0.9850506100090504
ssp585,0.9901708388068257
