Key,Value
historical,0.9733869128200501
ssp126,0.9661216621716103
ssp370,0.9641376999771961
ssp585,0.962652937566816
