Key,Value
historical,0.9644089774790683
ssp126,0.9479725844978036
ssp370,0.9441830826894886
ssp585,0.9414323136005787
