Key,Value
historical,0.9997817787866154
ssp126,0.9921672141673065
ssp370,0.9891589593962802
ssp585,0.9914187922430261
