Key,Value
historical,0.9999644372355708
ssp126,0.99706081613103
ssp370,0.9958085310040043
ssp585,0.9986557836490682
