Key,Value
historical,0.9889054450649961
ssp126,0.978731031270548
ssp370,0.9731699804151507
ssp585,0.9672997477636943
