Key,Value
historical,1.0000000000000002
ssp126,0.9817477339891778
ssp370,0.9758920838285188
ssp585,0.9697094535340849
