Key,Value
historical,1.0001551883206534
ssp126,0.991316622212792
ssp370,0.9917608008607713
ssp585,0.9926845260640996
