Key,Value
historical,0.9539230227551192
ssp126,0.9341855762335237
ssp370,0.9310407972794228
ssp585,0.9195696746480035
