Key,Value
historical,0.9557554912539307
ssp126,0.9474962892676904
ssp370,0.941102426581319
ssp585,0.9407361072195152
