Key,Value
historical,0.9999999999999999
ssp126,0.9954457670158625
ssp370,0.9920148479878798
ssp585,0.9900701273563363
