Key,Value
historical,1.0379980394946524
ssp126,1.0222643343300273
ssp370,1.0172970258135388
ssp585,1.0228051690561821
