Key,Value
historical,1.0076605687604376
ssp126,0.9993139937512516
ssp370,0.9996608103803865
ssp585,1.0022407428402031
