Key,Value
historical,0.9554412857233423
ssp126,0.9398410588645124
ssp370,0.9400598129259821
ssp585,0.9364114906388024
