Key,Value
historical,0.992509946307133
ssp126,0.975786318164056
ssp370,0.973603079190723
ssp585,0.9683230712416236
