Key,Value
historical,1.0076928119739756
ssp126,0.9965586278879026
ssp370,0.9958625105584916
ssp585,0.9919913450616258
