Key,Value
historical,1.0000000000000002
ssp126,0.9834367795838335
ssp370,0.9778992994211159
ssp585,0.9718750612823237
