Key,Value
historical,0.9997922978913335
ssp126,0.9802458908530984
ssp370,0.9720664209543102
ssp585,0.9715251675304393
