Key,Value
historical,0.9999999999999999
ssp126,0.988408541977939
ssp370,0.9897442441037285
ssp585,0.9917542416068383
