Key,Value
historical,1.0071126305555633
ssp126,1.0014583785848141
ssp370,0.9974383113928268
ssp585,0.9972497429576228
