Key,Value
historical,0.9903113790718674
ssp126,0.9837612400836567
ssp370,0.9839572876898957
ssp585,0.9828668837363413
