Key,Value
historical,0.9999999999999999
ssp126,0.9922195225378406
ssp370,0.9907312730762441
ssp585,0.9902803598581843
