Key,Value
historical,1.0009592569705426
ssp126,0.9933420402671235
ssp370,0.9914309740121882
ssp585,0.9917627801403843
