Key,Value
historical,0.9979551558237629
ssp126,0.9800070383443763
ssp370,0.9785672391130184
ssp585,0.9750715681889711
