Key,Value
historical,0.9899133324733954
ssp126,0.9784615304730643
ssp370,0.9745455633657205
ssp585,0.9722084049917621
