Key,Value
historical,1.0082511530426912
ssp126,1.0008932548418943
ssp370,1.0038768998720697
ssp585,0.9985244768689183
