Key,Value
historical,1.0464942453073576
ssp126,1.0402327785376324
ssp370,1.0427749513199651
ssp585,1.039489206870114
