Key,Value
historical,0.9977950649867768
ssp126,0.9839895164299729
ssp370,0.990604072659845
ssp585,0.9857728559759986
