Key,Value
historical,0.9563371574651266
ssp126,0.9627698704513363
ssp370,0.9601643894932306
ssp585,0.9550790677987014
