Key,Value
historical,1.0085760881048467
ssp126,0.9993974500829234
ssp370,0.9991848940444337
ssp585,0.9932613279205257
