Key,Value
historical,0.9894668353579202
ssp126,0.9704886777144279
ssp370,0.9614215746397793
ssp585,0.956470767150096
