Key,Value
historical,1.0375121418978115
ssp126,1.03181905497457
ssp370,1.0216462682141128
ssp585,1.0162000339422377
