Key,Value
historical,0.9626422781434384
ssp126,0.9494845678866111
ssp370,0.9517042578372901
ssp585,0.9416741347371449
