Key,Value
historical,0.9999999999999999
ssp126,0.9852574417975273
ssp370,0.98374854264506
ssp585,0.9811983950860793
