Key,Value
historical,1.0083689532971256
ssp126,0.9907677811190688
ssp370,0.9911545517440763
ssp585,0.9850138365625102
