Key,Value
historical,0.9950584911169156
ssp126,0.9779049372589274
ssp370,0.9743266781789741
ssp585,0.9715286751401544
