Key,Value
historical,1.0551971808523353
ssp126,1.049672806429907
ssp370,1.0573338372163767
ssp585,1.0490005465682972
