Key,Value
historical,0.9999999999999999
ssp126,0.9882847269450735
ssp370,0.9844206022814543
ssp585,0.980674808595952
