Key,Value
historical,1.0010905334611324
ssp126,0.983932650242921
ssp370,0.9825104215430586
ssp585,0.9844892690203363
