Key,Value
historical,0.9684444624046371
ssp126,0.9661470684388269
ssp370,0.9676414685984103
ssp585,0.9612419095577481
