Key,Value
historical,0.9999999999999999
ssp126,0.9888063449177869
ssp370,0.9868080377574627
ssp585,0.9867641604565357
