Key,Value
historical,0.9922144071035689
ssp126,0.9789808967813542
ssp370,0.9765001024945487
ssp585,0.9746763305381605
