Key,Value
historical,1.0427356479915553
ssp126,1.0379601346797938
ssp370,1.0363868998007117
ssp585,1.0424599400787031
