Key,Value
historical,0.9930235385179091
ssp126,0.9829466072080453
ssp370,0.9857303506030293
ssp585,0.9816733146557869
