Key,Value
historical,0.9498989231312641
ssp126,0.9383986487378307
ssp370,0.9300603433578494
ssp585,0.9194117169317559
