Key,Value
historical,0.9653876104508331
ssp126,0.9450898473665342
ssp370,0.9453431432807825
ssp585,0.9413064600267942
