Key,Value
historical,0.9538180266464533
ssp126,0.948508929970984
ssp370,0.9443376046741551
ssp585,0.9419023807911185
