Key,Value
historical,1.0076764639786069
ssp126,0.996760957029801
ssp370,0.9930066301889406
ssp585,0.989052639129889
