Key,Value
historical,1.0006566825055376
ssp126,0.9972234607942332
ssp370,0.9955859421542536
ssp585,0.9977178240058262
