Key,Value
historical,0.9999999999999999
ssp126,1.0014600203934823
ssp370,0.9998661413554842
ssp585,1.0034824380240657
