Key,Value
historical,1.041358265916816
ssp126,1.0270492592215763
ssp370,1.0308423774346738
ssp585,1.0368270351178404
