Key,Value
historical,0.9930235385179091
ssp126,0.9807735475140619
ssp370,0.9754554783251776
ssp585,0.9679611442832876
