Key,Value
historical,1.0413679502427784
ssp126,1.0297077109184867
ssp370,1.0261194644385692
ssp585,1.024217592997281
