Key,Value
historical,0.9999025011114991
ssp126,0.9982668749929249
ssp370,0.9938360731617911
ssp585,0.9940768020023507
