Key,Value
historical,1.0064754129792435
ssp126,0.9918886595762966
ssp370,0.9911071248178032
ssp585,0.9817797141806225
