Key,Value
historical,0.992315304859106
ssp126,0.9860771533006879
ssp370,0.9812728725048327
ssp585,0.980932588017098
