Key,Value
historical,0.9603616346356959
ssp126,0.9350291468106313
ssp370,0.937115022129782
ssp585,0.9374386717818851
