Key,Value
historical,1.0000000000000002
ssp126,0.9813238491908296
ssp370,0.9643136549065849
ssp585,0.9668786063807915
