Key,Value
historical,0.9999461630731539
ssp126,0.9894791790613763
ssp370,0.9918444919686714
ssp585,0.9864061568608065
