Key,Value
historical,1.0000000000000002
ssp126,0.9807121530426016
ssp370,0.9803228829785507
ssp585,0.9795454718138171
