Key,Value
historical,1.0376003141659302
ssp126,1.032148426698252
ssp370,1.0293971040858787
ssp585,1.039463831769988
