Key,Value
historical,0.9987550077246952
ssp126,0.9873754580843153
ssp370,0.9813022853667039
ssp585,0.9798048062512332
