Key,Value
historical,1.0422407210366589
ssp126,1.0386604240149213
ssp370,1.0313424132710818
ssp585,1.0265731343234246
