Key,Value
historical,1.0472812929300235
ssp126,1.042185374104487
ssp370,1.0365450117809645
ssp585,1.0343268433308654
