Key,Value
historical,1.0357950482325364
ssp126,1.027835399674923
ssp370,1.0253678778880098
ssp585,1.0258847315692385
