Key,Value
historical,1.047091863465354
ssp126,1.0410540309860314
ssp370,1.0380025381380211
ssp585,1.0448128523054052
