Key,Value
historical,1.00667718492115
ssp126,0.9929122457721882
ssp370,0.9926173592709212
ssp585,0.9910111747113665
