Key,Value
historical,0.9946119981964932
ssp126,0.9761012545155383
ssp370,0.9668382919765605
ssp585,0.9627124612044323
