Key,Value
historical,0.9686214386317852
ssp126,0.9487015511619371
ssp370,0.950356160653379
ssp585,0.944822760235656
