Key,Value
historical,0.9425510587036342
ssp126,0.9327185369441124
ssp370,0.9288386304027099
ssp585,0.9280519550548187
