Key,Value
historical,0.9999999999999999
ssp126,0.9892903022001965
ssp370,0.9852451896075336
ssp585,0.9859960435322932
