Key,Value
historical,0.9610370020154755
ssp126,0.9545086600362837
ssp370,0.9568862525306602
ssp585,0.9537535985226341
