Key,Value
historical,0.964460128188438
ssp126,0.9492770781329829
ssp370,0.9425726450568384
ssp585,0.9376318406955823
