Key,Value
historical,1.0007819340083286
ssp126,0.9974472167966539
ssp370,0.9956642064453992
ssp585,0.9977110028743424
