Key,Value
historical,1.0383911204463554
ssp126,1.022770539281865
ssp370,1.0221039267206198
ssp585,1.0163071821617389
