Key,Value
historical,0.9901231309849702
ssp126,0.9877505552898334
ssp370,0.9831723491938745
ssp585,0.977471922950883
