Key,Value
historical,0.9999999999999999
ssp126,0.9943139017031194
ssp370,0.9929770948298228
ssp585,0.9895716990830831
