Key,Value
historical,1.0389796410891683
ssp126,1.0296451270326106
ssp370,1.0320313689113227
ssp585,1.0289102086887671
