Key,Value
historical,0.9999881586093973
ssp126,0.9902941943266557
ssp370,0.9899257974547968
ssp585,0.9862740949102538
