Key,Value
historical,0.9999999999999999
ssp126,0.9897278413570357
ssp370,0.9858679173332074
ssp585,0.9874834604471913
