Key,Value
historical,1.0074831137979539
ssp126,0.9908187135490668
ssp370,0.9900243241700962
ssp585,0.9900429585848955
