Key,Value
historical,0.9999999999999999
ssp126,0.987913326171485
ssp370,0.98928105904088
ssp585,0.9925994006724995
