Key,Value
historical,0.9532711443054526
ssp126,0.9420293386775592
ssp370,0.9402203842001395
ssp585,0.9327069084009614
