Key,Value
historical,1.0000000000000002
ssp126,0.9761243098761742
ssp370,0.9739505413180776
ssp585,0.9632105700002457
