Key,Value
historical,1.0066759022073752
ssp126,0.9987050923359669
ssp370,0.9996916100925273
ssp585,1.0023982377812939
