Key,Value
historical,0.9488767413078988
ssp126,0.934608975129565
ssp370,0.9362974977491452
ssp585,0.922705812729286
