Key,Value
historical,0.9540076330288076
ssp126,0.9445897882305747
ssp370,0.9406044389200322
ssp585,0.9446207501874124
