Key,Value
historical,1.0428375998492774
ssp126,1.0361187489221069
ssp370,1.044807877714663
ssp585,1.036919464886769
