Key,Value
historical,0.9885772787429226
ssp126,0.9709542171633979
ssp370,0.9672992144659932
ssp585,0.9647979584450879
