Key,Value
historical,0.9927697404570056
ssp126,0.9709741064852428
ssp370,0.9671914958255703
ssp585,0.9631658697084983
