Key,Value
historical,0.9989360917795013
ssp126,0.9927166047399782
ssp370,0.9866504711830226
ssp585,0.9871094078308968
