Key,Value
historical,1.0064010931624232
ssp126,1.000495229787693
ssp370,0.9977737527440643
ssp585,1.0003054683135462
