Key,Value
historical,0.9999999999999999
ssp126,0.9838913059022851
ssp370,0.9843369938572557
ssp585,0.9840157708041757
