Key,Value
historical,1.0077019993925331
ssp126,0.9984834139593961
ssp370,0.9992725198577194
ssp585,1.000727576923347
