Key,Value
historical,0.9571220921845663
ssp126,0.9471754885489925
ssp370,0.9466970782201298
ssp585,0.9444644856474456
