Key,Value
historical,0.9999999999999999
ssp126,0.9877201178862788
ssp370,0.9857871080160354
ssp585,0.985423820893949
