Key,Value
historical,1.0010461224202065
ssp126,0.9945450348555467
ssp370,0.9940505095481619
ssp585,0.992038675920597
