Key,Value
historical,1.04537118292672
ssp126,1.031260589412279
ssp370,1.0215579014400824
ssp585,1.0211489573050168
