Key,Value
historical,1.0413679502427784
ssp126,1.0321313411811528
ssp370,1.0352048045054452
ssp585,1.0284376001781186
