Key,Value
historical,1.0079877228837133
ssp126,0.9990590106798838
ssp370,0.9989791589519349
ssp585,0.9984883580993968
