Key,Value
historical,1.0105740463222397
ssp126,1.0007084451054116
ssp370,0.9976537660099021
ssp585,0.9921634961998214
