Key,Value
historical,0.9999999999999999
ssp126,0.9884123828175705
ssp370,0.9887678301199169
ssp585,0.9910999758634333
