Key,Value
historical,1.04691124426703
ssp126,1.0346257569810178
ssp370,1.0366807175142583
ssp585,1.0339229266142456
