Key,Value
historical,0.9916860452577301
ssp126,0.9797979450048924
ssp370,0.9708541586102117
ssp585,0.975705833521049
