Key,Value
historical,0.9688371596698253
ssp126,0.9510752475745821
ssp370,0.9517739335799286
ssp585,0.9492407410614909
