Key,Value
historical,1.052666448857301
ssp126,1.035868475202495
ssp370,1.0337727707004116
ssp585,1.0310710530532983
