Key,Value
historical,0.9706561474582589
ssp126,0.9610510351571938
ssp370,0.9601358442461375
ssp585,0.9529411068489776
