Key,Value
historical,0.9476911878093072
ssp126,0.940813475093944
ssp370,0.9356753131008866
ssp585,0.9345290772519175
