Key,Value
historical,1.0000000000000002
ssp126,0.9928624306264705
ssp370,0.9882954517133641
ssp585,0.9915553524050716
