Key,Value
historical,0.9705074512723794
ssp126,0.9597121506544649
ssp370,0.9576410516830078
ssp585,0.9614151297729225
