Key,Value
historical,0.9999999999999999
ssp126,0.993479082407981
ssp370,0.9934221794223975
ssp585,0.9912159948781938
