Key,Value
historical,0.9983399534861195
ssp126,0.9866703151006546
ssp370,0.9829270201151641
ssp585,0.9781509091222538
