Key,Value
historical,1.0394572587102118
ssp126,1.0239339027523577
ssp370,1.0242156190296823
ssp585,1.0251748892922954
