Key,Value
historical,1.001377873967219
ssp126,0.9908436308526206
ssp370,0.9873643276732913
ssp585,0.9901197548910367
