Key,Value
historical,0.9906884904945427
ssp126,0.9859241807856324
ssp370,0.9847703706328823
ssp585,0.9863643741812977
