Key,Value
historical,0.9940524949639229
ssp126,0.9892132022064306
ssp370,0.9894149432307519
ssp585,0.9899712362184268
