Key,Value
historical,0.9999999999999999
ssp126,0.9881247155956335
ssp370,0.9870479548979294
ssp585,0.9879715974972562
