Key,Value
historical,1.0423018483679065
ssp126,1.027011633112418
ssp370,1.0317040821051457
ssp585,1.037651187708807
