Key,Value
historical,1.0000000000000002
ssp126,0.9915456339744357
ssp370,0.9901432750535704
ssp585,0.9923371668886984
