Key,Value
historical,1.0000000000000002
ssp126,0.987324264052767
ssp370,0.985627076447534
ssp585,0.9752279749318944
