Key,Value
historical,0.9677031872470891
ssp126,0.9489984024961957
ssp370,0.9376561168500315
ssp585,0.9344699198125793
