Key,Value
historical,1.008715473983552
ssp126,1.0013510904943057
ssp370,0.9966308176641533
ssp585,0.9954628968560167
