Key,Value
historical,0.9903835034390137
ssp126,0.9771843281716689
ssp370,0.9760351202710148
ssp585,0.9732710382063527
