Key,Value
historical,0.958428146776423
ssp126,0.9416921715941858
ssp370,0.9418561164536007
ssp585,0.9346629791250036
