Key,Value
historical,0.9554743420593584
ssp126,0.9460999171785601
ssp370,0.9458646281762385
ssp585,0.9331210399228926
