Key,Value
historical,1.0000000000000002
ssp126,0.9789852764993282
ssp370,0.9792632775697185
ssp585,0.966679710131076
