Key,Value
historical,1.006967679949089
ssp126,0.99185334865068
ssp370,0.9918739899555105
ssp585,0.980076754491383
