Key,Value
historical,1.0062312542990473
ssp126,0.9892025473438908
ssp370,0.9918105807111987
ssp585,0.9874173534519386
