Key,Value
historical,1.0019158655632627
ssp126,0.996744092113332
ssp370,0.9904773915217867
ssp585,0.988625502235467
