Key,Value
historical,1.0489851164164146
ssp126,1.042954588976731
ssp370,1.0476066229738483
ssp585,1.0517115814075237
