Key,Value
historical,1.0512544525438188
ssp126,1.0279206846584297
ssp370,1.0362699573863565
ssp585,1.0301512003976268
