Key,Value
historical,1.0394344239642161
ssp126,1.0460420060084021
ssp370,1.0420989974243882
ssp585,1.0432487556140293
