Key,Value
historical,0.968100765239251
ssp126,0.9580362150171252
ssp370,0.9442503573530018
ssp585,0.9500891102052956
