Key,Value
historical,0.9330540442954002
ssp126,0.9219070260164363
ssp370,0.9127093100702441
ssp585,0.920521763179234
