Key,Value
historical,0.9937110542247707
ssp126,0.9793689440561244
ssp370,0.9808736982709276
ssp585,0.9802145032008327
