Key,Value
historical,1.0349032106058043
ssp126,1.0319828456403701
ssp370,1.0346242734276254
ssp585,1.0308417113811303
