Key,Value
historical,1.0085228956413035
ssp126,0.9962733329184569
ssp370,0.9941569435735486
ssp585,0.9966245981685502
