Key,Value
historical,1.0104044067172449
ssp126,0.9923090721552
ssp370,0.9917288289393431
ssp585,0.9940677855957363
