Key,Value
historical,1.0067547646511519
ssp126,0.99913246330501
ssp370,0.9985452614614169
ssp585,0.9948474265716833
