Key,Value
historical,1.0000000000000002
ssp126,0.9851181341817905
ssp370,0.982384451457228
ssp585,0.9807145648680773
