Key,Value
historical,0.9698634436707652
ssp126,0.9560141924295517
ssp370,0.9491759301772295
ssp585,0.9492733810543329
