Key,Value
historical,1.000234598277201
ssp126,0.9956099029462503
ssp370,0.9973918418198927
ssp585,0.9947309423973134
