Key,Value
historical,1.0000000000000002
ssp126,0.9844450756384242
ssp370,0.983162628493579
ssp585,0.9768499333726051
