Key,Value
historical,1.0067926931868372
ssp126,0.9972028076718348
ssp370,0.9947950362023293
ssp585,0.9926196397732375
