Key,Value
historical,1.037838698527962
ssp126,1.0257072080172573
ssp370,1.0316104429374207
ssp585,1.0231683527320952
