Key,Value
historical,0.9514452144334828
ssp126,0.9438678889028286
ssp370,0.9416944589634461
ssp585,0.9441448896493304
