Key,Value
historical,0.9453820430500048
ssp126,0.9367968855801568
ssp370,0.9345367967373608
ssp585,0.9326159277540652
