Key,Value
historical,0.9952198222658489
ssp126,0.9884118399645355
ssp370,0.986224877110508
ssp585,0.9853683923368869
