Key,Value
historical,1.041919642827266
ssp126,1.0353993344651982
ssp370,1.0411586931346581
ssp585,1.036461884640941
