Key,Value
historical,0.966789797656428
ssp126,0.9539648762096169
ssp370,0.9491204092342416
ssp585,0.9473905809590166
