Key,Value
historical,0.9719650455175434
ssp126,0.957065741270722
ssp370,0.9568844821596398
ssp585,0.9529301626941651
