Key,Value
historical,1.0435707286602927
ssp126,1.0233677995826629
ssp370,1.0191504913431368
ssp585,1.0314283843082377
