Key,Value
historical,0.9889054450649961
ssp126,0.9808779270670025
ssp370,0.9771279027509171
ssp585,0.9793795561039204
