Key,Value
historical,0.9684686014111409
ssp126,0.9594182155882304
ssp370,0.9615651160110776
ssp585,0.9615028923290347
