Key,Value
historical,1.0015455054349962
ssp126,0.9901378609815159
ssp370,0.9848741065779284
ssp585,0.9832983229087209
