Key,Value
historical,1.0402539854801014
ssp126,1.04313470729026
ssp370,1.0395219065365462
ssp585,1.0418645352252232
