Key,Value
historical,0.9727562282119955
ssp126,0.9614008033972108
ssp370,0.9559014899643565
ssp585,0.9590100287280793
