Key,Value
historical,1.0000000000000002
ssp126,0.9723963136128271
ssp370,0.9617624579618448
ssp585,0.9570818860652441
