Key,Value
historical,1.0108795447379957
ssp126,1.0029957547606185
ssp370,1.0002305104522968
ssp585,0.9958371572680944
