Key,Value
historical,1.0080624996764669
ssp126,0.9950307091073528
ssp370,0.994809661163348
ssp585,0.9949171435478446
