Key,Value
historical,0.9999999999999999
ssp126,0.9903953639242173
ssp370,0.9890500782363874
ssp585,0.987532207946814
