Key,Value
historical,0.9686467937109937
ssp126,0.9635270753301476
ssp370,0.9596208135080526
ssp585,0.9617658659227346
