Key,Value
historical,0.9707979663603957
ssp126,0.9546407163595874
ssp370,0.9519696695209845
ssp585,0.9483081439103118
