Key,Value
historical,0.9674813507437418
ssp126,0.9513275088175107
ssp370,0.9504909703259615
ssp585,0.9505095463959473
