Key,Value
historical,0.9903299294007973
ssp126,0.9854252696428861
ssp370,0.9806759505834887
ssp585,0.9778807443094312
