Key,Value
historical,0.9999999999999999
ssp126,0.987224561068515
ssp370,0.985405819312522
ssp585,0.9833225945848015
