Key,Value
historical,0.9999999999999999
ssp126,0.9934192092634397
ssp370,0.9904833322304514
ssp585,0.9881105322933107
