Key,Value
historical,1.006744246146906
ssp126,1.002107746013016
ssp370,1.0037650293705658
ssp585,0.999002250906867
