Key,Value
historical,0.998550215769566
ssp126,0.9923445360959224
ssp370,0.9893856633205373
ssp585,0.9891373096173927
