Key,Value
historical,0.9949312928413955
ssp126,0.9831821306180198
ssp370,0.9761659995494528
ssp585,0.982094034051212
