Key,Value
historical,1.010630462482533
ssp126,1.0016651235605172
ssp370,1.002007406793917
ssp585,1.0030588982942013
