Key,Value
historical,0.9535468746667253
ssp126,0.9412698377820211
ssp370,0.9377672462305383
ssp585,0.9347648312300814
