Key,Value
historical,1.0015486066625392
ssp126,0.9865643758703462
ssp370,0.9849991616257184
ssp585,0.9904204079620705
