Key,Value
historical,0.9906884904945427
ssp126,0.9875844228180679
ssp370,0.9807176565314609
ssp585,0.9818820724463259
