Key,Value
historical,0.9994423768125362
ssp126,0.9970852162314027
ssp370,0.9964333731963694
ssp585,0.9967919481834443
