Key,Value
historical,0.9538035438142187
ssp126,0.9437468190922172
ssp370,0.945755846852929
ssp585,0.9422133819398766
