Key,Value
historical,0.9999999999999999
ssp126,0.9807101090317463
ssp370,0.9782202791144422
ssp585,0.9729108563375019
