Key,Value
historical,1.0069786365231665
ssp126,0.9945358579077365
ssp370,0.9927006007831422
ssp585,0.9887758637507945
