Key,Value
historical,0.9694237482683846
ssp126,0.9536013854027888
ssp370,0.9478482444028259
ssp585,0.9470583659160332
