Key,Value
historical,1.009042884637984
ssp126,0.9955086188533221
ssp370,0.9948835997130724
ssp585,0.9876424164214516
