Key,Value
historical,1.037838698527962
ssp126,1.0382648149458236
ssp370,1.0363222890823842
ssp585,1.0291760895913422
