Key,Value
historical,0.9670700818345469
ssp126,0.9540090491687002
ssp370,0.9533074131240242
ssp585,0.9515053349202633
