Key,Value
historical,0.9937853464419453
ssp126,0.9757972821467276
ssp370,0.9713403217235562
ssp585,0.9622716546387878
