Key,Value
historical,1.0000000000000002
ssp126,0.9887918568411699
ssp370,0.9903728277258347
ssp585,0.9847457228173505
