Key,Value
historical,0.9638522707623461
ssp126,0.9502089282913317
ssp370,0.9485284966986753
ssp585,0.9413423644700176
