Key,Value
historical,0.9557145265303816
ssp126,0.9593243147404754
ssp370,0.9473369243190942
ssp585,0.9498416301952001
