Key,Value
historical,0.9542758153017786
ssp126,0.9391697707071038
ssp370,0.9350006189335544
ssp585,0.9362890878011131
