Key,Value
historical,0.9635973547749143
ssp126,0.9400768824974058
ssp370,0.9458145426236226
ssp585,0.9475433553526759
