Key,Value
historical,0.9922250427525704
ssp126,0.9826145378121501
ssp370,0.9781767481453949
ssp585,0.980752471895299
