Key,Value
historical,0.9563067596037771
ssp126,0.941159538179844
ssp370,0.9340293082026551
ssp585,0.9329128128672458
