Key,Value
historical,0.9999999999999999
ssp126,0.9935717888820306
ssp370,0.9944189065693668
ssp585,0.9930267348139278
