Key,Value
historical,0.9672969687207705
ssp126,0.9568602199108273
ssp370,0.9568355727625828
ssp585,0.9547593368600076
