Key,Value
historical,0.962850986102523
ssp126,0.947501202466072
ssp370,0.9460368167621959
ssp585,0.9485830958382836
