Key,Value
historical,0.9915939279817729
ssp126,0.985783234542435
ssp370,0.9836909500606044
ssp585,0.9838883624985818
