Key,Value
historical,1.0000000000000002
ssp126,0.9949097067737032
ssp370,0.9878708052275257
ssp585,0.9850884507423654
