Key,Value
historical,0.9931829172057193
ssp126,0.9806594838881747
ssp370,0.9806785488365352
ssp585,0.9859175683200571
