Key,Value
historical,1.041358265916816
ssp126,1.0270492592215763
ssp370,1.027759783539832
ssp585,1.0165116857059153
