Key,Value
historical,1.010036992627656
ssp126,0.9967824962892563
ssp370,0.9959054740193471
ssp585,0.9951635758664465
