Key,Value
historical,0.9999999999999999
ssp126,0.9822338655054033
ssp370,0.9803486171926644
ssp585,0.9761102002003916
