Key,Value
historical,1.0000000000000002
ssp126,0.9756966357212196
ssp370,0.9724868021036115
ssp585,0.9645276655372654
