Key,Value
historical,1.0073537181717174
ssp126,0.9994173750185109
ssp370,0.9998149832609022
ssp585,0.9995970254878636
