Key,Value
historical,0.9920598806057577
ssp126,0.9767697171102163
ssp370,0.9613008007124874
ssp585,0.9622025682360927
