Key,Value
historical,0.9933574827140135
ssp126,0.9649710046436433
ssp370,0.9572230013578331
ssp585,0.946958052690261
