Key,Value
historical,0.9417970439912572
ssp126,0.9338479365580857
ssp370,0.9333453323982547
ssp585,0.9316468090213191
