Key,Value
historical,0.9922596518519078
ssp126,0.9832421322793273
ssp370,0.9801978128122666
ssp585,0.9796879872115308
