Key,Value
historical,0.9908521480584227
ssp126,0.9793002466260704
ssp370,0.9801895042721435
ssp585,0.9809567461977463
