Key,Value
historical,1.0011744349175915
ssp126,0.990302129326262
ssp370,0.9867527420267963
ssp585,0.9899087815813383
