Key,Value
historical,0.9999999999999999
ssp126,0.9860749663651879
ssp370,0.9842626307208593
ssp585,0.9803375428294484
