Key,Value
historical,1.0112032093741328
ssp126,0.997076457506581
ssp370,0.9902947143418499
ssp585,0.9905549240161062
