Key,Value
historical,1.0444116045177807
ssp126,1.031341719825997
ssp370,1.0350435184828575
ssp585,1.0396517400078609
