Key,Value
historical,1.0000000000000002
ssp126,0.9866494927441405
ssp370,0.9840429299356706
ssp585,0.9822434182929375
