Key,Value
historical,0.9941181851659169
ssp126,0.9857478364918548
ssp370,0.9804751121721946
ssp585,0.9800453832929957
