Key,Value
historical,0.9473054974284202
ssp126,0.941270918513185
ssp370,0.9396511296731314
ssp585,0.9342397531419278
