Key,Value
historical,0.9571627957193258
ssp126,0.9359101149026623
ssp370,0.9271794666639077
ssp585,0.9308484010659659
