Key,Value
historical,0.992126923637636
ssp126,0.9793474880236629
ssp370,0.9822944958015538
ssp585,0.9757733385982355
