Key,Value
historical,0.9955510614946042
ssp126,0.9793645221833045
ssp370,0.973181064083621
ssp585,0.9671998324978912
