Key,Value
historical,1.0000000000000002
ssp126,0.986698558418408
ssp370,0.9840882303379014
ssp585,0.9779618139688961
