Key,Value
historical,1.0377712290791448
ssp126,1.0240473278535842
ssp370,1.0244409571557147
ssp585,1.0284094003352204
