Key,Value
historical,0.9999999999999999
ssp126,0.9925104662268924
ssp370,0.9909379175428601
ssp585,0.9901086381640403
