Key,Value
historical,0.9537414029904648
ssp126,0.9383171838294508
ssp370,0.9361186371495347
ssp585,0.934736608822654
