Key,Value
historical,1.0066608922091327
ssp126,0.998130546347628
ssp370,0.9985518055236645
ssp585,1.007043156466614
