Key,Value
historical,1.0355335684219324
ssp126,1.0322305760560255
ssp370,1.0335336022100223
ssp585,1.0292864293614863
