Key,Value
historical,0.9749513995678398
ssp126,0.9594187782087368
ssp370,0.9516881337137076
ssp585,0.9504863495433221
