Key,Value
historical,0.9639586612348069
ssp126,0.948687987785911
ssp370,0.9433038668538364
ssp585,0.9431145884374434
