Key,Value
historical,0.9903724136688735
ssp126,0.9807507816924479
ssp370,0.9807859804237704
ssp585,0.9765096364933509
