Key,Value
historical,0.9552256737894342
ssp126,0.947427733240119
ssp370,0.943064518372962
ssp585,0.9429126178952937
