Key,Value
historical,0.9471449658320679
ssp126,0.9411841049518032
ssp370,0.9356680192416426
ssp585,0.9404520991510065
