Key,Value
historical,0.993585087287253
ssp126,0.9698493365293034
ssp370,0.9663397502963872
ssp585,0.9619559242341269
