Key,Value
historical,0.9946577995626672
ssp126,0.9786980490532099
ssp370,0.9801676703916481
ssp585,0.9789812104387121
