Key,Value
historical,0.9601290667975227
ssp126,0.9534842907205803
ssp370,0.949270259784153
ssp585,0.9459487640649121
