Key,Value
historical,1.0394940734197808
ssp126,1.0417832271173804
ssp370,1.034797826491137
ssp585,1.028701106849872
