Key,Value
historical,0.9982781493994052
ssp126,0.9808514117446511
ssp370,0.9833078037196253
ssp585,0.9764701348893479
