Key,Value
historical,1.0081805484382007
ssp126,0.9959821216668016
ssp370,0.9918896682728313
ssp585,0.9948690715960778
