Key,Value
historical,1.0075797546593726
ssp126,0.9967327546141986
ssp370,0.9912223285363543
ssp585,0.9880721774305071
