Key,Value
historical,1.0004616161753048
ssp126,0.9973835601556741
ssp370,0.9955711237733973
ssp585,0.9957511465714687
