Key,Value
historical,0.9895567939900521
ssp126,0.9783154408350334
ssp370,0.9748811562503956
ssp585,0.9747523137475703
