Key,Value
historical,0.9999999999999999
ssp126,0.9925967446132501
ssp370,0.9905914045648554
ssp585,0.9901572612695732
