Key,Value
historical,1.0000000000000002
ssp126,0.9874160275301632
ssp370,0.9846612289416423
ssp585,0.9809936730048867
