Key,Value
historical,1.0080491569495584
ssp126,0.9911673677645815
ssp370,0.9877199496124731
ssp585,0.9846853236564783
