Key,Value
historical,0.9902639313880326
ssp126,0.9773532895137542
ssp370,0.9760048588827474
ssp585,0.9707074662209848
