Key,Value
historical,0.9676486017133303
ssp126,0.9697245395837507
ssp370,0.9701336429273046
ssp585,0.9619313576156728
