Key,Value
historical,1.0064754129792435
ssp126,0.9975165158416087
ssp370,0.9956464981248256
ssp585,0.9957759696370324
