Key,Value
historical,1.0005717654310982
ssp126,0.9895095325481061
ssp370,0.9896572736741237
ssp585,0.9972399122474551
