Key,Value
historical,0.9515347175691944
ssp126,0.9462528871617676
ssp370,0.9465111313857029
ssp585,0.9294206548191012
