Key,Value
historical,0.9709181133285214
ssp126,0.9649561711471228
ssp370,0.9635975898889398
ssp585,0.9577932941123785
