Key,Value
historical,0.9999999999999999
ssp126,0.9901984255716493
ssp370,0.9876289018428748
ssp585,0.9881314916810463
