Key,Value
historical,0.9622474409876107
ssp126,0.9476885423718268
ssp370,0.9486544944805995
ssp585,0.9534126778037838
