Key,Value
historical,1.006911139765929
ssp126,0.9996873921137237
ssp370,0.9983007437082431
ssp585,0.9994152799798179
