Key,Value
historical,0.9705424821046086
ssp126,0.9510915657921578
ssp370,0.9454857690573671
ssp585,0.9434996634413513
