Key,Value
historical,1.0004616161753048
ssp126,0.9980947874918104
ssp370,0.9991991016712187
ssp585,0.9994420134804469
