Key,Value
historical,1.046713658476233
ssp126,1.0315679694464641
ssp370,1.0402142931185407
ssp585,1.0444009527671143
