Key,Value
historical,1.0358922010268186
ssp126,1.0293087914253038
ssp370,1.0361804606852516
ssp585,1.026633919789849
