Key,Value
historical,1.0000000000000002
ssp126,0.9858558002212571
ssp370,0.9802627692376324
ssp585,0.9838921843091059
