Key,Value
historical,1.0356270304915618
ssp126,1.0277106222775838
ssp370,1.029340281732258
ssp585,1.0222554896254452
