Key,Value
historical,0.9625899818911018
ssp126,0.9527621911892404
ssp370,0.9467132106094436
ssp585,0.9528573991226533
