Key,Value
historical,0.9947636193706247
ssp126,0.9850890379012074
ssp370,0.9809755002488508
ssp585,0.9800653111047514
