Key,Value
historical,0.9999999999999999
ssp126,0.9880569309045858
ssp370,0.9864161229798529
ssp585,0.9860260284288885
