Key,Value
historical,1.0381074856806147
ssp126,1.029426954735402
ssp370,1.0287301588697724
ssp585,1.0253084629465594
