Key,Value
historical,0.943610224163047
ssp126,0.9252281005984636
ssp370,0.9314499638695065
ssp585,0.9326559612994945
