Key,Value
historical,1.0000000000000002
ssp126,0.9791651543889598
ssp370,0.9732098710470467
ssp585,0.96579210798502
