Key,Value
historical,0.9886749463136261
ssp126,0.9650894074899371
ssp370,0.9575289170599295
ssp585,0.9476352643459051
