Key,Value
historical,0.9532711443054526
ssp126,0.9314104179343342
ssp370,0.9306736589275286
ssp585,0.9275122299986612
