Key,Value
historical,0.9602997137770215
ssp126,0.9469197056320549
ssp370,0.9434795318621148
ssp585,0.9423951138037996
