Key,Value
historical,0.9421087126844824
ssp126,0.9055046361363925
ssp370,0.9065982501564234
ssp585,0.9168722586630116
