Key,Value
historical,0.9766626083296424
ssp126,0.9596656621230372
ssp370,0.959900530567672
ssp585,0.9600391887839262
