Key,Value
historical,1.007726683125789
ssp126,0.9926342551682388
ssp370,0.9864973047768487
ssp585,0.9827396980079748
