Key,Value
historical,0.9641761954834338
ssp126,0.9540762475620469
ssp370,0.9518135894288269
ssp585,0.950219456622263
