Key,Value
historical,1.0000000000000002
ssp126,0.9925928378536303
ssp370,0.9936018818937022
ssp585,0.9901979438257152
