Key,Value
historical,1.0000000000000002
ssp126,0.9855287953714772
ssp370,0.9820996203416855
ssp585,0.9752799555023275
