Key,Value
historical,1.0088377126935804
ssp126,1.0031291839649912
ssp370,1.0033501126116253
ssp585,1.0038135389304232
