Key,Value
historical,1.0071724511401283
ssp126,0.9940823206543723
ssp370,0.9850844283293452
ssp585,0.9866163776437358
