Key,Value
historical,1.0087011312663965
ssp126,0.9967736169684258
ssp370,0.9917054061545558
ssp585,0.9830229457801294
