Key,Value
historical,0.9935691618341723
ssp126,0.9903685365298105
ssp370,0.9881073330897667
ssp585,0.9913269600639931
