Key,Value
historical,1.0099688386170818
ssp126,0.9995135838431964
ssp370,0.9897647350943007
ssp585,0.9837866029010445
