Key,Value
historical,1.0083689532971256
ssp126,0.99327989821187
ssp370,0.9982003001011924
ssp585,0.9950280203316162
