Key,Value
historical,1.0072153663827539
ssp126,1.0036665770266038
ssp370,1.0006482221846489
ssp585,1.0008142773573954
