Key,Value
historical,0.9586692430385346
ssp126,0.9462966023233859
ssp370,0.9479586241228662
ssp585,0.9385274424439843
