Key,Value
historical,0.9995479447962167
ssp126,0.9927265045517554
ssp370,0.9927448737781289
ssp585,0.9859646880536423
