Key,Value
historical,0.9632292773796253
ssp126,0.9506838862794882
ssp370,0.9535556393044848
ssp585,0.9510923152473985
