Key,Value
historical,0.9696369288289325
ssp126,0.9571017525390781
ssp370,0.95224816475446
ssp585,0.9488839308794788
