Key,Value
historical,0.9552545370905057
ssp126,0.9430903914552331
ssp370,0.9418285224417428
ssp585,0.9388118276107781
