Key,Value
historical,0.9623128275233899
ssp126,0.953451789627173
ssp370,0.9526539154116626
ssp585,0.9557499684984343
