Key,Value
historical,1.030731474702293
ssp126,1.0318583120282783
ssp370,1.0331560049804613
ssp585,1.0311134995504159
