Key,Value
historical,1.0072153663827539
ssp126,0.9990614759324769
ssp370,1.0009814516718138
ssp585,0.9981188511839632
