Key,Value
historical,0.9988160579706816
ssp126,0.9854599157946815
ssp370,0.9868983505473093
ssp585,0.9860823763366501
