Key,Value
historical,1.0381844681139774
ssp126,1.036215154863607
ssp370,1.0296847543917245
ssp585,1.0184180588550724
