Key,Value
historical,1.0080990079286811
ssp126,1.0025410908182981
ssp370,0.9993927860563236
ssp585,1.0027837699313007
