Key,Value
historical,1.0000000000000002
ssp126,0.9884034097758009
ssp370,0.9861971690904003
ssp585,0.9878841049691734
