Key,Value
historical,0.9999999999999999
ssp126,0.9945270348925495
ssp370,0.9930522839391688
ssp585,0.9924011363794839
