Key,Value
historical,0.989924094081602
ssp126,0.9843568436951884
ssp370,0.9826851523048808
ssp585,0.9798276331245763
