Key,Value
historical,1.0000000000000002
ssp126,0.9871925919606603
ssp370,0.9800748561025333
ssp585,0.9782507173999506
