Key,Value
historical,1.0429578664801888
ssp126,1.0366674950289836
ssp370,1.0269395291124028
ssp585,1.0416915916486886
