Key,Value
historical,0.9999999999999999
ssp126,0.9873900541836457
ssp370,0.9825203267475291
ssp585,0.9848653181943681
