Key,Value
historical,1.0011858136159921
ssp126,0.990960163633584
ssp370,0.9895483927893669
ssp585,0.9884360730534671
