Key,Value
historical,1.0501756859415652
ssp126,1.043605674514641
ssp370,1.045489801410953
ssp585,1.0311724989124798
