Key,Value
historical,1.008192872453761
ssp126,0.9993400222335643
ssp370,0.9933252032043689
ssp585,0.9983864196303986
