Key,Value
historical,0.9894190887711097
ssp126,0.9728288268491518
ssp370,0.9661453348715123
ssp585,0.9590905098502164
