Key,Value
historical,0.9999999999999999
ssp126,0.9941660603102785
ssp370,0.991517177251566
ssp585,0.99105903458349
