Key,Value
historical,0.9931829172057193
ssp126,0.9761215621356053
ssp370,0.9762656966325487
ssp585,0.9642078119055206
