Key,Value
historical,0.9999999999999999
ssp126,0.9930103439820726
ssp370,0.9925837032487282
ssp585,0.9956848022286586
