Key,Value
historical,1.0082810884440407
ssp126,0.9941962167909592
ssp370,0.9897068054778748
ssp585,0.9906461498846818
