Key,Value
historical,0.9899466072461561
ssp126,0.9749887364912772
ssp370,0.9703767420408095
ssp585,0.9723712990850497
