Key,Value
historical,0.9935691618341723
ssp126,0.9839542097525127
ssp370,0.9835099726882608
ssp585,0.9857720800518713
