Key,Value
historical,1.0633880184228668
ssp126,1.0499343544716253
ssp370,1.0616845169565101
ssp585,1.0660913960157345
