Key,Value
historical,0.9620671600664863
ssp126,0.9473227671407203
ssp370,0.9443155432418073
ssp585,0.9432767157555207
