Key,Value
historical,0.9940716763043078
ssp126,0.9864797803111814
ssp370,0.9812314184371936
ssp585,0.9775539748830894
