Key,Value
historical,0.9670416092055922
ssp126,0.9533594733869812
ssp370,0.9471506691803208
ssp585,0.9414045131327891
