Key,Value
historical,0.9999999999999999
ssp126,0.990099293907798
ssp370,0.9881778378231209
ssp585,0.9856813604398491
