Key,Value
historical,0.9733869128200501
ssp126,0.9637658177571498
ssp370,0.9585291332506146
ssp585,0.9581173545354067
