Key,Value
historical,1.001296627877568
ssp126,0.9714171257710461
ssp370,0.9561625390430185
ssp585,0.9512004033669287
