Key,Value
historical,0.9890275223930948
ssp126,0.9826934668855001
ssp370,0.9833736619008501
ssp585,0.9779559949518409
