Key,Value
historical,0.9996081475711628
ssp126,0.9890812234758899
ssp370,0.9895870703968763
ssp585,0.9819356696343194
