Key,Value
historical,1.0075528037250425
ssp126,0.9978940295717539
ssp370,0.9950721879914011
ssp585,0.9914781415045486
