Key,Value
historical,1.0073319932098053
ssp126,1.0020219562609163
ssp370,0.9984730938115003
ssp585,0.9964296829067708
