Key,Value
historical,0.9698079824380004
ssp126,0.950603361576859
ssp370,0.9488060030523534
ssp585,0.9427203618301563
