Key,Value
historical,0.9532042186491706
ssp126,0.9351685248489651
ssp370,0.9303431041799801
ssp585,0.9303728506640323
