Key,Value
historical,0.992275488989232
ssp126,0.9838389655686228
ssp370,0.9791229642535024
ssp585,0.9802066588174388
