Key,Value
historical,1.0098469067326368
ssp126,0.999669835469399
ssp370,0.9955455370118413
ssp585,0.9955087585141256
