Key,Value
historical,1.0005157197877548
ssp126,0.9927193120924671
ssp370,0.9893936846606317
ssp585,0.9865657104449943
