Key,Value
historical,0.9520276074763301
ssp126,0.9325180083807658
ssp370,0.9250594438357582
ssp585,0.9228207436330277
