Key,Value
historical,1.0507008540692828
ssp126,1.0518555284213906
ssp370,1.0541498330313543
ssp585,1.0309176598431262
