Key,Value
historical,1.00119549139751
ssp126,0.9940224423168382
ssp370,0.9958903512008137
ssp585,0.9985547557520628
