Key,Value
historical,1.0005483896330465
ssp126,0.9878857033717685
ssp370,0.9817508505749344
ssp585,0.9813621172025291
