Key,Value
historical,0.9874619636219576
ssp126,0.976377778976275
ssp370,0.9763584502282576
ssp585,0.9693605293627804
