Key,Value
historical,0.9923686210530747
ssp126,0.990973491185979
ssp370,0.988214701391422
ssp585,0.9893191968564248
