Key,Value
historical,0.9918363231514643
ssp126,0.9857974568569925
ssp370,0.9817309084422366
ssp585,0.9831864781998606
