Key,Value
historical,1.0473138114809835
ssp126,1.029092194992822
ssp370,1.025204212161817
ssp585,1.024930771038198
