Key,Value
historical,0.9919122734395561
ssp126,0.9877429224630138
ssp370,0.9894266654837932
ssp585,0.9837345904747998
