Key,Value
historical,1.0004014982899354
ssp126,0.992211812412654
ssp370,0.9901929508221345
ssp585,0.9873520937473506
