Key,Value
historical,1.0000000000000002
ssp126,0.9875598072165672
ssp370,0.9874959320340454
ssp585,0.9822541735102087
