Key,Value
historical,1.0005773191881666
ssp126,0.9861577408852906
ssp370,0.985591894476848
ssp585,0.9836365070356959
