Key,Value
historical,1.0000000000000002
ssp126,0.981160056097943
ssp370,0.9750182455596377
ssp585,0.9693913713367818
