Key,Value
historical,1.045810971579912
ssp126,1.0224626953804954
ssp370,1.0359338306720773
ssp585,1.023615758739261
