Key,Value
historical,1.0000000000000002
ssp126,0.9919818357825206
ssp370,0.986802175908239
ssp585,0.9916835229946259
