Key,Value
historical,1.0398383191676794
ssp126,1.0390626688373996
ssp370,1.0316395034924295
ssp585,1.0303115756458205
