Key,Value
historical,1.0302060142050633
ssp126,1.0264175702724128
ssp370,1.0280598869745623
ssp585,1.0226619475842846
