Key,Value
historical,0.9424555517923782
ssp126,0.930820542111025
ssp370,0.9287200142031407
ssp585,0.9342924115106964
