Key,Value
historical,1.0101770412577151
ssp126,0.9999172435863716
ssp370,0.9971268913548599
ssp585,0.99294574610494
