Key,Value
historical,1.0018464005186092
ssp126,0.9897923081162863
ssp370,0.9864653112068583
ssp585,0.9894273189523244
