Key,Value
historical,0.9611030316172782
ssp126,0.9538394124204926
ssp370,0.9539444692711936
ssp585,0.9534373887233655
