Key,Value
historical,0.9554121354627798
ssp126,0.9398445386611968
ssp370,0.9268142758448281
ssp585,0.9245184629874016
