Key,Value
historical,0.9655231214365844
ssp126,0.9491822633726849
ssp370,0.9577052696801116
ssp585,0.9403627300709599
