Key,Value
historical,1.0009901360212277
ssp126,0.9886630802753519
ssp370,0.9863991488545109
ssp585,0.9808718330132145
