Key,Value
historical,0.954594024138526
ssp126,0.9293742299613093
ssp370,0.9311469068846925
ssp585,0.9296633237285564
