Key,Value
historical,0.9631238484972198
ssp126,0.9536886081515551
ssp370,0.947136483582388
ssp585,0.9439063397307285
