Key,Value
historical,1.0301428428741672
ssp126,1.0310066269386773
ssp370,1.0322982158672847
ssp585,1.0297511464322524
