Key,Value
historical,0.9579701152831902
ssp126,0.946814326703674
ssp370,0.943875711956649
ssp585,0.9438183880639859
