Key,Value
historical,0.9647733807949198
ssp126,0.9582206296122808
ssp370,0.953042852558061
ssp585,0.9549898224725168
