Key,Value
historical,1.0414164771483234
ssp126,1.0424771467439955
ssp370,1.0350384639085848
ssp585,1.0374242094444175
