Key,Value
historical,1.0395243149578135
ssp126,1.0340903216234727
ssp370,1.031389986485916
ssp585,1.029030177343654
