Key,Value
historical,0.9913446451464111
ssp126,0.9753931534337249
ssp370,0.9748444187909415
ssp585,0.9718129318293042
