Key,Value
historical,0.9564293860894441
ssp126,0.9425823274817131
ssp370,0.93492602198578
ssp585,0.9415680612012286
