Key,Value
historical,1.0385297823924518
ssp126,1.0329215121878559
ssp370,1.027012716288039
ssp585,1.0332473461591056
