Key,Value
historical,1.0066989609395658
ssp126,0.9958243656247489
ssp370,0.9956894323449298
ssp585,0.995450644741079
