Key,Value
historical,1.040670141120435
ssp126,1.0200680369866664
ssp370,1.0265706312329663
ssp585,1.013217122222379
