Key,Value
historical,1.0006570044273655
ssp126,0.9888056931611071
ssp370,0.9824866987941244
ssp585,0.9800598467505697
