Key,Value
historical,0.9913752029377313
ssp126,0.9745639814139001
ssp370,0.9628142621843238
ssp585,0.9567153667365462
