Key,Value
historical,0.9569051113111252
ssp126,0.9512870519031468
ssp370,0.9442787137978568
ssp585,0.9483348534866581
