Key,Value
historical,0.9999999999999999
ssp126,0.9904959263601624
ssp370,0.9854014308113932
ssp585,0.9852308215319225
