Key,Value
historical,0.9909759614353555
ssp126,0.9794449030586457
ssp370,0.9708140249387928
ssp585,0.9661270608135291
