Key,Value
historical,1.0377966531507123
ssp126,1.0287547226324407
ssp370,1.0212416107440894
ssp585,1.0257292034913992
