Key,Value
historical,0.9487283004725576
ssp126,0.9346441134747676
ssp370,0.9237890945910353
ssp585,0.9226275734189956
