Key,Value
historical,1.0539219218290423
ssp126,1.0418753962728926
ssp370,1.0399171576125916
ssp585,1.0370131820094695
