Key,Value
historical,0.9668086224125367
ssp126,0.952786744244559
ssp370,0.9517996362904554
ssp585,0.9478075721354873
