Key,Value
historical,1.0113850784785428
ssp126,0.9990351885361888
ssp370,0.9993252634541083
ssp585,0.9913329090024506
