Key,Value
historical,1.053301321376115
ssp126,1.0315515150526235
ssp370,1.0368495306098586
ssp585,1.0388384660989383
