Key,Value
historical,0.9886491789573035
ssp126,0.9744283422253784
ssp370,0.9711362498989945
ssp585,0.970925575802292
