Key,Value
historical,1.0077274203502682
ssp126,0.9920318886197202
ssp370,0.982861155345123
ssp585,0.9832398636578739
