Key,Value
historical,0.993864399193676
ssp126,0.9884470992312018
ssp370,0.9872226791569749
ssp585,0.9820494232150675
