Key,Value
historical,1.0000000000000002
ssp126,0.9899197469406542
ssp370,0.9870762430950084
ssp585,0.9844971108335858
