Key,Value
historical,0.9896205144711092
ssp126,0.9810206911686604
ssp370,0.9780101006236378
ssp585,0.979664427747223
