Key,Value
historical,1.0101686639138712
ssp126,0.9985305266066773
ssp370,0.9948325813611815
ssp585,0.9888249808408701
