Key,Value
historical,1.0001096248232288
ssp126,0.9767054465243729
ssp370,0.9597826545635756
ssp585,0.9547488148387828
