Key,Value
historical,1.0079416221967283
ssp126,0.9937607004854389
ssp370,0.9846284389139089
ssp585,0.9832204382201902
