Key,Value
historical,1.0336977717198954
ssp126,1.0226441291766275
ssp370,1.0210108490438814
ssp585,1.016427343828866
