Key,Value
historical,1.00106113684355
ssp126,0.9914770989768048
ssp370,0.984595005429488
ssp585,0.9821522854364655
