Key,Value
historical,0.9999999999999999
ssp126,0.9885493980244342
ssp370,0.9898137045385509
ssp585,0.9893639814797955
