Key,Value
historical,1.0535890821851408
ssp126,1.043444982492819
ssp370,1.036021922418434
ssp585,1.0499118784316106
