Key,Value
historical,0.993605974061316
ssp126,0.9782046347761691
ssp370,0.9658169862009747
ssp585,0.962451711259139
