Key,Value
historical,0.9628939346315638
ssp126,0.9471912402445265
ssp370,0.9445800389474902
ssp585,0.9433089029143831
