Key,Value
historical,0.9999999999999999
ssp126,0.9904659869789023
ssp370,0.9894076124876767
ssp585,0.9907698224418541
