Key,Value
historical,0.9691732658254958
ssp126,0.9441070652306428
ssp370,0.9485790976431006
ssp585,0.9427914546914943
