Key,Value
historical,0.9952215370413988
ssp126,0.9718985061005744
ssp370,0.9485741859780785
ssp585,0.9534359236103447
