Key,Value
historical,0.9982781493994052
ssp126,0.9821181505698438
ssp370,0.9837714363642592
ssp585,0.9817933760324288
