Key,Value
historical,0.9723336592121943
ssp126,0.952638293015542
ssp370,0.9460926918692447
ssp585,0.9422028713886715
