Key,Value
historical,1.0076303882821516
ssp126,0.992450103032176
ssp370,0.992745398776537
ssp585,0.9824459243402088
