Key,Value
historical,0.9938382633534852
ssp126,0.9814531240807076
ssp370,0.9715237952500574
ssp585,0.9687136522169323
