Key,Value
historical,0.9937090833628771
ssp126,0.9771732491820895
ssp370,0.9830765850494996
ssp585,0.9861566550692077
