Key,Value
historical,0.9556559193888217
ssp126,0.9381778350586082
ssp370,0.9329376147411547
ssp585,0.9313840149144991
