Key,Value
historical,1.002522567031138
ssp126,0.9958453432704758
ssp370,0.9912028006101762
ssp585,0.9954151909474176
