Key,Value
historical,0.9571220921845663
ssp126,0.9435410347200691
ssp370,0.9410411357873774
ssp585,0.9392065826889995
