Key,Value
historical,1.0344941416958964
ssp126,1.024653024197887
ssp370,1.0216694482602018
ssp585,1.0273550932838857
