Key,Value
historical,0.9585897759633829
ssp126,0.9642957974161382
ssp370,0.9624097309421268
ssp585,0.9596090573533762
