Key,Value
historical,1.0072518559614563
ssp126,0.9907262850726677
ssp370,0.9844193672041873
ssp585,0.9829698959859979
