Key,Value
historical,0.9935400968105558
ssp126,0.9819001559069191
ssp370,0.9759738828750225
ssp585,0.9779948400217602
