Key,Value
historical,1.0006177705195256
ssp126,0.9888256519053406
ssp370,0.9897154913582813
ssp585,0.9894327575756969
