Key,Value
historical,1.0009901360212277
ssp126,0.9883468753363445
ssp370,0.9886179799386621
ssp585,0.9903451576662113
