Key,Value
historical,1.0494168113084743
ssp126,1.0350440597256483
ssp370,1.0331744278254409
ssp585,1.0421855609165156
