Key,Value
historical,0.9567356316722959
ssp126,0.9496911055620442
ssp370,0.9469667522461656
ssp585,0.9493354399061199
