Key,Value
historical,0.9938915658350636
ssp126,0.9802340909799697
ssp370,0.9809202957635355
ssp585,0.9846088582782316
