Key,Value
historical,1.0404519677609376
ssp126,1.0328041113310016
ssp370,1.0255302870132976
ssp585,1.0357691871417085
