Key,Value
historical,0.9999999999999999
ssp126,0.9858843807422847
ssp370,0.9839334821636013
ssp585,0.9836329295978017
