Key,Value
historical,1.055299469822611
ssp126,1.0359632784618684
ssp370,1.0250785213345954
ssp585,1.026274954753235
