Key,Value
historical,0.990448231812723
ssp126,0.978014202478427
ssp370,0.9784605802692289
ssp585,0.9772219455147375
