Key,Value
historical,0.9750980034477493
ssp126,0.9607359993129325
ssp370,0.9580379976680113
ssp585,0.9548685773847496
