Key,Value
historical,0.9923622314421606
ssp126,0.9765858827365511
ssp370,0.9770883115557311
ssp585,0.9858596137208656
