Key,Value
historical,1.0423545670014978
ssp126,1.0229320304189613
ssp370,1.0227104556190314
ssp585,1.022991148062566
