Key,Value
historical,1.0096737706352126
ssp126,1.0030275951590557
ssp370,1.0025709213866798
ssp585,1.000738530547273
