Key,Value
historical,0.9926832288159905
ssp126,0.981976550160205
ssp370,0.9743834551742913
ssp585,0.9806870080288265
