Key,Value
historical,1.0062694629601088
ssp126,0.9986331183675248
ssp370,0.9955724030498465
ssp585,0.9926632696294135
