Key,Value
historical,1.0096091243462346
ssp126,0.9993678334028328
ssp370,1.0001817459650881
ssp585,1.003212351979208
