Key,Value
historical,1.0010352754261995
ssp126,0.9920673409042579
ssp370,0.9909428582593871
ssp585,0.9921452766841887
