Key,Value
historical,1.0008670925578274
ssp126,0.9896079067330554
ssp370,0.9911953976741199
ssp585,0.9893796640880305
