Key,Value
historical,1.00800364459435
ssp126,0.9985481753009032
ssp370,0.9961319421977629
ssp585,0.9989902001637113
