Key,Value
historical,1.040990893658794
ssp126,1.041409093848898
ssp370,1.0383654037879975
ssp585,1.0346732416465327
