Key,Value
historical,1.0000000000000002
ssp126,0.9779173624459381
ssp370,0.9689710337181874
ssp585,0.9647842750185814
