Key,Value
historical,1.0084065234740454
ssp126,1.005509680427969
ssp370,1.0061635991858728
ssp585,1.0051750386764728
