Key,Value
historical,1.00910481395317
ssp126,1.0035514577795948
ssp370,0.9968331776146068
ssp585,0.9981135198599694
