Key,Value
historical,1.0607773855280098
ssp126,1.063880296023248
ssp370,1.080924619634333
ssp585,1.0663410862890883
