Key,Value
historical,1.0073129554530447
ssp126,1.0037896407161895
ssp370,1.0009080448458063
ssp585,1.0008985877172831
