Key,Value
historical,0.9999644372355708
ssp126,0.9965071936574967
ssp370,0.9930244378641511
ssp585,0.9926451767484161
