Key,Value
historical,1.0071995872553137
ssp126,0.9951704208214227
ssp370,0.993092705569105
ssp585,0.9913046597152358
