Key,Value
historical,1.0010698783544822
ssp126,0.9973889129990042
ssp370,0.9918917327339786
ssp585,0.9940260180082361
