Key,Value
historical,1.0096505673464558
ssp126,1.0048300890696125
ssp370,1.0022017973920523
ssp585,1.0045730701205025
