Key,Value
historical,0.9950584911169156
ssp126,0.9815728173288966
ssp370,0.9817858019662589
ssp585,0.9835229944747466
