Key,Value
historical,1.0002356490768418
ssp126,0.9995096733450447
ssp370,0.9984709168166537
ssp585,1.0008746426104758
