Key,Value
historical,1.0384461601281814
ssp126,1.0371922063270074
ssp370,1.025489170012166
ssp585,1.0414788523899945
