Key,Value
historical,0.9992843950338478
ssp126,0.9901111023396786
ssp370,0.9895628394718218
ssp585,0.9765749391808612
