Key,Value
historical,0.9723521004826075
ssp126,0.9720855680739164
ssp370,0.9740060504007161
ssp585,0.9667982841572957
