Key,Value
historical,0.933654157708174
ssp126,0.9310513701536738
ssp370,0.9255893328271192
ssp585,0.924158191650404
