Key,Value
historical,0.9656339146066074
ssp126,0.9494768639543135
ssp370,0.9479407411263469
ssp585,0.9456138172191132
