Key,Value
historical,1.0075485088887985
ssp126,1.0006882858468136
ssp370,1.0012634915576706
ssp585,0.9997909994328357
