Key,Value
historical,0.964757965160891
ssp126,0.9513071696840615
ssp370,0.9455650145030554
ssp585,0.9440916396316975
