Key,Value
historical,1.0407131273273695
ssp126,1.0371889333936568
ssp370,1.031945464592658
ssp585,1.0249890887749171
