Key,Value
historical,0.9989360917795013
ssp126,0.9837616782517609
ssp370,0.9784322664493708
ssp585,0.9719927230557618
