Key,Value
historical,1.0378236550806308
ssp126,1.0225616755255056
ssp370,1.0207139495192896
ssp585,1.0193687151706508
