Key,Value
historical,0.9995242881873773
ssp126,0.9890386917935581
ssp370,0.9903305270223537
ssp585,0.9886262615385577
