Key,Value
historical,0.9923180340983658
ssp126,0.9833797423611307
ssp370,0.977829031540308
ssp585,0.9791576818890184
