Key,Value
historical,0.9457567436848452
ssp126,0.9428070858125012
ssp370,0.9242772144243866
ssp585,0.9238848581408599
