Key,Value
historical,0.9547409885420929
ssp126,0.9389748523475081
ssp370,0.9415857196173845
ssp585,0.940884105174099
