Key,Value
historical,1.0005157197877548
ssp126,0.9972637098370476
ssp370,0.9955570063559183
ssp585,0.9958996140151697
