Key,Value
historical,1.0051592399450375
ssp126,0.9971831401194172
ssp370,0.9939809227698959
ssp585,0.9904520852848185
