Key,Value
historical,0.9999999999999999
ssp126,0.9881607425158823
ssp370,0.9850886923222417
ssp585,0.9845479698388442
