Key,Value
historical,0.9984722194370327
ssp126,0.9909990244579479
ssp370,0.9846781952766599
ssp585,0.9851170697702466
