Key,Value
historical,1.0008206271409898
ssp126,0.9828684505204115
ssp370,0.9846914419471671
ssp585,0.9833603381771164
