Key,Value
historical,1.008998958049675
ssp126,0.9969877538450336
ssp370,1.0003188331651662
ssp585,0.9966508207758836
