Key,Value
historical,0.9904211138804803
ssp126,0.9822999237795572
ssp370,0.9802049998363285
ssp585,0.9811043304502958
