Key,Value
historical,1.0429578664801888
ssp126,1.040314628984628
ssp370,1.0358205370714042
ssp585,1.0309060111443467
