Key,Value
historical,1.0104044067172449
ssp126,1.0037356607363084
ssp370,1.001637416221833
ssp585,1.0040219196195606
