Key,Value
historical,0.9922250427525704
ssp126,0.9883661005948615
ssp370,0.9871489644423763
ssp585,0.988502965780647
