Key,Value
historical,1.0486844493338427
ssp126,1.023315816949927
ssp370,1.018775558799263
ssp585,1.0249523225155963
