Key,Value
historical,0.99996920721445
ssp126,0.9950591725572263
ssp370,0.9920980641211274
ssp585,0.990990833431297
