Key,Value
historical,1.001217783654874
ssp126,0.9950878827847903
ssp370,0.9939499429646901
ssp585,0.9914470040543721
