Key,Value
historical,0.9999999999999999
ssp126,0.9979263526308276
ssp370,0.9941665205835633
ssp585,0.9940792401318946
