Key,Value
historical,0.99242572969761
ssp126,0.9803961668979266
ssp370,0.9787883747407937
ssp585,0.9728712323646725
