Key,Value
historical,0.9609001430838229
ssp126,0.9498644543186062
ssp370,0.9491443522249944
ssp585,0.9510772441417835
