Key,Value
historical,0.9648895682285856
ssp126,0.9465597325948304
ssp370,0.9454278534899138
ssp585,0.940317685511326
