Key,Value
historical,0.9684686014111409
ssp126,0.9584623877733057
ssp370,0.9604703065392635
ssp585,0.9571947023773776
