Key,Value
historical,1.0426227581743506
ssp126,1.0278213803675904
ssp370,1.0323526132904246
ssp585,1.0384399300724778
