Key,Value
historical,1.0000168290358968
ssp126,0.9922311852422666
ssp370,0.9890255858764546
ssp585,0.9914052891639002
