Key,Value
historical,0.9615180797040277
ssp126,0.9366694838265531
ssp370,0.9407188922259891
ssp585,0.9410330621857128
