Key,Value
historical,0.9956813929495136
ssp126,0.9881737429230687
ssp370,0.9865316343724112
ssp585,0.9861300586731668
