Key,Value
historical,0.9999999999999999
ssp126,0.9940140096687035
ssp370,0.9880661870435351
ssp585,0.9867713348920453
