Key,Value
historical,1.0092343644116621
ssp126,0.9954455772273539
ssp370,0.9912598851023094
ssp585,0.9870329523854992
