Key,Value
historical,0.9999999999999999
ssp126,0.9890386815030987
ssp370,0.989871568432156
ssp585,0.9908483942560595
