Key,Value
historical,1.0104011208659494
ssp126,1.0003881607373666
ssp370,1.001808181798974
ssp585,1.0021970035112049
