Key,Value
historical,0.990448231812723
ssp126,0.9811957697047528
ssp370,0.9824207164186161
ssp585,0.982424734317829
