Key,Value
historical,0.9999999999999999
ssp126,0.9881753943631875
ssp370,0.9873102590981399
ssp585,0.9873791624299122
