Key,Value
historical,1.0003593748623965
ssp126,0.9906732842063739
ssp370,0.9847704345583992
ssp585,0.9772373984487264
