Key,Value
historical,0.9693413925775973
ssp126,0.9612790564865159
ssp370,0.9606723415361264
ssp585,0.9506883082213738
