Key,Value
historical,0.9896911009195478
ssp126,0.9784287123672993
ssp370,0.9738595680440948
ssp585,0.9757948840507583
