Key,Value
historical,1.0098284123471037
ssp126,1.0041737236765873
ssp370,1.004877212228227
ssp585,1.0029857293169946
