Key,Value
historical,0.9720358178078427
ssp126,0.9594539941671207
ssp370,0.9584443904962576
ssp585,0.9628095824613033
