Key,Value
historical,0.9999999999999999
ssp126,0.9945430515779502
ssp370,0.9948740442336217
ssp585,0.9914589405153181
