Key,Value
historical,0.9997604833566
ssp126,0.9782571995110916
ssp370,0.9796255773916852
ssp585,0.9587289464482285
