Key,Value
historical,0.9926194391545204
ssp126,0.9801022932003294
ssp370,0.980049749964267
ssp585,0.9723604941962805
