Key,Value
historical,0.9526991367857836
ssp126,0.9383007658351522
ssp370,0.9302514511000678
ssp585,0.9262854943375776
