Key,Value
historical,0.9714693933546613
ssp126,0.9588754308807869
ssp370,0.9555136498023876
ssp585,0.9536983633095307
