Key,Value
historical,1.046488558514356
ssp126,1.0358159145621084
ssp370,1.038711719955248
ssp585,1.0361202394607927
