Key,Value
historical,0.992275488989232
ssp126,0.9911798577059272
ssp370,0.9883808273841305
ssp585,0.9894325949079384
