Key,Value
historical,0.9975466032173108
ssp126,0.985510468838382
ssp370,0.9812166019897954
ssp585,0.9794509654498463
