Key,Value
historical,1.0099196431310398
ssp126,1.007077687596648
ssp370,1.003801379903958
ssp585,1.0021963196079833
