Key,Value
historical,1.00808120843229
ssp126,1.0005413169696624
ssp370,1.0033484681987765
ssp585,1.0015044130285684
