Key,Value
historical,1.008913624345853
ssp126,1.0023561936088592
ssp370,1.0017752389588837
ssp585,1.0017387759689567
