Key,Value
historical,1.027169185544138
ssp126,1.0200919793271281
ssp370,1.029015259457447
ssp585,1.0232111008755258
