Key,Value
historical,0.9999999999999999
ssp126,0.992508194446189
ssp370,0.9870638645994704
ssp585,0.9863794737251312
