Key,Value
historical,1.0098469067326368
ssp126,0.994464002313788
ssp370,0.9933338228214693
ssp585,0.9788255792092424
