Key,Value
historical,0.9939786781646461
ssp126,0.9805565662340289
ssp370,0.9775232350732288
ssp585,0.9768271277699406
