Key,Value
historical,1.0077274203502682
ssp126,0.9976215481340455
ssp370,0.9932158708573333
ssp585,0.9961255064774139
