Key,Value
historical,1.0563632306138107
ssp126,1.0296148876885654
ssp370,1.0394499966237132
ssp585,1.0158160180367597
