Key,Value
historical,1.0000000000000002
ssp126,0.9900058120132162
ssp370,0.9897325871497861
ssp585,0.984097184452615
