Key,Value
historical,1.0000000000000002
ssp126,0.9776780149576951
ssp370,0.9727746963119068
ssp585,0.9641626961641848
