Key,Value
historical,0.9999999999999999
ssp126,0.9987357249076529
ssp370,0.9966967840350853
ssp585,0.9979787684303597
