Key,Value
historical,0.9999999999999999
ssp126,0.9865333331685568
ssp370,0.9913420642640358
ssp585,0.9858317516724355
