Key,Value
historical,1.0007232923431189
ssp126,0.9881415159328163
ssp370,0.988505032658016
ssp585,0.988837062236568
