Key,Value
historical,0.9564293860894441
ssp126,0.94975473210471
ssp370,0.9467063595540697
ssp585,0.9509079844649987
