Key,Value
historical,1.0101686639138712
ssp126,1.0058656641996349
ssp370,1.003516050042022
ssp585,0.9992604384241489
