Key,Value
historical,0.958386849541251
ssp126,0.9518854249925097
ssp370,0.9519842843102976
ssp585,0.9434635066419994
