Key,Value
historical,1.0450818995742075
ssp126,1.0411654847064806
ssp370,1.0435122993309505
ssp585,1.0422692009464705
