Key,Value
historical,0.9777643628765804
ssp126,0.9764129006830267
ssp370,0.977555054197672
ssp585,0.970942290052144
