Key,Value
historical,0.9548065488394195
ssp126,0.9397660473073955
ssp370,0.9338585301480931
ssp585,0.9370146579568703
