Key,Value
historical,1.0433859844030438
ssp126,1.0348180415705632
ssp370,1.0328702640538845
ssp585,1.0311362880642827
