Key,Value
historical,0.9902567402419548
ssp126,0.9804222817474868
ssp370,0.9753561818000109
ssp585,0.9744787472757618
