Key,Value
historical,0.9931268958829051
ssp126,0.9848773145614006
ssp370,0.9861740003056206
ssp585,0.9848249760021788
