Key,Value
historical,1.0021591918340036
ssp126,0.9940339814024577
ssp370,0.9890271993605383
ssp585,0.9869353336477537
