Key,Value
historical,0.9903632980598673
ssp126,0.9683364876604491
ssp370,0.9675700200211172
ssp585,0.9585829700964758
