Key,Value
historical,1.0065161694051072
ssp126,0.9971394279512017
ssp370,0.9999764272432878
ssp585,0.9994850493319928
