Key,Value
historical,0.9650661959818886
ssp126,0.946134550728298
ssp370,0.9353952866583664
ssp585,0.9315511270878757
