Key,Value
historical,1.0000000000000002
ssp126,0.9869846120501365
ssp370,0.9733274644288434
ssp585,0.9742177904903089
