Key,Value
historical,0.9550081767964177
ssp126,0.9245342791540794
ssp370,0.9194778050406623
ssp585,0.919211937781353
