Key,Value
historical,0.9999999999999999
ssp126,0.9904398811032962
ssp370,0.9896825074456134
ssp585,0.9866384070872481
