Key,Value
historical,0.9920598806057577
ssp126,0.9795466883747014
ssp370,0.9744500618485947
ssp585,0.9782988040335486
