Key,Value
historical,1.0418002766962968
ssp126,1.028310250520371
ssp370,1.0376334656527677
ssp585,1.0335079623021657
