Key,Value
historical,1.0532745630351867
ssp126,1.0271053448299194
ssp370,1.0218039802810586
ssp585,1.0233405207031756
