Key,Value
historical,0.9999803807576978
ssp126,0.9941576916274625
ssp370,0.9914699748192124
ssp585,0.9926272997755559
