Key,Value
historical,1.0005872434792038
ssp126,0.9924489331117833
ssp370,0.9862227597682885
ssp585,0.9849861428584599
