Key,Value
historical,0.9691576333045981
ssp126,0.9594092497995566
ssp370,0.9596985619071563
ssp585,0.960216484564475
