Key,Value
historical,1.0422407210366589
ssp126,1.0386604240149213
ssp370,1.0257367321746198
ssp585,1.026908591276589
