Key,Value
historical,0.9906999383773988
ssp126,0.9770549342970767
ssp370,0.9717176404655276
ssp585,0.9704753830968476
