Key,Value
historical,0.9559785480337532
ssp126,0.9408745949608138
ssp370,0.9317554454823327
ssp585,0.9280884576770151
