Key,Value
historical,1.000323876383902
ssp126,0.9941722387210089
ssp370,0.9939122154519292
ssp585,0.9923224962722111
