Key,Value
historical,0.9999999999999999
ssp126,0.98989278433581
ssp370,0.9863253989431334
ssp585,0.9861950074215144
