Key,Value
historical,1.0383911204463554
ssp126,1.0239060597277918
ssp370,1.0202041155315151
ssp585,1.0230170700171355
