Key,Value
historical,0.958428146776423
ssp126,0.9416921715941858
ssp370,0.9488849735920476
ssp585,0.9429917506274595
