Key,Value
historical,1.0104011208659494
ssp126,1.002195407587497
ssp370,1.0003485387374236
ssp585,0.9968221918306581
