Key,Value
historical,0.9903189860824617
ssp126,0.9833941614615518
ssp370,0.9829769854665195
ssp585,0.9763031795230422
