Key,Value
historical,0.9896911009195478
ssp126,0.9671831169304316
ssp370,0.9593241912734759
ssp585,0.9599590845065034
