Key,Value
historical,0.9987655785341937
ssp126,0.9839301080567969
ssp370,0.9822914166191505
ssp585,0.9786786150946162
