Key,Value
historical,0.9931968666751974
ssp126,0.9674632160685889
ssp370,0.9649772759813785
ssp585,0.9605019697410982
