Key,Value
historical,0.9751146318561191
ssp126,0.958558252449339
ssp370,0.9660730424964485
ssp585,0.9586802748414917
