Key,Value
historical,0.9999999999999999
ssp126,0.9873968914261474
ssp370,0.9853498701885232
ssp585,0.9859827131195715
