Key,Value
historical,1.0000000000000002
ssp126,0.9773242322299392
ssp370,0.9659830319562058
ssp585,0.9652603259733482
