Key,Value
historical,0.954594024138526
ssp126,0.9280064881530147
ssp370,0.9176305512429918
ssp585,0.9018497773746987
