Key,Value
historical,1.0012687156140032
ssp126,0.9904168763222134
ssp370,0.9857740237938755
ssp585,0.9835185728549614
