Key,Value
historical,0.9941038075832742
ssp126,0.9739987211624428
ssp370,0.9702316078691925
ssp585,0.9601090889915839
