Key,Value
historical,0.9999999999999999
ssp126,0.9937732345974418
ssp370,0.9910986986034473
ssp585,0.9945435938652052
