Key,Value
historical,0.9925716135841064
ssp126,0.9721272290751352
ssp370,0.9712550517871515
ssp585,0.9700140898183325
