Key,Value
historical,1.0000000000000002
ssp126,0.9811597672704871
ssp370,0.9714069256436348
ssp585,0.9713911741977842
