Key,Value
historical,0.9717996537903104
ssp126,0.9572484263841523
ssp370,0.9515270527777544
ssp585,0.9502001618742117
