Key,Value
historical,0.9999999999999999
ssp126,0.982772246136247
ssp370,0.9846524031808859
ssp585,0.9785361427664016
