Key,Value
historical,0.9919631183821526
ssp126,0.9848519011484322
ssp370,0.9847132297099175
ssp585,0.9843657838805989
