Key,Value
historical,0.9600402335786244
ssp126,0.9456665687415775
ssp370,0.9439065560507611
ssp585,0.945317547129921
