Key,Value
historical,0.99996920721445
ssp126,0.9883617282345899
ssp370,0.9859417789719227
ssp585,0.9784095602445929
