Key,Value
historical,1.0650529557290522
ssp126,1.0479739236039944
ssp370,1.0397821832226737
ssp585,1.0436848314035172
