Key,Value
historical,1.0000000000000002
ssp126,0.9849437626770803
ssp370,0.9838988447815087
ssp585,0.9746566676318282
