Key,Value
historical,0.9767337186616248
ssp126,0.9604649616763778
ssp370,0.9506915051899009
ssp585,0.9523773666074126
