Key,Value
historical,1.002025845410249
ssp126,1.002633827552942
ssp370,1.0012609519101436
ssp585,1.0040060462323352
