Key,Value
historical,1.0092424699025648
ssp126,1.0033828267754152
ssp370,1.0011197086813397
ssp585,1.0065703337082752
