Key,Value
historical,1.046713658476233
ssp126,1.0329666879219082
ssp370,1.035457885050797
ssp585,1.0301411354221117
