Key,Value
historical,0.9913567721044935
ssp126,0.981901608973856
ssp370,0.9779853436438658
ssp585,0.9739236236864921
