Key,Value
historical,0.9526801777585511
ssp126,0.9379405125746153
ssp370,0.9202093450529079
ssp585,0.925637488856986
