Key,Value
historical,0.9300189021314383
ssp126,0.9251259409092403
ssp370,0.9239347296050339
ssp585,0.9241619678610085
