Key,Value
historical,1.0000000000000002
ssp126,0.9850764842936481
ssp370,0.9731878314999077
ssp585,0.9731346282459838
