Key,Value
historical,1.0524917704535561
ssp126,1.0368641401544354
ssp370,1.0315835317530229
ssp585,1.0348775083589141
