Key,Value
historical,0.9922549540000294
ssp126,0.9889333413998386
ssp370,0.9875428908653399
ssp585,0.9851886837949537
