Key,Value
historical,0.9931968666751974
ssp126,0.9786851155442702
ssp370,0.9768592814582026
ssp585,0.9768695321429478
