Key,Value
historical,0.9706255513004401
ssp126,0.9656537241972375
ssp370,0.9644118664686026
ssp585,0.9708376514812644
