Key,Value
historical,0.966653674189717
ssp126,0.9512998844191762
ssp370,0.9462492634837576
ssp585,0.9428404532341859
