Key,Value
historical,1.0084084789300893
ssp126,0.9939054124058005
ssp370,0.992312742749527
ssp585,0.9885192486978263
