Key,Value
historical,1.0467225740236275
ssp126,1.0357806385655426
ssp370,1.0473521450785495
ssp585,1.0293390036069434
