Key,Value
historical,1.0454003646650103
ssp126,1.047070380050135
ssp370,1.0307892797108666
ssp585,1.039120847587633
