Key,Value
historical,0.9997711263997915
ssp126,0.986703789212607
ssp370,0.9794963476550483
ssp585,0.9725178976740888
