Key,Value
historical,1.0002473181658287
ssp126,0.9948833603167953
ssp370,0.9963929985006857
ssp585,0.9942560478054681
