Key,Value
historical,1.0569748354455202
ssp126,1.040680583856329
ssp370,1.0376794828706664
ssp585,1.0497012668335755
