Key,Value
historical,1.0000000000000002
ssp126,0.9786127907005326
ssp370,0.9791553668657809
ssp585,0.9672357384535298
