Key,Value
historical,0.953291270728067
ssp126,0.9396685816607224
ssp370,0.9349259515826555
ssp585,0.9340823952499873
