Key,Value
historical,1.0399430127272633
ssp126,1.034996377769654
ssp370,1.028568661251417
ssp585,1.0346936947836072
