Key,Value
historical,1.0095323323457628
ssp126,0.9994715104241574
ssp370,1.0002264662832694
ssp585,0.9965573523072353
