Key,Value
historical,1.0397853158355896
ssp126,1.0314340863182994
ssp370,1.034385815118146
ssp585,1.0315324476308414
