Key,Value
historical,0.9903886231703516
ssp126,0.9773037098069236
ssp370,0.9761257871123122
ssp585,0.9737130659039301
