Key,Value
historical,0.9886491789573035
ssp126,0.9767020218389325
ssp370,0.9760866117733438
ssp585,0.9757583336964624
