Key,Value
historical,0.993605974061316
ssp126,0.9837281442035826
ssp370,0.9777754358702294
ssp585,0.9789789095388499
