Key,Value
historical,1.0395243149578135
ssp126,1.0365074716659994
ssp370,1.031389986485916
ssp585,1.0314618204123989
