Key,Value
historical,0.9949280804658538
ssp126,0.9637446445113457
ssp370,0.9768557141502695
ssp585,0.9454918305318508
