Key,Value
historical,0.9976847389304492
ssp126,0.9871609540259438
ssp370,0.982307602537029
ssp585,0.9777652549890741
