Key,Value
historical,0.9999999999999999
ssp126,0.9945114221594518
ssp370,0.9913504343104054
ssp585,0.9916944425589574
