Key,Value
historical,0.9999999999999999
ssp126,0.9889662828697616
ssp370,0.9876428727396642
ssp585,0.9863184577284079
