Key,Value
historical,1.0385082517652755
ssp126,1.0174788409438371
ssp370,1.0311668658860396
ssp585,1.0203591967145533
