Key,Value
historical,1.0000000000000002
ssp126,0.9908046288136837
ssp370,0.9892410545789349
ssp585,0.9872631558006084
