Key,Value
historical,0.9898008622528178
ssp126,0.9809307397828834
ssp370,0.9788611296479304
ssp585,0.9764651127012974
