Key,Value
historical,1.0073074280355543
ssp126,0.9943284748713981
ssp370,0.985350993726173
ssp585,0.9868186455899154
