Key,Value
historical,0.9641635641539895
ssp126,0.9539667124747527
ssp370,0.9503776464538632
ssp585,0.9450816265087759
