Key,Value
historical,1.0000000000000002
ssp126,0.9848107916323722
ssp370,0.9735171930499116
ssp585,0.9736381159935187
