Key,Value
historical,0.9999999999999999
ssp126,0.9858929844317125
ssp370,0.9868158119527105
ssp585,0.9881962463208224
