Key,Value
historical,1.0549064926215206
ssp126,1.0455889128306652
ssp370,1.042043105576584
ssp585,1.0308296390737655
