Key,Value
historical,1.00986290849904
ssp126,0.9965597666650788
ssp370,0.9860468643767107
ssp585,0.9874448875271972
