Key,Value
historical,1.0079877228837133
ssp126,0.9940249332226375
ssp370,0.9880558461117599
ssp585,0.9810709557048964
