Key,Value
historical,1.0077061053246845
ssp126,1.0024874822848315
ssp370,0.9986833162012769
ssp585,0.9942261070984661
