Key,Value
historical,0.9935782634306654
ssp126,0.9684939044134399
ssp370,0.9624228702363428
ssp585,0.9604426450320203
