Key,Value
historical,0.9993573985845633
ssp126,0.9896293451408951
ssp370,0.9922969799445145
ssp585,0.9943343903834786
