Key,Value
historical,0.9650661959818886
ssp126,0.9535440600862589
ssp370,0.947210722958003
ssp585,0.9439740477431935
