Key,Value
historical,1.0491336138880685
ssp126,1.0435430401570243
ssp370,1.04340066372106
ssp585,1.0360242346797282
