Key,Value
historical,1.000915553206737
ssp126,0.9917383382083566
ssp370,0.9907554773298299
ssp585,0.990387218506859
