Key,Value
historical,0.9655069548311341
ssp126,0.9688856566610469
ssp370,0.9711199297223366
ssp585,0.965423966623779
