Key,Value
historical,1.0464188236479963
ssp126,1.0301574420806836
ssp370,1.0311210244525308
ssp585,1.0323417391502563
