Key,Value
historical,0.9931268958829051
ssp126,0.984287825265194
ssp370,0.9809872098988545
ssp585,0.978724578794979
