Key,Value
historical,0.9534992722310128
ssp126,0.9367846386170664
ssp370,0.9372480138802542
ssp585,0.9285973287429065
