Key,Value
historical,1.0002473181658287
ssp126,0.9855324439166152
ssp370,0.9820993941655685
ssp585,0.9811133600001044
