Key,Value
historical,0.9614582222021831
ssp126,0.9521229658741837
ssp370,0.9494471481392527
ssp585,0.949811755178705
