Key,Value
historical,1.0343704622397876
ssp126,1.0252035742235188
ssp370,1.022268457079265
ssp585,1.0203764687494103
