Key,Value
historical,1.0005963270691907
ssp126,0.9916245823426024
ssp370,0.9892435594068404
ssp585,0.9872606713633483
