Key,Value
historical,1.006851343159164
ssp126,0.9980679939359423
ssp370,0.9951819740861453
ssp585,0.9907379686830219
