Key,Value
historical,1.007542198277203
ssp126,1.0037416208057457
ssp370,1.0027873889557304
ssp585,1.0002295046226313
