Key,Value
historical,0.9906999383773988
ssp126,0.9795083157803942
ssp370,0.9793493257409848
ssp585,0.9811237804089669
