Key,Value
historical,0.9999999999999999
ssp126,0.9931830848592336
ssp370,0.9924178467035945
ssp585,0.994566033141771
