Key,Value
historical,0.9981602143125334
ssp126,0.986243545246568
ssp370,0.984291944610275
ssp585,0.978856895526422
