Key,Value
historical,1.00047886257184
ssp126,0.9852414513219703
ssp370,0.9882922080541413
ssp585,0.982315618930398
