Key,Value
historical,1.0009666892224258
ssp126,0.9892869455561263
ssp370,0.9881157570298382
ssp585,0.9777043553582816
