Key,Value
historical,1.0003572654687043
ssp126,0.9822248849481732
ssp370,0.975030326305345
ssp585,0.9737173745490801
