Key,Value
historical,1.0450893168569666
ssp126,1.0293209456007442
ssp370,1.030941784390827
ssp585,1.0325949632545952
