Key,Value
historical,1.0003539619432824
ssp126,0.9855328005077555
ssp370,0.9866151473547591
ssp585,0.9796926190255308
