Key,Value
historical,1.0325755149978229
ssp126,1.0343072502123445
ssp370,1.0216485430905347
ssp585,1.0232827400945614
