Key,Value
historical,1.007680116510136
ssp126,0.9908264470825672
ssp370,0.9867597842221257
ssp585,0.9807770361088225
