Key,Value
historical,0.9999999999999999
ssp126,0.996296887256194
ssp370,0.9947763001615889
ssp585,0.997186712870149
