Key,Value
historical,1.000707139641825
ssp126,0.9901260265510956
ssp370,0.9879495030571402
ssp585,0.9920926766255678
