Key,Value
historical,1.0002368880085954
ssp126,0.981837803921522
ssp370,0.9685772857679815
ssp585,0.9667434162193717
