Key,Value
historical,1.028692540712161
ssp126,1.0371148302439053
ssp370,1.0394863733837694
ssp585,1.0373489271905623
