Key,Value
historical,0.9931362347856271
ssp126,0.968680420740215
ssp370,0.9641109086358572
ssp585,0.9531148475954812
