Key,Value
historical,0.9409887342982204
ssp126,0.9275760980949245
ssp370,0.9244683436599792
ssp585,0.929238537735138
