Key,Value
historical,0.9999999999999999
ssp126,0.9948184965300593
ssp370,0.987693866829871
ssp585,0.986085802412522
