Key,Value
historical,0.9924820028986147
ssp126,0.9837439716049323
ssp370,0.9798150906051225
ssp585,0.9771341503012342
