Key,Value
historical,0.9503678276262705
ssp126,0.9469610179186323
ssp370,0.9413339496880092
ssp585,0.9366277238673438
