Key,Value
historical,1.0080237091728195
ssp126,0.9990795242422046
ssp370,0.9973088621529176
ssp585,0.9998970858128763
