Key,Value
historical,1.0091147502786095
ssp126,0.9927222407998685
ssp370,1.0011060540894732
ssp585,0.993616875468451
