Key,Value
historical,1.0007667717358915
ssp126,0.9899643838441842
ssp370,0.9883031617376332
ssp585,0.9877272902800761
