Key,Value
historical,1.0079416221967283
ssp126,0.9996049614196192
ssp370,0.9958097578702219
ssp585,0.9940891853677507
