Key,Value
historical,0.9627928916009766
ssp126,0.9432010105299486
ssp370,0.9432124536299665
ssp585,0.9363157545657337
