Key,Value
historical,0.9551763253615003
ssp126,0.94626470890939
ssp370,0.9446295421652788
ssp585,0.9312841566415941
