Key,Value
historical,0.997580933735738
ssp126,0.9844313008989777
ssp370,0.9858673655361069
ssp585,0.9864591235592535
