Key,Value
historical,0.9473153699258212
ssp126,0.9406272285589926
ssp370,0.93741748509242
ssp585,0.9316662810162587
