Key,Value
historical,0.995117168127424
ssp126,0.9633631020247982
ssp370,0.9623360575121246
ssp585,0.9555432437446861
