Key,Value
historical,1.0376272747368398
ssp126,1.0258100010158169
ssp370,1.0151474198018648
ssp585,1.0180104002662846
