Key,Value
historical,0.9996849538614028
ssp126,0.9775922591104936
ssp370,0.9728453825789426
ssp585,0.9646439805814286
