Key,Value
historical,0.9703641540278698
ssp126,0.9607880029591982
ssp370,0.9589226522053633
ssp585,0.9542261066465256
