Key,Value
historical,0.9999999999999999
ssp126,0.9895872771625321
ssp370,0.9862777413802623
ssp585,0.9877342768283479
