Key,Value
historical,1.0000000000000002
ssp126,0.9878635528302231
ssp370,0.9860046354214017
ssp585,0.9846914896208759
