Key,Value
historical,0.9999999999999999
ssp126,0.992093420545032
ssp370,0.9886778057483341
ssp585,0.9888766614323352
