Key,Value
historical,1.0005963270691907
ssp126,0.9914896863530472
ssp370,0.9915010397127346
ssp585,0.9921943957826209
