Key,Value
historical,1.0073074280355543
ssp126,0.997511904275125
ssp370,0.9961317473948463
ssp585,0.9961758951189549
