Key,Value
historical,0.9693544393578143
ssp126,0.9545636644809099
ssp370,0.9546634726565683
ssp585,0.950793239712981
