Key,Value
historical,1.0000000000000002
ssp126,0.9830786640310448
ssp370,0.9798765546244853
ssp585,0.98132072883216
