Key,Value
historical,1.0413539482597276
ssp126,1.0318560196002253
ssp370,1.0218240342236065
ssp585,1.0312597553116731
