Key,Value
historical,1.0398619261835398
ssp126,1.0397802184670872
ssp370,1.0324206864319505
ssp585,1.0277709484090995
