Key,Value
historical,0.9520276074763301
ssp126,0.940148300393091
ssp370,0.933330606132053
ssp585,0.9241042049588749
