Key,Value
historical,0.9777643628765804
ssp126,0.9768638948660958
ssp370,0.9767160866804461
ssp585,0.9725053681424813
