Key,Value
historical,1.0068295744876812
ssp126,0.9935566080878168
ssp370,0.9884569078764075
ssp585,0.9860984443543671
