Key,Value
historical,1.0000000000000002
ssp126,0.9868383451066555
ssp370,0.9863541385085627
ssp585,0.9754705889463148
