Key,Value
historical,1.0420496985887906
ssp126,1.0365554227080311
ssp370,1.0335278060777138
ssp585,1.0148113451752194
