Key,Value
historical,0.9636686345389468
ssp126,0.9696161621565021
ssp370,0.9697801527893648
ssp585,0.9663614115102312
