Key,Value
historical,1.0084084789300893
ssp126,0.9969745942427306
ssp370,0.9952225402981623
ssp585,0.9938755845405632
