Key,Value
historical,0.9999999999999999
ssp126,0.9953089114511597
ssp370,0.9927622777633134
ssp585,0.9957371195116095
