Key,Value
historical,1.0000000000000002
ssp126,0.9893796258060414
ssp370,0.9863905667746057
ssp585,0.985133218182765
