Key,Value
historical,1.0301428428741672
ssp126,1.0251605232832919
ssp370,1.0257508927044992
ssp585,1.0303829962377689
