Key,Value
historical,0.9693899678191524
ssp126,0.9581059703029096
ssp370,0.9594868923495621
ssp585,0.9568424532645341
