Key,Value
historical,1.001296627877568
ssp126,0.9856028594278045
ssp370,0.9844683748917739
ssp585,0.9759072275070376
