Key,Value
historical,1.0478000084896013
ssp126,1.0369173601956758
ssp370,1.0461342044951012
ssp585,1.0472871242810775
