Key,Value
historical,0.9910130568649895
ssp126,0.9812908506031569
ssp370,0.9851641753212752
ssp585,0.9841781286922294
