Key,Value
historical,1.0102399880421784
ssp126,1.0008782647972068
ssp370,1.0015302455400106
ssp585,1.0047690097293787
