Key,Value
historical,1.0096118474412001
ssp126,1.006582006652802
ssp370,1.0012646923520352
ssp585,1.003322559924353
