Key,Value
historical,0.9476911878093072
ssp126,0.9367312604931438
ssp370,0.9356753131008866
ssp585,0.9303457506218348
