Key,Value
historical,1.0109871402107722
ssp126,1.0042526784111463
ssp370,1.0080491857835587
ssp585,1.0083296459812805
