Key,Value
historical,0.953079972598733
ssp126,0.9392030429821449
ssp370,0.9242026281483661
ssp585,0.9220756420191779
