Key,Value
historical,0.96908271426201
ssp126,0.948880827868947
ssp370,0.950203201985764
ssp585,0.9331073041176642
