Key,Value
historical,0.9935483996414035
ssp126,0.9827252473257381
ssp370,0.9819634792401807
ssp585,0.9798625728003751
