Key,Value
historical,1.03292390352217
ssp126,1.0345707746956077
ssp370,1.0348484440697996
ssp585,1.029818362760199
