Key,Value
historical,1.0439345352589817
ssp126,1.0335344775363768
ssp370,1.0244625922101187
ssp585,1.022358776277466
