Key,Value
historical,0.9986840543218698
ssp126,0.9863085942878963
ssp370,0.9935732457169049
ssp585,0.9888509237576751
