Key,Value
historical,0.9889449287694456
ssp126,0.9712424955551651
ssp370,0.967355817983348
ssp585,0.9691850725984246
