Key,Value
historical,0.9639420311829121
ssp126,0.9565321456573868
ssp370,0.9565645565192297
ssp585,0.9480877827118438
