Key,Value
historical,0.9697854044374017
ssp126,0.9560928970085162
ssp370,0.9591389739227582
ssp585,0.9586898675310966
