Key,Value
historical,1.002324799665102
ssp126,0.9935487425010295
ssp370,0.9923790458813484
ssp585,0.9915108369780159
