Key,Value
historical,0.9705424821046086
ssp126,0.9570311095563068
ssp370,0.9569791818346957
ssp585,0.9540882772448614
