Key,Value
historical,1.0008033015298106
ssp126,0.9956782422322037
ssp370,0.9948832903583744
ssp585,0.9894423273145317
