Key,Value
historical,1.0113503222476894
ssp126,1.0022483791090036
ssp370,0.9955789258203889
ssp585,0.9979393816473925
