Key,Value
historical,0.9577838020424638
ssp126,0.9490334769651917
ssp370,0.9442295426393746
ssp585,0.9414063668686721
