Key,Value
historical,0.9772791276102777
ssp126,0.9590657671691762
ssp370,0.9589446000720794
ssp585,0.9567792322087278
