Key,Value
historical,1.0090917505027641
ssp126,1.0034232560981895
ssp370,1.0042752717928243
ssp585,1.0059225331125403
