Key,Value
historical,0.9926832288159905
ssp126,0.9918766254377783
ssp370,0.9898818276508673
ssp585,0.9924618356689877
