Key,Value
historical,1.0062694629601088
ssp126,0.9933838713239843
ssp370,0.9863787528346761
ssp585,0.9832303229783421
