Key,Value
historical,0.9473054974284202
ssp126,0.9409934049767384
ssp370,0.9412578836062534
ssp585,0.9439551762408125
