Key,Value
historical,1.0000000000000002
ssp126,0.979526559053322
ssp370,0.9718313947428873
ssp585,0.964353272020504
