Key,Value
historical,1.0084182753520574
ssp126,1.0008588663821385
ssp370,0.994485769477671
ssp585,0.9945975110304682
