Key,Value
historical,1.0000000000000002
ssp126,0.9806939798845588
ssp370,0.9784166053955144
ssp585,0.9736123877367313
