Key,Value
historical,0.9881617622345743
ssp126,0.979065458080793
ssp370,0.9770281819796611
ssp585,0.9740927665423877
