Key,Value
historical,0.9570980887231845
ssp126,0.951644033020216
ssp370,0.9537670129909069
ssp585,0.9451815151184993
