Key,Value
historical,1.0080732944985822
ssp126,0.9940832432553164
ssp370,0.9943042171345959
ssp585,0.9924725524885998
