Key,Value
historical,1.0457225003978086
ssp126,1.035103568161823
ssp370,1.0373796528978634
ssp585,1.0235285099899807
