Key,Value
historical,0.9526526156053947
ssp126,0.9368949469669928
ssp370,0.9389726863025967
ssp585,0.9391765469523373
