Key,Value
historical,0.9638889779558889
ssp126,0.9545717564591819
ssp370,0.9537387437005614
ssp585,0.9589931742870185
