Key,Value
historical,0.9421895493440782
ssp126,0.9391893157350861
ssp370,0.9355764143321755
ssp585,0.93710718114618
