Key,Value
historical,1.0563632306138107
ssp126,1.0422031600861459
ssp370,1.0368161125548387
ssp585,1.040966566981645
