Key,Value
historical,1.0097440084577058
ssp126,0.9999329480121376
ssp370,0.9980235713392802
ssp585,0.9948473463787633
