Key,Value
historical,0.9962252785225486
ssp126,0.9598370125286119
ssp370,0.9609608349728733
ssp585,0.9446090921641823
