Key,Value
historical,0.9999999999999999
ssp126,0.9872319261567168
ssp370,0.9875625460379048
ssp585,0.9803974257067619
