Key,Value
historical,1.0094610137427862
ssp126,0.9997280771443868
ssp370,0.9983225413092379
ssp585,0.9993588254599909
