Key,Value
historical,1.0079432321807935
ssp126,1.0003101883871945
ssp370,1.0005635724910826
ssp585,0.9976447355336668
