Key,Value
historical,0.9624685785400083
ssp126,0.9437277230546666
ssp370,0.9452912668510091
ssp585,0.9429426747554176
