Key,Value
historical,1.0068308104278905
ssp126,0.9963908287626849
ssp370,0.9931608117597182
ssp585,0.9897986432652046
