Key,Value
historical,0.9951057024345868
ssp126,0.9683650711952814
ssp370,0.9555799467801657
ssp585,0.95529819938683
