Key,Value
historical,1.0065565315312428
ssp126,0.9985522477459928
ssp370,0.9971297133210721
ssp585,1.0008491282791245
