Key,Value
historical,0.9999999999999999
ssp126,0.9931239063210451
ssp370,0.9899137217779758
ssp585,0.989445116863
