Key,Value
historical,0.9999999999999999
ssp126,0.9920004758556609
ssp370,0.991331831986718
ssp585,0.990275565888219
