Key,Value
historical,0.9712387138486291
ssp126,0.966136404186361
ssp370,0.9648486100399242
ssp585,0.9713983274142091
