Key,Value
historical,0.9918580122875352
ssp126,0.9765706607220229
ssp370,0.9556819567585783
ssp585,0.9592977634518829
