Key,Value
historical,0.9995263409870522
ssp126,0.9927885323858574
ssp370,0.9917696525985512
ssp585,0.9920127143817091
