Key,Value
historical,1.0000000000000002
ssp126,0.991491390586885
ssp370,0.9889071015115761
ssp585,0.9854522414358989
