Key,Value
historical,0.9330540442954002
ssp126,0.9219070260164363
ssp370,0.9300818738337854
ssp585,0.9279525348193688
