Key,Value
historical,1.039195904355156
ssp126,1.0347712221248566
ssp370,1.0296612952408215
ssp585,1.0352267076676351
