Key,Value
historical,1.0462190100268025
ssp126,1.044085465214087
ssp370,1.0414308690004506
ssp585,1.0474772872638625
