Key,Value
historical,0.9641635641539895
ssp126,0.9513588205500753
ssp370,0.9469147462080226
ssp585,0.942234404049949
