Key,Value
historical,0.9725014802161374
ssp126,0.9634970812261451
ssp370,0.9631491909607666
ssp585,0.9601710682977874
