Key,Value
historical,1.0512050915349769
ssp126,1.0397422261394698
ssp370,1.039917119799349
ssp585,1.0290683001508572
