Key,Value
historical,1.0013068054745966
ssp126,0.9815820014673596
ssp370,0.9764883709692777
ssp585,0.9715639727269987
