Key,Value
historical,0.9999999999999999
ssp126,0.9992861198818931
ssp370,0.9977617463555443
ssp585,1.0001048856712205
