Key,Value
historical,1.009720027086263
ssp126,1.0032751865482554
ssp370,1.0027930210527056
ssp585,1.0009538579282442
