Key,Value
historical,1.0486844493338427
ssp126,1.0240362887993668
ssp370,1.0253444475738498
ssp585,1.0249523225155963
