Key,Value
historical,1.0456647904135123
ssp126,1.0363093647439419
ssp370,1.0367490564324746
ssp585,1.034644031838387
