Key,Value
historical,1.0000000000000002
ssp126,0.9775282175883542
ssp370,0.9692314554237106
ssp585,0.966578228193077
