Key,Value
historical,0.9936888235569773
ssp126,0.9843087256942925
ssp370,0.9839316294339988
ssp585,0.9832567603501575
