Key,Value
historical,0.9999999999999999
ssp126,0.9883627425879012
ssp370,0.987112536497614
ssp585,0.9879987032849988
