Key,Value
historical,1.0106792514547396
ssp126,0.9966038948156654
ssp370,0.997108909156652
ssp585,1.0014255281113802
