Key,Value
historical,1.0000000000000002
ssp126,0.9812428242888246
ssp370,0.9751445865985067
ssp585,0.9685157020700105
