Key,Value
historical,1.008518530804045
ssp126,1.00365805350915
ssp370,1.00257499940293
ssp585,0.9983588154677102
