Key,Value
historical,1.0404519677609376
ssp126,1.0307246299836468
ssp370,1.0352825982428548
ssp585,1.0300564509384906
