Key,Value
historical,0.9999999999999999
ssp126,0.9896418609146698
ssp370,0.9915186074265971
ssp585,0.990409363826803
