Key,Value
historical,1.0065565315312428
ssp126,0.9945142432046874
ssp370,0.9941326230368382
ssp585,0.9900152867135145
