Key,Value
historical,1.0006317608743265
ssp126,0.9959337020744381
ssp370,0.9964498536157876
ssp585,0.992043497282156
