Key,Value
historical,0.9895942883903934
ssp126,0.9691945527424136
ssp370,0.9672693840439331
ssp585,0.9554077383925149
