Key,Value
historical,0.9947991909966059
ssp126,0.9808390565569379
ssp370,0.9750247075421025
ssp585,0.9776030983438481
