Key,Value
historical,1.0075797546593726
ssp126,1.001117336873224
ssp370,0.9988132214142061
ssp585,0.9966161701032088
