Key,Value
historical,1.057455007854093
ssp126,1.041727292415089
ssp370,1.0294904738215573
ssp585,1.0300899351356685
