Key,Value
historical,1.0075023803536836
ssp126,0.9970321699602126
ssp370,0.9958872826974284
ssp585,0.9926709925038713
