Key,Value
historical,0.9908521480584227
ssp126,0.9769807243327961
ssp370,0.9786772222592448
ssp585,0.975419041605152
