Key,Value
historical,1.0514770642034508
ssp126,1.0343909967882097
ssp370,1.0375101694308841
ssp585,1.0359022822799084
