Key,Value
historical,1.0450905207451622
ssp126,1.031524710232761
ssp370,1.043089885799787
ssp585,1.0366126227053107
