Key,Value
historical,1.0000000000000002
ssp126,0.9748179691168626
ssp370,0.9653578169055517
ssp585,0.9600753428297786
