Key,Value
historical,0.9689724695737179
ssp126,0.9576967400419873
ssp370,0.9579534099611489
ssp585,0.9552524516060535
