Key,Value
historical,0.9997104876541261
ssp126,0.9794228494887954
ssp370,0.9780899813156104
ssp585,0.9671786215979251
