Key,Value
historical,0.9997630620715422
ssp126,0.9849150767786267
ssp370,0.984399746145254
ssp585,0.9867021867920236
