Key,Value
historical,1.0096118474412001
ssp126,1.0032192884401399
ssp370,1.00388423474468
ssp585,1.00455851560585
