Key,Value
historical,0.9681347543776059
ssp126,0.9532780420259476
ssp370,0.9493365936530805
ssp585,0.9465755200530859
