Key,Value
historical,0.9628187671344484
ssp126,0.9465728769483025
ssp370,0.9341095473068465
ssp585,0.9360727470893496
