Key,Value
historical,0.9897696511696994
ssp126,0.9834742568054828
ssp370,0.9844645668629186
ssp585,0.9798608344943556
