Key,Value
historical,0.9706561474582589
ssp126,0.9542328208546923
ssp370,0.9543897030635294
ssp585,0.942791500522461
