Key,Value
historical,1.0006252767434158
ssp126,0.9892788467141185
ssp370,0.9916936075039227
ssp585,0.9889910245184301
