Key,Value
historical,1.000805970191315
ssp126,0.9938142221340868
ssp370,0.9903102298439338
ssp585,0.9926044028611825
