Key,Value
historical,0.9766626083296424
ssp126,0.956846575148454
ssp370,0.9556749629480203
ssp585,0.9568101645939756
