Key,Value
historical,0.9652277586675643
ssp126,0.9573049809343073
ssp370,0.9510365591956789
ssp585,0.9513836641598489
