Key,Value
historical,1.0025517828503332
ssp126,0.988227864275201
ssp370,0.9740638825481227
ssp585,0.9767485446368254
