Key,Value
historical,1.0098967086977015
ssp126,0.9999658343819029
ssp370,1.001635391155287
ssp585,1.0047807468645702
