Key,Value
historical,1.0000000000000002
ssp126,0.9808157786072331
ssp370,0.9700438471301556
ssp585,0.9695333396426473
