Key,Value
historical,0.9637655145062156
ssp126,0.9525288710007332
ssp370,0.950730835215612
ssp585,0.9509256895363973
