Key,Value
historical,1.0000000000000002
ssp126,0.990917335778389
ssp370,0.983134314398489
ssp585,0.9823462264667893
