Key,Value
historical,0.9639420311829121
ssp126,0.9512497866320597
ssp370,0.9571394542532004
ssp585,0.9478368303184495
