Key,Value
historical,1.0418259075592413
ssp126,1.03826499060157
ssp370,1.0264256448891447
ssp585,1.0306382375648249
