Key,Value
historical,1.0077923182842492
ssp126,0.9988498338816244
ssp370,1.0001405456643537
ssp585,0.9978288259748529
