Key,Value
historical,0.9999999999999999
ssp126,0.9871340968221312
ssp370,0.9874316025652197
ssp585,0.9896368732960555
