Key,Value
historical,1.001554038086414
ssp126,0.9927660170115497
ssp370,0.9949452198600564
ssp585,0.9923336701959263
