Key,Value
historical,0.9903299294007973
ssp126,0.9784784892609637
ssp370,0.9741404637847111
ssp585,0.9648345079684757
