Key,Value
historical,1.0000000000000002
ssp126,0.9823888461855648
ssp370,0.9771815893457627
ssp585,0.9713936707219945
