Key,Value
historical,1.045644903833174
ssp126,1.0380636603757394
ssp370,1.042241505766076
ssp585,1.0366351685994992
