Key,Value
historical,1.029797966027387
ssp126,1.0346745522476513
ssp370,1.0347368988749752
ssp585,1.0248540826022559
