Key,Value
historical,0.9945300470836868
ssp126,0.9713829876530848
ssp370,0.9610186942731763
ssp585,0.9616598831603178
