Key,Value
historical,0.9879948580695086
ssp126,0.9734471205275389
ssp370,0.9710996883567777
ssp585,0.9662876181900261
