Key,Value
historical,1.0000000000000002
ssp126,0.9846226350325678
ssp370,0.984130877896006
ssp585,0.9850002103630067
