Key,Value
historical,1.0486768452241853
ssp126,1.0443236879038482
ssp370,1.0326102836424302
ssp585,1.034652147122902
