Key,Value
historical,0.9650672431809806
ssp126,0.9451889779954586
ssp370,0.9421181249058593
ssp585,0.9345822583887151
