Key,Value
historical,0.9999999999999999
ssp126,0.9930869066140406
ssp370,0.9916253197510984
ssp585,0.9917159305202654
