Key,Value
historical,1.0079884487286905
ssp126,0.9965350095839364
ssp370,0.995860300916292
ssp585,0.990056440735905
