Key,Value
historical,1.010072221626383
ssp126,1.0090401715975614
ssp370,1.0045492340931024
ssp585,1.0026081224570054
