Key,Value
historical,0.9999999999999999
ssp126,0.992413898019397
ssp370,0.9946349231686755
ssp585,0.99531078266832
