Key,Value
historical,1.0569748354455202
ssp126,1.0357436309964116
ssp370,1.0444595333939297
ssp585,1.0346945941332641
