Key,Value
historical,1.0101592183098709
ssp126,0.9961070732044741
ssp370,0.9860853448550656
ssp585,0.9810252859175663
