Key,Value
historical,0.9507529264171337
ssp126,0.9503947265629707
ssp370,0.9431017883831861
ssp585,0.9425772739780359
