Key,Value
historical,1.0008665465728486
ssp126,0.9908731197430376
ssp370,0.9864311427610064
ssp585,0.9872556011201924
