Key,Value
historical,0.994230553859202
ssp126,0.9751598502485176
ssp370,0.969074559104313
ssp585,0.9620609134978251
