Key,Value
historical,1.0446949669061203
ssp126,1.0278916217909542
ssp370,1.028862800358141
ssp585,1.0286027909350397
