Key,Value
historical,0.9560976999103936
ssp126,0.9410408303974166
ssp370,0.9383445337597583
ssp585,0.9321914584007532
