Key,Value
historical,0.9999999999999999
ssp126,0.9922565129509172
ssp370,0.9917192192401085
ssp585,0.9908159716767068
