Key,Value
historical,1.0003067101876015
ssp126,0.9987823562829671
ssp370,0.9952967742558076
ssp585,0.9943063060066084
