Key,Value
historical,1.00937524974255
ssp126,1.0046487546567222
ssp370,1.0010683512403065
ssp585,0.9983833288654074
