Key,Value
historical,1.0000000000000002
ssp126,0.9809607990771778
ssp370,0.9774559501590598
ssp585,0.9742328536473003
