Key,Value
historical,0.954680270040921
ssp126,0.9331625000438569
ssp370,0.9301556497729473
ssp585,0.9222319292840255
