Key,Value
historical,0.9941181851659169
ssp126,0.9776530566162689
ssp370,0.9657959065869656
ssp585,0.9614493644902862
