Key,Value
historical,1.006982277255071
ssp126,0.9975317260696023
ssp370,0.992994125829132
ssp585,0.9915760691276121
