Key,Value
historical,0.9999999999999999
ssp126,0.9969693333173321
ssp370,0.9956634428765546
ssp585,0.9984421969593703
