Key,Value
historical,0.959951713514223
ssp126,0.9478211605183572
ssp370,0.9443834899407948
ssp585,0.9415295252870417
