Key,Value
historical,1.0096105075423993
ssp126,1.0039113939619044
ssp370,1.000232515318921
ssp585,1.001033762556133
