Key,Value
historical,1.0075957531272426
ssp126,0.9968116419322378
ssp370,0.9945509277686082
ssp585,0.9936492102934444
