Key,Value
historical,0.9569840625318894
ssp126,0.9512525829499894
ssp370,0.9523675410044355
ssp585,0.94747059806855
