Key,Value
historical,1.0486490389643712
ssp126,1.037013300587534
ssp370,1.0362233504271663
ssp585,1.0351696055811037
