Key,Value
historical,0.9999999999999999
ssp126,0.9868983697416506
ssp370,0.9862672388404052
ssp585,0.98763385616497
