Key,Value
historical,1.0089400376089366
ssp126,0.9959400600352706
ssp370,0.9930856516063158
ssp585,0.9897136764822695
