Key,Value
historical,0.9999999999999999
ssp126,0.9879745975049106
ssp370,0.985846565148097
ssp585,0.9868282586509889
