Key,Value
historical,1.0524716105116445
ssp126,1.0281476437297705
ssp370,1.0294105483595208
ssp585,1.0290601700808135
