Key,Value
historical,0.9659208851410166
ssp126,0.9542331042871949
ssp370,0.9509246233651322
ssp585,0.9461528929985934
