Key,Value
historical,1.0094089404413118
ssp126,1.0036454835036333
ssp370,1.0027030008071451
ssp585,1.00041315584323
