Key,Value
historical,0.9992381224966518
ssp126,0.990561671612101
ssp370,0.9906685254702324
ssp585,0.9897779641482999
