Key,Value
historical,1.0112539162062157
ssp126,0.9973100151148228
ssp370,0.9991863931161699
ssp585,0.9919265004333607
