Key,Value
historical,0.933654157708174
ssp126,0.9315672451806143
ssp370,0.9255066517905531
ssp585,0.924158191650404
