Key,Value
historical,0.9682815965159065
ssp126,0.9652790192919388
ssp370,0.9598250998089006
ssp585,0.9598201275312506
