Key,Value
historical,0.9676276176451258
ssp126,0.9594600413796158
ssp370,0.9628929977395579
ssp585,0.9587784209268426
