Key,Value
historical,0.9897020774476646
ssp126,0.985238167452712
ssp370,0.9811963709979219
ssp585,0.9770342438493198
