Key,Value
historical,0.9941004093979163
ssp126,0.9678990785364119
ssp370,0.9733631205643927
ssp585,0.9581983927045702
