Key,Value
historical,0.9999999999999999
ssp126,0.9896882827864617
ssp370,0.9855861729209788
ssp585,0.9819875595517332
