Key,Value
historical,0.9482651423319013
ssp126,0.935015927062038
ssp370,0.9300971487963378
ssp585,0.9254189090221645
