Key,Value
historical,0.9617704331837171
ssp126,0.9428673494971622
ssp370,0.9332680253128455
ssp585,0.9356434944192332
