Key,Value
historical,0.9984688937373118
ssp126,0.9897571100987346
ssp370,0.9863081988279779
ssp585,0.9835004450293242
