Key,Value
historical,1.0325670724792557
ssp126,1.038459564882244
ssp370,1.0284794533239063
ssp585,1.0284448547522995
