Key,Value
historical,0.955957407436028
ssp126,0.9515061815440943
ssp370,0.9484449103026237
ssp585,0.9503472822053466
