Key,Value
historical,1.044633797610213
ssp126,1.0307909159606476
ssp370,1.0282013122131164
ssp585,1.0251460457521033
