Key,Value
historical,1.0000000000000002
ssp126,0.9909850320130953
ssp370,0.9879479731842368
ssp585,0.9901449172354165
