Key,Value
historical,0.9999999999999999
ssp126,0.9901141185549642
ssp370,0.9899030130719253
ssp585,0.9891588918729081
