Key,Value
historical,1.047674434012496
ssp126,1.0295863883353467
ssp370,1.0267321485665422
ssp585,1.0182777613987348
