Key,Value
historical,1.0512544525438188
ssp126,1.0416459713508541
ssp370,1.0372691322611571
ssp585,1.0338977974790307
