Key,Value
historical,0.954721082250052
ssp126,0.9344534918587869
ssp370,0.9436715928436442
ssp585,0.9393981912143687
