Key,Value
historical,0.9602997137770215
ssp126,0.952565951811255
ssp370,0.9496438460590869
ssp585,0.9472686568716219
