Key,Value
historical,1.0074353020089812
ssp126,0.9944563530619194
ssp370,0.9940948281572862
ssp585,0.9949359056418794
