Key,Value
historical,0.9668086224125367
ssp126,0.9549002133829417
ssp370,0.9534131495195264
ssp585,0.951919911714566
