Key,Value
historical,1.0083749133446653
ssp126,1.0006761773829371
ssp370,0.9993216492338515
ssp585,1.002473849817391
