Key,Value
historical,0.9999999999999999
ssp126,0.9878827594559888
ssp370,0.984713696451978
ssp585,0.9834350862163255
