Key,Value
historical,0.990402425340631
ssp126,0.9768132882370789
ssp370,0.9742326638177117
ssp585,0.9719382714215208
