Key,Value
historical,1.0451077225659482
ssp126,1.0383567574710695
ssp370,1.0356430733513358
ssp585,1.0265463541313598
