Key,Value
historical,1.0011163134465793
ssp126,0.9793907289206891
ssp370,0.981002660577874
ssp585,0.9594429621714365
