Key,Value
historical,0.9879179979512902
ssp126,0.9750905605881921
ssp370,0.9712543677641917
ssp585,0.9579386016573933
