Key,Value
historical,0.9893748547364057
ssp126,0.9777942322367991
ssp370,0.9764101338865155
ssp585,0.9793620226957864
