Key,Value
historical,1.000506735869469
ssp126,0.9880404252719547
ssp370,0.9859442348333831
ssp585,0.9845092694059133
