Key,Value
historical,1.0418002766962968
ssp126,1.028310250520371
ssp370,1.0306624607504133
ssp585,1.0238891781968293
