Key,Value
historical,0.9624685785400083
ssp126,0.9395343501640677
ssp370,0.9420962952757304
ssp585,0.9401625284490422
