Key,Value
historical,0.9692092698179501
ssp126,0.9652791669767135
ssp370,0.9648443934688443
ssp585,0.9605541086267207
