Key,Value
historical,0.9928738288688669
ssp126,0.9768032325237448
ssp370,0.9631006923407915
ssp585,0.9588418414876574
