Key,Value
historical,0.9584878148713138
ssp126,0.93813393553568
ssp370,0.9338334860253861
ssp585,0.932584864384595
