Key,Value
historical,0.9928762227247778
ssp126,0.9800923851186685
ssp370,0.9789313331454033
ssp585,0.9791269125382864
