Key,Value
historical,0.9999999999999999
ssp126,0.9894596627981435
ssp370,0.9894317906283431
ssp585,0.9857243147701392
