Key,Value
historical,0.9999999999999999
ssp126,0.9869358017326675
ssp370,0.9857695976857305
ssp585,0.9805856901161784
