Key,Value
historical,0.95411766483775
ssp126,0.9368649242431829
ssp370,0.9366328673328564
ssp585,0.9263865331192549
