Key,Value
historical,0.9714725212784774
ssp126,0.9611669492890357
ssp370,0.9607225338441793
ssp585,0.9533440152544923
