Key,Value
historical,1.006690350809922
ssp126,1.0018838834628827
ssp370,0.9962827775194383
ssp585,0.9996968586203093
