Key,Value
historical,0.9904866325061765
ssp126,0.9877390663860517
ssp370,0.9876937160860341
ssp585,0.9856423248787916
