Key,Value
historical,0.9598706159287864
ssp126,0.9533935585341702
ssp370,0.9542842076844055
ssp585,0.9428005760421457
