Key,Value
historical,0.9497874798253723
ssp126,0.9075238609048849
ssp370,0.8994656606078899
ssp585,0.9137898520857823
