Key,Value
historical,1.0000000000000002
ssp126,0.9821993745406931
ssp370,0.9676544455214249
ssp585,0.9705288509815604
