Key,Value
historical,0.9639626254218379
ssp126,0.9575046525391232
ssp370,0.9511203801031278
ssp585,0.9506924900448446
