Key,Value
historical,1.008998958049675
ssp126,0.992900152671212
ssp370,0.9901604323966708
ssp585,0.9869901265989796
