Key,Value
historical,0.9930700107984821
ssp126,0.9847509604075698
ssp370,0.9797025237597041
ssp585,0.975190595707268
