Key,Value
historical,0.9707755458528484
ssp126,0.9578734723248623
ssp370,0.9584435812420543
ssp585,0.958617968008878
