Key,Value
historical,0.9579119344028155
ssp126,0.9451463508740008
ssp370,0.9410590835033391
ssp585,0.9435453479475263
