Key,Value
historical,0.943412893789013
ssp126,0.9350607672023046
ssp370,0.9276016517381572
ssp585,0.9372018764761751
