Key,Value
historical,1.0060779667717652
ssp126,1.002883794696592
ssp370,0.9996545200478294
ssp585,0.9987836250462344
