Key,Value
historical,1.0004722567654283
ssp126,0.9919855160810421
ssp370,0.9918724211011037
ssp585,0.9847424704949038
