Key,Value
historical,1.0456468730624544
ssp126,1.0267145095594463
ssp370,1.0310197552368279
ssp585,1.0237467122690656
