Key,Value
historical,0.9999999999999999
ssp126,0.9886266546409291
ssp370,0.9881529249678321
ssp585,0.9877112348169291
