Key,Value
historical,0.9607561692107992
ssp126,0.9511802090662858
ssp370,0.948871794227764
ssp585,0.9470705476908061
