Key,Value
historical,1.0000000000000002
ssp126,0.9902177128065208
ssp370,0.9873845283576919
ssp585,0.9854724999859457
