Key,Value
historical,1.0071995872553137
ssp126,0.995380066816774
ssp370,0.9960496354885682
ssp585,0.9989652397009767
