Key,Value
historical,0.9930853603385377
ssp126,0.9852923041590381
ssp370,0.9832950372966595
ssp585,0.9876485884987232
