Key,Value
historical,0.9605845920865118
ssp126,0.9501954062294989
ssp370,0.9453733815581347
ssp585,0.9417898973458304
