Key,Value
historical,0.9653966079754986
ssp126,0.9500580425420869
ssp370,0.9497232507755956
ssp585,0.9492829140587892
