Key,Value
historical,0.968100765239251
ssp126,0.9412717119257844
ssp370,0.9348706670259053
ssp585,0.9314572691504147
