Key,Value
historical,1.0383535242481896
ssp126,1.0269041474912202
ssp370,1.021114310959213
ssp585,1.0246627480473807
