Key,Value
historical,0.9478116310028519
ssp126,0.925149916802254
ssp370,0.9337570851641819
ssp585,0.9224902273733514
