Key,Value
historical,0.9999999999999999
ssp126,0.9961856937227795
ssp370,0.9942598070495778
ssp585,0.9927406988464923
