Key,Value
historical,0.9999999999999999
ssp126,0.9871179703489299
ssp370,0.9900676581500857
ssp585,0.9906510192417872
