Key,Value
historical,0.9586692430385346
ssp126,0.9472742879510833
ssp370,0.9458769276586318
ssp585,0.9440705686793831
