Key,Value
historical,0.9465933763108003
ssp126,0.9296956196351203
ssp370,0.935669117199675
ssp585,0.9342925909470174
