Key,Value
historical,0.9999999999999999
ssp126,0.9876195030574444
ssp370,0.9872758118963252
ssp585,0.9936186085797247
