Key,Value
historical,0.960472597399014
ssp126,0.9430109346890065
ssp370,0.9401595969775876
ssp585,0.9453050882832102
