Key,Value
historical,0.999877187465796
ssp126,0.9906094435596656
ssp370,0.9899093143460593
ssp585,0.9863973720346076
