Key,Value
historical,1.0016620916972434
ssp126,0.9897550474845981
ssp370,0.9864985611668581
ssp585,0.9894885860841274
