Key,Value
historical,1.0365096924257076
ssp126,1.02407513223329
ssp370,1.0179524167975478
ssp585,1.0220746357128003
