Key,Value
historical,1.007475603841975
ssp126,1.0043407043637886
ssp370,0.9989085536456083
ssp585,0.9999726681547337
