Key,Value
historical,0.9598874534306182
ssp126,0.9528679593444646
ssp370,0.9496638318653124
ssp585,0.9463916422448232
