Key,Value
historical,0.9656738393496157
ssp126,0.9572784912305412
ssp370,0.9563886584907532
ssp585,0.9506009869470989
