Key,Value
historical,0.9999999999999999
ssp126,0.9944617042424302
ssp370,0.9945623644757979
ssp585,0.993246636303378
