Key,Value
historical,1.0099847210260937
ssp126,0.9920874418589966
ssp370,0.9917487605270021
ssp585,0.9844309261340367
