Key,Value
historical,1.0439345352589817
ssp126,1.027791628539932
ssp370,1.027357122956306
ssp585,1.0370570619681254
