Key,Value
historical,0.9999999999999999
ssp126,0.9872380048386551
ssp370,0.9855250112466832
ssp585,0.9838016586873953
