Key,Value
historical,0.9999999999999999
ssp126,0.9901055390512868
ssp370,0.9900533186481568
ssp585,0.9987314115357812
