Key,Value
historical,0.9612456230621121
ssp126,0.950068868334973
ssp370,0.9487377008015495
ssp585,0.9454066007444383
