Key,Value
historical,1.0018952972221484
ssp126,0.995545260153462
ssp370,0.9954089029581428
ssp585,0.9976981750923565
