Key,Value
historical,0.9669318550261133
ssp126,0.9571245142786365
ssp370,0.9563489601971779
ssp585,0.9573382050465583
