Key,Value
historical,1.0000000000000002
ssp126,0.9925395674126537
ssp370,0.9935459577783718
ssp585,0.9901269334897299
