Key,Value
historical,0.9638522707623461
ssp126,0.9463794733300649
ssp370,0.945909998570592
ssp585,0.9346403474368078
