Key,Value
historical,1.0094469876685095
ssp126,0.9956358653267087
ssp370,0.980605234535324
ssp585,0.9828124025405022
