Key,Value
historical,0.966634218550505
ssp126,0.9535743773669026
ssp370,0.9480079573632717
ssp585,0.9485763636607939
