Key,Value
historical,0.9902639313880326
ssp126,0.9703913368578363
ssp370,0.971636315978031
ssp585,0.9568993541261122
