Key,Value
historical,0.9999999999999999
ssp126,0.9927619518385774
ssp370,0.9865616280546714
ssp585,0.9877536883186163
