Key,Value
historical,0.96381315270093
ssp126,0.9503040664611774
ssp370,0.9445812179930154
ssp585,0.943525575233528
