Key,Value
historical,0.9907895134292989
ssp126,0.9807121739796891
ssp370,0.9814862678529426
ssp585,0.9824824746042771
