Key,Value
historical,1.0000000000000002
ssp126,0.9903742584683018
ssp370,0.9900735823244048
ssp585,0.9880196069383367
