Key,Value
historical,0.9919865870487251
ssp126,0.9842666891030979
ssp370,0.9798513860499564
ssp585,0.9824939471129475
