Key,Value
historical,1.0081939903420585
ssp126,0.9966475980334094
ssp370,0.9948037840903615
ssp585,0.9986621020931823
