Key,Value
historical,1.0008033015298106
ssp126,0.9886619770763497
ssp370,0.988437953446743
ssp585,0.9820852791916818
