Key,Value
historical,0.9981133271066492
ssp126,0.9794199709506285
ssp370,0.9719038863829271
ssp585,0.9674438950539669
