Key,Value
historical,0.9995072684977833
ssp126,0.9928621727944779
ssp370,0.9914520110751804
ssp585,0.9846667039299043
