Key,Value
historical,0.9388690022527466
ssp126,0.9294497922128947
ssp370,0.9255043376044587
ssp585,0.9279672670658938
