Key,Value
historical,0.9949985733094336
ssp126,0.9745616933081642
ssp370,0.9621731234327142
ssp585,0.959136262303656
