Key,Value
historical,0.9935991529415128
ssp126,0.979197417827476
ssp370,0.9707787180829378
ssp585,0.9641729628518254
