Key,Value
historical,1.0081513628845902
ssp126,0.991348845251796
ssp370,0.9920390970213604
ssp585,0.9876210687151468
