Key,Value
historical,1.037060750748912
ssp126,1.021067035934607
ssp370,1.0078938096516556
ssp585,1.016554462881079
