Key,Value
historical,1.000394198039843
ssp126,0.9907722464845496
ssp370,0.9893650710687074
ssp585,0.9919666587727549
