Key,Value
historical,0.9507529264171337
ssp126,0.9511134966019169
ssp370,0.9432555919302046
ssp585,0.9486280583672118
