Key,Value
historical,0.9749339511535354
ssp126,0.9652281721940893
ssp370,0.9629406288531092
ssp585,0.9633252409945909
