Key,Value
historical,0.9634918830053174
ssp126,0.9471808203588153
ssp370,0.9468335524303636
ssp585,0.9429339485624085
