Key,Value
historical,0.9999999999999999
ssp126,0.986578427542896
ssp370,0.9853704404539775
ssp585,0.9838802526201037
