Key,Value
historical,1.0408702543746577
ssp126,1.048190042237499
ssp370,1.038047005950748
ssp585,1.0387345893595008
