Key,Value
historical,0.9999999999999999
ssp126,0.9941340094542849
ssp370,0.993052625522088
ssp585,0.989797119454233
