Key,Value
historical,1.000186876712406
ssp126,0.9963754182756126
ssp370,0.9905699264908319
ssp585,0.9894572795106888
