Key,Value
historical,1.0383358650950612
ssp126,1.023747220246707
ssp370,1.0221048704879885
ssp585,1.0162472158025582
