Key,Value
historical,1.0000000000000002
ssp126,0.9874260077219934
ssp370,0.9827326909544237
ssp585,0.9780810811287154
