Key,Value
historical,1.0368866151379172
ssp126,1.0294705707367031
ssp370,1.0366683910252799
ssp585,1.0295197412763517
