Key,Value
historical,0.9686214386317852
ssp126,0.946907036962852
ssp370,0.9434829047854097
ssp585,0.9476543920736014
