Key,Value
historical,1.006468186776247
ssp126,0.9981383148422157
ssp370,0.9939551298738791
ssp585,0.9932955877589769
