Key,Value
historical,1.0010221939671238
ssp126,0.9890727308589845
ssp370,0.986899796419169
ssp585,0.985407184807183
