Key,Value
historical,1.0000000000000002
ssp126,0.9807523369801224
ssp370,0.9763365410476413
ssp585,0.9758101323085681
