Key,Value
historical,1.0398383191676794
ssp126,1.0402071019497716
ssp370,1.0370902096861665
ssp585,1.0334385877694643
