Key,Value
historical,0.9543074166649106
ssp126,0.9412236294074912
ssp370,0.9389308276463946
ssp585,0.9188200252331091
