Key,Value
historical,0.9999999999999999
ssp126,0.9938047210082034
ssp370,0.9902511592531743
ssp585,0.9906100804972704
