Key,Value
historical,0.9465933763108003
ssp126,0.9395725748784078
ssp370,0.9331425008254111
ssp585,0.9328963534968887
