Key,Value
historical,1.0072629019561148
ssp126,0.9888912942879873
ssp370,0.9813818145921641
ssp585,0.976352267832845
