Key,Value
historical,0.9901774826601352
ssp126,0.9813631396395655
ssp370,0.9805640044879244
ssp585,0.9807853894287104
