Key,Value
historical,1.0006182071784908
ssp126,0.9916248278108228
ssp370,0.9888042179610025
ssp585,0.9858095437087817
