Key,Value
historical,1.0000000000000002
ssp126,0.9865903327352827
ssp370,0.9813243330227394
ssp585,0.9714418539294646
