Key,Value
historical,0.9582333352206556
ssp126,0.9438022568204574
ssp370,0.9430699846691075
ssp585,0.9379943805121422
