Key,Value
historical,0.9926278304895925
ssp126,0.9810562766502229
ssp370,0.9798575960218197
ssp585,0.9739914080209119
