Key,Value
historical,0.9999999999999999
ssp126,0.9895082754416313
ssp370,0.9898389544039045
ssp585,0.986477019758398
