Key,Value
historical,0.9894199243559985
ssp126,0.9761542464382019
ssp370,0.9679951602680389
ssp585,0.9679119997698745
