Key,Value
historical,0.9663489684205935
ssp126,0.9530907106490908
ssp370,0.9535322031577257
ssp585,0.9523978294194562
