Key,Value
historical,0.9927746422229202
ssp126,0.9824766768015737
ssp370,0.9819858540499017
ssp585,0.9821548395167377
