Key,Value
historical,1.0385297823924518
ssp126,1.0301354813307997
ssp370,1.0346945808911328
ssp585,1.0396590448187761
