Key,Value
historical,0.9939786781646461
ssp126,0.9688643689135783
ssp370,0.9666685307262717
ssp585,0.9611699402226249
