Key,Value
historical,0.9665044224707598
ssp126,0.9515269854222339
ssp370,0.9494860051228148
ssp585,0.9469704863525814
