Key,Value
historical,0.9999999999999999
ssp126,0.9984025953748287
ssp370,0.9973067542832444
ssp585,0.999170053783066
