Key,Value
historical,1.0007470623204129
ssp126,0.9972022208846195
ssp370,0.9891390332537193
ssp585,0.9880983849735715
