Key,Value
historical,0.9542165780472821
ssp126,0.9487847102582312
ssp370,0.943034393546321
ssp585,0.9449950320822449
