Key,Value
historical,1.0000000000000002
ssp126,0.986856563382928
ssp370,0.980682576570121
ssp585,0.9785191306425086
