Key,Value
historical,1.0109772354271387
ssp126,1.0023066674296308
ssp370,1.000377236053219
ssp585,0.999455316384495
