Key,Value
historical,0.9916223013892652
ssp126,0.9874997718214324
ssp370,0.9866496327241195
ssp585,0.9835241064950538
