Key,Value
historical,1.000120836366107
ssp126,0.9887248273861544
ssp370,0.9796080851577537
ssp585,0.9721288695230147
