Key,Value
historical,0.9999999999999999
ssp126,0.9914935789215574
ssp370,0.9867264273725018
ssp585,0.9833067352557181
