Key,Value
historical,1.0538988529024618
ssp126,1.0402722673926925
ssp370,1.0361858506164394
ssp585,1.0362815562009753
