Key,Value
historical,1.0512050915349769
ssp126,1.0513109712223352
ssp370,1.0346298432563523
ssp585,1.0352794314360594
