Key,Value
historical,0.9502918419371728
ssp126,0.9397479525714677
ssp370,0.9385086023372827
ssp585,0.9352963529428986
