Key,Value
historical,1.045082298267163
ssp126,1.0300097717873484
ssp370,1.035594168842499
ssp585,1.0287718930287828
