Key,Value
historical,1.0000000000000002
ssp126,0.9963010706114547
ssp370,0.9916186561300145
ssp585,0.9898386308842453
