Key,Value
historical,0.9505263419586261
ssp126,0.9412436694372265
ssp370,0.9361225502453909
ssp585,0.9345440303642273
