Key,Value
historical,0.9632131760976054
ssp126,0.9498112147723003
ssp370,0.9444709938756147
ssp585,0.9433209095589752
