Key,Value
historical,0.9606694707438161
ssp126,0.9354851266625834
ssp370,0.9385664929385749
ssp585,0.9322864235390647
