Key,Value
historical,0.9710507269533611
ssp126,0.954230052850545
ssp370,0.9577827319119087
ssp585,0.9487619517880045
