Key,Value
historical,1.009009431472965
ssp126,1.0012677388613396
ssp370,1.001956828982785
ssp585,1.0025132182226755
