Key,Value
historical,0.9885311590428763
ssp126,0.9784553173058619
ssp370,0.9752731745563795
ssp585,0.9771717769067553
