Key,Value
historical,0.9576401122559836
ssp126,0.9479489172563291
ssp370,0.9442145349566841
ssp585,0.9440294062782058
