Key,Value
historical,0.9997604833566
ssp126,0.9865068548684681
ssp370,0.9862052630099426
ssp585,0.9837521697304663
