Key,Value
historical,0.9917254298031992
ssp126,0.9772121945462265
ssp370,0.9757775752792489
ssp585,0.9727786590242504
