Key,Value
historical,0.9677433756044365
ssp126,0.9535572060397494
ssp370,0.9456399167142628
ssp585,0.9442983789905605
