Key,Value
historical,1.009591079124361
ssp126,1.0046564714156145
ssp370,1.0003405937566459
ssp585,1.0045506030894489
