Key,Value
historical,1.0074066493664287
ssp126,0.9930080856493735
ssp370,0.984210436622567
ssp585,0.9827578381283447
