Key,Value
historical,1.0107180050598161
ssp126,1.0018007428212763
ssp370,0.995782714275997
ssp585,0.9966589683039291
