Key,Value
historical,1.0013496320574782
ssp126,0.9903895174640026
ssp370,0.9880323639047303
ssp585,0.9894385296400465
