Key,Value
historical,1.002880719624647
ssp126,0.9981995189982014
ssp370,0.9977599041166182
ssp585,0.9968621273376768
