Key,Value
historical,1.0093092174202536
ssp126,0.9941681182988895
ssp370,0.9946937242102777
ssp585,0.9934194583759821
