Key,Value
historical,1.0000000000000002
ssp126,0.9824998002546348
ssp370,0.975945998131931
ssp585,0.9710082446775958
