Key,Value
historical,0.993969108760983
ssp126,0.983344290093061
ssp370,0.9826399792144438
ssp585,0.981008607088311
