Key,Value
historical,0.9996899654774162
ssp126,0.9907519245510633
ssp370,0.9856080263326688
ssp585,0.9899902542853279
