Key,Value
historical,0.9570663221172494
ssp126,0.9446588620788268
ssp370,0.9413655900994289
ssp585,0.9368897434719605
