Key,Value
historical,1.0456647904135123
ssp126,1.0352568507341233
ssp370,1.0367490564324746
ssp585,1.0404706827987622
