Key,Value
historical,0.9903835034390137
ssp126,0.9709793653798565
ssp370,0.9666166507000871
ssp585,0.9552278706575043
