Key,Value
historical,0.9486408770542621
ssp126,0.9385699016229477
ssp370,0.9367787022568803
ssp585,0.9315159424304615
