Key,Value
historical,0.9658802337338136
ssp126,0.9443164647013965
ssp370,0.9369720058818802
ssp585,0.9333227253273522
