Key,Value
historical,1.008236233531014
ssp126,0.98970724790236
ssp370,0.9811806570274966
ssp585,0.9742126568824552
