Key,Value
historical,1.0084520367695387
ssp126,0.9946227010582214
ssp370,0.9903407924846763
ssp585,0.9877368659945237
