Key,Value
historical,0.9742682848911909
ssp126,0.9589816634705292
ssp370,0.9555426585171406
ssp585,0.9515107777946781
