Key,Value
historical,0.9542524677497536
ssp126,0.9457017929492488
ssp370,0.9456313820524482
ssp585,0.9378876172851488
