Key,Value
historical,1.0082511530426912
ssp126,1.0026642142525375
ssp370,0.9946333854162567
ssp585,0.99254295298202
