Key,Value
historical,0.9534692543541178
ssp126,0.9413599099859958
ssp370,0.9348473466346339
ssp585,0.9324266143704332
