Key,Value
historical,0.9999999999999999
ssp126,0.987482929693433
ssp370,0.9848903967656939
ssp585,0.9881750998307868
