Key,Value
historical,0.9901231309849702
ssp126,0.9888629412091899
ssp370,0.9875970607639476
ssp585,0.9857658731866468
