Key,Value
historical,1.0504721092655354
ssp126,1.0491076999506255
ssp370,1.049592467292763
ssp585,1.0405348505554872
