Key,Value
historical,0.9497874798253723
ssp126,0.895438502946855
ssp370,0.9130525022287076
ssp585,0.9282151472943818
