Key,Value
historical,0.9999999999999999
ssp126,0.9941142761744505
ssp370,0.9938360207988028
ssp585,0.991581683884037
