Key,Value
historical,0.9999999999999999
ssp126,0.9862068480907469
ssp370,0.98209313167402
ssp585,0.9777511101396521
