Key,Value
historical,1.0091037109648844
ssp126,0.997264394370759
ssp370,0.9984365929439898
ssp585,0.9882798723468454
