Key,Value
historical,1.0066779956825058
ssp126,1.001680448780037
ssp370,1.0016901636514914
ssp585,1.000517685413079
