Key,Value
historical,0.9421535862481363
ssp126,0.9273605501390407
ssp370,0.9238964497032823
ssp585,0.9212338134873301
