Key,Value
historical,1.0102766939231596
ssp126,1.0109255351361317
ssp370,1.0107359463762564
ssp585,1.0121552360185069
