Key,Value
historical,1.0070575493068166
ssp126,0.9990812367377611
ssp370,0.9937621974625039
ssp585,0.9937536301236249
