Key,Value
historical,1.0101605366083939
ssp126,1.0032756223657242
ssp370,1.002528646526808
ssp585,1.0010666249886941
