Key,Value
historical,1.008715473983552
ssp126,1.001352871787065
ssp370,0.9992525450330464
ssp585,0.999275973091842
