Key,Value
historical,0.9754710752546748
ssp126,0.9558008818817261
ssp370,0.9489666439733675
ssp585,0.9456988421393094
