Key,Value
historical,1.0517992119705153
ssp126,1.0495819944502276
ssp370,1.043157445886303
ssp585,1.0472164450536745
