Key,Value
historical,1.0000000000000002
ssp126,0.986364563858137
ssp370,0.9824563080986054
ssp585,0.9776108996341727
