Key,Value
historical,1.0431928379113653
ssp126,1.0425995887503139
ssp370,1.0424401678759525
ssp585,1.0364684089490248
