Key,Value
historical,1.0113850784785428
ssp126,0.9909689379370739
ssp370,0.989819738241229
ssp585,0.9790795736776721
