Key,Value
historical,1.050874821712742
ssp126,1.029288012456011
ssp370,1.0481098476994961
ssp585,1.044736800535499
