Key,Value
historical,0.9530437863992142
ssp126,0.8830280186518854
ssp370,0.9026655603222089
ssp585,0.923583498821233
