Key,Value
historical,1.0006964247323784
ssp126,0.9892510880064332
ssp370,0.9765029565791545
ssp585,0.9763722143630952
