Key,Value
historical,0.9919173209292355
ssp126,0.98244587970501
ssp370,0.9818533407076897
ssp585,0.9776305415984262
