Key,Value
historical,0.9676361732665124
ssp126,0.9553838941142052
ssp370,0.9495270789949475
ssp585,0.9485540967999126
