Key,Value
historical,0.954721082250052
ssp126,0.9340277989151318
ssp370,0.9325939861277491
ssp585,0.9314606187046183
