Key,Value
historical,0.9999999999999999
ssp126,0.9906274963013324
ssp370,0.9911888685636943
ssp585,0.9899653010689176
