Key,Value
historical,1.0011036966682176
ssp126,0.991634366800874
ssp370,0.9846375336845309
ssp585,0.9863175379635616
