Key,Value
historical,1.0001551178638897
ssp126,0.9832778325189907
ssp370,0.9805454159642295
ssp585,0.9759863348038474
