Key,Value
historical,0.9904211138804803
ssp126,0.97473595839944
ssp370,0.9718773505284443
ssp585,0.9730606175009376
