Key,Value
historical,1.0111720243548286
ssp126,1.0051102129397695
ssp370,1.0072946483601668
ssp585,1.004938211693306
