Key,Value
historical,1.0000000000000002
ssp126,0.9884709141527592
ssp370,0.9837914276828638
ssp585,0.9799252223937192
