Key,Value
historical,0.9506341679133449
ssp126,0.9464772537838891
ssp370,0.9402323836836325
ssp585,0.935118643445317
