Key,Value
historical,0.9979551558237629
ssp126,0.9899864721163086
ssp370,0.9900422620912526
ssp585,0.9864067918372522
