Key,Value
historical,1.0008687241657899
ssp126,0.9882673999391423
ssp370,0.9848055829875755
ssp585,0.9775793130893359
