Key,Value
historical,0.9533199842175437
ssp126,0.933470050546696
ssp370,0.9201540322096176
ssp585,0.9243122878485222
