Key,Value
historical,1.0539923677499319
ssp126,1.0416117799277005
ssp370,1.0309200133657868
ssp585,1.0243466850971517
