Key,Value
historical,0.9999423516174493
ssp126,0.9960209020362942
ssp370,0.9921209228267936
ssp585,0.9897953363722973
