Key,Value
historical,0.9927697404570056
ssp126,0.9814903409745065
ssp370,0.9768786063370536
ssp585,0.9791146528812332
