Key,Value
historical,1.0000000000000002
ssp126,0.9860658393777623
ssp370,0.9827464958943608
ssp585,0.97425389007291
