Key,Value
historical,0.9997583499397045
ssp126,0.993690996422397
ssp370,0.9921387975047447
ssp585,0.9924271713250318
