Key,Value
historical,0.9388690022527466
ssp126,0.9351679139106474
ssp370,0.9297639145511827
ssp585,0.9325118696797138
