Key,Value
historical,0.9571903859379055
ssp126,0.9439778693795297
ssp370,0.9375096030531075
ssp585,0.9396611181301596
