Key,Value
historical,1.0107180050598161
ssp126,0.9934714858719241
ssp370,0.9891953422051274
ssp585,0.97903349225937
