Key,Value
historical,1.0000000000000002
ssp126,0.987125445141918
ssp370,0.9817866959509922
ssp585,0.9791080911592672
