Key,Value
historical,1.0082867279390453
ssp126,0.9889914886906097
ssp370,0.9819945098844226
ssp585,0.9783143942916865
