Key,Value
historical,0.9918932651083192
ssp126,0.9884001060228427
ssp370,0.9811602181914956
ssp585,0.9779738280227038
