Key,Value
historical,1.0424664374443302
ssp126,1.0316975706691445
ssp370,1.0333044125658075
ssp585,1.0346159142244504
