Key,Value
historical,1.0398619261835398
ssp126,1.033058676038174
ssp370,1.0324206864319505
ssp585,1.0430936024283777
