Key,Value
historical,0.9999025011114991
ssp126,0.9928788867647008
ssp370,0.9890832227178223
ssp585,0.9862411940207243
