Key,Value
historical,1.00106113684355
ssp126,0.9818581472633409
ssp370,0.9735282378980364
ssp585,0.9693847597936824
