Key,Value
historical,1.0070318962692473
ssp126,0.9997276174530213
ssp370,0.9979733599204671
ssp585,0.9994923235530967
