Key,Value
historical,1.0000000000000002
ssp126,0.9782917459995295
ssp370,0.9748862988614408
ssp585,0.9654012746983991
