Key,Value
historical,1.044404216069198
ssp126,1.0343876461552892
ssp370,1.0472491588756758
ssp585,1.0454470847982265
