Key,Value
historical,0.9905870270469384
ssp126,0.9858180186701263
ssp370,0.9838098548499563
ssp585,0.9804946829009498
