Key,Value
historical,0.9572570446035378
ssp126,0.9496453716103147
ssp370,0.9476669057255693
ssp585,0.950350265617619
