Key,Value
historical,1.0299496234982652
ssp126,1.0248751752163126
ssp370,1.0255230352745126
ssp585,1.0241400726793704
