Key,Value
historical,0.9903632980598673
ssp126,0.9750569392692431
ssp370,0.9768375689855904
ssp585,0.9726968915083115
