Key,Value
historical,1.0084973833901294
ssp126,1.0007159390644855
ssp370,1.0005264423157112
ssp585,0.9980092320529846
