Key,Value
historical,0.9660556458677354
ssp126,0.9472289201978759
ssp370,0.9417283421901689
ssp585,0.9389322954396426
