Key,Value
historical,0.9918585032501406
ssp126,0.9770073462506473
ssp370,0.9718067508889598
ssp585,0.9703712674418031
