Key,Value
historical,1.0070768044386809
ssp126,0.9974310880160864
ssp370,0.9962178485871522
ssp585,0.9960354354163065
