Key,Value
historical,0.948042579337709
ssp126,0.937875345381155
ssp370,0.9348970108950351
ssp585,0.9426605904422137
