Key,Value
historical,0.9629874096369171
ssp126,0.9558360342474581
ssp370,0.9445005145898051
ssp585,0.9521928117671183
