Key,Value
historical,1.000508803664957
ssp126,0.9938650894770149
ssp370,0.9931748766587194
ssp585,0.9877110007272624
