Key,Value
historical,1.0021591918340036
ssp126,0.9878832831900346
ssp370,0.9783696762833501
ssp585,0.9737775316877733
