Key,Value
historical,0.9999348787652705
ssp126,0.9924113040189552
ssp370,0.9927493188708066
ssp585,0.9909009585998727
