Key,Value
historical,1.0077075962276671
ssp126,0.9974301832301096
ssp370,0.9995409189803321
ssp585,0.9978409973897319
