Key,Value
historical,1.0000000000000002
ssp126,0.9906669204118652
ssp370,0.9885544317642742
ssp585,0.9864177884705756
