Key,Value
historical,1.009179826662952
ssp126,0.994988738607943
ssp370,0.9943577946213298
ssp585,0.9993195553448746
