Key,Value
historical,0.972569452400969
ssp126,0.9651559420328695
ssp370,0.961633960390988
ssp585,0.9602218510405729
