Key,Value
historical,0.9999999999999999
ssp126,0.9946765910841648
ssp370,0.9904473541534698
ssp585,0.9919534493850576
