Key,Value
historical,0.9918580122875352
ssp126,0.9798337698707685
ssp370,0.9708440671299272
ssp585,0.9755502378389951
