Key,Value
historical,1.0388741959409487
ssp126,1.0356372528873168
ssp370,1.0334052608735091
ssp585,1.0318500441187686
