Key,Value
historical,1.0002238575450457
ssp126,0.9948719957334453
ssp370,0.9971178308294358
ssp585,0.993048929635639
