Key,Value
historical,0.9932304613317037
ssp126,0.9876327324872278
ssp370,0.9812023620967348
ssp585,0.9803855408863464
