Key,Value
historical,1.0009592569705426
ssp126,0.9932595685494934
ssp370,0.9881078769607622
ssp585,0.9864570382281502
