Key,Value
historical,1.0000000000000002
ssp126,0.9816541757078805
ssp370,0.9816928087232555
ssp585,0.9756416409302417
