Key,Value
historical,1.0006702205181766
ssp126,0.994855119068992
ssp370,0.9906288492838718
ssp585,0.9907700017221038
