Key,Value
historical,1.037060750748912
ssp126,1.032026958767891
ssp370,1.028838161149252
ssp585,1.0259850099469365
