Key,Value
historical,1.0094610137427862
ssp126,0.9974698797506982
ssp370,0.9864033129581229
ssp585,0.9879646060121853
