Key,Value
historical,0.9997104876541261
ssp126,0.98714828474952
ssp370,0.9821704477022588
ssp585,0.980914090421659
