Key,Value
historical,0.9539301925031964
ssp126,0.937230191708418
ssp370,0.9340492126909025
ssp585,0.9351554826136368
