Key,Value
historical,1.03063944908418
ssp126,1.0119528491235794
ssp370,1.013210949371094
ssp585,1.0174035994862787
