Key,Value
historical,0.9901405512687768
ssp126,0.9772626184167466
ssp370,0.9760842220359794
ssp585,0.9706936222202909
