Key,Value
historical,1.0000000000000002
ssp126,0.983585161807874
ssp370,0.9811004573943705
ssp585,0.977983210991593
