Key,Value
historical,0.9702804909633417
ssp126,0.9592799743044557
ssp370,0.9558157450464075
ssp585,0.9537127232870651
