Key,Value
historical,0.9998810726008992
ssp126,0.9895163945907008
ssp370,0.9838588863494564
ssp585,0.9884393635349318
