Key,Value
historical,1.0390241687626887
ssp126,1.0137419356246453
ssp370,1.0177248364681128
ssp585,1.0091470040094734
