Key,Value
historical,0.9465690633049374
ssp126,0.9459669329125376
ssp370,0.9391949114434303
ssp585,0.9312448912332398
