Key,Value
historical,0.9635973547749143
ssp126,0.9512096329308375
ssp370,0.9502282077863609
ssp585,0.9532862828620665
