Key,Value
historical,0.9783928365146543
ssp126,0.9741793491195332
ssp370,0.9706450264159633
ssp585,0.9731685030397818
