Key,Value
historical,1.0005975057887677
ssp126,0.9909470146208185
ssp370,0.9872236227433939
ssp585,0.9823015013204088
