Key,Value
historical,0.9999999999999999
ssp126,0.9889908308638821
ssp370,0.9861747405664303
ssp585,0.983103108892602
