Key,Value
historical,1.0000000000000002
ssp126,0.9855552069472121
ssp370,0.9725944507697131
ssp585,0.9744942454643281
