Key,Value
historical,1.041081962068526
ssp126,1.0439428024715014
ssp370,1.0403621031013157
ssp585,1.0426867658529924
