Key,Value
historical,0.9906953641467937
ssp126,0.9776732028661335
ssp370,0.9585702576960322
ssp585,0.9612438969134063
