Key,Value
historical,0.9421087126844824
ssp126,0.9278958339396988
ssp370,0.9203427791744612
ssp585,0.920255816523888
