Key,Value
historical,0.9440356046457945
ssp126,0.9361172359948212
ssp370,0.9359765159958822
ssp585,0.9304159433598749
