Key,Value
historical,1.0000000000000002
ssp126,0.9824496893516634
ssp370,0.9765488264426868
ssp585,0.9686784684505433
