Key,Value
historical,0.9723336592121943
ssp126,0.9546806150456396
ssp370,0.9515194679620581
ssp585,0.9480857201612074
