Key,Value
historical,1.0481215917364561
ssp126,1.0469264411712462
ssp370,1.0397068045225486
ssp585,1.031757912407501
