Key,Value
historical,1.0091816652693417
ssp126,1.0026624789616785
ssp370,0.999027277933714
ssp585,1.0007931124558345
