Key,Value
historical,0.9929764402880382
ssp126,0.9652103160479324
ssp370,0.9666350062279014
ssp585,0.9508142903247457
