Key,Value
historical,0.9874619636219576
ssp126,0.9678675755974361
ssp370,0.9586084495654263
ssp585,0.9503114880595861
