Key,Value
historical,1.0000000000000002
ssp126,0.9948277878551669
ssp370,0.9907032166329971
ssp585,0.9870127130626584
