Key,Value
historical,1.001217783654874
ssp126,0.9955328464384066
ssp370,0.9936713149703937
ssp585,0.9939429983296738
