Key,Value
historical,0.9720358178078427
ssp126,0.9588893701923057
ssp370,0.9552813468897726
ssp585,0.9546353688314599
