Key,Value
historical,0.9711694459225569
ssp126,0.9544926205400204
ssp370,0.9472224597166978
ssp585,0.9329276446952928
