Key,Value
historical,1.0000000000000002
ssp126,0.984398827486513
ssp370,0.9800213722649485
ssp585,0.9800923249475743
