Key,Value
historical,1.001030517247971
ssp126,0.987621304191174
ssp370,0.9778463839128082
ssp585,0.9743181970720731
