Key,Value
historical,0.9602979637789999
ssp126,0.9477275407699264
ssp370,0.946493171215191
ssp585,0.9444458748879324
