Key,Value
historical,0.9935782634306654
ssp126,0.9864120374606495
ssp370,0.984062136021123
ssp585,0.9839458732436231
