Key,Value
historical,0.9945782233864473
ssp126,0.980670464797126
ssp370,0.9809079677863757
ssp585,0.9756808583981479
