Key,Value
historical,0.9937006662140009
ssp126,0.9804358595883327
ssp370,0.977306215161158
ssp585,0.9787208882252069
