Key,Value
historical,0.9979636550788816
ssp126,0.9801630013231561
ssp370,0.9779880229773138
ssp585,0.9732718705330314
