Key,Value
historical,1.0000000000000002
ssp126,0.984655078825361
ssp370,0.9840539553794445
ssp585,0.9872061509221522
