Key,Value
historical,0.9497563523143107
ssp126,0.9353017589486414
ssp370,0.9251529398114868
ssp585,0.9411237812853921
