Key,Value
historical,0.9981578248933821
ssp126,0.9862297551539975
ssp370,0.9738117579890112
ssp585,0.974155123246543
