Key,Value
historical,0.9540076330288076
ssp126,0.9370197357289469
ssp370,0.9404566627612997
ssp585,0.9375752999422585
