Key,Value
historical,0.9718837842041019
ssp126,0.9635461195165158
ssp370,0.9593939571899774
ssp585,0.957306085081157
