Key,Value
historical,1.0000000000000002
ssp126,0.9867636389133768
ssp370,0.9738351683938978
ssp585,0.9745380665821581
