Key,Value
historical,0.971807259276984
ssp126,0.9620382394005637
ssp370,0.9602264725874011
ssp585,0.9640263258959572
