Key,Value
historical,0.9999999999999999
ssp126,0.9896470223052469
ssp370,0.9811873406060407
ssp585,0.9848745624083497
