Key,Value
historical,0.9929573107263583
ssp126,0.9795283222860628
ssp370,0.9754184277732281
ssp585,0.9791441019226613
