Key,Value
historical,1.0000000000000002
ssp126,0.9766718439505522
ssp370,0.9777977745197481
ssp585,0.9756479206555642
