Key,Value
historical,0.9944783441558463
ssp126,0.982789407935094
ssp370,0.9760211675783138
ssp585,0.9818507894802565
