Key,Value
historical,0.9993856502402156
ssp126,0.9945084974728844
ssp370,0.9913812065013098
ssp585,0.9919835660187478
