Key,Value
historical,0.992236790509298
ssp126,0.9846991424710042
ssp370,0.9829528070533852
ssp585,0.9809542846117574
