Key,Value
historical,0.9903886231703516
ssp126,0.9722246230451249
ssp370,0.9629644499067606
ssp585,0.9578060716315429
