Key,Value
historical,1.0000000000000002
ssp126,0.9809390598589224
ssp370,0.9768359135701775
ssp585,0.9720755799239551
