Key,Value
historical,1.0085221591554598
ssp126,1.0010938639407627
ssp370,1.002879762919065
ssp585,0.9984033621107289
