Key,Value
historical,0.9996022104118331
ssp126,0.996316770313588
ssp370,0.9939683219470574
ssp585,0.9928049967578974
