Key,Value
historical,0.9677793961670423
ssp126,0.9639957899934988
ssp370,0.9550891566101234
ssp585,0.9557720383433144
