Key,Value
historical,1.0390478517754924
ssp126,1.0192130205147019
ssp370,1.0236507112197721
ssp585,1.0226719024277786
