Key,Value
historical,0.9890923716998486
ssp126,0.9849685705728877
ssp370,0.9827657863284173
ssp585,0.9784538638326327
