Key,Value
historical,0.9999999999999999
ssp126,0.993567215343452
ssp370,0.991494773041056
ssp585,0.9916209486185816
