Key,Value
historical,0.9713883698210657
ssp126,0.9540833002951288
ssp370,0.9516430880097041
ssp585,0.9489461811665074
