Key,Value
historical,1.0112539162062157
ssp126,0.9877235451561975
ssp370,0.9884756451082726
ssp585,0.976620372383947
