Key,Value
historical,1.0071126305555633
ssp126,0.9956435214486877
ssp370,0.9874447969467776
ssp585,0.9847128171597187
