Key,Value
historical,0.9927722836119834
ssp126,0.9817632273334557
ssp370,0.9824343473312782
ssp585,0.976442073918548
