Key,Value
historical,1.04999648020615
ssp126,1.0464514989210394
ssp370,1.0406677693962358
ssp585,1.0333747067851706
