Key,Value
historical,0.9979573398517904
ssp126,0.9834233898928852
ssp370,0.9806766862181917
ssp585,0.9791329774806622
