Key,Value
historical,0.994001960595559
ssp126,0.9614616952009308
ssp370,0.9488241788554395
ssp585,0.9469415166946193
