Key,Value
historical,1.038026110561737
ssp126,1.0326092969604346
ssp370,1.029265053563627
ssp585,1.038348753586151
