Key,Value
historical,0.9920321113571532
ssp126,0.9887130219199908
ssp370,0.987397733669627
ssp585,0.9851341575271673
