Key,Value
historical,1.0003590879167317
ssp126,0.9882172236820734
ssp370,0.9855246018018142
ssp585,0.9803509473738079
