Key,Value
historical,1.008483984582465
ssp126,0.9953996584110137
ssp370,0.9897583001453509
ssp585,0.9815609174431518
