Key,Value
historical,0.9598706159287864
ssp126,0.947300665096425
ssp370,0.9504882565892456
ssp585,0.9428005760421457
