Key,Value
historical,1.0091118562969792
ssp126,0.9995877405376833
ssp370,0.998853324846142
ssp585,1.004148172059611
