Key,Value
historical,1.0083773133669007
ssp126,1.0012175329746447
ssp370,0.9987291828519989
ssp585,1.0007763955751954
