Key,Value
historical,1.057587512177157
ssp126,1.045667037531044
ssp370,1.046301437839229
ssp585,1.050154286048967
