Key,Value
historical,1.0000000000000002
ssp126,0.9916335460518112
ssp370,0.9901918635023975
ssp585,0.9923472756361533
