Key,Value
historical,0.9995799493905261
ssp126,0.9902253805289782
ssp370,0.9882783516229844
ssp585,0.9857350248153214
