Key,Value
historical,0.9507628502280534
ssp126,0.9475609160288841
ssp370,0.9466298481334645
ssp585,0.9414014103307333
