Key,Value
historical,0.9693544393578143
ssp126,0.9499483700482422
ssp370,0.9496691622810917
ssp585,0.9438995546293263
