Key,Value
historical,0.9537380306917159
ssp126,0.9333710596649214
ssp370,0.9298144500745603
ssp585,0.9330353221587474
