Key,Value
historical,0.9999713241479142
ssp126,0.9892337245923332
ssp370,0.9820153682295665
ssp585,0.9774916195628418
