Key,Value
historical,0.9517848022289958
ssp126,0.9382323427813491
ssp370,0.9362614449920404
ssp585,0.9385054862784106
