Key,Value
historical,1.0000000000000002
ssp126,0.9953981746272124
ssp370,0.9902557262507842
ssp585,0.9857696734341942
