Key,Value
historical,0.9996981009031481
ssp126,0.9876619388492366
ssp370,0.9831626006384262
ssp585,0.9821900258472509
