Key,Value
historical,1.0010905334611324
ssp126,0.9931748495056291
ssp370,0.9922082087909709
ssp585,0.9942329951012434
