Key,Value
historical,0.9598978157936735
ssp126,0.9416340858635441
ssp370,0.9391079952729032
ssp585,0.941573801884171
