Key,Value
historical,1.0076334810674787
ssp126,0.9985086970367912
ssp370,0.9941781735358012
ssp585,0.9981537944629798
