Key,Value
historical,1.0092640908499884
ssp126,1.0006495039174923
ssp370,1.0012107166589348
ssp585,0.9965816685789317
