Key,Value
historical,1.0000000000000002
ssp126,0.9846983339776234
ssp370,0.977062003530155
ssp585,0.9718802458195143
