Key,Value
historical,0.966732146206604
ssp126,0.9562066006545829
ssp370,0.9551207228590576
ssp585,0.9542152616406249
