Key,Value
historical,1.040990893658794
ssp126,1.0403239747570947
ssp370,1.0328977481012354
ssp585,1.0315790965416698
