Key,Value
historical,1.039551758412163
ssp126,1.0286804720851606
ssp370,1.0303938893612752
ssp585,1.0317451169451433
