Key,Value
historical,0.9520767250651957
ssp126,0.9448329835263565
ssp370,0.9378961785337393
ssp585,0.9417749000594279
