Key,Value
historical,1.0013068054745966
ssp126,0.9912129350919973
ssp370,0.988278014473316
ssp585,0.9886234911065449
