Key,Value
historical,1.0073537181717174
ssp126,0.9941092476441911
ssp370,0.9982230221128897
ssp585,0.9900591561226195
