Key,Value
historical,1.0080974097719022
ssp126,0.9996541837656858
ssp370,0.9959923549914315
ssp585,0.9967177732671952
