Key,Value
historical,1.000144400029213
ssp126,1.002774259610965
ssp370,1.0005157567053569
ssp585,1.0042497669351527
