Key,Value
historical,1.0004765874416555
ssp126,0.9903359628379106
ssp370,0.9903924587275769
ssp585,0.9877772657104207
