Key,Value
historical,0.9919173209292355
ssp126,0.9816798572192269
ssp370,0.9842486869330745
ssp585,0.9859780993267783
