Key,Value
historical,0.9616102318253666
ssp126,0.9509859449276092
ssp370,0.9484380152705332
ssp585,0.9456505758799642
