Key,Value
historical,0.9999999999999999
ssp126,0.9895286692287986
ssp370,0.9917876090779452
ssp585,0.9893153015577923
