Key,Value
historical,0.9619430811089447
ssp126,0.9443708927006733
ssp370,0.9285388110209369
ssp585,0.9316473624446933
