Key,Value
historical,1.0008687241657899
ssp126,0.9965179691736087
ssp370,0.9933497230900382
ssp585,0.9889681381876467
