Key,Value
historical,0.967768074213559
ssp126,0.9518220741562158
ssp370,0.9496216850454582
ssp585,0.9481231770155228
