Key,Value
historical,1.0089400376089366
ssp126,1.0004786939596657
ssp370,0.9998681649646974
ssp585,0.9976716871570958
