Key,Value
historical,0.9734877837657481
ssp126,0.9608980586861462
ssp370,0.962411391597637
ssp585,0.9542798508712118
