Key,Value
historical,0.9898015025585034
ssp126,0.9792460938182298
ssp370,0.9766365304278855
ssp585,0.9743845150881055
