Key,Value
historical,0.9999999999999999
ssp126,0.9939810076794292
ssp370,0.9935591852472905
ssp585,0.9915505267076151
