Key,Value
historical,0.9674153371758972
ssp126,0.9565931646806144
ssp370,0.9507562359679281
ssp585,0.9485180736968162
