Key,Value
historical,0.9539301925031964
ssp126,0.9403913227633348
ssp370,0.9389781504096858
ssp585,0.9423416850359935
