Key,Value
historical,0.9933445172092527
ssp126,0.9764404814763018
ssp370,0.958951697620342
ssp585,0.9594677544347238
