Key,Value
historical,0.993864399193676
ssp126,0.9893158821502763
ssp370,0.9872681059036208
ssp585,0.9821534046633322
