Key,Value
historical,1.0079884487286905
ssp126,1.0031878829637677
ssp370,1.0024613101158488
ssp585,0.9967202572452324
