Key,Value
historical,1.001368367442518
ssp126,0.9930479196157858
ssp370,0.9913749752920119
ssp585,0.9916690822508138
