Key,Value
historical,0.947863122591489
ssp126,0.9449068011569351
ssp370,0.9362648221423585
ssp585,0.9322799951698221
