Key,Value
historical,0.9999999999999999
ssp126,0.9929087585932098
ssp370,0.9916580390630255
ssp585,0.9900609278138289
