Key,Value
historical,1.000600430477887
ssp126,0.9959156869080276
ssp370,0.9932683850619869
ssp585,0.991011530955948
