Key,Value
historical,1.0000000000000002
ssp126,0.989765750661444
ssp370,0.9840564624280037
ssp585,0.9854970571630883
