Key,Value
historical,0.9596467651659578
ssp126,0.9484509085603351
ssp370,0.941835643478188
ssp585,0.9407944276248897
