Key,Value
historical,0.9951057024345868
ssp126,0.9805559496053882
ssp370,0.975071573599371
ssp585,0.9695920482503133
