Key,Value
historical,0.9911504785840392
ssp126,0.9784855854575147
ssp370,0.9568001012849264
ssp585,0.9599193484947106
