Key,Value
historical,0.9582333352206556
ssp126,0.9489229278576459
ssp370,0.9471890693369758
ssp585,0.9457766057939244
