Key,Value
historical,1.0402539854801014
ssp126,1.0337272345067272
ssp370,1.0395219065365462
ssp585,1.0348157985255133
