Key,Value
historical,1.0080990079286811
ssp126,1.007366465363067
ssp370,1.007335834575713
ssp585,1.0075239808239238
