Key,Value
historical,1.0368490109341062
ssp126,1.0304902438769206
ssp370,1.021760870895521
ssp585,1.0253554897783346
