Key,Value
historical,0.989924094081602
ssp126,0.9803546552130368
ssp370,0.9794532170515821
ssp585,0.9739431658997217
