Key,Value
historical,1.0100740051825752
ssp126,1.002756233309078
ssp370,0.9998598172431129
ssp585,0.9965510603074181
