Key,Value
historical,0.9616102318253666
ssp126,0.9543411596040344
ssp370,0.9525382430553004
ssp585,0.9477981505467141
