Key,Value
historical,0.9549695184806678
ssp126,0.9431026417167572
ssp370,0.9358089992666418
ssp585,0.9339370412972758
