Key,Value
historical,0.9526307656944717
ssp126,0.9359177888687237
ssp370,0.9405918258266697
ssp585,0.9335110267878267
