Key,Value
historical,0.9943138276419651
ssp126,0.9696085851206758
ssp370,0.9642925760846792
ssp585,0.95446774842246
