Key,Value
historical,1.006468186776247
ssp126,1.0016355750842056
ssp370,0.9993761254713815
ssp585,0.9991977585067526
