Key,Value
historical,1.0003572654687043
ssp126,0.9915115453160073
ssp370,0.9875787027605616
ssp585,0.9892337923027021
