Key,Value
historical,1.0005450242048428
ssp126,0.9944952092114792
ssp370,0.995690038638055
ssp585,0.9914184760283489
