Key,Value
historical,0.9443987348999748
ssp126,0.9310460795046128
ssp370,0.9185887629396039
ssp585,0.9228015103071512
