Key,Value
historical,0.9928150534373472
ssp126,0.9690641372566936
ssp370,0.965614404535703
ssp585,0.958928565155252
