Key,Value
historical,0.9627440296994287
ssp126,0.9472993114480076
ssp370,0.9459715012891935
ssp585,0.9413394938429412
