Key,Value
historical,1.0056002618472244
ssp126,0.9929726138870082
ssp370,0.9900080141699635
ssp585,0.9888181954642902
