Key,Value
historical,0.9609862485905228
ssp126,0.947341300621293
ssp370,0.942748626968969
ssp585,0.9420744611708904
