Key,Value
historical,0.9909187312222818
ssp126,0.9839345447970819
ssp370,0.9748440114168002
ssp585,0.9752555560100238
