Key,Value
historical,0.9902669473681438
ssp126,0.9843730987320355
ssp370,0.9773350653039938
ssp585,0.9783459143932856
