Key,Value
historical,0.9949985733094336
ssp126,0.9800831960861174
ssp370,0.9765655555743483
ssp585,0.9792772080540615
