Key,Value
historical,0.9617564452786908
ssp126,0.9575491799323956
ssp370,0.9536537868332408
ssp585,0.9495852012959158
