Key,Value
historical,0.9999999999999999
ssp126,0.9954157939850952
ssp370,0.9940192943153223
ssp585,0.9905023201757209
