Key,Value
historical,1.0474171232910727
ssp126,1.0456394804141547
ssp370,1.044013442649773
ssp585,1.044548152219326
