Key,Value
historical,1.0099515187144354
ssp126,0.9963117140951141
ssp370,0.9849364984053426
ssp585,0.9865230424468933
