Key,Value
historical,0.9999999999999999
ssp126,0.9915987005729795
ssp370,0.9906071844293387
ssp585,0.9837961214948685
