Key,Value
historical,0.9999999999999999
ssp126,0.9953360376185831
ssp370,0.9918718024628137
ssp585,0.9878630710058769
