Key,Value
historical,0.9706255513004401
ssp126,0.9606908420061083
ssp370,0.9589578089657925
ssp585,0.9627228959581058
