Key,Value
historical,1.0076764639786069
ssp126,0.9979619356035804
ssp370,0.9943510488095388
ssp585,0.9957295796822042
