Key,Value
historical,0.9998864071836937
ssp126,0.9921817256503394
ssp370,0.9906035905414441
ssp585,0.9917871368905629
