Key,Value
historical,1.0111720243548286
ssp126,0.9957821997918799
ssp370,0.9959307204349213
ssp585,0.992388488233341
