Key,Value
historical,1.008118668532136
ssp126,0.9967519011409163
ssp370,0.996056527027815
ssp585,0.9902358638441341
