Key,Value
historical,1.0097440084577058
ssp126,1.0062169485281025
ssp370,1.00210538566128
ssp585,1.0020250460743332
