Key,Value
historical,1.0089656610632556
ssp126,1.000688914359959
ssp370,0.9916286004696205
ssp585,0.9929805638299536
