Key,Value
historical,1.0088884635252975
ssp126,0.9967206273079431
ssp370,0.9989546043487272
ssp585,0.9968630957092331
