Key,Value
historical,1.0082026214252047
ssp126,1.0015923946355185
ssp370,0.9942788386246256
ssp585,0.9917554943351725
