Key,Value
historical,0.9946685954694449
ssp126,0.9796584119328727
ssp370,0.9823935340116992
ssp585,0.9847951786576252
