Key,Value
historical,1.0097944004294346
ssp126,1.005034666494737
ssp370,1.0049029233613316
ssp585,1.003463429212648
