Key,Value
historical,0.9920921570259134
ssp126,0.9789788483027173
ssp370,0.9759800597792009
ssp585,0.9801931858149828
