Key,Value
historical,1.0317311270665537
ssp126,1.020449772358644
ssp370,1.0251320448188446
ssp585,1.0227541880283793
