Key,Value
historical,0.9898620886245478
ssp126,0.9815488362676738
ssp370,0.9792958941168722
ssp585,0.9798492439017455
