Key,Value
historical,0.9999999999999999
ssp126,0.9907298590600777
ssp370,0.9868188376383557
ssp585,0.9882739836467321
