Key,Value
historical,0.9707755458528484
ssp126,0.9620544632365243
ssp370,0.9643164149297905
ssp585,0.9659382025561563
