Key,Value
historical,1.0333732585153341
ssp126,1.0205829030046185
ssp370,1.0278097149391652
ssp585,1.0326742875206063
