Key,Value
historical,1.0006770965873668
ssp126,0.9960214049083349
ssp370,0.9953812205435082
ssp585,0.9921516235816615
