Key,Value
historical,0.9545300727321585
ssp126,0.9522482613097646
ssp370,0.9483646246697945
ssp585,0.9544802971362973
