Key,Value
historical,0.9469340992742356
ssp126,0.935728994216694
ssp370,0.9334876936069944
ssp585,0.9389922636097697
