Key,Value
historical,0.9756501028444604
ssp126,0.9624788717432781
ssp370,0.9567783958593359
ssp585,0.9589178604539581
