Key,Value
historical,0.9943028590517808
ssp126,0.988401539047752
ssp370,0.9871925989393182
ssp585,0.9895488190397005
