Key,Value
historical,0.994188060739464
ssp126,0.976692627941366
ssp370,0.9750275792383276
ssp585,0.9764718946720143
