Key,Value
historical,0.9462595627527408
ssp126,0.9337160046293943
ssp370,0.9293133462678128
ssp585,0.928420878369782
