Key,Value
historical,0.994001960595559
ssp126,0.977293088571442
ssp370,0.9713669010508189
ssp585,0.9703870184829386
