Key,Value
historical,0.9993149455447679
ssp126,0.9793839794833182
ssp370,0.977099315392926
ssp585,0.9657137831554585
