Key,Value
historical,1.0002477433460895
ssp126,0.9804811815812575
ssp370,0.9710335663660344
ssp585,0.9704023591785914
