Key,Value
historical,1.043889992392081
ssp126,1.0377616728228791
ssp370,1.0540030820114474
ssp585,1.0395081616216142
