Key,Value
historical,0.9999999999999999
ssp126,0.9945926847428087
ssp370,0.9909737862234653
ssp585,0.9880350211110022
