Key,Value
historical,0.9999999999999999
ssp126,0.9883589087238778
ssp370,0.9875211063533297
ssp585,0.987747588886585
