Key,Value
historical,1.0021597542811211
ssp126,0.9838102978081549
ssp370,0.9793868511652161
ssp585,0.972018634122706
