Key,Value
historical,1.0000000000000002
ssp126,0.9954672575101619
ssp370,0.9917852448627398
ssp585,0.9870521308207313
