Key,Value
historical,0.9705820917091791
ssp126,0.9594219025912029
ssp370,0.9599937088803308
ssp585,0.9526799301956941
