Key,Value
historical,1.0058822068288449
ssp126,0.9975974747424933
ssp370,0.9966372012274032
ssp585,0.995296914723344
