Key,Value
historical,0.9629874096369171
ssp126,0.9540599833329569
ssp370,0.9523878942334972
ssp585,0.9550861576648809
