Key,Value
historical,0.9515248628906087
ssp126,0.9392527368797811
ssp370,0.9339872231861183
ssp585,0.9300465926698023
