Key,Value
historical,0.9609019532565605
ssp126,0.946523901521242
ssp370,0.9511193906289668
ssp585,0.9487284798886544
