Key,Value
historical,1.007727407573167
ssp126,0.9966555274429675
ssp370,0.9965252289170913
ssp585,0.9957027570706216
