Key,Value
historical,0.9898008622528178
ssp126,0.9758957817755236
ssp370,0.9654000640220795
ssp585,0.959963957636132
