Key,Value
historical,0.9941620358550205
ssp126,0.9759817510399351
ssp370,0.9466631549873115
ssp585,0.9486216067245686
