Key,Value
historical,1.0429721630060713
ssp126,1.02799724357734
ssp370,1.0374398596756238
ssp585,1.0283015231805088
