Key,Value
historical,1.0340415882089606
ssp126,1.02719103866931
ssp370,1.0263707045766415
ssp585,1.0266880623077976
