Key,Value
historical,0.9938382633534852
ssp126,0.9862779088393451
ssp370,0.9829551556425886
ssp585,0.9800554738119241
