Key,Value
historical,0.9385816389457337
ssp126,0.9307773771042888
ssp370,0.9224507667672015
ssp585,0.9238914130722105
