Key,Value
historical,0.961076798826357
ssp126,0.9523157051753796
ssp370,0.9459192518891717
ssp585,0.9467963890669201
