Key,Value
historical,1.0090249985105164
ssp126,1.0044309978748363
ssp370,1.0037615053017714
ssp585,1.0042406808945126
