Key,Value
historical,1.0408683193857775
ssp126,1.0369689715484007
ssp370,1.0323704317469127
ssp585,1.0401021503765753
