Key,Value
historical,0.9628553860696774
ssp126,0.9446091030929565
ssp370,0.9445567541619991
ssp585,0.9429791635318665
