Key,Value
historical,0.9625120405742248
ssp126,0.9454098098170763
ssp370,0.939447028259582
ssp585,0.9388723520243448
