Key,Value
historical,0.9946436503616479
ssp126,0.9670422828409372
ssp370,0.9545115596137691
ssp585,0.9476581084549948
