Key,Value
historical,0.9573849923944266
ssp126,0.9429651220623323
ssp370,0.9434020081670724
ssp585,0.9401553273976432
