Key,Value
historical,0.9940666184827446
ssp126,0.9870703791580094
ssp370,0.9842004148039816
ssp585,0.9839175128268678
