Key,Value
historical,0.9978271623011363
ssp126,0.9805860564148975
ssp370,0.975569281670665
ssp585,0.975414894849447
