Key,Value
historical,1.0000000000000002
ssp126,0.9845485921708268
ssp370,0.982480376354715
ssp585,0.9778730672889541
