Key,Value
historical,0.9988124336685253
ssp126,0.9784052279095456
ssp370,0.9812451784424407
ssp585,0.9823311256003597
