Key,Value
historical,0.9560376357475955
ssp126,0.9477052273514897
ssp370,0.940960385993081
ssp585,0.9395326553130331
