Key,Value
historical,1.0077292485045943
ssp126,0.9998782343192126
ssp370,0.9980817135919956
ssp585,1.0009990947136422
