Key,Value
historical,1.0383358650950612
ssp126,1.0364863650757117
ssp370,1.027044999384946
ssp585,1.0259356062417557
