Key,Value
historical,0.9588469288831576
ssp126,0.9263927672328773
ssp370,0.9166586465636349
ssp585,0.9169585293832067
