Key,Value
historical,1.040670141120435
ssp126,1.0217999301151912
ssp370,1.024669405504718
ssp585,1.028012528583106
