Key,Value
historical,1.0590895673003988
ssp126,1.04041195959
ssp370,1.0360372890800524
ssp585,1.0385011442384509
