Key,Value
historical,0.9714693933546613
ssp126,0.9626599883397002
ssp370,0.9598050179781061
ssp585,0.9583835109930638
