Key,Value
historical,1.0080732944985822
ssp126,0.9918858466496098
ssp370,0.9833528771997844
ssp585,0.9778829308022221
