Key,Value
historical,1.0486490389643712
ssp126,1.0332075738435686
ssp370,1.0339214556144227
ssp585,1.034714944507522
