Key,Value
historical,0.9996809507478391
ssp126,0.9873023179064796
ssp370,0.9864852623650072
ssp585,0.9753446802484772
