Key,Value
historical,1.0079390345953678
ssp126,0.9953837485362953
ssp370,0.9879066428919485
ssp585,0.9864597234499265
