Key,Value
historical,0.9992381224966518
ssp126,0.9876755751430837
ssp370,0.9883499090411706
ssp585,0.9825196106357308
