Key,Value
historical,0.9613473028941872
ssp126,0.9540662384117488
ssp370,0.9520261045643691
ssp585,0.9484447720954237
