Key,Value
historical,1.0085062291662195
ssp126,0.9944823508884332
ssp370,0.9988066890353285
ssp585,0.9910689836040038
