Key,Value
historical,0.9682571151135808
ssp126,0.9595388193158549
ssp370,0.9552354079684391
ssp585,0.9528473210538115
