Key,Value
historical,0.9729431808565703
ssp126,0.9679873857944422
ssp370,0.9655648023352709
ssp585,0.9601979098373986
