Key,Value
historical,0.958386849541251
ssp126,0.9541283559180818
ssp370,0.9522652277784416
ssp585,0.951269116658062
