Key,Value
historical,1.0532745630351867
ssp126,1.0304649834047026
ssp370,1.0336806252198147
ssp585,1.035363807802286
