Key,Value
historical,1.0000000000000002
ssp126,0.9885954394420752
ssp370,0.9896342451457407
ssp585,0.9876369728001635
