Key,Value
historical,1.0010221939671238
ssp126,0.9858078667607565
ssp370,0.985797068282088
ssp585,0.9757060653251829
