Key,Value
historical,0.9919796228758664
ssp126,0.9849337990978403
ssp370,0.9815175594377099
ssp585,0.978773252844402
