Key,Value
historical,0.9443576164487832
ssp126,0.9296406094081799
ssp370,0.9178896401007156
ssp585,0.9080809637973161
