Key,Value
historical,1.0012875911993748
ssp126,0.9904982757787758
ssp370,0.9870378467933262
ssp585,0.9896901072588011
