Key,Value
historical,0.966732146206604
ssp126,0.9540170101665124
ssp370,0.9514405394117984
ssp585,0.9491154038446212
