Key,Value
historical,1.0095330889557312
ssp126,1.004740317362342
ssp370,0.999743820198909
ssp585,0.994938645036568
