Key,Value
historical,0.9635101795682014
ssp126,0.9459717818442954
ssp370,0.9455396440019012
ssp585,0.9342380859676739
