Key,Value
historical,0.955114851475201
ssp126,0.9627309930741258
ssp370,0.9602082025764328
ssp585,0.9490517401548616
