Key,Value
historical,0.9996147237359725
ssp126,0.9948438832467736
ssp370,0.9906351123130689
ssp585,0.9875473112458801
