Key,Value
historical,1.0056002618472244
ssp126,0.9940004926238123
ssp370,0.9945517479301269
ssp585,0.9962939251303518
