Key,Value
historical,0.991354238268331
ssp126,0.9761979867672065
ssp370,0.9729482135289791
ssp585,0.9746974746142275
