Key,Value
historical,1.000454625319963
ssp126,0.9937317017361565
ssp370,0.9872243398227863
ssp585,0.9843405743317605
