Key,Value
historical,1.0357950482325364
ssp126,1.0288232598639373
ssp370,1.0412642640592675
ssp585,1.0288504103963807
