Key,Value
historical,0.9880182462696334
ssp126,0.9794295125524982
ssp370,0.9759776516878064
ssp585,0.9781422500755966
