Key,Value
historical,1.0000000000000002
ssp126,0.9924297502649979
ssp370,0.9890012514510617
ssp585,0.9860805527556017
