Key,Value
historical,1.0000000000000002
ssp126,0.9870618317728087
ssp370,0.983650848612328
ssp585,0.9871823721055721
