Key,Value
historical,1.0106363674237124
ssp126,0.993868225179039
ssp370,0.9859343773312991
ssp585,0.9815438858138043
