Key,Value
historical,1.010036992627656
ssp126,0.9919081647808327
ssp370,0.9917013515082307
ssp585,0.9843618917598148
