Key,Value
historical,1.0091893621050783
ssp126,0.9993226046737876
ssp370,0.9936983072619424
ssp585,0.9879752720207037
