Key,Value
historical,0.9940666184827446
ssp126,0.9692652389621995
ssp370,0.9641317511012141
ssp585,0.9588462756771238
