Key,Value
historical,1.0000000000000002
ssp126,0.9833285452114525
ssp370,0.979655347956273
ssp585,0.9787028432425109
