Key,Value
historical,1.0524917704535561
ssp126,1.0342437500086006
ssp370,1.0271319993182302
ssp585,1.0362313749137924
