Key,Value
historical,0.9940524949639229
ssp126,0.9907739400604648
ssp370,0.9819174045541286
ssp585,0.9827464335056879
