Key,Value
historical,0.992703427008197
ssp126,0.9799467924463569
ssp370,0.9769636731567336
ssp585,0.9650795553315401
