Key,Value
historical,0.9674339567875153
ssp126,0.949535759160297
ssp370,0.9540969652631397
ssp585,0.9535866149504157
