Key,Value
historical,1.0099140030431875
ssp126,1.0012998884370652
ssp370,1.0014741404851968
ssp585,0.9956411371945393
