Key,Value
historical,1.0000000000000002
ssp126,0.9845136085850218
ssp370,0.9809513208717984
ssp585,0.978446501729121
