Key,Value
historical,1.0427356479915553
ssp126,1.037326808220604
ssp370,1.0336677366241218
ssp585,1.0338241246492728
