Key,Value
historical,0.9997583499397045
ssp126,0.9903204595680575
ssp370,0.9904150953937717
ssp585,0.9887562378231143
