Key,Value
historical,0.965289374868565
ssp126,0.9475556602277069
ssp370,0.9468111017617705
ssp585,0.9425731377943478
