Key,Value
historical,1.0087011312663965
ssp126,1.003891540438399
ssp370,0.9995924508249097
ssp585,0.9977029186214383
