Key,Value
historical,1.0112133884056909
ssp126,0.9887163535339993
ssp370,0.985375736928566
ssp585,0.9743233578239415
