Key,Value
historical,0.9999999999999999
ssp126,0.9883611104952394
ssp370,0.985968021359833
ssp585,0.9873855985862771
