Key,Value
historical,1.0000000000000002
ssp126,0.9872150197308303
ssp370,0.9775928048444532
ssp585,0.9703892451857906
