Key,Value
historical,1.0081890632885382
ssp126,0.9986124664532364
ssp370,0.9946206719820876
ssp585,1.0020454192107036
