Key,Value
historical,0.9933445172092527
ssp126,0.9796270056144204
ssp370,0.974085608313885
ssp585,0.9782192290432081
