Key,Value
historical,1.0071213339515548
ssp126,0.9964629495787076
ssp370,0.9942972210893761
ssp585,0.9850325526350457
