Key,Value
historical,0.9576040530559109
ssp126,0.9445838592646567
ssp370,0.9406968360513744
ssp585,0.9332850870298857
