Key,Value
historical,0.9999672701888165
ssp126,0.9879061197496815
ssp370,0.9895826240486975
ssp585,0.9846672008441014
