Key,Value
historical,0.9581894140298267
ssp126,0.9476061945325855
ssp370,0.9495396935772129
ssp585,0.9458097331581172
