Key,Value
historical,0.9429278236733403
ssp126,0.9241814767810985
ssp370,0.9244944181926609
ssp585,0.9176941115781494
