Key,Value
historical,1.0003186554191354
ssp126,0.9918094596494645
ssp370,0.990119395930095
ssp585,0.9882146165159376
