Key,Value
historical,1.0390478517754924
ssp126,1.0217540323645962
ssp370,1.0278466756731595
ssp585,1.02274456359322
