Key,Value
historical,1.0006252767434158
ssp126,0.9886787488606946
ssp370,0.9883855978999391
ssp585,0.9833812492945746
