Key,Value
historical,0.9997630620715422
ssp126,0.9913285174699299
ssp370,0.9945358906144667
ssp585,0.9974547752258596
