Key,Value
historical,0.9645617413367975
ssp126,0.9496283860887881
ssp370,0.9463455671964941
ssp585,0.9426908720161569
