Key,Value
historical,1.0512990653201006
ssp126,1.0380221600540518
ssp370,1.044297535595399
ssp585,1.0408425241340333
