Key,Value
historical,0.9945926881368747
ssp126,0.9848244332779488
ssp370,0.9794628595258379
ssp585,0.9739035337457186
