Key,Value
historical,0.9537189089796613
ssp126,0.9436184110018023
ssp370,0.9397812865846045
ssp585,0.9372997283015363
