Key,Value
historical,0.9542702362503068
ssp126,0.9445971451871696
ssp370,0.9386272873990179
ssp585,0.9425553590702963
