Key,Value
historical,1.0450818995742075
ssp126,1.0338934075599504
ssp370,1.0344601304537453
ssp585,1.0265999888992854
