Key,Value
historical,1.0010352879616373
ssp126,0.9897420323049666
ssp370,0.982826467154959
ssp585,0.9895531022804512
