Key,Value
historical,0.9993761191108209
ssp126,0.9829747464560729
ssp370,0.9757988962249746
ssp585,0.9751670987438646
