Key,Value
historical,0.9676082883420866
ssp126,0.9577218142560019
ssp370,0.9592065360613207
ssp585,0.9563169838347939
