Key,Value
historical,1.055299469822611
ssp126,1.0484930752724515
ssp370,1.0467015407249294
ssp585,1.0434485876699426
