Key,Value
historical,0.992687882137679
ssp126,0.9659706481671028
ssp370,0.9547527497335935
ssp585,0.9516125709906579
