Key,Value
historical,0.9999999999999999
ssp126,0.9923222879375669
ssp370,0.9902399376362022
ssp585,0.99173898914107
