Key,Value
historical,0.9999999999999999
ssp126,0.9839814715128602
ssp370,0.9847868621522611
ssp585,0.98637280244874
