Key,Value
historical,1.000227757724619
ssp126,0.9903379974492414
ssp370,0.9893640324059969
ssp585,0.9873593994794163
