Key,Value
historical,1.0000000000000002
ssp126,0.9806755727451996
ssp370,0.9799223867559353
ssp585,0.9731623821439108
