Key,Value
historical,0.9929444073435919
ssp126,0.9784781764599068
ssp370,0.9756484228338438
ssp585,0.9748838426350213
