Key,Value
historical,0.9931499677352507
ssp126,0.9760248436346769
ssp370,0.9756375343986764
ssp585,0.975656836287875
