Key,Value
historical,0.9999999999999999
ssp126,0.9883874593036766
ssp370,0.9863448801081691
ssp585,0.9832129312587605
