Key,Value
historical,0.9377382106452306
ssp126,0.9323955758756011
ssp370,0.9389424887069359
ssp585,0.9365840478987802
