Key,Value
historical,0.9482651423319013
ssp126,0.9256186894328543
ssp370,0.9219458362080821
ssp585,0.9208546503336746
