Key,Value
historical,0.9514695078276078
ssp126,0.9408775127756365
ssp370,0.940414537519902
ssp585,0.9319396577108678
