Key,Value
historical,0.992315304859106
ssp126,0.9841819454144864
ssp370,0.9845625780811598
ssp585,0.9828907127046251
