Key,Value
historical,1.0014289564280756
ssp126,0.9970816832425908
ssp370,0.9947017844951329
ssp585,0.9975175379357044
