Key,Value
historical,0.9915601814732635
ssp126,0.9888476674785069
ssp370,0.9854547720012371
ssp585,0.9824501357687297
