Key,Value
historical,0.9635291700538157
ssp126,0.9582542577153732
ssp370,0.9516378244834163
ssp585,0.9529880800127747
