Key,Value
historical,1.0106576572049986
ssp126,0.9995947469283144
ssp370,0.9930098622902037
ssp585,0.9859250695656011
