Key,Value
historical,1.0088324274782134
ssp126,0.9984071447685563
ssp370,0.9960764214401442
ssp585,0.9959367750079692
