Key,Value
historical,0.9999999999999999
ssp126,0.9950445252145131
ssp370,0.9948738136971007
ssp585,0.996601701738785
