Key,Value
historical,1.0336977717198954
ssp126,1.0271637997443994
ssp370,1.0210108490438814
ssp585,1.0239432392455576
