Key,Value
historical,0.9915601814732635
ssp126,0.980281798406032
ssp370,0.9784253501792253
ssp585,0.9681792628910881
