Key,Value
historical,0.9913618486782863
ssp126,0.9807943039177309
ssp370,0.9772039937736913
ssp585,0.975604312480127
