Key,Value
historical,1.0474222814212133
ssp126,1.0397049112701036
ssp370,1.0218472762879287
ssp585,1.0279822381752242
