Key,Value
historical,1.034892525440473
ssp126,1.026374766125212
ssp370,1.0255632387211302
ssp585,1.0197138030629673
