Key,Value
historical,1.0356296199408603
ssp126,1.0242706737122915
ssp370,1.0264084163140739
ssp585,1.0262376044991486
