Key,Value
historical,0.9605047167906255
ssp126,0.9358752128015896
ssp370,0.9402912752056646
ssp585,0.9316724694222037
