Key,Value
historical,1.0079233340425704
ssp126,1.0015884321338933
ssp370,0.9963831188623654
ssp585,0.9942449413903381
