Key,Value
historical,0.9663985725955938
ssp126,0.9559040797527325
ssp370,0.9502757884185976
ssp585,0.9478280450536699
