Key,Value
historical,0.9904866325061765
ssp126,0.9836850592723297
ssp370,0.9807817812118771
ssp585,0.9761602945194803
