Key,Value
historical,0.9647733807949198
ssp126,0.9509810157426244
ssp370,0.9461679144304922
ssp585,0.9457771246632163
