Key,Value
historical,1.0436257883325482
ssp126,1.0442622505259165
ssp370,1.0453160485151562
ssp585,1.04273314600508
