Key,Value
historical,0.9685568915113707
ssp126,0.957382572500285
ssp370,0.9514830905250273
ssp585,0.9519605251507745
