Key,Value
historical,1.0063461390354589
ssp126,1.008080386093186
ssp370,1.0073360998653837
ssp585,1.0031809246853707
