Key,Value
historical,1.0549064926215206
ssp126,1.0455889128306652
ssp370,1.0386604273298734
ssp585,1.0461255899714141
