Key,Value
historical,1.0382616516121885
ssp126,1.0224215123637985
ssp370,1.025137607066906
ssp585,1.032361562364054
