Key,Value
historical,1.0388741959409487
ssp126,1.0355678187971145
ssp370,1.0334052608735091
ssp585,1.0404424520167495
