Key,Value
historical,1.0079547491495848
ssp126,0.9952875167758088
ssp370,0.9917394696470183
ssp585,0.9908404608105302
