Key,Value
historical,0.9518518285205009
ssp126,0.9414770315418007
ssp370,0.9446201921466713
ssp585,0.9383925835994634
