Key,Value
historical,1.0081890632885382
ssp126,1.0087781854655138
ssp370,1.0088777402844984
ssp585,1.0087513143956985
