Key,Value
historical,0.9918439167166551
ssp126,0.9812318147912018
ssp370,0.9769476641835495
ssp585,0.9778607663074733
