Key,Value
historical,1.0450893168569666
ssp126,1.0227791241924806
ssp370,1.035303318843802
ssp585,1.0230041503975578
