Key,Value
historical,0.9541342612697825
ssp126,0.9296822898591278
ssp370,0.9285170728366082
ssp585,0.915069318894312
