Key,Value
historical,1.006690350809922
ssp126,0.9976484503853791
ssp370,0.9922811137946583
ssp585,0.9963562788303119
