Key,Value
historical,1.0000000000000002
ssp126,0.9827960842750898
ssp370,0.9792207118557371
ssp585,0.9778749077015386
