Key,Value
historical,1.0097961362272208
ssp126,0.9962428481067093
ssp370,0.984855904633848
ssp585,0.9867097509478592
