Key,Value
historical,1.0088072268211399
ssp126,0.9940532433599252
ssp370,0.9931160118589739
ssp585,0.9907519262216182
