Key,Value
historical,0.9951367441676832
ssp126,0.9630067592112316
ssp370,0.9414017035230239
ssp585,0.9427149483450783
