Key,Value
historical,1.0103304914160645
ssp126,0.9883329433838753
ssp370,0.9900084300837709
ssp585,0.9762130174044333
