Key,Value
historical,0.9614373496551569
ssp126,0.949550073047986
ssp370,0.9469122528059655
ssp585,0.9458919812410972
