Key,Value
historical,0.9999999999999999
ssp126,0.9917778206581739
ssp370,0.9863880939300498
ssp585,0.9857971981233435
