Key,Value
historical,0.9946577995626672
ssp126,0.9738413218629157
ssp370,0.9757287776616567
ssp585,0.9688352920445422
