Key,Value
historical,0.9560489278385756
ssp126,0.9409721705271491
ssp370,0.9464073875272715
ssp585,0.9465813855555922
