Key,Value
historical,1.0587497507614487
ssp126,1.0540557075112318
ssp370,1.0467245388351207
ssp585,1.0505087928576882
