Key,Value
historical,1.0081706726605224
ssp126,1.002629084029215
ssp370,1.001289041757419
ssp585,1.0016666608467142
