Key,Value
historical,0.9912458527784292
ssp126,0.9755924422857363
ssp370,0.9496970620614125
ssp585,0.9529807663599432
