Key,Value
historical,0.9562564030921741
ssp126,0.944464581353389
ssp370,0.9320032750360875
ssp585,0.9416940220608238
