Key,Value
historical,1.006744246146906
ssp126,1.0001651004880459
ssp370,0.9978867717293517
ssp585,0.9924884336820899
