Key,Value
historical,1.0395471957534343
ssp126,1.0362451412159834
ssp370,1.0375400500164438
ssp585,1.0332838995241551
