Key,Value
historical,1.0000000000000002
ssp126,0.9815917599293238
ssp370,0.9833018137964318
ssp585,0.975699389516343
