Key,Value
historical,0.9919694791407043
ssp126,0.9889208460939105
ssp370,0.9865964102451115
ssp585,0.9886075275768714
