Key,Value
historical,1.0008167787952549
ssp126,0.9955786866938848
ssp370,0.9918999223494827
ssp585,0.9893826114953422
