Key,Value
historical,1.0077061053246845
ssp126,1.001127590896676
ssp370,1.003096747026617
ssp585,0.9998164529385183
