Key,Value
historical,1.0000000000000002
ssp126,0.9805849035460499
ssp370,0.9733564847474935
ssp585,0.9680019120638679
