Key,Value
historical,1.0012461396478123
ssp126,0.9954593416100699
ssp370,0.9955828285253053
ssp585,0.9938765621036668
