Key,Value
historical,0.9573497806051362
ssp126,0.9465758582096429
ssp370,0.941730611067822
ssp585,0.9379561370485103
