Key,Value
historical,1.0074243062861334
ssp126,0.998140101260437
ssp370,0.9974743544359531
ssp585,0.9968302535560832
