Key,Value
historical,0.9562764688950409
ssp126,0.9416773368036574
ssp370,0.9352530323401615
ssp585,0.9336976425142964
