Key,Value
historical,0.9981904832912875
ssp126,0.9735443661253667
ssp370,0.9691664481734084
ssp585,0.9628883516951874
