Key,Value
historical,0.9381667897852611
ssp126,0.9319535550521435
ssp370,0.9262992651852275
ssp585,0.9272552312635509
