Key,Value
historical,0.9620312820695388
ssp126,0.953817642996402
ssp370,0.9526747523077861
ssp585,0.9471124832485839
