Key,Value
historical,1.0088451581611233
ssp126,1.004375252578561
ssp370,1.0000265559998092
ssp585,1.0012019855439473
