Key,Value
historical,1.00910481395317
ssp126,0.9964587198295527
ssp370,0.9880404785234022
ssp585,0.9875735584752282
