Key,Value
historical,1.0092343644116621
ssp126,0.9970984771686924
ssp370,0.9932661201462888
ssp585,0.9949903282476266
