Key,Value
historical,0.9548214261710932
ssp126,0.9486171168808455
ssp370,0.9467963653304847
ssp585,0.9387210559827128
