Key,Value
historical,1.0097961362272208
ssp126,0.9986737453247108
ssp370,0.9972728972858966
ssp585,0.9984674305048722
