Key,Value
historical,0.965111230916507
ssp126,0.9431076740215776
ssp370,0.9379748697814634
ssp585,0.9339298284378192
