Key,Value
historical,0.9901301669951049
ssp126,0.9734050995861351
ssp370,0.9734121518557567
ssp585,0.9632755883456404
