Key,Value
historical,0.9935745707566501
ssp126,0.9707817911256256
ssp370,0.9703852133328368
ssp585,0.9590588920754711
