Key,Value
historical,1.03292390352217
ssp126,1.0297890951798474
ssp370,1.0271916114535362
ssp585,1.0277032738197749
