Key,Value
historical,0.9998810726008992
ssp126,0.9857063660479036
ssp370,0.9755359372215202
ssp585,0.9604209845570983
