Key,Value
historical,1.0095859748033835
ssp126,0.9939198492199517
ssp370,0.9940873136549231
ssp585,0.9969785262923794
