Key,Value
historical,1.0083511829652534
ssp126,0.9927451697775497
ssp370,0.9903215268051218
ssp585,0.9902842724162688
