Key,Value
historical,0.9609001430838229
ssp126,0.9489033186703896
ssp370,0.9453906793211216
ssp585,0.9457490806443798
