Key,Value
historical,1.0083773133669007
ssp126,0.9904844865552163
ssp370,0.9907640675817634
ssp585,0.9785940492711326
