Key,Value
historical,1.0000000000000002
ssp126,0.9834077903075654
ssp370,0.975727971328052
ssp585,0.9712091134202111
