Key,Value
historical,0.9768956155296219
ssp126,0.9640113121355067
ssp370,0.9558542906041455
ssp585,0.9566350531350749
