Key,Value
historical,1.0000000000000002
ssp126,0.9963594935280045
ssp370,0.9929747982117723
ssp585,0.992515014070566
