Key,Value
historical,1.0003020773747946
ssp126,0.9818779634804092
ssp370,0.9819958471479624
ssp585,0.9727346607802364
