Key,Value
historical,0.9926924378777903
ssp126,0.9805039351334089
ssp370,0.9802789226143636
ssp585,0.9730391584142861
