Key,Value
historical,1.0101837179954336
ssp126,1.007741218464954
ssp370,1.002976535087383
ssp585,0.9996098575356049
