Key,Value
historical,0.9660556458677354
ssp126,0.9519797783382973
ssp370,0.9502038140004395
ssp585,0.9491933330217582
