Key,Value
historical,0.9607561692107992
ssp126,0.9447442200537327
ssp370,0.9418441275717128
ssp585,0.940507635557369
