Key,Value
historical,0.9987842351660854
ssp126,0.9886138902597335
ssp370,0.9871827096512146
ssp585,0.9868659440240485
