Key,Value
historical,0.9999999999999999
ssp126,0.9901163245627648
ssp370,0.9901014561339386
ssp585,0.9987965993967424
