Key,Value
historical,1.0085192938147578
ssp126,0.9989978624458387
ssp370,0.9995160227765645
ssp585,1.0023572165170969
