Key,Value
historical,0.9610214065706033
ssp126,0.9415025850426137
ssp370,0.9366176167754586
ssp585,0.9309645049960366
