Key,Value
historical,1.046205972155758
ssp126,1.0415695680299637
ssp370,1.0358829680763209
ssp585,1.0336260053181194
