Key,Value
historical,0.9573497806051362
ssp126,0.9412207560507576
ssp370,0.9403728250363391
ssp585,0.9342505408955788
