Key,Value
historical,1.0079547491495848
ssp126,0.9988421294428742
ssp370,1.0018813915545974
ssp585,1.002659125604886
