Key,Value
historical,0.9649047772239582
ssp126,0.9503948485901597
ssp370,0.9512205114332569
ssp585,0.9474748094503369
