Key,Value
historical,1.0070318962692473
ssp126,1.0031341256196105
ssp370,1.0020719858766973
ssp585,1.003388447311059
