Key,Value
historical,0.9906060699793782
ssp126,0.9796515499993284
ssp370,0.9799153787522521
ssp585,0.9772570477757462
