Key,Value
historical,0.9674813507437418
ssp126,0.9499862626757704
ssp370,0.9471397759586215
ssp585,0.9414666284896747
