Key,Value
historical,1.0434405413033594
ssp126,1.0278729342248263
ssp370,1.0252820177521693
ssp585,1.0413382449088546
