Key,Value
historical,1.0317311270665537
ssp126,1.023198923724746
ssp370,1.0268510233414552
ssp585,1.02407196060594
