Key,Value
historical,1.0076799327792885
ssp126,0.9999812221082758
ssp370,0.9974664869549794
ssp585,0.9933888145006328
