Key,Value
historical,0.9896205144711092
ssp126,0.9802244206877087
ssp370,0.9708283094259977
ssp585,0.9699918999882806
