Key,Value
historical,0.9662621819207873
ssp126,0.9528824014125564
ssp370,0.9549138514557826
ssp585,0.9596085138781049
