Key,Value
historical,0.9663871554065702
ssp126,0.9523256777221522
ssp370,0.9487705086288615
ssp585,0.9481652458693774
