Key,Value
historical,0.9618792940989594
ssp126,0.9392374387138194
ssp370,0.9308212451027749
ssp585,0.9195799766439471
