Key,Value
historical,0.9483054766915564
ssp126,0.9285338999002853
ssp370,0.927155374742328
ssp585,0.9275609247546582
