Key,Value
historical,1.0008206271409898
ssp126,0.991197942749989
ssp370,0.9899818782704359
ssp585,0.9895882303161271
