Key,Value
historical,1.0108795447379957
ssp126,1.005457406715352
ssp370,1.0035502850063107
ssp585,1.0051307842753234
