Key,Value
historical,1.0302060142050633
ssp126,1.0264175702724128
ssp370,1.0164914373937357
ssp585,1.0192418658927946
