Key,Value
historical,0.9953344172584687
ssp126,0.9862192120680461
ssp370,0.9802826354171703
ssp585,0.9808900626264603
