Key,Value
historical,1.000056986429665
ssp126,0.9894967860393578
ssp370,0.9916216361122039
ssp585,0.9929758705385631
