Key,Value
historical,0.9999999999999999
ssp126,0.9923975770575695
ssp370,0.9908945418549145
ssp585,0.9911574585266563
