Key,Value
historical,1.000766054362104
ssp126,0.9894382336475541
ssp370,0.9908723531770096
ssp585,0.9860465653469803
