Key,Value
historical,0.9607714323859345
ssp126,0.954787263529108
ssp370,0.9513276964515006
ssp585,0.951896017402221
