Key,Value
historical,1.010806420825875
ssp126,0.9991907243418467
ssp370,0.998898438827723
ssp585,0.9970749322049121
