Key,Value
historical,0.9521851709035941
ssp126,0.9329580777224386
ssp370,0.9411991571892303
ssp585,0.9249978833130184
