Key,Value
historical,1.043903699601489
ssp126,1.037687534319003
ssp370,1.0365478800453496
ssp585,1.0437160796750025
