Key,Value
historical,1.034892525440473
ssp126,1.0316540161089838
ssp370,1.0350467935762921
ssp585,1.0337491222988333
