Key,Value
historical,1.0000000000000002
ssp126,0.9957860353300051
ssp370,0.9880573708576651
ssp585,0.98651383666478
