Key,Value
historical,0.9521851709035941
ssp126,0.9392301083737422
ssp370,0.9351899370449384
ssp585,0.9284377345016513
