Key,Value
historical,1.0005483896330465
ssp126,0.9903545047020609
ssp370,0.9917731047155157
ssp585,0.9910276298306707
