Key,Value
historical,1.0005612032058553
ssp126,0.995301312003328
ssp370,0.9880327773892653
ssp585,0.9852999902014086
