Key,Value
historical,1.009420529164404
ssp126,0.9958398635986434
ssp370,0.9808367695663593
ssp585,0.9830897887052137
