Key,Value
historical,1.0427081096757267
ssp126,1.0268713522444175
ssp370,1.035646086660182
ssp585,1.0331459570602368
