Key,Value
historical,1.00046145329416
ssp126,0.997383152646702
ssp370,0.9937979507012019
ssp585,0.9921512451036945
