Key,Value
historical,0.9885449692532002
ssp126,0.9828162169852195
ssp370,0.9848914466352269
ssp585,0.9809091967167697
