Key,Value
historical,1.0081513628845902
ssp126,0.9979507994215461
ssp370,0.9966064838669773
ssp585,1.0021287765172313
