Key,Value
historical,1.0000000000000002
ssp126,0.982398952495029
ssp370,0.9728701761919984
ssp585,0.9712401247877493
