Key,Value
historical,1.0394642430781855
ssp126,1.016270494844188
ssp370,1.0207482960098169
ssp585,1.0117770459341318
