Key,Value
historical,0.960234173391255
ssp126,0.9464096698012614
ssp370,0.9360129092215196
ssp585,0.9359110405386292
