Key,Value
historical,1.0406388131310527
ssp126,1.0264448887741753
ssp370,1.0353911108893992
ssp585,1.0399892849047807
