Key,Value
historical,1.0000000000000002
ssp126,0.9794651252973798
ssp370,0.9697743035861076
ssp585,0.9701308939900161
