Key,Value
historical,0.948042977774252
ssp126,0.940934536708035
ssp370,0.9301546948080208
ssp585,0.9323670096245623
