Key,Value
historical,1.0000000000000002
ssp126,0.9964759171708809
ssp370,0.9939663087789055
ssp585,0.9947517934956737
