Key,Value
historical,0.9986840543218698
ssp126,0.9828330279076931
ssp370,0.9787046594945863
ssp585,0.9656443664270928
