Key,Value
historical,1.0000000000000002
ssp126,0.9883137855465932
ssp370,0.9835321922103557
ssp585,0.9785548274801213
