Key,Value
historical,0.9932199134846941
ssp126,0.9740264642054306
ssp370,0.9733675346540208
ssp585,0.9611688058937514
