Key,Value
historical,1.037745482311094
ssp126,1.036644219063357
ssp370,1.0328545193938077
ssp585,1.0283502346601432
