Key,Value
historical,1.0079233340425704
ssp126,0.9984993231998721
ssp370,0.9986743501299306
ssp585,0.9975628899653946
