Key,Value
historical,0.9934826068407213
ssp126,0.9798887296651619
ssp370,0.9740598679437775
ssp585,0.9701803778217422
