Key,Value
historical,0.9542758153017786
ssp126,0.9438925749235234
ssp370,0.936350652554278
ssp585,0.940860570577944
