Key,Value
historical,0.9984718436034978
ssp126,0.979710143262142
ssp370,0.9786415027746346
ssp585,0.9719599345490619
