Key,Value
historical,0.9627020768848779
ssp126,0.9436339385415848
ssp370,0.945953191485255
ssp585,0.9373035674237141
