Key,Value
historical,0.9677433756044365
ssp126,0.9560935054406238
ssp370,0.94835755049016
ssp585,0.9489733590986087
