Key,Value
historical,0.9999999999999999
ssp126,0.9879097916858625
ssp370,0.9874318604960971
ssp585,0.9856553131581047
