Key,Value
historical,1.0003233226231052
ssp126,0.9860785482670361
ssp370,0.9879423324732061
ssp585,0.9820271196203897
