Key,Value
historical,1.034007149577751
ssp126,1.0364828736498155
ssp370,1.0314569193946101
ssp585,1.0299255747667586
