Key,Value
historical,0.9983817837903572
ssp126,0.9829208500619505
ssp370,0.9692386461117998
ssp585,0.9692238573975234
