Key,Value
historical,0.9901405512687768
ssp126,0.970584903600848
ssp370,0.9716920231034591
ssp585,0.9573009527604309
