Key,Value
historical,1.0108116178873299
ssp126,0.9901040246535735
ssp370,0.9883855883885727
ssp585,0.9775876203526886
