Key,Value
historical,0.9749513995678398
ssp126,0.9617828629702639
ssp370,0.9557518278167734
ssp585,0.9553529849639568
