Key,Value
historical,1.0001425061278066
ssp126,0.9847125309923508
ssp370,0.9832810704049566
ssp585,0.9803918703919123
