Key,Value
historical,1.009808635990316
ssp126,1.0011520062371801
ssp370,1.0007143748619765
ssp585,1.0059594218757981
