Key,Value
historical,1.0000000000000002
ssp126,0.9786672199984114
ssp370,0.9721885866380523
ssp585,0.9730554523196945
