Key,Value
historical,0.9999999999999999
ssp126,0.9934759508155235
ssp370,0.9935052068490848
ssp585,0.9897246889168649
