Key,Value
historical,1.0000000000000002
ssp126,0.986112812189966
ssp370,0.9768710674283176
ssp585,0.9733560369852675
