Key,Value
historical,0.9999999999999999
ssp126,0.9906889642291357
ssp370,0.9902110988972168
ssp585,0.9894939269941779
