Key,Value
historical,1.0539923677499319
ssp126,1.0527869184474021
ssp370,1.0337349238082651
ssp585,1.0373601049938337
