Key,Value
historical,0.992516369033426
ssp126,0.9831844366296882
ssp370,0.9818408328103904
ssp585,0.9876169432063264
