Key,Value
historical,1.0094902123651717
ssp126,1.0046564971690635
ssp370,1.0054081205901655
ssp585,1.0032174211442262
