Key,Value
historical,1.0000000000000002
ssp126,0.9910119815530483
ssp370,0.9881006151447294
ssp585,0.9852086483639773
