Key,Value
historical,0.9830714206285693
ssp126,0.9726362751881763
ssp370,0.9695603880865329
ssp585,0.9734204972444211
