Key,Value
historical,0.9930349195350388
ssp126,0.9817111519796679
ssp370,0.9812553977759242
ssp585,0.9890761062888112
