Key,Value
historical,0.9640989644325464
ssp126,0.9463269949200103
ssp370,0.9487202143118346
ssp585,0.9385128790695103
