Key,Value
historical,0.951771177562062
ssp126,0.9451997516711471
ssp370,0.9394247735637058
ssp585,0.9341586992310612
