Key,Value
historical,1.0006873677806372
ssp126,0.9838869056867205
ssp370,0.9730023819625943
ssp585,0.9699885788534612
