Key,Value
historical,1.0000000000000002
ssp126,0.9917982774272033
ssp370,0.9868503602543304
ssp585,0.9837498122159516
