Key,Value
historical,0.9545300727321585
ssp126,0.9540667550196373
ssp370,0.9541846919313758
ssp585,0.9525034280177996
