Key,Value
historical,1.0295895476745582
ssp126,1.024690234098373
ssp370,1.0252863175880689
ssp585,1.0297447727393936
