Key,Value
historical,0.9666386629631836
ssp126,0.9558463051193404
ssp370,0.9506291963797994
ssp585,0.9544949244563884
