Key,Value
historical,0.9519431023186112
ssp126,0.9421379093812642
ssp370,0.939510576419261
ssp585,0.9369322204267039
