Key,Value
historical,0.9999999999999999
ssp126,0.9865614861323525
ssp370,0.9880552539238819
ssp585,0.9856482057136511
