Key,Value
historical,1.0489851164164146
ssp126,1.055287350253144
ssp370,1.0446065634171309
ssp585,1.0517115814075237
