Key,Value
historical,0.9610838219545184
ssp126,0.9464990487083791
ssp370,0.9374796454163574
ssp585,0.9428043739633295
