Key,Value
historical,0.9926278304895925
ssp126,0.9867573815988301
ssp370,0.9869052708873892
ssp585,0.9833257220033456
