Key,Value
historical,0.9999597205832896
ssp126,0.9943490797808942
ssp370,0.9907903861893024
ssp585,0.9933564880316931
