Key,Value
historical,1.0015455054349962
ssp126,0.9928609966236349
ssp370,0.9936032794431776
ssp585,0.9941110857090353
