Key,Value
historical,0.9576401122559836
ssp126,0.9522134227919055
ssp370,0.9442217827356907
ssp585,0.9458506921582697
