Key,Value
historical,1.0075117376033056
ssp126,0.9921656285297304
ssp370,0.993444965708761
ssp585,0.9905842835600465
