Key,Value
historical,1.0007290709888568
ssp126,0.9823505584278089
ssp370,0.9712812274767281
ssp585,0.975708503346966
