Key,Value
historical,0.9571627957193258
ssp126,0.9321752908490559
ssp370,0.9252131990601344
ssp585,0.9249518278965462
