Key,Value
historical,1.0003325150464415
ssp126,0.9834203030785628
ssp370,0.9808261661327138
ssp585,0.9776297506916977
