Key,Value
historical,0.9710507269533611
ssp126,0.9576472678764532
ssp370,0.9589310599697175
ssp585,0.95097018285476
