Key,Value
historical,1.000120836366107
ssp126,0.9941443317677221
ssp370,0.9864656760997693
ssp585,0.9868444642017737
