Key,Value
historical,0.9631238484972198
ssp126,0.9522064505601908
ssp370,0.9502386802502253
ssp585,0.9480756256603251
