Key,Value
historical,1.0468629580237212
ssp126,1.0423632276060846
ssp370,1.0298069802575862
ssp585,1.033233819970322
