Key,Value
historical,1.0387068445909475
ssp126,1.0277569902697687
ssp370,1.0298343062020683
ssp585,1.0314077398782004
