Key,Value
historical,0.9936094810905169
ssp126,0.9883775230551128
ssp370,0.985204088165054
ssp585,0.9845182731024205
