Key,Value
historical,1.0091147502786095
ssp126,0.9884453443697347
ssp370,0.9855720597018243
ssp585,0.9781954961336504
