Key,Value
historical,0.9579119344028155
ssp126,0.9448047175810079
ssp370,0.9464504341862021
ssp585,0.9499441215331638
