Key,Value
historical,0.9562564030921741
ssp126,0.9481305424525653
ssp370,0.9511531681046222
ssp585,0.9485018980885483
