Key,Value
historical,0.9446606722316427
ssp126,0.9346523870872248
ssp370,0.9317630286311627
ssp585,0.9309396789907378
