Key,Value
historical,1.0096122290251015
ssp126,1.0008971152773434
ssp370,0.9988362300099798
ssp585,1.0010017909179685
