Key,Value
historical,1.039800160206617
ssp126,1.0368848120486747
ssp370,1.0517229614052033
ssp585,1.027982149159118
