Key,Value
historical,0.9549695184806678
ssp126,0.937457786537846
ssp370,0.9328667097618399
ssp585,0.9291855474722381
