Key,Value
historical,0.9723791239913091
ssp126,0.9573811300771462
ssp370,0.9573629065222882
ssp585,0.9528829483746764
