Key,Value
historical,0.9999999999999999
ssp126,0.9921541284929055
ssp370,0.9942269819816598
ssp585,0.9937026571480038
