Key,Value
historical,0.9731401521826689
ssp126,0.9640910735199082
ssp370,0.9587436737612108
ssp585,0.9544811962290122
