Key,Value
historical,0.9443772296211791
ssp126,0.931021208931872
ssp370,0.9305780084651455
ssp585,0.9304885101994625
