Key,Value
historical,0.9952390354708887
ssp126,0.9523484196330042
ssp370,0.9411883376813008
ssp585,0.9356306746675546
