Key,Value
historical,0.9916860452577301
ssp126,0.9765280593860055
ssp370,0.9563099708966759
ssp585,0.959795571486628
