Key,Value
historical,1.0408702543746577
ssp126,1.0301975524856983
ssp370,1.0246334126664713
ssp585,1.0301107122486668
