Key,Value
historical,0.997580933735738
ssp126,0.9825449965121258
ssp370,0.9769708628357453
ssp585,0.9750782736800584
