Key,Value
historical,0.999628992204062
ssp126,0.9955751272588995
ssp370,0.9943235941202784
ssp585,0.9949878084009296
