Key,Value
historical,1.0446949669061203
ssp126,1.0360770320820463
ssp370,1.0504013963782501
ssp585,1.0373397213853552
