Key,Value
historical,1.0000000000000002
ssp126,0.982470906758713
ssp370,0.9827966701814611
ssp585,0.9781326837967438
