Key,Value
historical,1.0000000000000002
ssp126,0.9809686500648884
ssp370,0.9776510013724796
ssp585,0.975998942070876
