Key,Value
historical,0.9888484529631375
ssp126,0.972060329741397
ssp370,0.9691107585715125
ssp585,0.9682784185998585
