Key,Value
historical,0.9996081475711628
ssp126,0.9931793999333826
ssp370,0.9933493278923695
ssp585,0.9915169807370949
