Key,Value
historical,1.007942167723166
ssp126,0.9988094331325101
ssp370,0.9992346928715967
ssp585,0.9926658780030677
