Key,Value
historical,1.0559029818213221
ssp126,1.0466842659454931
ssp370,1.0457943926538602
ssp585,1.0457423409172355
