Key,Value
historical,1.0004272654748698
ssp126,0.9871877662318631
ssp370,0.9857864249996994
ssp585,0.9790644017871593
