Key,Value
historical,0.9999999999999999
ssp126,0.9975862052935062
ssp370,0.9985262695388745
ssp585,0.9991356880411763
