Key,Value
historical,0.9611300612687369
ssp126,0.9547154498069089
ssp370,0.9490375951671023
ssp585,0.9458814567111744
