Key,Value
historical,0.9980002180274475
ssp126,0.9867540822421542
ssp370,0.9881061388925745
ssp585,0.9857140213295368
