Key,Value
historical,1.036454581666284
ssp126,1.0269788752038758
ssp370,1.0284037621108604
ssp585,1.0236703084009113
