Key,Value
historical,0.9999999999999999
ssp126,0.9963305998579954
ssp370,0.9947614283769561
ssp585,0.997162014827861
