Key,Value
historical,1.0650529557290522
ssp126,1.04234672753242
ssp370,1.042813461052534
ssp585,1.0466645045699017
