Key,Value
historical,0.9999999999999999
ssp126,0.9884437641347475
ssp370,0.9838755055195106
ssp585,0.9807458914725664
