Key,Value
historical,1.0000000000000002
ssp126,0.9852700543844927
ssp370,0.9823682544559519
ssp585,0.9805116351625782
