Key,Value
historical,0.9670297684406378
ssp126,0.940672494787278
ssp370,0.9460892739298203
ssp585,0.9306377087078103
