Key,Value
historical,0.9984363021862213
ssp126,0.985638205747616
ssp370,0.9787556505333098
ssp585,0.9780067550898396
