Key,Value
historical,1.0504721092655354
ssp126,1.037445002614764
ssp370,1.042106911896768
ssp585,1.03356073181422
