Key,Value
historical,0.9978542070188254
ssp126,0.9941512227531247
ssp370,0.990062922673508
ssp585,0.9911373770753789
