Key,Value
historical,0.9935483996414035
ssp126,0.9799328651953803
ssp370,0.9777764372481591
ssp585,0.9707955779788721
