Key,Value
historical,1.0394572587102118
ssp126,1.0365097585530227
ssp370,1.0377700608316178
ssp585,1.0500378347147032
