Key,Value
historical,0.954047571178435
ssp126,0.9336172464422853
ssp370,0.9244517147178712
ssp585,0.9260114814081724
