Key,Value
historical,0.9938931481987756
ssp126,0.9595990499107361
ssp370,0.9495289695327037
ssp585,0.9448733281611713
