Key,Value
historical,1.0058699343834867
ssp126,0.9971340839413038
ssp370,0.9934753750247632
ssp585,0.9916941552854626
