Key,Value
historical,0.9688371596698253
ssp126,0.9510752475745821
ssp370,0.953286781974485
ssp585,0.9532574868807107
