Key,Value
historical,0.9999999999999999
ssp126,0.9860040189591804
ssp370,0.9871013052927997
ssp585,0.9851830119857481
