Key,Value
historical,1.0103491319196682
ssp126,0.9923327481470854
ssp370,0.9922732840471342
ssp585,0.9834570875493176
