Key,Value
historical,0.9606387871680936
ssp126,0.9454932016002853
ssp370,0.9369590077406723
ssp585,0.9383176324601799
