Key,Value
historical,0.9670336148833613
ssp126,0.9496438966005903
ssp370,0.9453650942392208
ssp585,0.945132785535728
