Key,Value
historical,0.9922523779911134
ssp126,0.9864995241697788
ssp370,0.9849206497687552
ssp585,0.9830264736271815
