Key,Value
historical,0.9673652532861673
ssp126,0.9545052913549111
ssp370,0.9538404106601388
ssp585,0.95192882445574
