Key,Value
historical,1.0421629958269747
ssp126,1.0278210786297912
ssp370,1.031352697363836
ssp585,1.0244812040143123
