Key,Value
historical,1.0008167787952549
ssp126,0.9891161398863155
ssp370,0.9845695894855228
ssp585,0.9776299549458586
