Key,Value
historical,0.9987078926407638
ssp126,0.989883498281704
ssp370,0.9849908701662573
ssp585,0.9804041995212576
