Key,Value
historical,0.9901774826601352
ssp126,0.979312990178032
ssp370,0.9767708617759471
ssp585,0.9759045463924061
