Key,Value
historical,1.0007721826585825
ssp126,0.984488489160616
ssp370,0.9812898053441265
ssp585,0.9751590450244888
