Key,Value
historical,1.0069092392901324
ssp126,1.0008060273960215
ssp370,1.0017566201166341
ssp585,0.9960467756264675
