Key,Value
historical,0.9454339366757857
ssp126,0.9393984592446635
ssp370,0.9339253766970387
ssp585,0.9294697236859288
