Key,Value
historical,0.9636669969873851
ssp126,0.9505224836727406
ssp370,0.9516288780095981
ssp585,0.9502319394207912
