Key,Value
historical,0.9936204468064394
ssp126,0.9861989054256712
ssp370,0.9890950911448078
ssp585,0.9876528751158155
