Key,Value
historical,1.0318477015654173
ssp126,1.028236860638881
ssp370,1.029269178873853
ssp585,1.0305762730147066
