Key,Value
historical,0.9673420553220818
ssp126,0.954440123087841
ssp370,0.9506228876247736
ssp585,0.9512519711101034
