Key,Value
historical,1.0007667717358915
ssp126,0.9859399321148308
ssp370,0.9825747154855753
ssp585,0.978255046056892
