Key,Value
historical,1.008913624345853
ssp126,1.0007955060189189
ssp370,1.0019338340555843
ssp585,0.9937664221360489
