Key,Value
historical,0.9698181376600299
ssp126,0.9659183936170906
ssp370,0.9659342327157951
ssp585,0.9675454929577806
