Key,Value
historical,0.9651691935884543
ssp126,0.9517865290345954
ssp370,0.9485254098330866
ssp585,0.9436727778930868
