Key,Value
historical,1.0652139699554803
ssp126,1.048208732498186
ssp370,1.0509864131327509
ssp585,1.0296291458645448
