Key,Value
historical,1.0357043758738027
ssp126,1.0239125107687912
ssp370,1.0172026929986533
ssp585,1.0221386258582903
