Key,Value
historical,0.9962252785225486
ssp126,0.9713366802993418
ssp370,0.9730865184782642
ssp585,0.9662877330282419
