Key,Value
historical,0.961076798826357
ssp126,0.9542247068313324
ssp370,0.9515983962078991
ssp585,0.9507549219522663
