Key,Value
historical,0.9999999999999999
ssp126,0.988889784193488
ssp370,0.9885316056483276
ssp585,0.9885338577915938
