Key,Value
historical,0.9544312413473928
ssp126,0.9377441626012541
ssp370,0.9375756803675426
ssp585,0.9312740137893574
