Key,Value
historical,0.997927544731423
ssp126,0.9899741930404123
ssp370,0.9849594281147898
ssp585,0.9834187674804967
