Key,Value
historical,1.040172895068663
ssp126,1.0389628174065928
ssp370,1.0322548227665902
ssp585,1.0326685161737144
