Key,Value
historical,0.9977667888046172
ssp126,0.9873688902233684
ssp370,0.9843792300913158
ssp585,0.9843460473591992
