Key,Value
historical,0.941192660339827
ssp126,0.9298935499076574
ssp370,0.9296653815625568
ssp585,0.9315236117793834
