Key,Value
historical,0.9513927677053555
ssp126,0.9373373986192368
ssp370,0.9377025468136886
ssp585,0.9411283372095361
