Key,Value
historical,1.0486768452241853
ssp126,1.046876744864393
ssp370,1.0428867654695155
ssp585,1.0503275088462527
