Key,Value
historical,0.9999999999999999
ssp126,0.9967041095069517
ssp370,0.9961106551658837
ssp585,0.9957606591372636
