Key,Value
historical,1.0524716105116445
ssp126,1.0272858275760832
ssp370,1.0228646382556341
ssp585,1.0290601700808135
