Key,Value
historical,0.9429278236733403
ssp126,0.9262745215580606
ssp370,0.9271390030974387
ssp585,0.9226827063372319
