Key,Value
historical,0.9895499931275801
ssp126,0.981415411662765
ssp370,0.9764282380467608
ssp585,0.97751606208657
