Key,Value
historical,0.9498989231312641
ssp126,0.9251763396886331
ssp370,0.9231147937704941
ssp585,0.9148201260583366
