Key,Value
historical,0.9911370560103389
ssp126,0.9788535352433456
ssp370,0.9795796099264705
ssp585,0.9802365439334029
