Key,Value
historical,1.0021034409368517
ssp126,0.9916131788206561
ssp370,0.9921760540279755
ssp585,0.985619974643895
