Key,Value
historical,1.0376003141659302
ssp126,1.0298046208983438
ssp370,1.0293971040858787
ssp585,1.027936752946437
