Key,Value
historical,0.9906953641467937
ssp126,0.9775247995268743
ssp370,0.9762354172639486
ssp585,0.977343160944338
