Key,Value
historical,0.9718296784621222
ssp126,0.9607170650208163
ssp370,0.9631041074129842
ssp585,0.9533258857527868
