Key,Value
historical,1.0340415882089606
ssp126,1.0268947407686517
ssp370,1.0164388807154152
ssp585,1.0197181678071814
