Key,Value
historical,0.9996809507478391
ssp126,0.990242694478401
ssp370,0.989574379101432
ssp585,0.9860701355312701
