Key,Value
historical,0.9610214065706033
ssp126,0.9441222692286454
ssp370,0.9420577795266815
ssp585,0.9358109692026115
