Key,Value
historical,0.9981184004757772
ssp126,0.988434958401195
ssp370,0.9866229652119429
ssp585,0.9836663272437384
