Key,Value
historical,0.9572570446035378
ssp126,0.9467316618401205
ssp370,0.9476669057255693
ssp585,0.9466710996393422
