Key,Value
historical,1.0085221591554598
ssp126,1.003158036303424
ssp370,0.9939233589577936
ssp585,0.9936846167565332
