Key,Value
historical,1.0093314433501037
ssp126,1.0012486964661838
ssp370,0.9979255352720626
ssp585,0.997839297549644
