Key,Value
historical,0.9945479697855873
ssp126,0.9704695775368802
ssp370,0.9646832705621532
ssp585,0.9685221395312975
