Key,Value
historical,0.9919843140294792
ssp126,0.9807555572670165
ssp370,0.9822869235379221
ssp585,0.9846276583923944
