Key,Value
historical,0.9622644978875565
ssp126,0.9501724685378261
ssp370,0.9473963527352669
ssp585,0.946510833469648
