Key,Value
historical,0.9560376357475955
ssp126,0.9465852630307376
ssp370,0.9430923175073425
ssp585,0.9412942941025885
