Key,Value
historical,0.9635101795682014
ssp126,0.9497976726726396
ssp370,0.9480658356901811
ssp585,0.9409726786205901
