Key,Value
historical,0.9957907243286543
ssp126,0.9720869966346193
ssp370,0.960579478142277
ssp585,0.9541098498358807
