Key,Value
historical,0.9999999999999999
ssp126,0.989025468879727
ssp370,0.9858382977912714
ssp585,0.9874065642137033
