Key,Value
historical,1.0071073074931876
ssp126,0.9967685762310444
ssp370,0.9964927913551374
ssp585,0.9958828635100054
