Key,Value
historical,0.9666769063584978
ssp126,0.9546504579275322
ssp370,0.9531856485745193
ssp585,0.9565077009775471
