Key,Value
historical,0.992687882137679
ssp126,0.972509546000184
ssp370,0.9714143651703624
ssp585,0.9679471177196047
