Key,Value
historical,1.0109871402107722
ssp126,0.9957871802985241
ssp370,0.9956171245866247
ssp585,1.0000759997119948
