Key,Value
historical,0.9999999999999999
ssp126,0.992781440575733
ssp370,0.9900370702061386
ssp585,0.9903912814632545
