Key,Value
historical,0.9987550077246952
ssp126,0.9794903971014731
ssp370,0.9664515213372467
ssp585,0.9701647825003601
