Key,Value
historical,0.9999226729986347
ssp126,0.9846091576824685
ssp370,0.9776548496188907
ssp585,0.9700190708707949
