Key,Value
historical,0.9723521004826075
ssp126,0.9676926663582849
ssp370,0.9675269527443535
ssp585,0.9614263031913634
