Key,Value
historical,1.0377712290791448
ssp126,1.02212492905873
ssp370,1.0284453939534521
ssp585,1.0177643206523386
