Key,Value
historical,1.0002920126192953
ssp126,0.9878289594543734
ssp370,0.9864943038449138
ssp585,0.9810677338553837
