Key,Value
historical,1.000600430477887
ssp126,0.9947277935841266
ssp370,0.9947010310871683
ssp585,0.9927505032736217
