Key,Value
historical,0.9670700818345469
ssp126,0.955228042057058
ssp370,0.9460837057462808
ssp585,0.9475795889174593
