Key,Value
historical,1.0572513969598534
ssp126,1.043668147962939
ssp370,1.0394248777482578
ssp585,1.0394803427201005
