Key,Value
historical,0.9903189860824617
ssp126,0.9858314124153827
ssp370,0.9839577594276205
ssp585,0.9846346063174259
