Key,Value
historical,0.9981904832912875
ssp126,0.9808390395227429
ssp370,0.9815541353918593
ssp585,0.9780305037571652
