Key,Value
historical,0.9526801777585511
ssp126,0.9391681095116208
ssp370,0.934353905500088
ssp585,0.9335949288881759
