Key,Value
historical,0.9559785480337532
ssp126,0.9452483608436175
ssp370,0.9415332622630068
ssp585,0.9280884576770151
