Key,Value
historical,0.9425510587036342
ssp126,0.9410626565333953
ssp370,0.9321680721590166
ssp585,0.9356832085680601
