Key,Value
historical,1.0059899597545876
ssp126,1.00449973519882
ssp370,1.0058562807770026
ssp585,1.005839478811748
