Key,Value
historical,0.9595988065107247
ssp126,0.9465100577943486
ssp370,0.9476111357919009
ssp585,0.9486570103619585
