Key,Value
historical,0.9498350187935141
ssp126,0.9408404671181998
ssp370,0.9382457359998492
ssp585,0.938373326228844
