Key,Value
historical,0.9999999999999999
ssp126,0.9950684923297622
ssp370,0.9936892223381834
ssp585,0.9892680698652937
