Key,Value
historical,0.9457567436848452
ssp126,0.9223040825101995
ssp370,0.9373946180326397
ssp585,0.9298373832543212
