Key,Value
historical,0.9551939478028708
ssp126,0.9411507149858063
ssp370,0.9436170528151331
ssp585,0.9454046174181916
