Key,Value
historical,1.009591079124361
ssp126,1.0061009614763077
ssp370,1.0058106662123072
ssp585,1.0072653109929939
