Key,Value
historical,1.0494168113084743
ssp126,1.036987198441564
ssp370,1.0298001435621464
ssp585,1.0243480325689513
