Key,Value
historical,1.0016381711635514
ssp126,0.9902999139486609
ssp370,0.9912884840287987
ssp585,0.9909979046213057
