Key,Value
historical,0.943786353583495
ssp126,0.9384648190699004
ssp370,0.932737948889736
ssp585,0.9372974965652409
