Key,Value
historical,0.9594725485512683
ssp126,0.9511349861605851
ssp370,0.9471078713356859
ssp585,0.9506064584700488
