Key,Value
historical,0.9999999999999999
ssp126,0.9867385227770304
ssp370,0.9839108091519824
ssp585,0.9810868924427553
