Key,Value
historical,0.9681347543776059
ssp126,0.9569933957292511
ssp370,0.9579954425502405
ssp585,0.9549998065839674
