Key,Value
historical,0.9704540883234342
ssp126,0.9534706164130153
ssp370,0.9439006028514647
ssp585,0.9465446549925959
