Key,Value
historical,1.008118668532136
ssp126,1.0034240252228674
ssp370,1.0026525933275194
ssp585,0.9969623108126772
