Key,Value
historical,1.00808120843229
ssp126,0.999125783997982
ssp370,0.9970180148483259
ssp585,0.9938808732195495
