Key,Value
historical,1.0093092174202536
ssp126,0.9891123445311835
ssp370,0.9811435736660091
ssp585,0.9804274292858155
