Key,Value
historical,0.9947636193706247
ssp126,0.9786406206825348
ssp370,0.9672739569433493
ssp585,0.9637041829000009
