Key,Value
historical,0.9999999999999999
ssp126,0.9924368907350828
ssp370,0.9915391729161526
ssp585,0.990874957272861
