Key,Value
historical,1.0434080888524722
ssp126,1.0349679304987507
ssp370,1.0360225232205769
ssp585,1.0345556954890975
