Key,Value
historical,1.0077960139532216
ssp126,0.9930807320288126
ssp370,0.9941096505326407
ssp585,0.988312563969032
