Key,Value
historical,1.0539889313757214
ssp126,1.050650450031115
ssp370,1.0498669054582472
ssp585,1.0453479436472612
