Key,Value
historical,1.0426318479312697
ssp126,1.0360669592301082
ssp370,1.0384487702481133
ssp585,1.0279471959223951
