Key,Value
historical,1.0572513969598534
ssp126,1.0415144109065786
ssp370,1.047675533800978
ssp585,1.0408019425609556
