Key,Value
historical,1.0094469876685095
ssp126,0.9972493428769493
ssp370,0.9954103890543472
ssp585,0.9966358689233044
