Key,Value
historical,0.9508070377959631
ssp126,0.9413945989813282
ssp370,0.9425771295211257
ssp585,0.9403387128312756
