Key,Value
historical,1.0000955723763165
ssp126,0.978525975733934
ssp370,0.9785814889014739
ssp585,0.9689655084186466
