Key,Value
historical,1.0000000000000002
ssp126,0.9953333299351762
ssp370,0.9873045196442457
ssp585,0.9858302712385394
