Key,Value
historical,1.0000000000000002
ssp126,0.9833635938907007
ssp370,0.9762031582333411
ssp585,0.9725976390408307
