Key,Value
historical,1.0000000000000002
ssp126,0.9833121014419437
ssp370,0.9816451088961923
ssp585,0.9866641267612954
