Key,Value
historical,0.9443772296211791
ssp126,0.9373406463851035
ssp370,0.9354119897616366
ssp585,0.93684386309955
