Key,Value
historical,0.9506659705303482
ssp126,0.9213645621826939
ssp370,0.9372935591989416
ssp585,0.9331301182336382
