Key,Value
historical,0.946220843916906
ssp126,0.9356031595076256
ssp370,0.935674055696177
ssp585,0.9386021327776797
