Key,Value
historical,0.9999077517949923
ssp126,0.9866867749754137
ssp370,0.984314549787197
ssp585,0.9820593546635038
