Key,Value
historical,1.042319835341351
ssp126,1.0344552490761105
ssp370,1.0234720800374904
ssp585,1.0293488783565556
