Key,Value
historical,0.9908562067765452
ssp126,0.9796351660460124
ssp370,0.9772974450912602
ssp585,0.9739213102321086
