Key,Value
historical,1.0443244247434362
ssp126,1.0384241957155684
ssp370,1.0327153234674795
ssp585,1.0343303791639966
