Key,Value
historical,1.0107797175355384
ssp126,1.0058646756697152
ssp370,1.0017170193223102
ssp585,1.0024095211125506
