Key,Value
historical,0.9694111761132701
ssp126,0.9621744929360005
ssp370,0.9544371900390374
ssp585,0.9525223917346087
