Key,Value
historical,0.9930451366263604
ssp126,0.9864028268732241
ssp370,0.9856790204216765
ssp585,0.9831846762052895
