Key,Value
historical,1.0000000000000002
ssp126,0.9893129417274957
ssp370,0.9834616492507022
ssp585,0.980956983674989
