Key,Value
historical,1.000323876383902
ssp126,0.9914861560794056
ssp370,0.9860008725243229
ssp585,0.9836657458232645
