Key,Value
historical,1.0100061367851307
ssp126,1.0019992582436659
ssp370,0.9950633801816741
ssp585,0.996715950108797
