Key,Value
historical,0.9666386629631836
ssp126,0.955485473709104
ssp370,0.9475802989042709
ssp585,0.9496405455015047
