Key,Value
historical,0.9999999999999999
ssp126,0.986841991976631
ssp370,0.9868201174163901
ssp585,0.9865274403820679
