Key,Value
historical,0.9939774200763711
ssp126,0.985678634139868
ssp370,0.983215614344294
ssp585,0.9886315914024661
