Key,Value
historical,0.9892804821533744
ssp126,0.9860752072857514
ssp370,0.9834611898840759
ssp585,0.9870889635219585
