Key,Value
historical,0.9881617622345743
ssp126,0.9802291474510264
ssp370,0.9813167184716863
ssp585,0.9834652803936039
