Key,Value
historical,0.9999999999999999
ssp126,0.9892546397012978
ssp370,0.9835762089265626
ssp585,0.9808407033711022
