Key,Value
historical,1.005815157025999
ssp126,0.9985693236466283
ssp370,0.9987240980276043
ssp585,0.9972535541592166
