Key,Value
historical,1.0068308104278905
ssp126,0.998898153423161
ssp370,0.9972736218406066
ssp585,0.9984376547056613
