Key,Value
historical,0.9552545370905057
ssp126,0.940704738947979
ssp370,0.9384519184897593
ssp585,0.9329659950212846
