Key,Value
historical,0.9999999999999999
ssp126,0.989594819432324
ssp370,0.9895834429422745
ssp585,0.9858271850687818
