Key,Value
historical,1.0000000000000002
ssp126,0.9882791809563417
ssp370,0.982375447198278
ssp585,0.9799891289192244
