Key,Value
historical,1.0065878860393078
ssp126,0.991547482129209
ssp370,0.9897101248642756
ssp585,0.9812308437920175
