Key,Value
historical,1.0358290137707524
ssp126,1.033255452478967
ssp370,1.0222386529480383
ssp585,1.0187491872561174
