Key,Value
historical,0.9885449692532002
ssp126,0.9800157876708219
ssp370,0.9787508887657044
ssp585,0.9676349730512778
