Key,Value
historical,0.9563371574651266
ssp126,0.9584826612105657
ssp370,0.9564733791098391
ssp585,0.947324883826193
