Key,Value
historical,0.9519431023186112
ssp126,0.9386845674083171
ssp370,0.9431032234063588
ssp585,0.9343909824215436
