Key,Value
historical,0.9949312928413955
ssp126,0.976288760829929
ssp370,0.9602930021476178
ssp585,0.9587301648148968
