Key,Value
historical,0.9626885290148319
ssp126,0.9504882082961087
ssp370,0.9498425148327543
ssp585,0.9420528840665858
