Key,Value
historical,0.9983817837903572
ssp126,0.9866224742043107
ssp370,0.9828926668366782
ssp585,0.97944445491238
