Key,Value
historical,0.9868438642834931
ssp126,0.97095872898428
ssp370,0.9715242948667496
ssp585,0.9682082040933911
