Key,Value
historical,0.9999999999999999
ssp126,0.9934010038006852
ssp370,0.99513647759675
ssp585,0.993076250828811
