Key,Value
historical,0.9999999999999999
ssp126,0.9906855200891381
ssp370,0.9873359082754469
ssp585,0.9847897289688803
