Key,Value
historical,1.0081805484382007
ssp126,0.9912974902531206
ssp370,0.9836405593949433
ssp585,0.9872614515944917
