Key,Value
historical,0.9895301982387776
ssp126,0.978354072710156
ssp370,0.9803088285094578
ssp585,0.9823219163447767
