Key,Value
historical,1.0080974097719022
ssp126,0.9956184958682944
ssp370,0.991523673120511
ssp585,0.990265332873545
