Key,Value
historical,1.0009588155770168
ssp126,0.9846188385278719
ssp370,0.9777186848203316
ssp585,0.9649695902618393
