Key,Value
historical,1.0092681630121405
ssp126,0.9902734902804543
ssp370,0.9853293817263923
ssp585,0.9870305800402506
