Key,Value
historical,0.9999999999999999
ssp126,0.9904951779220265
ssp370,0.9859127159624901
ssp585,0.9837605147695025
