Key,Value
historical,1.0491336138880685
ssp126,1.042823085946311
ssp370,1.0263829538018223
ssp585,1.028399940962135
