Key,Value
historical,0.9999999999999999
ssp126,0.9944532316954952
ssp370,0.9938635472828261
ssp585,0.9883382747779891
