Key,Value
historical,0.9948861749869219
ssp126,0.9785846500779244
ssp370,0.9818376843508708
ssp585,0.9807141029995545
