Key,Value
historical,1.0000000000000002
ssp126,0.9902726218430217
ssp370,0.986748762520629
ssp585,0.9848463851699041
