Key,Value
historical,0.9551763253615003
ssp126,0.9338912539645028
ssp370,0.9369101683052843
ssp585,0.9312841566415941
