Key,Value
historical,0.9945479697855873
ssp126,0.9827726857307012
ssp370,0.9808063414698255
ssp585,0.9809898465356781
