Key,Value
historical,1.0060779667717652
ssp126,1.003173997901743
ssp370,1.0025193326631539
ssp585,1.0059003679279963
