Key,Value
historical,1.0005433756268247
ssp126,0.9799410342595292
ssp370,0.9765252752620719
ssp585,0.9551205127996315
