Key,Value
historical,1.0458991157324125
ssp126,1.0225979222730754
ssp370,1.033597846411241
ssp585,1.0093805669822986
