Key,Value
historical,0.9577661091063243
ssp126,0.9448984789742758
ssp370,0.9385002039240056
ssp585,0.9381925448703347
