Key,Value
historical,1.000938938156227
ssp126,0.9920624662106715
ssp370,0.9902229844839908
ssp585,0.9880465040871013
