Key,Value
historical,0.9718837842041019
ssp126,0.964259162716212
ssp370,0.9631234260535797
ssp585,0.9575851290313054
