Key,Value
historical,1.0103122131578057
ssp126,0.9993233518691307
ssp370,0.9940635765301248
ssp585,0.9878533135205503
