Key,Value
historical,0.957249546147122
ssp126,0.9390210138920418
ssp370,0.9414418082348915
ssp585,0.9299272706612582
