Key,Value
historical,0.9599737055588471
ssp126,0.9555217003117148
ssp370,0.9515342957076376
ssp585,0.9475018343033814
