Key,Value
historical,0.9505975904885171
ssp126,0.9441026761000271
ssp370,0.9350153192443277
ssp585,0.9412373691300574
