Key,Value
historical,1.0438688000228227
ssp126,1.0340844304004417
ssp370,1.0380703219767549
ssp585,1.0310774501002753
