Key,Value
historical,0.9547403339729662
ssp126,0.9395554278682566
ssp370,0.9409132148266315
ssp585,0.9415622903494215
