Key,Value
historical,1.0051592399450375
ssp126,0.9910288138658652
ssp370,0.9839481230035761
ssp585,0.9833720298959174
