Key,Value
historical,0.9634795545888309
ssp126,0.9521766328058832
ssp370,0.9463563604960629
ssp585,0.9504493728101427
