Key,Value
historical,0.9605528138628955
ssp126,0.9529285275269018
ssp370,0.9488289895496963
ssp585,0.9398027226177479
