Key,Value
historical,0.9999999999999999
ssp126,0.9918796034810384
ssp370,0.9937345304880412
ssp585,0.9960691708134721
