Key,Value
historical,1.0376272747368398
ssp126,1.0153854661721398
ssp370,1.0143133579489263
ssp585,1.008583399553376
