Key,Value
historical,1.0010436509530283
ssp126,0.9846557655138372
ssp370,0.9874572436766827
ssp585,0.9863905534279288
