Key,Value
historical,0.9670416092055922
ssp126,0.9578765681303973
ssp370,0.954177839749382
ssp585,0.9474718340012755
