Key,Value
historical,0.9783928365146543
ssp126,0.9719721231563125
ssp370,0.9683029868599288
ssp585,0.968984075350723
