Key,Value
historical,0.9999999999999999
ssp126,0.9888090388302144
ssp370,0.9876190311853994
ssp585,0.9872545657490175
