Key,Value
historical,1.0000325404803745
ssp126,1.000113037438173
ssp370,0.9977600979848832
ssp585,0.9994889290301119
