Key,Value
historical,0.999628992204062
ssp126,0.9987996215945187
ssp370,0.9992207609691013
ssp585,0.9981515256460459
