Key,Value
historical,1.0009666892224258
ssp126,0.9922408435749968
ssp370,0.9949272049070569
ssp585,0.9904046840452624
