Key,Value
historical,1.000504696675476
ssp126,0.9904737557148803
ssp370,0.9841425991162405
ssp585,0.9853098077373303
