Key,Value
historical,0.9508412961023135
ssp126,0.9367083422661281
ssp370,0.9366758480401001
ssp585,0.9326756522365979
