Key,Value
historical,0.960234173391255
ssp126,0.943392630443105
ssp370,0.935387032427369
ssp585,0.9356150798626272
