Key,Value
historical,1.0413539482597276
ssp126,1.0318560196002253
ssp370,1.027253280558284
ssp585,1.0362422112266585
