Key,Value
historical,1.0423545670014978
ssp126,1.036467786855932
ssp370,1.0409573911801682
ssp585,1.0302095688160295
