Key,Value
historical,0.9604751402548286
ssp126,0.9594422332908893
ssp370,0.9525415786587565
ssp585,0.9501576725779696
