Key,Value
historical,0.9955510614946042
ssp126,0.984835248487643
ssp370,0.9861657400581721
ssp585,0.98224816810963
