Key,Value
historical,1.0464720380028458
ssp126,1.0232825869536775
ssp370,1.0167594112531015
ssp585,1.0319912259287443
