Key,Value
historical,1.0389796410891683
ssp126,1.0296451270326106
ssp370,1.0285820896588143
ssp585,1.025634379968368
