Key,Value
historical,0.9909657833359534
ssp126,0.9758645705501386
ssp370,0.9622123673686814
ssp585,0.9657925681230214
