Key,Value
historical,0.9922523779911134
ssp126,0.987117890973701
ssp370,0.9845252572280524
ssp585,0.9812397413694184
