Key,Value
historical,0.992126923637636
ssp126,0.9706605846040267
ssp370,0.960385680157522
ssp585,0.9542416820302129
