Key,Value
historical,1.0094902123651717
ssp126,0.9996404996311755
ssp370,0.9973042820481077
ssp585,0.9944848382143631
