Key,Value
historical,0.9879179979512902
ssp126,0.9807099042335733
ssp370,0.9748875233915572
ssp585,0.9730381736927556
