Key,Value
historical,0.9665044224707598
ssp126,0.9464465013441444
ssp370,0.9368540892713204
ssp585,0.9249274158914605
