Key,Value
historical,1.0000000000000002
ssp126,0.9833015357336647
ssp370,0.9677573852351412
ssp585,0.969876806029021
