Key,Value
historical,0.9697223164464616
ssp126,0.9568515406229353
ssp370,0.957862242912925
ssp585,0.9571862504344091
