Key,Value
historical,1.0000000000000002
ssp126,0.9814528977530882
ssp370,0.9762865316832706
ssp585,0.9679732882909357
