Key,Value
historical,1.0080726581214074
ssp126,0.9973926676258591
ssp370,0.9956405796168702
ssp585,0.997941390889439
