Key,Value
historical,1.0096505673464558
ssp126,1.0019752927470331
ssp370,0.9979913916764892
ssp585,0.9963042870708994
