Key,Value
historical,0.9988124336685253
ssp126,0.9939578636524385
ssp370,0.991203478137213
ssp585,0.9877963025083105
