Key,Value
historical,0.9693899678191524
ssp126,0.9548021653692487
ssp370,0.9538073344794413
ssp585,0.9502164246453673
