Key,Value
historical,1.0004580468942468
ssp126,0.9938483893362343
ssp370,0.9884558898634374
ssp585,0.9902843666285203
