Key,Value
historical,0.9891854115658603
ssp126,0.9818763323936379
ssp370,0.9809243245604586
ssp585,0.9812339773397492
