Key,Value
historical,1.0441475770939457
ssp126,1.0269690220719037
ssp370,1.0377666548407323
ssp585,1.0319370931958067
