Key,Value
historical,0.9454373230742826
ssp126,0.9477027479478258
ssp370,0.9430444791841261
ssp585,0.9417245680758611
