Key,Value
historical,1.0000000000000002
ssp126,0.9843251082133223
ssp370,0.9822194628040225
ssp585,0.9774921162382713
