Key,Value
historical,1.0006770965873668
ssp126,0.9910911417607762
ssp370,0.9846956955007793
ssp585,0.9856590132668543
