Key,Value
historical,0.9583353815707392
ssp126,0.9417706363327991
ssp370,0.9384437339010189
ssp585,0.9418834730554596
