Key,Value
historical,0.9644592760284249
ssp126,0.9549968649023882
ssp370,0.9525094374472864
ssp585,0.9508751737021551
