Key,Value
historical,0.9999999999999999
ssp126,0.988503843183981
ssp370,0.9855817161113276
ssp585,0.9872143477728391
