Key,Value
historical,0.9998377670531357
ssp126,0.9924470185310965
ssp370,0.993411364080556
ssp585,0.989589991755732
