Key,Value
historical,1.0000000000000002
ssp126,0.9921680740986477
ssp370,0.9859274354591427
ssp585,0.9833676479015252
