Key,Value
historical,1.0539219218290423
ssp126,1.0394353838211128
ssp370,1.025992176570195
ssp585,1.0251409483645912
