Key,Value
historical,0.9729431808565703
ssp126,0.9688937266910335
ssp370,0.9666833035815412
ssp585,0.9600340576140499
