Key,Value
historical,0.9693464069883778
ssp126,0.9572548477185554
ssp370,0.9586666391791657
ssp585,0.9564292079136287
