Key,Value
historical,0.992703427008197
ssp126,0.9835459830572947
ssp370,0.9831907938500639
ssp585,0.9744199529880374
