Key,Value
historical,0.9919087338579947
ssp126,0.9848414875184304
ssp370,0.9847201351381645
ssp585,0.97842616070632
