Key,Value
historical,1.0501613997638635
ssp126,1.0351402949897526
ssp370,1.0412921320829316
ssp585,1.0321130955225282
