Key,Value
historical,1.045774108623315
ssp126,1.04066620059419
ssp370,1.0467667976222799
ssp585,1.0381501029821907
