Key,Value
historical,0.9899133324733954
ssp126,0.9847904565978552
ssp370,0.9806313087258086
ssp585,0.9804069214244693
