Key,Value
historical,1.0472812929300235
ssp126,1.0357008594644452
ssp370,1.0385969298958564
ssp585,1.0390838592393188
