Key,Value
historical,0.9503914379473025
ssp126,0.9405734093296207
ssp370,0.9336336989773719
ssp585,0.9351301995180429
