Key,Value
historical,1.0010461224202065
ssp126,0.9974287651358348
ssp370,0.9894252999655448
ssp585,0.9883035181451657
