Key,Value
historical,0.9409887342982204
ssp126,0.9275760980949245
ssp370,0.930959954974814
ssp585,0.9338869670816566
