Key,Value
historical,1.0077097240855668
ssp126,0.9973927164402467
ssp370,0.9946919720466867
ssp585,0.9940263246043872
