Key,Value
historical,0.9641068563617613
ssp126,0.9499373996303138
ssp370,0.9451868851904748
ssp585,0.94426839133222
