Key,Value
historical,0.9999999999999999
ssp126,0.9904294063894281
ssp370,0.9916969757639437
ssp585,0.9912003827657665
