Key,Value
historical,0.9673908214732019
ssp126,0.9497990478987679
ssp370,0.9388531232123577
ssp585,0.9367841889116724
