Key,Value
historical,1.0076334810674787
ssp126,0.9971020958868723
ssp370,0.9971208202417371
ssp585,1.0045599770367337
