Key,Value
historical,0.9471449658320679
ssp126,0.9288007195411037
ssp370,0.9307777877698825
ssp585,0.9333361001147981
