Key,Value
historical,1.0069092392901324
ssp126,0.990427899089325
ssp370,0.9915510644467662
ssp585,0.9874629166195208
