Key,Value
historical,1.0003067101876015
ssp126,0.9960344116871799
ssp370,0.9960401151911606
ssp585,0.994390057970031
