Key,Value
historical,0.9932475082313256
ssp126,0.9787812280127758
ssp370,0.966442341948985
ssp585,0.9658022588999831
