Key,Value
historical,1.0015373047492695
ssp126,0.9896968857650189
ssp370,0.9864750837874509
ssp585,0.9846026413886434
