Key,Value
historical,0.9885311590428763
ssp126,0.9763485235895879
ssp370,0.9700105040169367
ssp585,0.9689301853623971
