Key,Value
historical,0.9956266877720117
ssp126,0.9831493775517997
ssp370,0.9840521720149045
ssp585,0.982763553683315
