Key,Value
historical,1.000454625319963
ssp126,0.9953097853585207
ssp370,0.9953469440924747
ssp585,0.9908647402183204
