Key,Value
historical,1.0000000000000002
ssp126,0.9826764832696139
ssp370,0.9813355209659649
ssp585,0.9826472768229187
