Key,Value
historical,1.0000000000000002
ssp126,0.9803076321904797
ssp370,0.9823865871880849
ssp585,0.9834480793102263
