Key,Value
historical,1.0000000000000002
ssp126,0.9957832039644992
ssp370,0.9925538506734861
ssp585,0.9902231371579353
