Key,Value
historical,0.9762800209147797
ssp126,0.9623001433536934
ssp370,0.9556096365060414
ssp585,0.953505992120593
