Key,Value
historical,0.9996821217369491
ssp126,0.9913358434597809
ssp370,0.9956380729120035
ssp585,0.9953814282661106
