Key,Value
historical,1.009179826662952
ssp126,0.9981031662835713
ssp370,0.9988824806692095
ssp585,1.0053053201777578
