Key,Value
historical,0.9638218057709376
ssp126,0.9509010289267447
ssp370,0.9495656202342301
ssp585,0.947508928537071
