Key,Value
historical,1.0095900437203118
ssp126,1.0057399201298367
ssp370,1.002797819862749
ssp585,1.0032102997488954
