Key,Value
historical,1.0018108389581346
ssp126,0.991434049797804
ssp370,0.9891476924286343
ssp585,0.9861010524049292
