Key,Value
historical,0.936488710640772
ssp126,0.9300704946042392
ssp370,0.931800790450677
ssp585,0.9260638052311028
