Key,Value
historical,0.9674339567875153
ssp126,0.9493726976969594
ssp370,0.947361103686031
ssp585,0.9484891324619482
