Key,Value
historical,1.0070575493068166
ssp126,1.0008530593829197
ssp370,0.996045427762213
ssp585,1.0002889263881825
