Key,Value
historical,1.0000000000000002
ssp126,0.9847665308929028
ssp370,0.9763308268925094
ssp585,0.9745423454166544
