Key,Value
historical,0.9984718436034978
ssp126,0.9844126078966596
ssp370,0.9876414383483811
ssp585,0.9834936658350981
