Key,Value
historical,0.9643681241270958
ssp126,0.9532977336936472
ssp370,0.9444047803638056
ssp585,0.9434487932514857
