Key,Value
historical,0.9999999999999999
ssp126,0.9896130601292875
ssp370,0.9891539783721746
ssp585,0.9896909621337687
