Key,Value
historical,0.9899171116963054
ssp126,0.9757387427082547
ssp370,0.9682994408135802
ssp585,0.9679731795459231
