Key,Value
historical,1.0000000000000002
ssp126,0.9799964024387179
ssp370,0.9755002813250394
ssp585,0.9673043400735372
