Key,Value
historical,0.9674790261987625
ssp126,0.9588025999671552
ssp370,0.9558207721015399
ssp585,0.9546948458976251
