Key,Value
historical,0.9636059322070771
ssp126,0.9573634384043531
ssp370,0.9496504359166139
ssp585,0.9502344048425538
