Key,Value
historical,1.0071724511401283
ssp126,0.9972809686692662
ssp370,0.9960368978179374
ssp585,0.9959850498075397
