Key,Value
historical,1.0456298212792663
ssp126,1.029237481944946
ssp370,1.0236972034184642
ssp585,1.0234964454795323
