Key,Value
historical,1.0384390454029666
ssp126,1.0233299659554338
ssp370,1.0210802919964472
ssp585,1.0307762437747363
