Key,Value
historical,0.9638889779558889
ssp126,0.9485497076129336
ssp370,0.9468976883193481
ssp585,0.9490025938864668
