Key,Value
historical,0.9377382106452306
ssp126,0.9323955758756011
ssp370,0.932056381998051
ssp585,0.9310604601926763
