Key,Value
historical,1.0082026214252047
ssp126,1.0020883489227475
ssp370,1.0033232742473814
ssp585,0.9982181759560808
