Key,Value
historical,0.9898455926996923
ssp126,0.9799998478837348
ssp370,0.9718919496498386
ssp585,0.9645937905959417
