Key,Value
historical,0.9460858145091038
ssp126,0.9225675370576445
ssp370,0.9378238569103757
ssp585,0.9301058253260414
