Key,Value
historical,0.9640215758334425
ssp126,0.9431548848023213
ssp370,0.9427766670135348
ssp585,0.9397349296077904
