Key,Value
historical,1.0089656610632556
ssp126,0.9953245032305253
ssp370,0.9813696241629756
ssp585,0.9824582066285689
