Key,Value
historical,0.9732790713068529
ssp126,0.9635871205735335
ssp370,0.9645770047405279
ssp585,0.9617614368293187
