Key,Value
historical,0.9668500644802396
ssp126,0.9539429836703033
ssp370,0.9479357447372043
ssp585,0.9476961083285022
