Key,Value
historical,1.0355335684219324
ssp126,1.0187165381444618
ssp370,1.0122789302553057
ssp585,1.0267757904889714
