Key,Value
historical,1.0072865690631805
ssp126,1.0037744600092653
ssp370,1.0007541789920287
ssp585,1.000700204774569
