Key,Value
historical,0.9670297684406378
ssp126,0.936295552627717
ssp370,0.9296804458050663
ssp585,0.9190739849159013
