Key,Value
historical,1.0002738546674435
ssp126,0.9945115631944289
ssp370,0.9902182810341857
ssp585,0.9892672190566196
