Key,Value
historical,0.9416090215188524
ssp126,0.924362231215126
ssp370,0.922468157846393
ssp585,0.9218252090985523
