Key,Value
historical,1.0005400120121657
ssp126,0.9815137831341123
ssp370,0.9687921327963177
ssp585,0.9640764212439265
