Key,Value
historical,0.9931547550520397
ssp126,0.9742484125134286
ssp370,0.9601104519555667
ssp585,0.9604792194055674
