Key,Value
historical,0.9537414029904648
ssp126,0.941394359815464
ssp370,0.9378038158677562
ssp585,0.9357921343157349
