Key,Value
historical,1.0097189335410641
ssp126,1.0010642865671144
ssp370,0.9973072353143964
ssp585,0.9964493618792518
