Key,Value
historical,0.951172942923539
ssp126,0.9341937000403054
ssp370,0.9340035960009474
ssp585,0.9239128278113343
