Key,Value
historical,1.0000000000000002
ssp126,0.9781055523630067
ssp370,0.9784436564566078
ssp585,0.9654766740345727
