Key,Value
historical,0.9999999999999999
ssp126,0.9849661537799448
ssp370,0.9849647541013156
ssp585,0.9793636954092272
