Key,Value
historical,0.96385933079902
ssp126,0.9520459210165985
ssp370,0.9466468971720242
ssp585,0.943137164197296
