Key,Value
historical,0.9997711263997915
ssp126,0.9934215587100209
ssp370,0.987647300410295
ssp585,0.9877551099171203
