Key,Value
historical,1.0070938126528837
ssp126,0.9937373233630775
ssp370,0.9840845728173594
ssp585,0.9818646048728149
