Key,Value
historical,1.0099847210260937
ssp126,0.9970699316561681
ssp370,0.995855928903031
ssp585,0.9952688930907642
