Key,Value
historical,1.0363837273854386
ssp126,1.0321565771333312
ssp370,1.0298816369565484
ssp585,1.0323963884493872
