Key,Value
historical,0.9949859563827783
ssp126,0.985157577333457
ssp370,0.9809578138049113
ssp585,0.9824259616798182
