Key,Value
historical,0.946220843916906
ssp126,0.9380239516139842
ssp370,0.9340721481470131
ssp585,0.9307651283127628
