Key,Value
historical,0.9980821489032331
ssp126,0.99402792172075
ssp370,0.9920693642771463
ssp585,0.9946556877070157
