Key,Value
historical,0.9577838020424638
ssp126,0.9436496196387075
ssp370,0.9387571880690905
ssp585,0.9325802214418462
