Key,Value
historical,0.9403660331025172
ssp126,0.9280465224059651
ssp370,0.92290396477276
ssp585,0.9212627298944719
