Key,Value
historical,1.0058822068288449
ssp126,0.9970767399967726
ssp370,0.9910646239751542
ssp585,0.9896890621620166
