Key,Value
historical,0.9981133271066492
ssp126,0.9835530673207674
ssp370,0.9816790020758723
ssp585,0.9808022995503585
