Key,Value
historical,1.0455098227143382
ssp126,1.0410297775092003
ssp370,1.028518917904146
ssp585,1.0336726372729648
