Key,Value
historical,0.9921673962902705
ssp126,0.9767986036682478
ssp370,0.9612073839349998
ssp585,0.9624088494741523
