Key,Value
historical,1.0333732585153341
ssp126,1.0363358826177687
ssp370,1.0246800621691876
ssp585,1.0243528669167383
