Key,Value
historical,0.9984725142727339
ssp126,0.9870022582398209
ssp370,0.9852503854158404
ssp585,0.9871544192855658
