Key,Value
historical,0.9905870270469384
ssp126,0.9807415812957635
ssp370,0.9801999784762757
ssp585,0.9758788904010495
