Key,Value
historical,0.9997817787866154
ssp126,0.9999470775739382
ssp370,0.9974323380385035
ssp585,0.9992314807296233
