Key,Value
historical,0.9634918830053174
ssp126,0.9488581538986307
ssp370,0.9496970883248177
ssp585,0.9453749000532332
