Key,Value
historical,1.0400043236634133
ssp126,1.032528744810292
ssp370,1.0247590891209437
ssp585,1.0241732312618643
