Key,Value
historical,1.000248378110051
ssp126,0.9883073172539738
ssp370,0.9874169570155573
ssp585,0.9853196077730539
