Key,Value
historical,1.0000325404803745
ssp126,0.9924029031959003
ssp370,0.989224870616793
ssp585,0.9917396547799747
