Key,Value
historical,1.0077019993925331
ssp126,0.9959575505828061
ssp370,0.995569169484354
ssp585,0.9942830563271462
