Key,Value
historical,1.0358922010268186
ssp126,1.019514171576541
ssp370,1.0283820905972663
ssp585,1.0149922974605046
