Key,Value
historical,0.9937503936762887
ssp126,0.9886117513162305
ssp370,0.9859502860013625
ssp585,0.9846921579910837
