Key,Value
historical,0.9403660331025172
ssp126,0.9280465224059651
ssp370,0.918445735191356
ssp585,0.9183955833593745
