Key,Value
historical,0.9630574402650504
ssp126,0.9576410769213096
ssp370,0.9489631476823899
ssp585,0.9497884959036165
