Key,Value
historical,0.9517150259652563
ssp126,0.9348472506157044
ssp370,0.9278740431351465
ssp585,0.9278494335852193
