Key,Value
historical,0.9710134936408503
ssp126,0.9584528589344344
ssp370,0.9549467877018167
ssp585,0.9564419231582952
