Key,Value
historical,0.9590384967383485
ssp126,0.9500215285646629
ssp370,0.9474158381485783
ssp585,0.943056303744217
