Key,Value
historical,0.9988020612659627
ssp126,0.9924881858554611
ssp370,0.9920191881193765
ssp585,0.994484359522114
