Key,Value
historical,0.9999348787652705
ssp126,0.9942474083445206
ssp370,0.9907104820332217
ssp585,0.9898718280169392
