Key,Value
historical,0.9931547550520397
ssp126,0.9815260236741393
ssp370,0.9777388700317273
ssp585,0.9771098693754396
