Key,Value
historical,1.0000000000000002
ssp126,0.9813799023973994
ssp370,0.9824217577572891
ssp585,0.971723657838414
