Key,Value
historical,0.9691732658254958
ssp126,0.9386664356669258
ssp370,0.9424532664964039
ssp585,0.9395632587202664
