Key,Value
historical,0.9518518285205009
ssp126,0.9426665401323385
ssp370,0.9358744335020451
ssp585,0.9383925835994634
