Key,Value
historical,0.9999999999999999
ssp126,0.9891937728797235
ssp370,0.990188055515894
ssp585,0.9885781288402478
