Key,Value
historical,1.0000000000000002
ssp126,0.9895831809672642
ssp370,0.9864539786127955
ssp585,0.9891114182571048
