Key,Value
historical,1.0093238269198594
ssp126,0.993798845814543
ssp370,0.9867318712817469
ssp585,0.9890980277933573
