Key,Value
historical,0.9486686377244671
ssp126,0.9452378918238211
ssp370,0.9427562982781396
ssp585,0.9443528206953088
