Key,Value
historical,1.009009431472965
ssp126,1.0033828790902097
ssp370,1.0029367778929972
ssp585,0.9986915556835051
