Key,Value
historical,1.0000000000000002
ssp126,0.9880817693385766
ssp370,0.9875686990796275
ssp585,0.9807493771579431
