Key,Value
historical,1.0000000000000002
ssp126,1.001129411493771
ssp370,1.0005557628623272
ssp585,0.9965267410952039
