Key,Value
historical,0.9617821756289453
ssp126,0.9516543524963968
ssp370,0.94250451444675
ssp585,0.9428783333364199
