Key,Value
historical,1.0461118438136137
ssp126,1.0289810112608975
ssp370,1.0347861011281325
ssp585,1.0358438785134048
