Key,Value
historical,0.9955520710097835
ssp126,0.9784959655889484
ssp370,0.9774342275172848
ssp585,0.9857840974046642
