Key,Value
historical,0.992516369033426
ssp126,0.9781084265015716
ssp370,0.9790293565088607
ssp585,0.9791055506650366
