Key,Value
historical,0.9649320356225076
ssp126,0.9600843868484032
ssp370,0.9535858681809348
ssp585,0.9540888925354929
