Key,Value
historical,1.0316869513097828
ssp126,1.0289101023436114
ssp370,1.0330002613761413
ssp585,1.0271643980984975
