Key,Value
historical,1.0082810884440407
ssp126,0.9903112717177924
ssp370,0.9820984260708763
ssp585,0.9809489444654328
