Key,Value
historical,0.9887688501670967
ssp126,0.9771611516762394
ssp370,0.9691986793909257
ssp585,0.9590343998710918
