Key,Value
historical,0.9710720998382893
ssp126,0.955446904244557
ssp370,0.9569718986908666
ssp585,0.9487624351865549
