Key,Value
historical,1.0004765874416555
ssp126,0.9884616319900522
ssp370,0.9875203780061136
ssp585,0.9729788703273543
