Key,Value
historical,0.9949280804658538
ssp126,0.9836384556518034
ssp370,0.9832071170589238
ssp585,0.9757287759302338
