Key,Value
historical,0.9594825266795902
ssp126,0.9557726540600966
ssp370,0.9493954643475182
ssp585,0.9466277564341095
