Key,Value
historical,1.0000000000000002
ssp126,0.9897818633850772
ssp370,0.9878259362238448
ssp585,0.988077148089777
