Key,Value
historical,0.9659924033169999
ssp126,0.9569421662015474
ssp370,0.9545108881373738
ssp585,0.9494088384679499
