Key,Value
historical,0.9512969449401592
ssp126,0.9341560686389616
ssp370,0.9355283640772045
ssp585,0.9400714357279305
