Key,Value
historical,0.962814225214672
ssp126,0.9433778496015222
ssp370,0.9357575349599233
ssp585,0.9320372510967672
