Key,Value
historical,0.9999999999999999
ssp126,0.9918765989980387
ssp370,0.9881773027743934
ssp585,0.9895729656559618
