Key,Value
historical,0.9678695005825171
ssp126,0.9551266626533158
ssp370,0.9553444045255274
ssp585,0.952239455226582
