Key,Value
historical,1.0000000000000002
ssp126,0.9896964795396025
ssp370,0.9838364817219247
ssp585,0.9854866750685289
