Key,Value
historical,1.0000000000000002
ssp126,0.982032803871612
ssp370,0.972986540929587
ssp585,0.9734241183583066
