Key,Value
historical,0.954031424331127
ssp126,0.9403623555295103
ssp370,0.9380962395348922
ssp585,0.9437136271896738
