Key,Value
historical,0.9999999999999999
ssp126,0.9918794700796656
ssp370,0.9926161433080147
ssp585,0.9951318778376002
