Key,Value
historical,1.0096742839332038
ssp126,1.0066776305666143
ssp370,1.0027744066494864
ssp585,1.0014412957702676
