Key,Value
historical,0.9919631183821526
ssp126,0.9843700243384156
ssp370,0.9821730390703723
ssp585,0.9796764307929966
