Key,Value
historical,1.0090249985105164
ssp126,0.9992156948715765
ssp370,0.9984011036227383
ssp585,0.9980237234933089
