Key,Value
historical,0.9885772787429226
ssp126,0.9827720310759295
ssp370,0.9776013104814683
ssp585,0.9760927413958069
