Key,Value
historical,1.0000000000000002
ssp126,0.9857254841767087
ssp370,0.9778481347748517
ssp585,0.9711660581694977
