Key,Value
historical,1.0075485088887985
ssp126,1.0046048164657422
ssp370,0.9990302128245632
ssp585,0.9999536143213338
