Key,Value
historical,1.0093974724266614
ssp126,0.9993562880376905
ssp370,0.9976781874258853
ssp585,0.9966897537536681
