Key,Value
historical,0.9600402335786244
ssp126,0.9490065068103198
ssp370,0.9476477712065274
ssp585,0.950429481635404
