Key,Value
historical,1.0000000000000002
ssp126,0.9814289619858946
ssp370,0.9802917374437794
ssp585,0.9767508420689807
