Key,Value
historical,1.0013409297542863
ssp126,0.9909971956536212
ssp370,0.9878693228049077
ssp585,0.9901092530776515
