Key,Value
historical,0.9617636211404276
ssp126,0.9452720639795811
ssp370,0.9381400202685782
ssp585,0.9355069771652335
