Key,Value
historical,0.9637249575785807
ssp126,0.9513352315711386
ssp370,0.946400663474457
ssp585,0.950816822481861
