Key,Value
historical,0.9986567510096397
ssp126,0.9857674518555032
ssp370,0.9815203254147137
ssp585,0.9793448222295414
