Key,Value
historical,0.9486686377244671
ssp126,0.9445082312322433
ssp370,0.9399092869170926
ssp585,0.9388474238807498
