Key,Value
historical,0.9633698584420605
ssp126,0.9414006580322078
ssp370,0.919654616941599
ssp585,0.9231597975121268
