Key,Value
historical,1.0009597116984037
ssp126,0.9876635465969201
ssp370,0.9621310368237951
ssp585,0.9647768589512054
