Key,Value
historical,0.9995751054083833
ssp126,0.9826677862318827
ssp370,0.9782086708103019
ssp585,0.9784125164971078
