Key,Value
historical,1.043666792924752
ssp126,1.0328351626933363
ssp370,1.0265712184749183
ssp585,1.0324100665054181
