Key,Value
historical,0.9895100716882891
ssp126,0.9831193147162683
ssp370,0.9741088389718464
ssp585,0.9749491869793255
