Key,Value
historical,0.9640231294728796
ssp126,0.9548478904217709
ssp370,0.9521645853617114
ssp585,0.9482020498199891
