Key,Value
historical,0.9721121855269785
ssp126,0.9668205257122551
ssp370,0.964724529637379
ssp585,0.9610977435119967
