Key,Value
historical,0.9999999999999999
ssp126,0.9915167286383529
ssp370,0.9891915342251375
ssp585,0.9899126458597417
