Key,Value
historical,0.9987842351660854
ssp126,0.9816210378053154
ssp370,0.9761972575954491
ssp585,0.9729222757895519
