Key,Value
historical,1.0535890821851408
ssp126,1.0347665607365668
ssp370,1.035194910649786
ssp585,1.040846380435003
