Key,Value
historical,1.03408085710979
ssp126,1.0315054186061157
ssp370,1.0326411747078952
ssp585,1.032735145499205
