Key,Value
historical,0.9558853774964956
ssp126,0.947821079231705
ssp370,0.9445915960305142
ssp585,0.9490463858430536
