Key,Value
historical,0.992824619814027
ssp126,0.9772838457121074
ssp370,0.9789193242668941
ssp585,0.9653988094818194
