Key,Value
historical,0.9999999999999999
ssp126,0.9903838143135137
ssp370,0.9889399470997152
ssp585,0.9878806542199602
