Key,Value
historical,1.0004166954549552
ssp126,0.9904778948818026
ssp370,0.9918442622713494
ssp585,0.9901734692638784
