Key,Value
historical,1.0000000000000002
ssp126,0.9860325074299765
ssp370,0.9761678778085013
ssp585,0.9706937884763814
