Key,Value
historical,1.0434405413033594
ssp126,1.022638596050288
ssp370,1.021731572229166
ssp585,1.0131896035737016
