Key,Value
historical,0.9754710752546748
ssp126,0.9590412615452412
ssp370,0.9545281550487718
ssp585,0.9508408574926852
