Key,Value
historical,1.0071073074931876
ssp126,0.9950192029712747
ssp370,0.9943616473121436
ssp585,0.9922364149848211
