Key,Value
historical,0.9923099551722655
ssp126,0.9888758076749282
ssp370,0.9874624410658688
ssp585,0.9852117817713943
