Key,Value
historical,0.9614373496551569
ssp126,0.9517420745446464
ssp370,0.9526894333341942
ssp585,0.9513248884378755
