Key,Value
historical,0.9901301669951049
ssp126,0.9818621709756081
ssp370,0.98055649916354
ssp585,0.9747957953884638
