Key,Value
historical,0.9999999999999999
ssp126,0.990308182510229
ssp370,0.9840896884725628
ssp585,0.981654014402189
