Key,Value
historical,0.9999999999999999
ssp126,0.9881049719324232
ssp370,0.9850166010590569
ssp585,0.985152425766144
