Key,Value
historical,1.0097944004294346
ssp126,0.9977185591521985
ssp370,0.9968716227861812
ssp585,0.9969529007730519
