Key,Value
historical,0.9505975904885171
ssp126,0.9401559954341542
ssp370,0.9350153192443277
ssp585,0.9279596667621198
