Key,Value
historical,0.9995072684977833
ssp126,0.9914012868586184
ssp370,0.9945829426139476
ssp585,0.99441506148934
