Key,Value
historical,0.9878990160698341
ssp126,0.9739363219118656
ssp370,0.9697613972087348
ssp585,0.9679495656008408
