Key,Value
historical,1.0069482487163044
ssp126,1.0031141929700491
ssp370,1.0021714756605709
ssp585,1.0036087015313722
