Key,Value
historical,1.0109885109210932
ssp126,1.0027075993787165
ssp370,1.0090869815475523
ssp585,1.0101763634155405
