Key,Value
historical,1.0110258172855042
ssp126,1.0078264949691422
ssp370,1.0074717402009061
ssp585,1.0048042174706269
