Key,Value
historical,1.0077308840843553
ssp126,1.0015057409632138
ssp370,1.000360814963002
ssp585,0.999801566099334
