Key,Value
historical,1.0072518559614563
ssp126,0.9966391802497037
ssp370,0.9933844710797582
ssp585,0.9943439598121401
