Key,Value
historical,0.9605566700158659
ssp126,0.9406391872714545
ssp370,0.9392269516605876
ssp585,0.9361212319895347
