Key,Value
historical,0.9677829006284068
ssp126,0.9578448463131758
ssp370,0.9521029750100767
ssp585,0.9531439798841287
