Key,Value
historical,1.000734103045867
ssp126,0.9882656496868943
ssp370,0.9875293864440308
ssp585,0.9858819315202786
