Key,Value
historical,0.9639626254218379
ssp126,0.9550211352810791
ssp370,0.9477959301841248
ssp585,0.9480215517605418
