Key,Value
historical,0.9710720998382893
ssp126,0.9528306261701577
ssp370,0.9511697606345577
ssp585,0.94712666945615
