Key,Value
historical,0.9628043517737542
ssp126,0.9420905948831683
ssp370,0.9273210101345981
ssp585,0.9294022987445067
