Key,Value
historical,0.9719318385273046
ssp126,0.9645213252511436
ssp370,0.9608177900673507
ssp585,0.9595494634204859
