Key,Value
historical,1.043889992392081
ssp126,1.036586218211068
ssp370,1.0344557854476877
ssp585,1.0322051894068185
