Key,Value
historical,0.992116108780109
ssp126,0.9698319165312166
ssp370,0.9641894303655496
ssp585,0.9592280234505117
