Key,Value
historical,1.0000000000000002
ssp126,0.9832233880438036
ssp370,0.9824860104859404
ssp585,0.9777936054369523
