Key,Value
historical,0.9616705577720475
ssp126,0.9497623166476059
ssp370,0.9462017489019441
ssp585,0.9463860544902751
