Key,Value
historical,1.0458991157324125
ssp126,1.0308651705196772
ssp370,1.033597846411241
ssp585,1.0261244295410752
