Key,Value
historical,1.001937314782302
ssp126,0.990895984009654
ssp370,0.9866050217806647
ssp585,0.9827766025870245
