Key,Value
historical,0.9945782233864473
ssp126,0.982660034045155
ssp370,0.9843341415429399
ssp585,0.9851637347982763
