Key,Value
historical,0.9978271623011363
ssp126,0.9910663114838881
ssp370,0.9857621120998532
ssp585,0.9858728636697669
