Key,Value
historical,1.0072748522058461
ssp126,1.0038434210785845
ssp370,1.0017797018931849
ssp585,0.9985375270949943
