Key,Value
historical,1.0000000000000002
ssp126,0.9850804261418726
ssp370,0.983369037862799
ssp585,0.9797056117793744
