Key,Value
historical,1.000707139641825
ssp126,0.9909477366484972
ssp370,0.990747601442213
ssp585,0.9996842242195929
