Key,Value
historical,1.0011039194407516
ssp126,0.9871580721851938
ssp370,0.9858298416087325
ssp585,0.9798618350664494
