Key,Value
historical,0.9684444624046371
ssp126,0.9609193697250996
ssp370,0.9587966208894242
ssp585,0.9551550133635764
