Key,Value
historical,1.0095900437203118
ssp126,1.0056079935649829
ssp370,1.0046246321966943
ssp585,1.001292845261188
