Key,Value
historical,1.0095978289592902
ssp126,1.000236656800807
ssp370,0.994375609449077
ssp585,0.9912246225277773
