Key,Value
historical,0.998868658754466
ssp126,0.9904240339793202
ssp370,0.9889644765252094
ssp585,0.9869996782688427
