Key,Value
historical,0.9921961221711368
ssp126,0.9735593442973585
ssp370,0.9693659398273238
ssp585,0.9683449428558333
