Key,Value
historical,0.9514695078276078
ssp126,0.9377169510200634
ssp370,0.9420797130503066
ssp585,0.9319396577108678
