Key,Value
historical,1.0000000000000002
ssp126,0.9824371866510021
ssp370,0.97768950900303
ssp585,0.9745265798408468
