Key,Value
historical,1.0374909588793066
ssp126,1.0379806456464225
ssp370,1.0422802248338108
ssp585,1.037608086536696
