Key,Value
historical,0.9619430811089447
ssp126,0.9459425627215722
ssp370,0.938124563381596
ssp585,0.9405637459193605
