Key,Value
historical,0.9489993275028699
ssp126,0.9370015658541282
ssp370,0.936325721177887
ssp585,0.9422349713778957
