Key,Value
historical,0.9947212177800113
ssp126,0.9913962817783326
ssp370,0.992023738039678
ssp585,0.993275945842816
