Key,Value
historical,0.9465511642297418
ssp126,0.9337725197766319
ssp370,0.9288548576153198
ssp585,0.9175075830748827
