Key,Value
historical,1.0087784007356007
ssp126,0.994577783231478
ssp370,0.9926110143521457
ssp585,0.992092263076503
