Key,Value
historical,0.9920321113571532
ssp126,0.9853844879037881
ssp370,0.986047335753199
ssp585,0.9820813503165271
