Key,Value
historical,1.0442147761148806
ssp126,1.033794504656186
ssp370,1.0341366221197539
ssp585,1.0316735722165704
