Key,Value
historical,0.9686797891945843
ssp126,0.9564550514295634
ssp370,0.9528694985871117
ssp585,0.9522319408631801
