Key,Value
historical,0.9999999999999999
ssp126,0.9988170672170755
ssp370,0.9967456692833642
ssp585,0.9981604810652959
