Key,Value
historical,1.0368866151379172
ssp126,1.0311409074223206
ssp370,1.021067135756677
ssp585,1.0160910175336102
