Key,Value
historical,0.9456776829283549
ssp126,0.9310517980488032
ssp370,0.930583460438041
ssp585,0.9362967819745568
