Key,Value
historical,1.0521570732091068
ssp126,1.0340586608722393
ssp370,1.0299172827875187
ssp585,1.037139366609265
