Key,Value
historical,1.0018952972221484
ssp126,0.9912206346098799
ssp370,0.9862942638307818
ssp585,0.9898011329853796
