Key,Value
historical,1.0085062291662195
ssp126,0.9881621757191595
ssp370,0.9883641699673971
ssp585,0.9782991211910719
