Key,Value
historical,1.0440244705344468
ssp126,1.026219498532441
ssp370,1.0297663279044573
ssp585,1.04158782155835
