Key,Value
historical,1.0000000000000002
ssp126,0.9808866867364949
ssp370,0.9816854747324736
ssp585,0.9704174040891101
