Key,Value
historical,0.9918585032501406
ssp126,0.9787747714348117
ssp370,0.9788385477743888
ssp585,0.980184174206459
