Key,Value
historical,0.9675251306018874
ssp126,0.9542865860555932
ssp370,0.9504254036836713
ssp585,0.946749564133771
