Key,Value
historical,1.0633880184228668
ssp126,1.0500250299743814
ssp370,1.0480351148145333
ssp585,1.044391537335138
