Key,Value
historical,0.9450726057437631
ssp126,0.9389822622037634
ssp370,0.936847205789455
ssp585,0.9353166596955268
