Key,Value
historical,1.0077075962276671
ssp126,0.9977594607341185
ssp370,0.9944757878508027
ssp585,0.9891605901397423
