Key,Value
historical,0.9999999999999999
ssp126,0.9886687822425304
ssp370,0.9856509035576608
ssp585,0.9872664681495835
