Key,Value
historical,1.007727407573167
ssp126,0.9991662329204948
ssp370,1.000255861206691
ssp585,1.0015807293171466
