Key,Value
historical,0.9891042711737971
ssp126,0.9808645700782019
ssp370,0.9791013925936223
ssp585,0.9757428887976761
