Key,Value
historical,1.00047886257184
ssp126,0.9774019738287827
ssp370,0.9705897553012844
ssp585,0.9574617742503592
