Key,Value
historical,0.9950236080715854
ssp126,0.9642180590787497
ssp370,0.9566273150984099
ssp585,0.9528980372267649
