Key,Value
historical,0.9999999999999999
ssp126,0.9935105209154802
ssp370,0.9877036787078086
ssp585,0.9872583051333527
