Key,Value
historical,0.9547409885420929
ssp126,0.9401885817991973
ssp370,0.9368330739171883
ssp585,0.9341710251259567
