Key,Value
historical,0.9508332566879071
ssp126,0.9493994808412541
ssp370,0.9538329046939619
ssp585,0.9457665359554998
