Key,Value
historical,0.9922002031731938
ssp126,0.9791555713668664
ssp370,0.9806749178046476
ssp585,0.980799252314572
