Key,Value
historical,0.9892532953966262
ssp126,0.970845548479694
ssp370,0.9699923019740219
ssp585,0.9742378306098205
