Key,Value
historical,1.0000000000000002
ssp126,0.9874449592172306
ssp370,0.983916367997657
ssp585,0.9762813140418969
