Key,Value
historical,0.9935500514425322
ssp126,0.9753351665164244
ssp370,0.9705719358763755
ssp585,0.956297353378835
