Key,Value
historical,1.0066779956825058
ssp126,1.0008160105839745
ssp370,0.9947332501196541
ssp585,0.9947922203991227
