Key,Value
historical,0.9472274524504618
ssp126,0.9438586355163243
ssp370,0.9393922064096636
ssp585,0.9398533651022636
