Key,Value
historical,0.9452178040949342
ssp126,0.9394863572359788
ssp370,0.9301536844645658
ssp585,0.9279828103645116
