Key,Value
historical,1.0400043236634133
ssp126,1.0323106862969424
ssp370,1.0279071124930863
ssp585,1.031255219888741
