Key,Value
historical,0.9581894140298267
ssp126,0.9475656678363824
ssp370,0.9405762722673341
ssp585,0.9408444026066949
