Key,Value
historical,0.9631293427743761
ssp126,0.9379666255238923
ssp370,0.9385936194403683
ssp585,0.9417183537259914
