Key,Value
historical,0.9999999999999999
ssp126,0.989602590137061
ssp370,0.9853668391809248
ssp585,0.9840748893108605
