Key,Value
historical,1.0532197187839316
ssp126,1.0556686478340178
ssp370,1.0557265264260498
ssp585,1.0473786039419712
