Key,Value
historical,1.041081962068526
ssp126,1.0344789153664962
ssp370,1.0403621031013157
ssp585,1.0356476665457048
