Key,Value
historical,1.0000000000000002
ssp126,0.98156117648493
ssp370,0.9808600473556943
ssp585,0.9781781312176022
