Key,Value
historical,1.0011173194697687
ssp126,0.9949186231203166
ssp370,0.9955936776323987
ssp585,0.9935880999575425
