Key,Value
historical,0.9719318385273046
ssp126,0.9671406793542388
ssp370,0.9655619455746337
ssp585,0.9606024280594646
