Key,Value
historical,0.9999999999999999
ssp126,0.9933814501553598
ssp370,0.9906493231245568
ssp585,0.9920339276698744
