Key,Value
historical,1.04537118292672
ssp126,1.0313027137717719
ssp370,1.032920965326592
ssp585,1.0305655230360455
