Key,Value
historical,0.9622474409876107
ssp126,0.9468972305931417
ssp370,0.9404115996490222
ssp585,0.9456843199054081
