Key,Value
historical,1.0002920126192953
ssp126,0.9903623310325751
ssp370,0.993054442171421
ssp585,0.9940855595882403
