Key,Value
historical,0.9475771235908508
ssp126,0.9350466802415671
ssp370,0.9398556209843429
ssp585,0.9441288340216342
