Key,Value
historical,0.9999999999999999
ssp126,0.9842975786378257
ssp370,0.9861389288029324
ssp585,0.9808592243903136
