Key,Value
historical,1.0002545344097686
ssp126,0.9908496119054144
ssp370,0.9879961050459848
ssp585,0.9894063312759872
