Key,Value
historical,0.9732282951681612
ssp126,0.971374886499989
ssp370,0.9671753997054903
ssp585,0.9713853954677125
