Key,Value
historical,1.0000000000000002
ssp126,0.987708457189732
ssp370,0.980351118172395
ssp585,0.9732243428502143
