Key,Value
historical,0.9705285295810052
ssp126,0.9631910379946522
ssp370,0.9543091272132024
ssp585,0.9566779684523982
