Key,Value
historical,0.9912367152851221
ssp126,0.9697596276181937
ssp370,0.9675988917992957
ssp585,0.9638067568197889
