Key,Value
historical,0.9689323933863129
ssp126,0.9596800263840375
ssp370,0.9611296187875672
ssp585,0.9442189589424463
