Key,Value
historical,1.0295895476745582
ssp126,1.0305351695202487
ssp370,1.0318266350912915
ssp585,1.0292545325110696
