Key,Value
historical,1.043246109382016
ssp126,1.0422956374507615
ssp370,1.0347578686656425
ssp585,1.0248283183987301
