Key,Value
historical,1.0075117376033056
ssp126,0.9981372483161258
ssp370,0.9990103220519471
ssp585,0.9957508685084508
