Key,Value
historical,0.9721121855269785
ssp126,0.9633393988739547
ssp370,0.9593664679188586
ssp585,0.9563663010850914
