Key,Value
historical,1.0598305077296815
ssp126,1.0368297780097395
ssp370,1.0269434902705978
ssp585,1.0296058554056444
