Key,Value
historical,0.9623566305915189
ssp126,0.9497689176846978
ssp370,0.9424167548998016
ssp585,0.9413532308306597
