Key,Value
historical,0.9648076549626586
ssp126,0.958301668134948
ssp370,0.95285366193962
ssp585,0.9492186761924173
