Key,Value
historical,0.9650899851852118
ssp126,0.9589728080094768
ssp370,0.9584575299282014
ssp585,0.956812349167356
