Key,Value
historical,0.9704540883234342
ssp126,0.9556339727338682
ssp370,0.951700642905176
ssp585,0.9536335308867894
