Key,Value
historical,1.057972517129034
ssp126,1.0421344140145894
ssp370,1.0357473286911607
ssp585,1.0401728630632678
