Key,Value
historical,0.943412893789013
ssp126,0.9259530306757014
ssp370,0.921325890381671
ssp585,0.9183349921025439
