Key,Value
historical,1.0000000000000002
ssp126,0.9766829645524259
ssp370,0.9687395036238372
ssp585,0.9581341157192523
