Key,Value
historical,1.0464942453073576
ssp126,1.0486996022664816
ssp370,1.0427749513199651
ssp585,1.045407591858081
