Key,Value
historical,1.001006090829849
ssp126,0.9963564871848773
ssp370,0.9965474033100182
ssp585,0.9977840733088726
