Key,Value
historical,0.9943138276419651
ssp126,0.9723785781209647
ssp370,0.9755545492994542
ssp585,0.974426627755438
