Key,Value
historical,1.0464720380028458
ssp126,1.0367162006259474
ssp370,1.037415022379451
ssp585,1.0319912259287443
