Key,Value
historical,0.9447597147308874
ssp126,0.937126069050089
ssp370,0.9347012234913112
ssp585,0.9400979063759328
