Key,Value
historical,0.9732282951681612
ssp126,0.9705645107312758
ssp370,0.9599751723593141
ssp585,0.9643598978980068
