Key,Value
historical,1.043246109382016
ssp126,1.0452046208761092
ssp370,1.0487217170281191
ssp585,1.0418418253440527
