Key,Value
historical,0.98980101829544
ssp126,0.9705412888367969
ssp370,0.9636355918090311
ssp585,0.9571483684183448
