Key,Value
historical,1.0000573849627719
ssp126,0.9923498919077518
ssp370,0.9926557338693763
ssp585,0.9908216702032824
