Key,Value
historical,1.0072759733962005
ssp126,0.9917026091597214
ssp370,0.9932800628437645
ssp585,0.9967975869685667
