Key,Value
historical,1.0291812624432297
ssp126,1.0234257654065033
ssp370,1.0238099170237336
ssp585,1.0218863603392814
