Key,Value
historical,0.9677031872470891
ssp126,0.954160309815916
ssp370,0.9486839508208
ssp585,0.9495685397577174
