Key,Value
historical,1.0079390345953678
ssp126,0.999980751768217
ssp370,0.9996707032228708
ssp585,0.9985958715964042
