Key,Value
historical,1.0000000000000002
ssp126,0.9869797864220673
ssp370,0.9864042878732073
ssp585,0.9758927912147607
