Key,Value
historical,0.9659744124871298
ssp126,0.9589664951243653
ssp370,0.9557500316991945
ssp585,0.9515229528041135
