Key,Value
historical,1.0065878860393078
ssp126,0.996115774467886
ssp370,0.9947524178895575
ssp585,0.9966719435559788
