Key,Value
historical,0.9689323933863129
ssp126,0.953760976145957
ssp370,0.9509881469216133
ssp585,0.9410941264450181
