Key,Value
historical,0.9868438642834931
ssp126,0.9643529548797027
ssp370,0.9580120565026101
ssp585,0.9532222061966422
