Key,Value
historical,0.9670336148833613
ssp126,0.9532688068650754
ssp370,0.9522798677914395
ssp585,0.9492236467998231
