Key,Value
historical,1.0105740463222397
ssp126,1.0018579946235857
ssp370,1.0029846826920483
ssp585,1.0045301240246511
