Key,Value
historical,1.0291812624432297
ssp126,1.024591350044898
ssp370,1.0290491273827893
ssp585,1.0218863603392814
