Key,Value
historical,0.9999999999999999
ssp126,0.9857775129533823
ssp370,0.9852486700970565
ssp585,0.983129783230578
