Key,Value
historical,0.9886749463136261
ssp126,0.9732297100010807
ssp370,0.9764041060572256
ssp585,0.9692024262062028
