Key,Value
historical,1.0000000000000002
ssp126,0.9884229671214149
ssp370,0.9872565667884928
ssp585,0.9788890536741351
