Key,Value
historical,1.0655266884162204
ssp126,1.031736541190001
ssp370,1.0254681312471408
ssp585,1.0293480339071333
