Key,Value
historical,0.9994040158672571
ssp126,0.9917251530412287
ssp370,0.9856423649798608
ssp585,0.983378127185671
