Key,Value
historical,0.9899466072461561
ssp126,0.9779444744278084
ssp370,0.9753002722551936
ssp585,0.9782078429710072
