Key,Value
historical,1.0016149634404579
ssp126,0.9915612423396974
ssp370,0.9920176592216867
ssp585,0.9964431848100376
