Key,Value
historical,1.0420496985887906
ssp126,1.0254987176270371
ssp370,1.043629171432103
ssp585,1.0445812849765606
