Key,Value
historical,1.00937524974255
ssp126,1.0057662864869708
ssp370,1.0069714430953547
ssp585,1.0078940057159338
