Key,Value
historical,1.0106576572049986
ssp126,1.0054328062018874
ssp370,0.9992375400519274
ssp585,0.9985814538653792
