Key,Value
historical,0.9999999999999999
ssp126,0.993628615076124
ssp370,0.9927943285569205
ssp585,0.9900234548172552
