Key,Value
historical,0.9999999999999999
ssp126,0.9873977475796771
ssp370,0.9824540281885137
ssp585,0.9848385268926788
