Key,Value
historical,0.9999999999999999
ssp126,0.9912413433836428
ssp370,0.9907425399867166
ssp585,0.9924710790573422
