Key,Value
historical,1.000560540512089
ssp126,0.9892348082935248
ssp370,0.9882853455391042
ssp585,0.9894514464393563
