Key,Value
historical,0.9994824337150953
ssp126,0.9775219014602006
ssp370,0.9734603201079715
ssp585,0.9734832779432439
