Key,Value
historical,0.9998881255091003
ssp126,0.9898053028682284
ssp370,0.9893179334277729
ssp585,0.9896611062825691
