Key,Value
historical,1.0012571328903894
ssp126,0.9851110632781288
ssp370,0.9844885857500193
ssp585,0.9883401305703622
