Key,Value
historical,1.007458483257566
ssp126,0.9974175027971198
ssp370,0.9979074330679496
ssp585,0.9997797191710507
