Key,Value
historical,1.007281988909337
ssp126,1.0035629173809053
ssp370,1.0031918398853614
ssp585,1.0041974951347579
