Key,Value
historical,1.0021385019988545
ssp126,0.9961978107544999
ssp370,0.9916588579092804
ssp585,0.9863587572988456
