Key,Value
historical,0.9598978157936735
ssp126,0.9447604100735905
ssp370,0.9269492645860475
ssp585,0.9296772097940624
