Key,Value
historical,0.9460858145091038
ssp126,0.9432278782396545
ssp370,0.9245249430101827
ssp585,0.9241237376147721
