Key,Value
historical,0.9462988675825339
ssp126,0.9378693291916586
ssp370,0.9374988689720242
ssp585,0.9328652303202857
