Key,Value
historical,1.007942167723166
ssp126,1.0047570261654395
ssp370,1.0039961616970905
ssp585,0.9993227874002465
