Key,Value
historical,0.9461760236065827
ssp126,0.9363212021721765
ssp370,0.9415446081231194
ssp585,0.9375497976870414
