Key,Value
historical,1.0006861304595782
ssp126,0.9973241376269318
ssp370,0.9956477248763275
ssp585,0.9976267977331558
