Key,Value
historical,0.9617425941412646
ssp126,0.9491466509793007
ssp370,0.9412417209354064
ssp585,0.9403910525165801
