Key,Value
historical,0.9651198938078827
ssp126,0.9458252472383077
ssp370,0.9460358418296512
ssp585,0.9381224390040733
