Key,Value
historical,0.9732942316102824
ssp126,0.965865005170261
ssp370,0.9624211515008501
ssp585,0.961003697398875
