Key,Value
historical,0.9438403389277054
ssp126,0.9248527990155448
ssp370,0.9306154847039279
ssp585,0.9281633064162319
