Key,Value
historical,0.9919087338579947
ssp126,0.9868911425902629
ssp370,0.9848720055582962
ssp585,0.981006832185486
