Key,Value
historical,1.009420529164404
ssp126,0.9974979556695457
ssp370,0.9956626137053932
ssp585,0.9968616549862209
