Key,Value
historical,1.0394642430781855
ssp126,1.0196440961617723
ssp370,1.0207482960098169
ssp585,1.0217276966032516
