Key,Value
historical,1.0098284123471037
ssp126,1.006853264036456
ssp370,1.0026317341667992
ssp585,1.0014051168875708
