Key,Value
historical,0.9595857971525017
ssp126,0.9493730071734863
ssp370,0.9395815714149176
ssp585,0.9457811794786687
