Key,Value
historical,0.9663985725955938
ssp126,0.9574615546494537
ssp370,0.958104435498326
ssp585,0.9534543191767569
