Key,Value
historical,1.0000000000000002
ssp126,0.9947633528006199
ssp370,0.9906068753207233
ssp585,0.9903857998318761
