Key,Value
historical,1.0400721261676291
ssp126,1.0193219435855594
ssp370,1.0110571468634322
ssp585,1.029467266582198
