Key,Value
historical,1.0000000000000002
ssp126,0.9837359812247343
ssp370,0.9823397211111106
ssp585,0.9843340810753861
