Key,Value
historical,0.9674790261987625
ssp126,0.9557866576509367
ssp370,0.9514349666578708
ssp585,0.9484506538698312
