Key,Value
historical,0.9999999999999999
ssp126,0.9837716308646665
ssp370,0.9820369738283349
ssp585,0.9783199052066678
