Key,Value
historical,0.9983399534861195
ssp126,0.9883858454197232
ssp370,0.9879843838670549
ssp585,0.9890533287923291
