Key,Value
historical,0.9600549371002626
ssp126,0.9480100144996992
ssp370,0.9490149172784303
ssp585,0.9452402923911344
