Key,Value
historical,1.0000000000000002
ssp126,0.9892259561122988
ssp370,0.9858965317377599
ssp585,0.9829379652965387
