Key,Value
historical,0.9596467651659578
ssp126,0.9501687980415635
ssp370,0.946400745753392
ssp585,0.9430105960638357
