Key,Value
historical,0.9996351931850571
ssp126,0.9997255192720688
ssp370,0.9994634850858085
ssp585,0.9963521775743324
