Key,Value
historical,0.9505263419586261
ssp126,0.9453378088539222
ssp370,0.9407326661055394
ssp585,0.9406551951063304
