Key,Value
historical,1.0000000000000002
ssp126,0.987066569073752
ssp370,0.9793505912546793
ssp585,0.9768019555971351
