Key,Value
historical,0.9912996653862169
ssp126,0.9764102448400414
ssp370,0.958007048780093
ssp585,0.9597505384149603
