Key,Value
historical,1.034007149577751
ssp126,1.028798986211891
ssp370,1.0314569193946101
ssp585,1.032289027049725
