Key,Value
historical,0.9430559268751205
ssp126,0.9378830369993522
ssp370,0.9293718571710208
ssp585,0.9263585348424886
