Key,Value
historical,1.043903699601489
ssp126,1.037687534319003
ssp370,1.0343977290514341
ssp585,1.0240315579467962
