Key,Value
historical,1.0019156181714075
ssp126,0.9899369003622895
ssp370,0.9851775692843583
ssp585,0.9819819273573275
