Key,Value
historical,1.0381844681139774
ssp126,1.033712632977233
ssp370,1.0346491531371957
ssp585,1.041262341473983
