Key,Value
historical,0.9459326684421426
ssp126,0.9083709718969503
ssp370,0.8929437838497042
ssp585,0.9087399925843656
