Key,Value
historical,0.9999999999999999
ssp126,0.9919479195369777
ssp370,0.9896671585146694
ssp585,0.9878196229618174
