Key,Value
historical,0.9643681241270958
ssp126,0.9462509755671541
ssp370,0.9316479065047262
ssp585,0.9341261824467466
