Key,Value
historical,0.9938768585266146
ssp126,0.989242530331219
ssp370,0.9891926252932264
ssp585,0.9865734502605692
