Key,Value
historical,1.0000000000000002
ssp126,0.9986507208742832
ssp370,0.9947971871901948
ssp585,0.9934146868419788
