Key,Value
historical,0.9556566228233869
ssp126,0.9243738448150655
ssp370,0.918675513564577
ssp585,0.9142495193906445
