Key,Value
historical,0.9556923451049039
ssp126,0.929516237941756
ssp370,0.9382411386057495
ssp585,0.9257195822231997
