Key,Value
historical,1.0107797175355384
ssp126,1.0000358339600564
ssp370,0.9950638708137414
ssp585,0.9937921145276144
