Key,Value
historical,0.9999999999999999
ssp126,0.9882708841825808
ssp370,0.9890958480646725
ssp585,0.9861517582111781
