Key,Value
historical,0.9630578806182032
ssp126,0.9416867468522356
ssp370,0.9413784977753014
ssp585,0.9511697001333375
