Key,Value
historical,0.9643561559363507
ssp126,0.9537061684877578
ssp370,0.957705567412206
ssp585,0.9500671861539869
