Key,Value
historical,0.9586250696996035
ssp126,0.9448987926594538
ssp370,0.9426014527321551
ssp585,0.9303240898934084
