Key,Value
historical,1.0583619770272477
ssp126,1.0397918650714382
ssp370,1.0324830760679276
ssp585,1.038757327873806
