Key,Value
historical,1.0397207040226697
ssp126,1.0357917252772806
ssp370,1.03670109051288
ssp585,1.032933169136155
