Key,Value
historical,1.0075490311491557
ssp126,1.0100979179062803
ssp370,1.008146829661965
ssp585,1.0118680673791687
