Key,Value
historical,1.0016149634404579
ssp126,0.9920067270369195
ssp370,0.9906251149794194
ssp585,0.9896380715018432
