Key,Value
historical,0.9918932651083192
ssp126,0.987862990927079
ssp370,0.9881638659471776
ssp585,0.9842519977092592
