Key,Value
historical,1.0000000000000002
ssp126,0.9816247594552628
ssp370,0.9847260464823118
ssp585,0.9683913318692451
