Key,Value
historical,0.9935614447392809
ssp126,0.9857582157395758
ssp370,0.9848489463120811
ssp585,0.9820606612568724
