Key,Value
historical,0.9678324381810995
ssp126,0.9563095094580988
ssp370,0.9485009047930071
ssp585,0.9394146183574517
