Key,Value
historical,0.9999999999999999
ssp126,0.9949150876701197
ssp370,0.996958114171947
ssp585,0.9927714635843642
