Key,Value
historical,0.9508412961023135
ssp126,0.9360490470438607
ssp370,0.9373205732839323
ssp585,0.9259214444002715
