Key,Value
historical,0.9560976999103936
ssp126,0.9396366075918771
ssp370,0.9318814539668822
ssp585,0.9280516571644272
