Key,Value
historical,1.0000000000000002
ssp126,0.9793082657318257
ssp370,0.9760577783585049
ssp585,0.9661192508426693
