Key,Value
historical,0.9895100716882891
ssp126,0.9737564885182438
ssp370,0.9644860631017295
ssp585,0.9547314831620196
