Key,Value
historical,1.0000000000000002
ssp126,0.9852411723798935
ssp370,0.9788692256126249
ssp585,0.9778111839538464
