Key,Value
historical,0.9923099551722655
ssp126,0.9853377278927719
ssp370,0.98597458953164
ssp585,0.9820411716752121
