Key,Value
historical,0.9637249575785807
ssp126,0.9557405821772271
ssp370,0.9456544306709049
ssp585,0.944274768230166
