Key,Value
historical,0.9382481596362935
ssp126,0.9287987454052216
ssp370,0.9236002092669945
ssp585,0.9233856104737282
