Key,Value
historical,1.0000000000000002
ssp126,0.9958807264418552
ssp370,0.9926244915734364
ssp585,0.9904312974082395
