Key,Value
historical,1.0464188236479963
ssp126,1.0350741948834656
ssp370,1.0354909771252596
ssp585,1.0335518717111842
