Key,Value
historical,0.9648080044618702
ssp126,0.9510578557095055
ssp370,0.952326486739062
ssp585,0.9551568898894788
