Key,Value
historical,0.9652029507145882
ssp126,0.9543384850733881
ssp370,0.9507260500953731
ssp585,0.9531872373737214
