Key,Value
historical,0.9999999999999999
ssp126,0.9876935117365622
ssp370,0.9803591896972728
ssp585,0.9809861254655126
