Key,Value
historical,0.9651421044159172
ssp126,0.948827448239906
ssp370,0.9489722435144811
ssp585,0.9518983081210367
