Key,Value
historical,0.997927544731423
ssp126,0.9842786472532323
ssp370,0.9810730299086773
ssp585,0.9675392515152438
