Key,Value
historical,0.9999999999999999
ssp126,0.9963118621465656
ssp370,0.9947973118429133
ssp585,0.9971667249273545
