Key,Value
historical,1.0579425035762702
ssp126,1.0651689332675498
ssp370,1.0505651820025994
ssp585,1.0496076918187256
