Key,Value
historical,0.9989163886424217
ssp126,0.9824818831106217
ssp370,0.9795289025234979
ssp585,0.9763318012308667
