Key,Value
historical,1.0352769982065861
ssp126,1.0201109968210536
ssp370,1.0156929859124795
ssp585,1.0213426275931337
