Key,Value
historical,1.000915553206737
ssp126,0.9859264585731281
ssp370,0.9802591722711801
ssp585,0.9792997848461572
