Key,Value
historical,1.0603551633088495
ssp126,1.0529118197973362
ssp370,1.047354745852435
ssp585,1.0397319380217718
