Key,Value
historical,1.0598305077296815
ssp126,1.0489558762112396
ssp370,1.0494011818323232
ssp585,1.0526615338276726
