Key,Value
historical,1.0010352879616373
ssp126,0.9949072457182239
ssp370,0.9895075648772194
ssp585,0.9938199708093032
