Key,Value
historical,1.0421629958269747
ssp126,1.0281376671339277
ssp370,1.031352697363836
ssp585,1.029657801394152
