Key,Value
historical,0.9937110542247707
ssp126,0.9772192634791972
ssp370,0.9740628368075114
ssp585,0.972388849560114
