Key,Value
historical,1.0076076579974131
ssp126,0.9979741755498658
ssp370,0.9995724115924844
ssp585,1.0003108857484286
