Key,Value
historical,1.0000000000000002
ssp126,0.9957813279754887
ssp370,0.9934884836549
ssp585,0.9892597356929506
