Key,Value
historical,0.9954992214855328
ssp126,0.9713182697673223
ssp370,0.9749672750121458
ssp585,0.9849782791521625
