Key,Value
historical,0.9999999999999999
ssp126,0.9922445764136638
ssp370,0.9907484205091144
ssp585,0.9959051843147338
