Key,Value
historical,0.9640215758334425
ssp126,0.9504635619128142
ssp370,0.9453726910181532
ssp585,0.9491792892037376
