Key,Value
historical,1.009808635990316
ssp126,1.0021721076623056
ssp370,1.000143876365122
ssp585,1.0012270532484495
