Key,Value
historical,0.9902669473681438
ssp126,0.9769044885284991
ssp370,0.9679887371862356
ssp585,0.9611787528866033
