Key,Value
historical,1.0000000000000002
ssp126,0.9923936056740169
ssp370,0.987284511553227
ssp585,0.9861957988011923
