Key,Value
historical,0.9931499677352507
ssp126,0.979781042027576
ssp370,0.9797274411301077
ssp585,0.9856297258277644
