Key,Value
historical,1.0000000000000002
ssp126,0.9848488441227455
ssp370,0.9675966705272764
ssp585,0.9708794017742082
