Key,Value
historical,1.0107489378626506
ssp126,1.0037348099447603
ssp370,1.0016749892286598
ssp585,1.0018583922768196
