Key,Value
historical,1.0095330889557312
ssp126,1.0043816434949742
ssp370,1.0031380179896565
ssp585,1.0042562702091398
