Key,Value
historical,1.0077572862090616
ssp126,0.9991370714688288
ssp370,0.9966089291857548
ssp585,0.9960428510857068
