Key,Value
historical,0.9900093398637528
ssp126,0.9692105846325194
ssp370,0.9731382662434784
ssp585,0.9689273641177734
