Key,Value
historical,0.9931362347856271
ssp126,0.9765913238923403
ssp370,0.9751828989295223
ssp585,0.9698723934902878
