Key,Value
historical,0.9895567939900521
ssp126,0.9839920956975838
ssp370,0.9834239695559742
ssp585,0.979286038022423
