Key,Value
historical,0.9563067596037771
ssp126,0.9358773265247085
ssp370,0.9306128829393286
ssp585,0.9278388892690478
