Key,Value
historical,0.9493205641545029
ssp126,0.9403566885141388
ssp370,0.942915316778289
ssp585,0.9374546469888414
