Key,Value
historical,0.9527886165797352
ssp126,0.9377454320515337
ssp370,0.917780416865586
ssp585,0.9247028391518739
