Key,Value
historical,0.9999999999999999
ssp126,0.9961982705891815
ssp370,0.996495404777152
ssp585,0.9941720266316961
