Key,Value
historical,1.0325670724792557
ssp126,1.033898792959617
ssp370,1.0353196667314593
ssp585,1.0340897456183475
