Key,Value
historical,1.0414563302474629
ssp126,1.0275946979956947
ssp370,1.0268920662126062
ssp585,1.0212299348681386
