Key,Value
historical,0.9999999999999999
ssp126,0.9885642984695767
ssp370,0.9869346420767607
ssp585,0.9908645483927316
