Key,Value
historical,0.9687479672308957
ssp126,0.959063313034828
ssp370,0.9539650042657081
ssp585,0.9548786693358345
