Key,Value
historical,0.9993753806406895
ssp126,0.9881856179769306
ssp370,0.9857080989122956
ssp585,0.9883521405202103
