Key,Value
historical,0.9605200265264995
ssp126,0.9547216817375213
ssp370,0.9504064063746178
ssp585,0.9451606325908398
