Key,Value
historical,1.0000000000000002
ssp126,0.9889868607701809
ssp370,0.9864597601632409
ssp585,0.9877346585277963
