Key,Value
historical,1.0084973833901294
ssp126,0.9963539813253315
ssp370,0.9901182350395862
ssp585,0.9871853060063683
