Key,Value
historical,0.9993149455447679
ssp126,0.9876694269981394
ssp370,0.9874797975490722
ssp585,0.9794882705051958
