Key,Value
historical,1.030731474702293
ssp126,1.0259961209798187
ssp370,1.0266670621069962
ssp585,1.0326359716419768
