Key,Value
historical,0.9955520710097835
ssp126,0.9742289758506415
ssp370,0.9693420806077142
ssp585,0.9707706502701086
