Key,Value
historical,0.9897683914847479
ssp126,0.9837607264854323
ssp370,0.9841677966119514
ssp585,0.9801847926552884
