Key,Value
historical,0.9999999999999999
ssp126,0.989393999020319
ssp370,0.9901023869526128
ssp585,0.991523112254725
