Key,Value
historical,0.9999999999999999
ssp126,0.9876173003878203
ssp370,0.9881957212504725
ssp585,0.9911985406416924
