Key,Value
historical,0.9941428942910868
ssp126,0.9903901564444448
ssp370,0.9882677346221247
ssp585,0.9919632859162972
