Key,Value
historical,1.011044629126642
ssp126,1.006607672197249
ssp370,1.0036186951085464
ssp585,1.002208346510313
