Key,Value
historical,1.0006702205181766
ssp126,0.9900815684910385
ssp370,0.9829547716008595
ssp585,0.9781142768609726
