Key,Value
historical,1.0025517828503332
ssp126,0.9928294429391357
ssp370,0.9866960573758538
ssp585,0.9898761182865276
