Key,Value
historical,0.9999999999999999
ssp126,0.9931223513938922
ssp370,0.9856722094245984
ssp585,0.9864488456548325
