Key,Value
historical,0.9623284912389042
ssp126,0.9516105997668842
ssp370,0.9434392478517462
ssp585,0.9426493949644763
