Key,Value
historical,1.010630462482533
ssp126,1.002481277732018
ssp370,1.0004934826498173
ssp585,0.9978359050486693
