Key,Value
historical,0.9438576289656571
ssp126,0.9392389482615747
ssp370,0.9359538151729595
ssp585,0.9346782587835402
