Key,Value
historical,0.9999999999999999
ssp126,0.988539085636579
ssp370,0.9869749461068895
ssp585,0.9868860236805421
