Key,Value
historical,1.0313294364293737
ssp126,1.0168208676734452
ssp370,1.0094821748554992
ssp585,1.0125573983947787
