Key,Value
historical,1.0473138114809835
ssp126,1.0303277754799127
ssp370,1.026954227639994
ssp585,1.0354498958606002
