Key,Value
historical,1.0017771413672694
ssp126,0.987273149534256
ssp370,0.9784391910320136
ssp585,0.9767459099451147
