Key,Value
historical,1.0021597542811211
ssp126,0.9922455425110784
ssp370,0.9878103633821314
ssp585,0.9884181504610094
