Key,Value
historical,0.993585087287253
ssp126,0.9824299703060222
ssp370,0.9789690328920239
ssp585,0.9808583562324963
