Key,Value
historical,0.9697440579104435
ssp126,0.9630015282720324
ssp370,0.957608791642292
ssp585,0.9588961621318305
