Key,Value
historical,1.0000000000000002
ssp126,0.9853735753779882
ssp370,0.9794185048735289
ssp585,0.9789546984755797
