Key,Value
historical,0.9999999999999999
ssp126,0.9922412728855735
ssp370,0.9917185074999981
ssp585,0.9908267942553531
