Key,Value
historical,1.0097189335410641
ssp126,1.0027733499918348
ssp370,1.0008687553394902
ssp585,1.0031586479547956
