Key,Value
historical,0.9890678991139956
ssp126,0.9807003410579723
ssp370,0.9821550662366454
ssp585,0.9822972719859157
