Key,Value
historical,1.0070887610266885
ssp126,0.9970716771806571
ssp370,0.9955266498090557
ssp585,0.9970846444154894
