Key,Value
historical,0.9605566700158659
ssp126,0.9436471698685976
ssp370,0.9441020322717152
ssp585,0.9389451839692101
