Key,Value
historical,0.9450948374587147
ssp126,0.9304082072068329
ssp370,0.9188042211701749
ssp585,0.9091584782620361
