Key,Value
historical,0.9731401521826689
ssp126,0.9637492933979088
ssp370,0.9636899864318129
ssp585,0.9610181506094414
