Key,Value
historical,1.0090771422969027
ssp126,1.0045816274674824
ssp370,1.0039121741164347
ssp585,1.004382397574001
