Key,Value
historical,0.9999999999999999
ssp126,0.9958984282295764
ssp370,0.995896139962868
ssp585,0.9935394372572836
