Key,Value
historical,1.0063054630169874
ssp126,0.992909712120415
ssp370,0.9861637881496561
ssp585,0.9835154893657554
