Key,Value
historical,0.9430559268751205
ssp126,0.9306624690641871
ssp370,0.9289060679133827
ssp585,0.9263585348424886
