Key,Value
historical,0.9999999999999999
ssp126,0.9865634901999965
ssp370,0.9864842646167509
ssp585,0.9887770425452199
