Key,Value
historical,1.007855761845374
ssp126,1.0076722030290846
ssp370,1.0063126484008231
ssp585,1.0081227283129568
