Key,Value
historical,0.9649047772239582
ssp126,0.9503948485901597
ssp370,0.9515316587983152
ssp585,0.9542451700025874
