Key,Value
historical,1.0006241435462286
ssp126,0.988173207259844
ssp370,0.986148975675171
ssp585,0.9847869921892995
