Key,Value
historical,0.965380127646352
ssp126,0.9493172469692523
ssp370,0.9479757011626453
ssp585,0.9449573488616629
