Key,Value
historical,0.9919865870487251
ssp126,0.9814039422808398
ssp370,0.9751422448003287
ssp585,0.9676391826070542
