Key,Value
historical,0.9999999999999999
ssp126,0.9930541226918033
ssp370,0.9914443767903292
ssp585,0.9934026719699188
