Key,Value
historical,0.9999999999999999
ssp126,0.9895428591317929
ssp370,0.9842789985880164
ssp585,0.9898248375387325
