Key,Value
historical,1.009505063403949
ssp126,0.9983554478188449
ssp370,0.998192164672836
ssp585,0.9969501347523463
