Key,Value
historical,0.9999669781893518
ssp126,0.9947519584315148
ssp370,0.9931548012436238
ssp585,0.9921417524720291
