Key,Value
historical,1.0001734198782672
ssp126,0.9896826688971145
ssp370,0.9867996332343497
ssp585,0.9882641881458635
