Key,Value
historical,1.000394198039843
ssp126,0.9898305584443853
ssp370,0.9849685377190139
ssp585,0.979346409502395
