Key,Value
historical,1.0358768317490261
ssp126,1.0291334321229189
ssp370,1.032328158022326
ssp585,1.031451427311542
