Key,Value
historical,0.9516896961476211
ssp126,0.9446174085772883
ssp370,0.9381996992912992
ssp585,0.9360272234587564
