Key,Value
historical,0.9884630711673564
ssp126,0.9784096891423556
ssp370,0.9778506594362848
ssp585,0.9788958348578141
