Key,Value
historical,1.006557093591124
ssp126,1.0025315129763477
ssp370,1.0032795216866142
ssp585,1.0013664834908433
