Key,Value
historical,0.9562320666717741
ssp126,0.9459550449297701
ssp370,0.9446234647236808
ssp585,0.93797791918166
