Key,Value
historical,1.049113885478359
ssp126,1.0446005640717848
ssp370,1.0319029524357373
ssp585,1.0374666656945573
