Key,Value
historical,0.9557145265303816
ssp126,0.9448903368788096
ssp370,0.9430429457813225
ssp585,0.9488037306258684
