Key,Value
historical,0.9656542237107685
ssp126,0.9504939326570697
ssp370,0.9474640459389453
ssp585,0.949891809024004
