Key,Value
historical,0.9999999999999999
ssp126,0.9906409877920814
ssp370,0.9893067822515649
ssp585,0.9892662906727663
