Key,Value
historical,1.04533639125365
ssp126,1.0437118332400253
ssp370,1.043830349304176
ssp585,1.0358640164830946
