Key,Value
historical,1.0106363674237124
ssp126,1.0015448518324626
ssp370,0.996865576639538
ssp585,0.9928222596144691
