Key,Value
historical,0.9585897759633829
ssp126,0.9610051913481495
ssp370,0.9556497170374126
ssp585,0.9604790448333186
