Key,Value
historical,0.9899171116963054
ssp126,0.9778818739995302
ssp370,0.9778536384315122
ssp585,0.97799803313086
