Key,Value
historical,0.9999999999999999
ssp126,0.993808865550244
ssp370,0.9910313699645636
ssp585,0.9916775745934806
