Key,Value
historical,0.970783699664893
ssp126,0.961098509059778
ssp370,0.9617510522072404
ssp585,0.9586399994943848
