Key,Value
historical,0.9543678972015172
ssp126,0.9477210046892313
ssp370,0.9469735973659759
ssp585,0.9524462836937722
