Key,Value
historical,1.0104333656481412
ssp126,1.0042692330942076
ssp370,1.0033733228256583
ssp585,1.0061019314442234
