Key,Value
historical,0.9938915658350636
ssp126,0.9752747218859374
ssp370,0.9700509382165112
ssp585,0.9776650569427274
