Key,Value
historical,1.0000000000000002
ssp126,0.9845949983506112
ssp370,0.9731851221193392
ssp585,0.9732437033487369
