Key,Value
historical,1.0000000000000002
ssp126,0.984562764684194
ssp370,0.9790475041216622
ssp585,0.9764384101550548
