Key,Value
historical,0.9940479011521504
ssp126,0.9806764240785354
ssp370,0.9677970940408792
ssp585,0.9601450656141342
