Key,Value
historical,1.0081423213435206
ssp126,0.9900814525655558
ssp370,0.9917318679967623
ssp585,0.9827405890488838
