Key,Value
historical,1.0000000000000002
ssp126,0.9897451264042479
ssp370,0.9878986027521054
ssp585,0.9808874889478865
