Key,Value
historical,0.9886950961504929
ssp126,0.978009462894587
ssp370,0.9732695656542532
ssp585,0.9739352204712041
