Key,Value
historical,1.0095323323457628
ssp126,0.9996360380601053
ssp370,0.9995002652186956
ssp585,1.0005717295797836
