Key,Value
historical,1.0429721630060713
ssp126,1.040680901579892
ssp370,1.0374398596756238
ssp585,1.0413076861616126
