Key,Value
historical,1.038940971313488
ssp126,1.0377495924371272
ssp370,1.0249385246355747
ssp585,1.0417425184838658
