Key,Value
historical,1.0016381711635514
ssp126,0.9946431041644122
ssp370,0.992532670113998
ssp585,0.9972833971581672
