Key,Value
historical,1.0406388131310527
ssp126,1.0361339501132714
ssp370,1.0353911108893992
ssp585,1.0306450062214811
