Key,Value
historical,0.9996849538614028
ssp126,0.9844054480087857
ssp370,0.9843438278596375
ssp585,0.979409738236703
