Key,Value
historical,1.0067547646511519
ssp126,1.0024887913587943
ssp370,1.003029766189598
ssp585,1.002680230379759
