Key,Value
historical,0.9912458527784292
ssp126,0.97937340439667
ssp370,0.9732499028945799
ssp585,0.971153168517534
