Key,Value
historical,0.9921936340505815
ssp126,0.9849092734078482
ssp370,0.9818918175057231
ssp585,0.9808146733858087
