Key,Value
historical,1.0379848453308809
ssp126,1.0356573881762596
ssp370,1.0366846898178785
ssp585,1.0412302152226576
