Key,Value
historical,0.9928762227247778
ssp126,0.970910609184992
ssp370,0.9571025331777734
ssp585,0.9473844796698779
