Key,Value
historical,0.9998819544877255
ssp126,0.9833332755928863
ssp370,0.9835766443076986
ssp585,0.9773821693037755
