Key,Value
historical,0.9668406060001833
ssp126,0.9527044729809409
ssp370,0.9506598033342196
ssp585,0.9501905218372846
