Key,Value
historical,0.9909264313108969
ssp126,0.9723490485628217
ssp370,0.9650465853773538
ssp585,0.9588684669946284
