Key,Value
historical,0.9628187671344484
ssp126,0.9505392183215431
ssp370,0.9471885659589634
ssp585,0.9442550498218126
