Key,Value
historical,1.006982277255071
ssp126,1.0024830620539007
ssp370,1.0003583337930817
ssp585,1.0033455688847157
