Key,Value
historical,1.000520412353842
ssp126,0.99074464144973
ssp370,0.9907574923347982
ssp585,0.9996140489769201
