Key,Value
historical,1.011044629126642
ssp126,0.9972880458126232
ssp370,0.9951257780189232
ssp585,0.9878846987879383
