Key,Value
historical,0.9906745478246635
ssp126,0.9887073138059379
ssp370,0.9854985976464968
ssp585,0.9871511586660351
