Key,Value
historical,1.0016620916972434
ssp126,0.9868631994596447
ssp370,0.9723794219748427
ssp585,0.9770032981001039
