Key,Value
historical,1.0025876293201088
ssp126,0.9948565054636801
ssp370,0.9932937666789896
ssp585,0.9920706588736141
