Key,Value
historical,0.9382481596362935
ssp126,0.9345963802729287
ssp370,0.9342408483667278
ssp585,0.9289624077444806
