Key,Value
historical,0.9917878126939013
ssp126,0.9728348382298364
ssp370,0.9692839741928946
ssp585,0.9625996349201545
