Key,Value
historical,1.0000000000000002
ssp126,0.9837072330307459
ssp370,0.9701253699005008
ssp585,0.9734989554208634
