Key,Value
historical,0.9933081150133269
ssp126,0.9932577941903896
ssp370,0.9931573750116851
ssp585,0.988761910392051
