Key,Value
historical,1.0459796947739763
ssp126,1.043600490051914
ssp370,1.041965362843196
ssp585,1.0473115911667175
