Key,Value
historical,0.9588336792329871
ssp126,0.946788685762136
ssp370,0.9527864260203455
ssp585,0.939367527458905
