Key,Value
historical,0.9684826273283283
ssp126,0.9621110386758925
ssp370,0.9658298274312082
ssp585,0.9535656717961769
