Key,Value
historical,0.9654658274189128
ssp126,0.944379214091485
ssp370,0.9482823339330357
ssp585,0.9350586092115335
