Key,Value
historical,0.9569051113111252
ssp126,0.9534838680696538
ssp370,0.9570023347249748
ssp585,0.9481598577777086
