Key,Value
historical,0.9918439167166551
ssp126,0.9896710096834714
ssp370,0.9865533189814372
ssp585,0.9918146845528304
