Key,Value
historical,1.0067982965148952
ssp126,0.9969161483438638
ssp370,0.9976157680298664
ssp585,0.9960343968434886
