Key,Value
historical,1.0523845366257427
ssp126,1.0458091406707486
ssp370,1.0447669489587281
ssp585,1.0457885653989434
