Key,Value
historical,0.9541342612697825
ssp126,0.9249282556214783
ssp370,0.917239075547218
ssp585,0.9100853886375995
