Key,Value
historical,1.0000000000000002
ssp126,0.9822495774718152
ssp370,0.9780934744337942
ssp585,0.9686140409577007
