Key,Value
historical,1.0000000000000002
ssp126,0.9893151908108085
ssp370,0.9847843014616344
ssp585,0.9816050392517107
