Key,Value
historical,0.9595988065107247
ssp126,0.9571834304285493
ssp370,0.9554401589634027
ssp585,0.9534602305013867
