Key,Value
historical,0.9999999999999999
ssp126,0.9920726105539794
ssp370,0.9946329413113913
ssp585,0.9947610723003477
