Key,Value
historical,0.9999999999999999
ssp126,0.9826438318588757
ssp370,0.9834788705226682
ssp585,0.9792638262087576
