Key,Value
historical,1.0313294364293737
ssp126,1.0177361346645992
ssp370,1.0149097985216644
ssp585,1.026531191563894
