Key,Value
historical,1.0080237091728195
ssp126,0.9974600876835293
ssp370,0.9940821959219431
ssp585,0.9918820434106859
