Key,Value
historical,0.9648895682285856
ssp126,0.9577042790539173
ssp370,0.9522824130291326
ssp585,0.9534276669259527
