Key,Value
historical,0.9534692543541178
ssp126,0.9425508522587746
ssp370,0.940200086916088
ssp585,0.9387389488420286
