Key,Value
historical,0.96385933079902
ssp126,0.9452328906233592
ssp370,0.9322188592465885
ssp585,0.9340780697393103
