Key,Value
historical,0.9901402179194012
ssp126,0.9835596070969743
ssp370,0.9837991201689575
ssp585,0.9827138066099385
