Key,Value
historical,1.0387845598347765
ssp126,1.0371094212145637
ssp370,1.0423013865142488
ssp585,1.0391670616467354
