Key,Value
historical,0.9703641540278698
ssp126,0.9566332748077777
ssp370,0.9514868319929989
ssp585,0.9468501796285689
