Key,Value
historical,0.9473766164796434
ssp126,0.9245844278846487
ssp370,0.9332629556491526
ssp585,0.9219421082396324
