Key,Value
historical,0.9999999999999999
ssp126,0.9900463652000864
ssp370,0.987614102390553
ssp585,0.984539737008957
