Key,Value
historical,1.0004722567654283
ssp126,0.9882218028047238
ssp370,0.9861393451127036
ssp585,0.9749445714800167
