Key,Value
historical,0.9600351940343024
ssp126,0.9433107829795773
ssp370,0.9534670789371567
ssp585,0.9345447355604728
