Key,Value
historical,0.9928150534373472
ssp126,0.9875929008539914
ssp370,0.986951372705713
ssp585,0.9864480784252999
