Key,Value
historical,0.9941863566737817
ssp126,0.9824427164759766
ssp370,0.9745807984170505
ssp585,0.9696094732740071
