Key,Value
historical,0.9947131608221784
ssp126,0.9830016325486659
ssp370,0.976173274115828
ssp585,0.981833216516587
