Key,Value
historical,1.0088884635252975
ssp126,0.9983235623914025
ssp370,0.9963592134165303
ssp585,0.9901369803082865
