Key,Value
historical,1.0550090493377797
ssp126,1.036028151058891
ssp370,1.0409374133426603
ssp585,1.0369719544267832
