Key,Value
historical,0.9698634436707652
ssp126,0.9533124121266294
ssp370,0.9459399791900087
ssp585,0.944188765592486
