Key,Value
historical,0.9999999999999999
ssp126,0.9918660559659824
ssp370,0.99159125839571
ssp585,0.9928216165986261
