Key,Value
historical,0.9714353990746514
ssp126,0.9583470929066457
ssp370,0.9579526923355489
ssp585,0.9447691949599043
