Key,Value
historical,0.9551939478028708
ssp126,0.9417469026556795
ssp370,0.9415848021088647
ssp585,0.9406246901342891
