Key,Value
historical,0.9618792940989594
ssp126,0.9488885795862264
ssp370,0.9371779761681409
ssp585,0.924596751603553
