Key,Value
historical,0.9999999999999999
ssp126,0.9928409171184309
ssp370,0.9914060392381263
ssp585,0.9934659834834095
