Key,Value
historical,1.0474222814212133
ssp126,1.012138131960491
ssp370,1.015564677966766
ssp585,1.0070218945196068
