Key,Value
historical,1.001583330159612
ssp126,0.990600966683705
ssp370,0.9882336899735941
ssp585,0.9895834157963641
