Key,Value
historical,0.9999999999999999
ssp126,0.9884094297393462
ssp370,0.9804580507328325
ssp585,0.9810953836309622
