Key,Value
historical,0.9677829006284068
ssp126,0.9650078533917352
ssp370,0.9588432431011459
ssp585,0.9591442738024907
