Key,Value
historical,1.0105520361406177
ssp126,0.9945476893385634
ssp370,0.9867206958185439
ssp585,0.9808904790863517
