Key,Value
historical,1.0399674507712273
ssp126,1.0310060211145524
ssp370,1.0297163073651603
ssp585,1.037449289209947
