Key,Value
historical,0.9601290667975227
ssp126,0.9479148977549853
ssp370,0.9446644865918309
ssp585,0.9431238691863609
