Key,Value
historical,0.9524754774322743
ssp126,0.9457129428557309
ssp370,0.9423228136582433
ssp585,0.9398714007101217
