Key,Value
historical,0.9734877837657481
ssp126,0.9563828349850347
ssp370,0.9554021484358751
ssp585,0.950630747217989
