Key,Value
historical,1.0412779553648124
ssp126,1.039177453643902
ssp370,1.0287881345442182
ssp585,1.032583384424401
