Key,Value
historical,0.9443576164487832
ssp126,0.9206843153605349
ssp370,0.8967522154530868
ssp585,0.9043225395101276
