Key,Value
historical,0.9979931729450269
ssp126,0.9821711160101283
ssp370,0.9813563044985125
ssp585,0.9709107522650763
