Key,Value
historical,0.9912996653862169
ssp126,0.9799152520335167
ssp370,0.9765406265249579
ssp585,0.9761255079898139
