Key,Value
historical,0.9682571151135808
ssp126,0.9603127046597794
ssp370,0.9598112660545214
ssp585,0.950628981703432
