Key,Value
historical,0.9513927677053555
ssp126,0.9365223474267552
ssp370,0.9350511403871428
ssp585,0.93181204462503
