Key,Value
historical,0.9707458390761843
ssp126,0.9547327131904255
ssp370,0.9543428482387872
ssp585,0.9543299343026412
