Key,Value
historical,0.9652029507145882
ssp126,0.957673961190906
ssp370,0.953772080786733
ssp585,0.9495571707659506
