Key,Value
historical,1.0081823056413803
ssp126,1.003164726821119
ssp370,1.000002964599001
ssp585,1.0008662509911943
