Key,Value
historical,0.9952335983226552
ssp126,0.977123249460937
ssp370,0.9741160181606948
ssp585,0.9644302102639348
