Key,Value
historical,0.9999620494067327
ssp126,0.9854565807781731
ssp370,0.9819181794432092
ssp585,0.9736093982918355
