Key,Value
historical,1.0021034409368517
ssp126,0.9964465657183423
ssp370,0.9984109502428895
ssp585,0.994873601109975
