Key,Value
historical,0.9936509598931264
ssp126,0.9788920650312487
ssp370,0.9787901852883252
ssp585,0.9634006169303976
