Key,Value
historical,0.9640749465898786
ssp126,0.9532827440562741
ssp370,0.9503505558174803
ssp585,0.9398542678771302
