Key,Value
historical,1.0096105075423993
ssp126,0.9983275029798081
ssp370,1.0004066637755507
ssp585,0.9976262707206304
