Key,Value
historical,0.9667245684526667
ssp126,0.9575702954376467
ssp370,0.9486977208736168
ssp585,0.9496498478641339
