Key,Value
historical,0.9705285295810052
ssp126,0.9646367969925299
ssp370,0.958393953900571
ssp585,0.9620550514692243
