Key,Value
historical,1.0000000000000002
ssp126,0.9793656389724055
ssp370,0.9754088865761175
ssp585,0.9744390396910023
