Key,Value
historical,1.0000000000000002
ssp126,0.9876998554534466
ssp370,0.9815862666013365
ssp585,0.9801083348562377
