Key,Value
historical,1.0103120805879648
ssp126,0.9990322455482834
ssp370,0.9994228070698039
ssp585,0.9883289267147053
