Key,Value
historical,1.0011139706670298
ssp126,0.9902050061738596
ssp370,0.9917820062782232
ssp585,0.9933550512447866
