Key,Value
historical,1.0077292485045943
ssp126,1.0076667939961945
ssp370,1.0059184189177919
ssp585,1.0079819421574725
