Key,Value
historical,0.9600585967732691
ssp126,0.9497640690960165
ssp370,0.9512111164460962
ssp585,0.9460527836664383
