Key,Value
historical,0.9447597147308874
ssp126,0.9321972754379787
ssp370,0.931431395886244
ssp585,0.9339591813222463
