Key,Value
historical,0.9558045650556856
ssp126,0.9433166644977273
ssp370,0.9415811838670792
ssp585,0.9425127911222971
