Key,Value
historical,1.0069338607049276
ssp126,0.9977663968902992
ssp370,0.996459652120251
ssp585,0.9949254405218777
