Key,Value
historical,0.939843098518951
ssp126,0.9285110382462997
ssp370,0.9255624458762336
ssp585,0.9223934985372055
