Key,Value
historical,1.0014736105276891
ssp126,0.988733672263772
ssp370,0.9831939590997137
ssp585,0.9873519989451371
