Key,Value
historical,1.0374909588793066
ssp126,1.0397151860497955
ssp370,1.0331751533348152
ssp585,1.0333952207189798
