Key,Value
historical,1.0000000000000002
ssp126,0.986094279371297
ssp370,0.9801628753295485
ssp585,0.978953403166959
