Key,Value
historical,0.991031237530884
ssp126,0.9739818315691322
ssp370,0.9684656468587958
ssp585,0.9680437908399607
