Key,Value
historical,1.04194449414951
ssp126,1.024332764924881
ssp370,1.0374949217590357
ssp585,1.0328904958494705
