Key,Value
historical,0.9638124623540385
ssp126,0.9458593630139854
ssp370,0.9430706417702776
ssp585,0.93593210763765
