Key,Value
historical,0.9570663221172494
ssp126,0.9472472719179008
ssp370,0.9438451491577413
ssp585,0.9390434595701401
