Key,Value
historical,0.9600585967732691
ssp126,0.9482539612605643
ssp370,0.9477816848462369
ssp585,0.9437719134413051
