Key,Value
historical,1.0014289564280756
ssp126,0.9913218870385242
ssp370,0.9872387500293808
ssp585,0.9908519997725795
