Key,Value
historical,0.9881347519110234
ssp126,0.9734012547358003
ssp370,0.9720401662120495
ssp585,0.9674685084903679
