Key,Value
historical,1.0010422282930147
ssp126,0.989815411688407
ssp370,0.9818678068140777
ssp585,0.9793601339515031
