Key,Value
historical,0.9512434706835692
ssp126,0.9457235374424904
ssp370,0.9409855291930579
ssp585,0.9412498880321599
