Key,Value
historical,1.0008665465728486
ssp126,0.9868327405780334
ssp370,0.9753844823447695
ssp585,0.9729004433645317
