Key,Value
historical,0.9485595333335349
ssp126,0.9361581871416432
ssp370,0.9276903145202576
ssp585,0.9241216507069692
