Key,Value
historical,1.0000000000000002
ssp126,0.9888953376420642
ssp370,0.9842917867852584
ssp585,0.9843922425744785
