Key,Value
historical,1.0000000000000002
ssp126,0.988115747253177
ssp370,0.9888463557254982
ssp585,0.9857254050573238
