Key,Value
historical,1.0423609639557228
ssp126,1.03598353201173
ssp370,1.03503821264039
ssp585,1.041754743728181
