Key,Value
historical,0.9628939346315638
ssp126,0.9442275336022707
ssp370,0.9502598039296771
ssp585,0.9419924018810553
