Key,Value
historical,0.9381667897852611
ssp126,0.933493662494238
ssp370,0.9337044821577148
ssp585,0.9300556626203742
