Key,Value
historical,1.0000955723763165
ssp126,0.9870983867547327
ssp370,0.9859190680804384
ssp585,0.9812162276568596
