Key,Value
historical,1.0000000000000002
ssp126,0.9873560419211878
ssp370,0.982571074919677
ssp585,0.9815683079882588
