Key,Value
historical,0.9928222617301565
ssp126,0.9825481045381872
ssp370,0.979926240411468
ssp585,0.972621278678548
