Key,Value
historical,0.9638124623540385
ssp126,0.9496071234060404
ssp370,0.9509044821153116
ssp585,0.9416887933517921
