Key,Value
historical,0.9676276176451258
ssp126,0.958384536373211
ssp370,0.9583320533930463
ssp585,0.9544825979029974
