Key,Value
historical,0.992509946307133
ssp126,0.9795146512078744
ssp370,0.9797593876481985
ssp585,0.9823509104813487
