Key,Value
historical,0.9906745478246635
ssp126,0.9802418015278686
ssp370,0.9752910254797115
ssp585,0.9746406319469164
