Key,Value
historical,1.0082629306543955
ssp126,0.9941765518786531
ssp370,0.9971399975669221
ssp585,0.9927812113592833
