Key,Value
historical,0.9627928916009766
ssp126,0.9358700721019153
ssp370,0.9289132284895874
ssp585,0.9229501395271363
