Key,Value
historical,0.9712387138486291
ssp126,0.9613044610806277
ssp370,0.9593962386086383
ssp585,0.9633604787024436
