Key,Value
historical,1.0545217401170912
ssp126,1.0304355069318152
ssp370,1.0402953480939139
ssp585,1.0335653907781333
