Key,Value
historical,0.9995121490343585
ssp126,0.9906150499102094
ssp370,0.988853476938305
ssp585,0.9870570976188101
