Key,Value
historical,0.9938986495610412
ssp126,0.9900976759081351
ssp370,0.9857953418705637
ssp585,0.9863722376418207
