Key,Value
historical,1.0416170431024763
ssp126,1.0287750399493576
ssp370,1.0376122907826366
ssp585,1.0305295614901295
