Key,Value
historical,1.0103531315576582
ssp126,1.0060532855907853
ssp370,1.0031117286706273
ssp585,0.9992178331401801
