Key,Value
historical,0.9999999999999999
ssp126,0.9944543105898385
ssp370,0.9938796680799801
ssp585,0.9883858090226568
