Key,Value
historical,0.9424555517923782
ssp126,0.928522769932966
ssp370,0.9287200142031407
ssp585,0.9270130415842582
