Key,Value
historical,0.9999718896530209
ssp126,0.9827676277106528
ssp370,0.985613077458598
ssp585,0.9799426111175883
