Key,Value
historical,0.9999999999999999
ssp126,0.993240644664899
ssp370,0.9922418394683247
ssp585,0.9919325236723457
