Key,Value
historical,0.9900146988761406
ssp126,0.9824229046512152
ssp370,0.9811238484475994
ssp585,0.9794180599057731
