Key,Value
historical,0.9743701839198825
ssp126,0.9623354993738545
ssp370,0.9567563918927773
ssp585,0.9584444844406157
