Key,Value
historical,0.991471905964178
ssp126,0.9757476106007388
ssp370,0.9759903155119674
ssp585,0.9679213277363169
