Key,Value
historical,0.9719806644492416
ssp126,0.9633727634779189
ssp370,0.9598370813365564
ssp585,0.9591965168485875
