Key,Value
historical,1.0378236550806308
ssp126,1.0316342847122995
ssp370,1.0275221817715043
ssp585,1.0337888909638928
