Key,Value
historical,0.9933481067376155
ssp126,0.9850932583885906
ssp370,0.9788794630840667
ssp585,0.9784010632683866
