Key,Value
historical,1.0085228956413035
ssp126,0.9929210040898129
ssp370,0.9884532394029176
ssp585,0.9885460353994175
