Key,Value
historical,0.9921961221711368
ssp126,0.9754214639862625
ssp370,0.9766825735747767
ssp585,0.9761235073788632
