Key,Value
historical,1.0318477015654173
ssp126,1.0299203618605457
ssp370,1.0253686387208982
ssp585,1.0236545046463559
