Key,Value
historical,0.9923180340983658
ssp126,0.9910679696767086
ssp370,0.9881708495555362
ssp585,0.9890041049911509
