Key,Value
historical,0.9977950649867768
ssp126,0.9794096149924117
ssp370,0.9759062449652064
ssp585,0.9641533230036277
