Key,Value
historical,1.054329722619812
ssp126,1.044590703151866
ssp370,1.0509143783454586
ssp585,1.0517350016522906
