Key,Value
historical,0.9538180266464533
ssp126,0.9504899507499829
ssp370,0.9443376046741551
ssp585,0.9475690361464538
