Key,Value
historical,0.9688881243016623
ssp126,0.9497930630426101
ssp370,0.9462898354320941
ssp585,0.9435025994672619
