Key,Value
historical,1.034095534986167
ssp126,1.038709492300868
ssp370,1.0374524031268892
ssp585,1.0351494803956707
