Key,Value
historical,0.9999999999999999
ssp126,0.9953145480256218
ssp370,0.9947617535927966
ssp585,0.9907106411988111
