Key,Value
historical,0.9622644978875565
ssp126,0.9480148461853896
ssp370,0.9440407580515507
ssp585,0.9423572208639935
