Key,Value
historical,0.9557554912539307
ssp126,0.9378276287586365
ssp370,0.9344015634951305
ssp585,0.9276935656000888
