Key,Value
historical,0.9537189089796613
ssp126,0.9420822173488442
ssp370,0.93637593110552
ssp585,0.9357066438679736
