Key,Value
historical,0.9538035438142187
ssp126,0.9437468190922172
ssp370,0.9432995408564858
ssp585,0.9399900848722937
