Key,Value
historical,1.0087460290586887
ssp126,1.004341820363049
ssp370,0.9981503323811415
ssp585,0.9984269078604617
