Key,Value
historical,0.9999999999999999
ssp126,0.9984025476005625
ssp370,0.9974346562215649
ssp585,0.997079833923579
