Key,Value
historical,1.00644961215296
ssp126,0.9946981979882776
ssp370,0.9930541639605327
ssp585,0.9878413581233062
