Key,Value
historical,1.0377809423325461
ssp126,1.0378346536043344
ssp370,1.0286386885099421
ssp585,1.0295836282800472
