Key,Value
historical,0.9644592760284249
ssp126,0.9481831950561177
ssp370,0.9452708625840348
ssp585,0.9441101739592576
