Key,Value
historical,1.000560540512089
ssp126,0.9888894340511957
ssp370,0.9765908209684564
ssp585,0.9762875476475112
