Key,Value
historical,1.0088814207032462
ssp126,1.0051714767118523
ssp370,1.000268920578885
ssp585,0.9949533097563438
