Key,Value
historical,0.9631293427743761
ssp126,0.9510143032088593
ssp370,0.952170445844117
ssp585,0.9549062739145879
