Key,Value
historical,1.0288144185863375
ssp126,1.026609574848121
ssp370,1.0262998974698652
ssp585,1.0211944407965368
