Key,Value
historical,0.9999999999999999
ssp126,0.9866178832655247
ssp370,0.98515901416619
ssp585,0.9855110364760685
