Key,Value
historical,1.0077152247827046
ssp126,0.9973059105390428
ssp370,0.9893917742824521
ssp585,0.9903300758751887
