Key,Value
historical,1.0092325767063821
ssp126,1.0022009327054404
ssp370,0.9976102543917811
ssp585,0.9995298330924575
