Key,Value
historical,1.0603551633088495
ssp126,1.057969739638599
ssp370,1.0653295160861316
ssp585,1.059286673312944
