Key,Value
historical,1.002284819626163
ssp126,0.9903412205758021
ssp370,0.9890930835602609
ssp585,0.9882841088249268
