Key,Value
historical,1.0013302355419627
ssp126,0.9970146749440622
ssp370,0.9935640638458103
ssp585,0.9895219820357243
