Key,Value
historical,1.0064010931624232
ssp126,0.9967634249087064
ssp370,0.9921133110847938
ssp585,0.9900119428756726
