Key,Value
historical,1.0418259075592413
ssp126,1.0267988391715386
ssp370,1.0271481244991785
ssp585,1.035561502287408
