Key,Value
historical,1.0399430127272633
ssp126,1.034996377769654
ssp370,1.0418664953354306
ssp585,1.0434386774307576
