Key,Value
historical,1.0414563302474629
ssp126,1.0369267469714583
ssp370,1.0268920662126062
ssp585,1.0299315203175434
