Key,Value
historical,1.039817661825567
ssp126,1.0276554875750736
ssp370,1.0298557884349915
ssp585,1.0259483597329189
