Key,Value
historical,1.048198648117111
ssp126,1.0305674442710047
ssp370,1.0321537765422393
ssp585,1.0341767188128324
