Key,Value
historical,0.9698181376600299
ssp126,0.9670687570397756
ssp370,0.9590755054012153
ssp585,0.9614478890551159
