Key,Value
historical,0.9643369572181161
ssp126,0.9440007298253624
ssp370,0.9381204419187675
ssp585,0.9313262173479201
