Key,Value
historical,0.9938931481987756
ssp126,0.9677679931895347
ssp370,0.9677526864027812
ssp585,0.9609669466636797
