Key,Value
historical,1.0081520648201143
ssp126,0.9884201179666494
ssp370,0.9809697636859437
ssp585,0.9756109533860096
