Key,Value
historical,0.9976847389304492
ssp126,0.9883175216829981
ssp370,0.9847039793127084
ssp585,0.986789695349654
