Key,Value
historical,0.9584705506820083
ssp126,0.937196846412343
ssp370,0.9394178450888928
ssp585,0.9400053377117833
