Key,Value
historical,1.000227757724619
ssp126,0.9864911252996096
ssp370,0.9760011534472283
ssp585,0.9699228648398484
