Key,Value
historical,0.9946685954694449
ssp126,0.9760253206146425
ssp370,0.9669576183254568
ssp585,0.967814505693883
