Key,Value
historical,1.048671736262728
ssp126,1.0331196513279393
ssp370,1.0466437935069293
ssp585,1.0402376961544613
