Key,Value
historical,0.9630883459339555
ssp126,0.9424661525161696
ssp370,0.9406744023187209
ssp585,0.9336942909976638
