Key,Value
historical,0.9545388349389569
ssp126,0.946218757992854
ssp370,0.9406276260872911
ssp585,0.9389628493987155
