Key,Value
historical,0.9996821217369491
ssp126,0.9840991400381818
ssp370,0.9828066434561611
ssp585,0.9795112771038739
