Key,Value
historical,1.0092681630121405
ssp126,1.002943241544541
ssp370,0.9970093766679726
ssp585,0.9955639914427143
