Key,Value
historical,1.0000000000000002
ssp126,0.9868926562925406
ssp370,0.982741940090298
ssp585,0.9801761141126195
