Key,Value
historical,1.0474171232910727
ssp126,1.0513648014818588
ssp370,1.042506708447782
ssp585,1.0428723671804068
