Key,Value
historical,0.9475750722734817
ssp126,0.9389878061606128
ssp370,0.9402172040579951
ssp585,0.9302226842402823
