Key,Value
historical,0.9915474120346952
ssp126,0.9678135327782068
ssp370,0.9687270251202355
ssp585,0.96179676820372
