Key,Value
historical,0.9900093398637528
ssp126,0.9713280688974616
ssp370,0.9726253267373309
ssp585,0.9610777064688361
