Key,Value
historical,1.029797966027387
ssp126,1.0173147123981772
ssp370,1.020036027472001
ssp585,1.0217959733897255
