Key,Value
historical,1.0000000000000002
ssp126,0.9874162917726748
ssp370,0.9839045797870277
ssp585,0.9761914665891018
