Key,Value
historical,1.048671736262728
ssp126,1.0427567597577814
ssp370,1.0458392385829276
ssp585,1.0402376961544613
