Key,Value
historical,1.0001551883206534
ssp126,0.9912456625956948
ssp370,0.9877512233816288
ssp585,0.9859495752392125
