Key,Value
historical,0.936488710640772
ssp126,0.9335352002851381
ssp370,0.9333704322080503
ssp585,0.9307662027553638
