Key,Value
historical,0.9567356316722959
ssp126,0.9483181384241678
ssp370,0.9467112633809308
ssp585,0.9483425805867249
