Key,Value
historical,0.99242572969761
ssp126,0.9855176552420724
ssp370,0.982032400605834
ssp585,0.9835570097624365
