Key,Value
historical,0.970627617251925
ssp126,0.9601569488163325
ssp370,0.9447877739568019
ssp585,0.9446363563970147
