Key,Value
historical,1.044633797610213
ssp126,1.0146817063750635
ssp370,1.021308643816934
ssp585,1.024944697633352
