Key,Value
historical,0.992687043772423
ssp126,0.9815401800768208
ssp370,0.979847756654475
ssp585,0.9818180384963564
