Key,Value
historical,1.0387068445909475
ssp126,1.02249259914222
ssp370,1.0159668360845915
ssp585,1.0268357707422806
