Key,Value
historical,0.9609495358188617
ssp126,0.9566961728051305
ssp370,0.9527853061163116
ssp585,0.9487255117931136
