Key,Value
historical,0.9514452144334828
ssp126,0.9437594014915498
ssp370,0.9375420718584004
ssp585,0.941592510725734
