Key,Value
historical,1.0479354821675573
ssp126,1.0263831227177573
ssp370,1.0187000176671044
ssp585,1.0469614202362032
