Key,Value
historical,0.951791080655762
ssp126,0.9370366203883779
ssp370,0.9360323893505395
ssp585,0.9299420131732544
