Key,Value
historical,0.9999999999999999
ssp126,0.9897538004343579
ssp370,0.991135160624731
ssp585,0.9929333789378296
