Key,Value
historical,0.9661911875601087
ssp126,0.9492406417655154
ssp370,0.9478106262638271
ssp585,0.9419307906265335
