Key,Value
historical,0.9772791276102777
ssp126,0.9567440925533922
ssp370,0.9544856390183809
ssp585,0.9532456335237185
