Key,Value
historical,0.9978542070188254
ssp126,0.9856688785786714
ssp370,0.9831069527200007
ssp585,0.9814925085959647
