Key,Value
historical,0.939843098518951
ssp126,0.9275225882429687
ssp370,0.9225880990950537
ssp585,0.9223934985372055
