Key,Value
historical,1.0103491319196682
ssp126,0.9971713485206192
ssp370,0.9952389117922451
ssp585,0.9949546377778413
