Key,Value
historical,1.0000000000000002
ssp126,0.9903456401281128
ssp370,0.9840019304544698
ssp585,0.982374604558476
