Key,Value
historical,0.9682012509302085
ssp126,0.9584630028789369
ssp370,0.950964595879568
ssp585,0.9506310413403838
