Key,Value
historical,0.9617425941412646
ssp126,0.9486178819691597
ssp370,0.9446348799415413
ssp585,0.9460847606348587
