Key,Value
historical,0.9947991909966059
ssp126,0.9727543419934874
ssp370,0.9654372967281528
ssp585,0.9572803197054119
