Key,Value
historical,0.9952215370413988
ssp126,0.9818859299314026
ssp370,0.9745535992756345
ssp585,0.9724343337007563
