Key,Value
historical,0.9999999999999999
ssp126,0.9943777514269179
ssp370,0.9884698800825471
ssp585,0.9884826623934087
