Key,Value
historical,0.9718474724476629
ssp126,0.9674585010843587
ssp370,0.9679967806353612
ssp585,0.9651708965225901
