Key,Value
historical,0.971807259276984
ssp126,0.9665706607070564
ssp370,0.9656191815137382
ssp585,0.9717593301057156
