Key,Value
historical,0.9512263663194778
ssp126,0.9355104372069657
ssp370,0.9225224103316841
ssp585,0.9274958003690935
