Key,Value
historical,0.9661911875601087
ssp126,0.9416205907433913
ssp370,0.9311053839251234
ssp585,0.9339623747947989
