Key,Value
historical,0.9999999999999999
ssp126,0.9900234306763745
ssp370,0.9896517864642793
ssp585,0.9897210770369269
