Key,Value
historical,0.9536157274189974
ssp126,0.9480550330665098
ssp370,0.93960592976121
ssp585,0.9355861086252271
