Key,Value
historical,0.9924820028986147
ssp126,0.9764220366000911
ssp370,0.9722804919941542
ssp585,0.9633219597404366
