Key,Value
historical,0.9999999999999999
ssp126,0.9888894791048101
ssp370,0.9869609171721203
ssp585,0.9874844836192923
