Key,Value
historical,1.0072865690631805
ssp126,0.9991773737312174
ssp370,1.0011395509797676
ssp585,0.9981392597788176
