Key,Value
historical,0.9999999999999999
ssp126,0.9874052165077192
ssp370,0.9869165511246326
ssp585,0.9863070437379992
