Key,Value
historical,1.0000000000000002
ssp126,0.988381095315781
ssp370,0.984884012257802
ssp585,0.9783994025706799
