Key,Value
historical,0.9920880161436998
ssp126,0.9889316661542658
ssp370,0.9852384590270789
ssp585,0.9805621905900094
