Key,Value
historical,0.9947212177800113
ssp126,0.9908961391387017
ssp370,0.9873946036050595
ssp585,0.9883647241420064
