Key,Value
historical,1.0356296199408603
ssp126,1.0237156100670302
ssp370,1.0180674360198299
ssp585,1.0151478505830522
