Key,Value
historical,1.0077923182842492
ssp126,0.9969163538531006
ssp370,0.9975459805791437
ssp585,0.9950123153910146
