Key,Value
historical,1.0005975057887677
ssp126,0.9807312969820515
ssp370,0.9705564085037092
ssp585,0.9706666037551753
