Key,Value
historical,0.9672810620030553
ssp126,0.9603705730630668
ssp370,0.9533383547828641
ssp585,0.9512507730797685
