Key,Value
historical,0.9583699155698605
ssp126,0.94362584848341
ssp370,0.9399573742082027
ssp585,0.936226208636304
