Key,Value
historical,0.9935500514425322
ssp126,0.9871061757009424
ssp370,0.9838845681548731
ssp585,0.9812236385024177
