Key,Value
historical,0.9658802337338136
ssp126,0.9488486113820481
ssp370,0.9438473471360725
ssp585,0.9396569881622318
