Key,Value
historical,0.994230553859202
ssp126,0.9607775263058809
ssp370,0.948148714287018
ssp585,0.9478345047798369
