Key,Value
historical,1.0474639994616854
ssp126,1.034424973436293
ssp370,1.0329863298093598
ssp585,1.0300897672901508
