Key,Value
historical,0.9977244901565004
ssp126,0.9828681777611072
ssp370,0.9816928747219684
ssp585,0.9767956707855675
