Key,Value
historical,1.0000000000000002
ssp126,0.9820276134363062
ssp370,0.9812902974662014
ssp585,0.9714086410113664
