Key,Value
historical,0.9999999999999999
ssp126,0.9916244654613783
ssp370,0.9845136093645253
ssp585,0.98711616356136
