Key,Value
historical,0.9691576333045981
ssp126,0.9658351657157992
ssp370,0.9536294325518782
ssp585,0.9646508523335197
