Key,Value
historical,0.9999999999999999
ssp126,0.9952892640788954
ssp370,0.9918384638453833
ssp585,0.9878859631403236
