Key,Value
historical,0.9627020768848779
ssp126,0.9411964888669598
ssp370,0.9412834384679049
ssp585,0.9268087587170666
