Key,Value
historical,0.9999713241479142
ssp126,0.9925116426640679
ssp370,0.9892303226245868
ssp585,0.9902725023263889
