Key,Value
historical,1.0407131273273695
ssp126,1.0368616610841879
ssp370,1.034030288242253
ssp585,1.0345005500416502
