Key,Value
historical,0.9954166398710566
ssp126,0.9877580291131741
ssp370,0.9814469632620954
ssp585,0.9775042007233607
