Key,Value
historical,1.0010529951382512
ssp126,0.9813176015951234
ssp370,0.979966113183868
ssp585,0.9670784127173802
