Key,Value
historical,0.9998377670531357
ssp126,0.9964256544754785
ssp370,0.994174309149903
ssp585,0.9928433841278067
