Key,Value
historical,1.0094885440525485
ssp126,0.9979918966368875
ssp370,0.9889932702058578
ssp585,0.987458108495
