Key,Value
historical,0.942963750894323
ssp126,0.9378018104761043
ssp370,0.9320060016684191
ssp585,0.9363778246123765
