Key,Value
historical,0.9941428942910868
ssp126,0.9847807260742554
ssp370,0.9837326641826462
ssp585,0.9862317041465004
