Key,Value
historical,1.0007470623204129
ssp126,0.9943031263479758
ssp370,0.9938202460622612
ssp585,0.9917035247384431
