Key,Value
historical,1.007855761845374
ssp126,0.9999118448008864
ssp370,0.9987624379068287
ssp585,1.001409723435078
