Key,Value
historical,0.9584878148713138
ssp126,0.9433581297006077
ssp370,0.9450455449868748
ssp585,0.9373085843560329
