Key,Value
historical,0.9954855186289298
ssp126,0.9741906715733233
ssp370,0.9782104941549082
ssp585,0.9868695369576468
