Key,Value
historical,0.971722433466045
ssp126,0.9599758694936461
ssp370,0.962544020142703
ssp585,0.9532316293198368
