Key,Value
historical,1.0072629019561148
ssp126,0.9939245391910286
ssp370,0.9930051771506467
ssp585,0.9906605562444485
