Key,Value
historical,1.0069656723145963
ssp126,1.00386879972764
ssp370,1.0016274169998582
ssp585,1.0013599739898424
