Key,Value
historical,1.0107489378626506
ssp126,1.0049874822083278
ssp370,0.9995874506410882
ssp585,1.0017776170286363
