Key,Value
historical,0.9616759845489369
ssp126,0.9580163490657413
ssp370,0.957453647124171
ssp585,0.9472143446709681
