Key,Value
historical,1.0000000000000002
ssp126,0.9838544329769302
ssp370,0.973680320150313
ssp585,0.9758348205984777
