Key,Value
historical,0.9908268462837703
ssp126,0.9859214729559749
ssp370,0.9834663628833744
ssp585,0.9806110483089185
