Key,Value
historical,1.0096091243462346
ssp126,0.9976510933417851
ssp370,0.9972223524640442
ssp585,0.9973289583965571
