Key,Value
historical,0.9710274610091458
ssp126,0.9597214230554092
ssp370,0.9592631371080932
ssp585,0.9615212183726062
