Key,Value
historical,0.9638003175178853
ssp126,0.9485185440459237
ssp370,0.9434511087767705
ssp585,0.9401622620764365
