Key,Value
historical,1.0092640908499884
ssp126,1.0028432070641498
ssp370,1.000009369047533
ssp585,0.9996413316752296
