Key,Value
historical,1.001030517247971
ssp126,0.9947175970872462
ssp370,0.989779776639775
ssp585,0.989445806123302
