Key,Value
historical,1.0076835446153576
ssp126,1.004035054373778
ssp370,1.0008245156640405
ssp585,1.0012338494834294
