Key,Value
historical,0.955114851475201
ssp126,0.9592803612645596
ssp370,0.9527243738735409
ssp585,0.9490517401548616
