Key,Value
historical,1.0091816652693417
ssp126,1.0013618973533893
ssp370,0.9983766002567847
ssp585,0.9964646055487
