Key,Value
historical,0.9941004093979163
ssp126,0.9578014744783707
ssp370,0.9521331759842778
ssp585,0.9465673051886022
