Key,Value
historical,0.9656738393496157
ssp126,0.9553747902102281
ssp370,0.9519930234935432
ssp585,0.951520935598319
