Key,Value
historical,0.9669318550261133
ssp126,0.955371775175078
ssp370,0.9503209851449624
ssp585,0.9515351292080673
