Key,Value
historical,0.9992843950338478
ssp126,0.9933937413047401
ssp370,0.9960656269869981
ssp585,0.99274797075459
