Key,Value
historical,1.000149621204435
ssp126,0.999779103559841
ssp370,0.9984552714415016
ssp585,1.0000023881095137
