Key,Value
historical,0.9607714323859345
ssp126,0.9527942228140287
ssp370,0.9491272774364624
ssp585,0.9498874305864684
