Key,Value
historical,1.0007721826585825
ssp126,0.9890514083297995
ssp370,0.987522553980092
ssp585,0.9867180484068129
