Key,Value
historical,0.9999620494067327
ssp126,0.9930178837227761
ssp370,0.989732370512008
ssp585,0.9878480858561008
