Key,Value
historical,0.9898620886245478
ssp126,0.9736327617574818
ssp370,0.9713055021840168
ssp585,0.9718260164419009
