Key,Value
historical,1.0075490311491557
ssp126,1.0014972499556254
ssp370,0.9962406227530911
ssp585,1.0021359595127066
