Key,Value
historical,1.0414164771483234
ssp126,1.0426317042149915
ssp370,1.0493111663586585
ssp585,1.0415721863712175
