Key,Value
historical,1.0010698783544822
ssp126,0.995074994947728
ssp370,0.9953099290531503
ssp585,0.9955852448948697
