Key,Value
historical,1.0077097240855668
ssp126,0.9916735388788658
ssp370,0.9854258897840037
ssp585,0.9833717639264108
