Key,Value
historical,0.9653876104508331
ssp126,0.9361611796148986
ssp370,0.9268212235911079
ssp585,0.9259270977312651
