Key,Value
historical,1.007281988909337
ssp126,1.003994735990336
ssp370,0.9976882422578186
ssp585,0.9984711845978381
