Key,Value
historical,0.9742015704460705
ssp126,0.9605137601079764
ssp370,0.9579491945884504
ssp585,0.9539370233918575
