Key,Value
historical,0.9999999999999999
ssp126,0.9940675182638947
ssp370,0.9933125040906142
ssp585,0.9914168073080455
