Key,Value
historical,1.0000000000000002
ssp126,0.9820737498773267
ssp370,0.9834785403394627
ssp585,0.9751150544964545
