Key,Value
historical,0.9770374831258439
ssp126,0.9663706304082166
ssp370,0.9656502404252283
ssp585,0.9592415051842907
