Key,Value
historical,0.9632292773796253
ssp126,0.9522353218170581
ssp370,0.9492543295968903
ssp585,0.9452845176745582
