Key,Value
historical,0.9881347519110234
ssp126,0.9784784631063903
ssp370,0.9792275429251348
ssp585,0.9781665044995468
