Key,Value
historical,1.0102680903505112
ssp126,0.9921175245449253
ssp370,0.9941131307968655
ssp585,0.9882347288753909
