Key,Value
historical,0.9993761191108209
ssp126,0.9874114013064473
ssp370,0.9861693929607845
ssp585,0.984858690666828
