Key,Value
historical,0.9507316887397033
ssp126,0.9331598309792075
ssp370,0.934189215926232
ssp585,0.93387430183504
