Key,Value
historical,1.0395471957534343
ssp126,1.0204936973843455
ssp370,1.0129516974774255
ssp585,1.0307681326291096
