Key,Value
historical,1.0410143693446756
ssp126,1.0430170077970844
ssp370,1.0367783999303286
ssp585,1.0370564449613935
