Key,Value
historical,0.9624697785022317
ssp126,0.9408679690418653
ssp370,0.9417005556801059
ssp585,0.9501223881087111
