Key,Value
historical,0.9520917378611439
ssp126,0.9335974972301279
ssp370,0.9355202668532311
ssp585,0.9304122561767917
