Key,Value
historical,0.9999718896530209
ssp126,0.9788843258974346
ssp370,0.9625494709592365
ssp585,0.9551145830459121
