Key,Value
historical,0.9927458693652116
ssp126,0.973290621727719
ssp370,0.9722185701027468
ssp585,0.9762183505544189
