Key,Value
historical,0.9938440674491135
ssp126,0.9748207312657893
ssp370,0.9734225718250766
ssp585,0.9652963451517
