Key,Value
historical,0.9596803917451586
ssp126,0.9460777242941545
ssp370,0.9446289904295951
ssp585,0.9431999322260037
