Key,Value
historical,0.9941038075832742
ssp126,0.9802314360068026
ssp370,0.9785145351496634
ssp585,0.9751662592231751
