Key,Value
historical,0.9756501028444604
ssp126,0.9597028138321597
ssp370,0.9510341093258015
ssp585,0.9531911592140809
