Key,Value
historical,0.9666769063584978
ssp126,0.9526303899255769
ssp370,0.9501809554095371
ssp585,0.9484840001979841
