Key,Value
historical,0.9999999999999999
ssp126,0.9940882555275341
ssp370,0.9928718073967394
ssp585,0.9950664461829324
