Key,Value
historical,0.9999999999999999
ssp126,0.9940654107628863
ssp370,0.9931008949361582
ssp585,0.9925011936137277
