Key,Value
historical,0.9472274524504618
ssp126,0.9381721973017192
ssp370,0.9391311617306733
ssp585,0.9372711407283033
