Key,Value
historical,0.9584104240294675
ssp126,0.9469032945097515
ssp370,0.9398832623172133
ssp585,0.9404378579883018
