Key,Value
historical,1.0093974724266614
ssp126,1.0013651319877241
ssp370,1.0003509123249477
ssp585,0.998503335610396
