Key,Value
historical,0.9638218057709376
ssp126,0.9550151613402948
ssp370,0.9580702808348867
ssp585,0.949966266139329
