Key,Value
historical,0.9936870870356588
ssp126,0.9688076666882793
ssp370,0.955352916661489
ssp585,0.9510926923728853
