Key,Value
historical,0.9503678276262705
ssp126,0.9484398964169574
ssp370,0.946842359190806
ssp585,0.9471598685079511
