Key,Value
historical,0.9443987348999748
ssp126,0.9020168570251561
ssp370,0.9052466823592015
ssp585,0.9156616768218474
