Key,Value
historical,1.0081823056413803
ssp126,1.001093613422753
ssp370,0.9984793533377556
ssp585,0.9944262686409298
