Key,Value
historical,1.0349777449755284
ssp126,1.0194119471689498
ssp370,1.0309100918863614
ssp585,1.0132301536836368
