Key,Value
historical,0.9698079824380004
ssp126,0.958899621274142
ssp370,0.9556583576919025
ssp585,0.9543804949789672
