Key,Value
historical,1.0020825647441771
ssp126,0.9979220671116136
ssp370,0.9961932295294204
ssp585,0.9939180407940151
