Key,Value
historical,0.9630578806182032
ssp126,0.9405744464550425
ssp370,0.9347957151152122
ssp585,0.9450969919886011
