Key,Value
historical,0.9628633771636411
ssp126,0.9469147212191643
ssp370,0.9344753380841823
ssp585,0.9364507992883551
