Key,Value
historical,1.0433282564392714
ssp126,1.0384471279811347
ssp370,1.0380173015837062
ssp585,1.0430931601926319
