Key,Value
historical,1.0000000000000002
ssp126,0.9908411665137784
ssp370,0.9878334709178355
ssp585,0.9900256193152771
