Key,Value
historical,0.9647397698864014
ssp126,0.9482627742203898
ssp370,0.9407884788202984
ssp585,0.9424934116017947
