Key,Value
historical,0.9901402179194012
ssp126,0.9872081460330596
ssp370,0.978774518604
ssp585,0.9766629305025603
