Key,Value
historical,1.0382616516121885
ssp126,1.0234782589695632
ssp370,1.027393701672702
ssp585,1.0240625865986215
