Key,Value
historical,0.9646573144280417
ssp126,0.9566832398475354
ssp370,0.9462899569426546
ssp585,0.9453896823897588
