Key,Value
historical,1.0013497384154557
ssp126,0.9783391953062825
ssp370,0.9784854195821633
ssp585,0.9655545999512105
