Key,Value
historical,1.055522339130774
ssp126,1.054668610015941
ssp370,1.0532326512522592
ssp585,1.0499559018081606
