Key,Value
historical,1.0100740051825752
ssp126,0.9988086776265913
ssp370,0.9889595926535254
ssp585,0.985610148736599
