Key,Value
historical,0.9956813929495136
ssp126,0.9632480396238566
ssp370,0.9584846935286625
ssp585,0.9624062800738583
