Key,Value
historical,0.9749339511535354
ssp126,0.9621208975367839
ssp370,0.958792382209283
ssp585,0.9564563763560286
