Key,Value
historical,0.9637655145062156
ssp126,0.9540540261770726
ssp370,0.9534493198571153
ssp585,0.9555320096794598
