Key,Value
historical,0.9999999999999999
ssp126,0.9971928159194802
ssp370,0.9912892141466532
ssp585,0.9880965543091256
