Key,Value
historical,1.0095978289592902
ssp126,0.9999378403450327
ssp370,1.0043273311988574
ssp585,0.999643906598447
