Key,Value
historical,0.9583699155698605
ssp126,0.9464029065445285
ssp370,0.9477955471122049
ssp585,0.943863555166397
