Key,Value
historical,0.9932304613317037
ssp126,0.9774758610841668
ssp370,0.9626830377838322
ssp585,0.9518506854051526
