Key,Value
historical,0.9676486017133303
ssp126,0.9664971460913101
ssp370,0.9640224521983283
ssp585,0.9559280239530294
