Key,Value
historical,1.0426318479312697
ssp126,1.0331292375493755
ssp370,1.0270103430522446
ssp585,1.0279471959223951
