Key,Value
historical,1.0461224698884592
ssp126,1.040164490428892
ssp370,1.0360499110195716
ssp585,1.0322253303583395
