Key,Value
historical,1.037348222340982
ssp126,1.0408949143315571
ssp370,1.0322187509096918
ssp585,1.0378967464441413
