Key,Value
historical,1.0379980394946524
ssp126,1.0333870497516888
ssp370,1.022185114931526
ssp585,1.0272308214150851
