Key,Value
historical,1.0000000000000002
ssp126,0.9816519106136505
ssp370,0.976816178632526
ssp585,0.9765977905722214
