Key,Value
historical,1.0401971412628757
ssp126,1.039827836866869
ssp370,1.031483558020338
ssp585,1.0388443660300104
