Key,Value
historical,0.9465511642297418
ssp126,0.932765347016172
ssp370,0.9262927703859958
ssp585,0.9175075830748827
