Key,Value
historical,1.0359034266038811
ssp126,1.0208707533322228
ssp370,1.0171319426154577
ssp585,1.0157707276423205
