Key,Value
historical,0.9636669969873851
ssp126,0.948520969766733
ssp370,0.9444640113126006
ssp585,0.9446953958410288
