Key,Value
historical,0.9999999999999999
ssp126,0.9901392380037006
ssp370,0.9886126637748369
ssp585,0.9913661502846519
