Key,Value
historical,0.962814225214672
ssp126,0.9407307287308796
ssp370,0.9188293397217787
ssp585,0.9223378901755501
