Key,Value
historical,1.0073319932098053
ssp126,1.0014622020164161
ssp370,1.000438494690434
ssp585,1.0000098857315456
