Key,Value
historical,0.9940716763043078
ssp126,0.9878936950018189
ssp370,0.9871647199377945
ssp585,0.9844860195411411
