Key,Value
historical,1.0075528037250425
ssp126,0.9982542755962572
ssp370,0.997842957946629
ssp585,0.9966368660336961
