Key,Value
historical,0.9617639339547952
ssp126,0.9414550719306946
ssp370,0.9435261988508173
ssp585,0.9329377408162032
