Key,Value
historical,1.000520412353842
ssp126,0.9900887540848067
ssp370,0.9879234230879992
ssp585,0.9922508945932076
