Key,Value
historical,1.0098718233253623
ssp126,1.002786712616727
ssp370,1.001007002011184
ssp585,1.0011758341303003
