Key,Value
historical,1.0007232923431189
ssp126,0.996911132854099
ssp370,0.9945033274251757
ssp585,0.9945049666364825
