Key,Value
historical,0.9723791239913091
ssp126,0.9545271055626416
ssp370,0.9527365672170621
ssp585,0.9482753041937684
