Key,Value
historical,1.0065161694051072
ssp126,0.9944782479453486
ssp370,0.9901176294033243
ssp585,0.9910973956253741
