Key,Value
historical,0.9903532410398986
ssp126,0.9789987947233503
ssp370,0.9777572820501658
ssp585,0.974854505646154
