Key,Value
historical,1.0063461390354589
ssp126,1.007189423227379
ssp370,1.005668121093111
ssp585,1.0031220459487267
