Key,Value
historical,1.0070832533743002
ssp126,0.9978528814325045
ssp370,0.9965820080670705
ssp585,0.9949941216094466
