Key,Value
historical,1.0451547912416388
ssp126,1.0384751856198304
ssp370,1.0426209242354483
ssp585,1.0505083963477864
