Key,Value
historical,1.0072371961952264
ssp126,1.0011189895030537
ssp370,1.0020946926748577
ssp585,0.9997305450234619
