Key,Value
historical,0.9440356046457945
ssp126,0.9324054880626571
ssp370,0.9331687266594216
ssp585,0.9304159433598749
