Key,Value
historical,0.9576040530559109
ssp126,0.9398171922377129
ssp370,0.9396883006777565
ssp585,0.9332850870298857
