Key,Value
historical,0.9944783441558463
ssp126,0.9766926663643473
ssp370,0.9616437482647613
ssp585,0.9600984388530759
