Key,Value
historical,1.0524215890055644
ssp126,1.0359203827584897
ssp370,1.0359851693447757
ssp585,1.0348147797604048
