Key,Value
historical,0.9996899654774162
ssp126,0.9840558342930992
ssp370,0.9827659798776143
ssp585,0.9820083059207148
