Key,Value
historical,0.9830714206285693
ssp126,0.9691108477515227
ssp370,0.9607986818459527
ssp585,0.9628509218469303
