Key,Value
historical,0.972569452400969
ssp126,0.9677732238492613
ssp370,0.9663276130743829
ssp585,0.9614549169042179
