Key,Value
historical,1.0478000084896013
ssp126,1.032243870685603
ssp370,1.037972265829256
ssp585,1.0422687931556398
