Key,Value
historical,1.00986290849904
ssp126,1.0018440149789003
ssp370,0.9961282830682751
ssp585,0.9986531178850616
