Key,Value
historical,0.9562320666717741
ssp126,0.9501302689431321
ssp370,0.9465184757167138
ssp585,0.941553314259837
