Key,Value
historical,1.0012687156140032
ssp126,0.9944900800818081
ssp370,0.9903886815437819
ssp585,0.9913686489937255
