Key,Value
historical,1.000508803664957
ssp126,0.9954017611808705
ssp370,0.9936476282559382
ssp585,0.9894513739899149
