Key,Value
historical,1.0096742839332038
ssp126,1.0042896408428603
ssp370,1.004825011678512
ssp585,1.0034222327860691
