Key,Value
historical,1.0090917505027641
ssp126,1.0007902460163571
ssp370,0.9971376115475784
ssp585,1.0001776962469027
