Key,Value
historical,0.9919843140294792
ssp126,0.9812933462088833
ssp370,0.9747131354140123
ssp585,0.9738063173292593
