Key,Value
historical,0.9999881586093973
ssp126,0.9928288789503524
ssp370,0.9910970614719108
ssp585,0.9903727839793807
