Key,Value
historical,0.9711694459225569
ssp126,0.9582826397629376
ssp370,0.9606969936927137
ssp585,0.9425876694794134
