Key,Value
historical,0.9894668353579202
ssp126,0.9762840989120879
ssp370,0.9798433554779792
ssp585,0.9741573962017945
