Key,Value
historical,1.0000000000000002
ssp126,0.9933273748109156
ssp370,0.9855535729927407
ssp585,0.9867590541670606
