Key,Value
historical,0.9462988675825339
ssp126,0.9437503071303145
ssp370,0.9436818685462836
ssp585,0.9379962869014382
