Key,Value
historical,0.9677793961670423
ssp126,0.964567965000245
ssp370,0.9608045064638607
ssp585,0.9610266235892433
