Key,Value
historical,1.000815118725159
ssp126,0.9908737090150148
ssp370,0.9916598482060165
ssp585,0.9909918837616721
