Key,Value
historical,0.9542165780472821
ssp126,0.9550482700933868
ssp370,0.953416016401428
ssp585,0.9468789401730191
