Key,Value
historical,1.0375121418978115
ssp126,1.0298917005479795
ssp370,1.0373373211286794
ssp585,1.030159946655608
