Key,Value
historical,0.9606103258691772
ssp126,0.9458971049083587
ssp370,0.9401031526387532
ssp585,0.9413848877801457
