Key,Value
historical,0.9596803917451586
ssp126,0.9431039280226944
ssp370,0.9381711461009465
ssp585,0.935438483636123
