Key,Value
historical,0.999866058645554
ssp126,0.9873695190265834
ssp370,0.9865450570501347
ssp585,0.975214633349122
