Key,Value
historical,1.0451547912416388
ssp126,1.023807891542659
ssp370,1.0379634329530192
ssp585,1.0328018382432327
