Key,Value
historical,0.9406830044556526
ssp126,0.9311286766271752
ssp370,0.9308928422840849
ssp585,0.9302763867195499
