Key,Value
historical,0.9615880655621276
ssp126,0.9488275344756213
ssp370,0.9418057452730695
ssp585,0.9351442304581363
