Key,Value
historical,1.0325755149978229
ssp126,1.0290534026394604
ssp370,1.0194798535135794
ssp585,1.012814495126372
