Key,Value
historical,1.0006566825055376
ssp126,0.9932051702433677
ssp370,0.9910659284029391
ssp585,0.9932093338158263
