Key,Value
historical,0.9890311370285164
ssp126,0.9757728922508354
ssp370,0.9717640637545115
ssp585,0.9655188930998041
