Key,Value
historical,0.9545102899133067
ssp126,0.9483827826474206
ssp370,0.943869328280708
ssp585,0.946748971611334
