Key,Value
historical,0.9918454165872732
ssp126,0.9855167680240312
ssp370,0.9795975688106677
ssp585,0.9778818687656704
