Key,Value
historical,1.031770055255666
ssp126,1.0267667752415384
ssp370,1.0296109277442522
ssp585,1.0242181832079988
