Key,Value
historical,0.9999999999999999
ssp126,0.9961795567114105
ssp370,0.994201293101926
ssp585,0.9926796654000495
