Key,Value
historical,1.0106792514547396
ssp126,1.0049656909174927
ssp370,1.007556569917223
ssp585,1.009580394516981
