Key,Value
historical,0.9560509608169988
ssp126,0.9488300986238534
ssp370,0.945623976021696
ssp585,0.9500404618666111
