Key,Value
historical,0.9686467937109937
ssp126,0.9616915814800328
ssp370,0.9542114730351597
ssp585,0.9529296651742933
