Key,Value
historical,0.9659876498024644
ssp126,0.9517081052725404
ssp370,0.9503193042457942
ssp585,0.948706984249312
