Key,Value
historical,0.9570960790820703
ssp126,0.9422433557983887
ssp370,0.9365063399250043
ssp585,0.9377598850067416
