Key,Value
historical,1.0381352680503664
ssp126,1.0198479863941012
ssp370,1.0223266189348996
ssp585,1.0214970210370002
