Key,Value
historical,1.0005265483801649
ssp126,0.9874318229545347
ssp370,0.9850469139062797
ssp585,0.9815974015446349
