Key,Value
historical,1.0070887610266885
ssp126,0.993175059305537
ssp370,0.989766183758911
ssp585,0.9913269915222779
