Key,Value
historical,0.9911370560103389
ssp126,0.9764040457622629
ssp370,0.9697801053758965
ssp585,0.9688120656424459
