Key,Value
historical,0.9938282737103752
ssp126,0.9705776472564218
ssp370,0.9563116235832397
ssp585,0.9567363584208274
