Key,Value
historical,0.9718456696890665
ssp126,0.9532299765161971
ssp370,0.9441303108687712
ssp585,0.9388793203941667
