Key,Value
historical,0.9709308753422912
ssp126,0.9581181336225889
ssp370,0.955862895464119
ssp585,0.9470459544784139
