Key,Value
historical,0.9879948580695086
ssp126,0.9830059699379456
ssp370,0.9822867910968215
ssp585,0.9800433047185481
