Key,Value
historical,0.9922144071035689
ssp126,0.9748388751080166
ssp370,0.9673014358941319
ssp585,0.9632170473179288
