Key,Value
historical,1.0016861097942662
ssp126,0.992103435001351
ssp370,0.9899643134298646
ssp585,0.9842599277294475
