Key,Value
historical,1.0077308840843553
ssp126,0.9955232213795546
ssp370,0.9966243047726299
ssp585,0.9897281562281425
