Key,Value
historical,0.9938986495610412
ssp126,0.9908774985984294
ssp370,0.9890130679871196
ssp585,0.9911761076141586
