Key,Value
historical,1.0006177705195256
ssp126,0.988201834917226
ssp370,0.987696119630386
ssp585,0.9821483333146398
