Key,Value
historical,1.009042884637984
ssp126,0.9945124904694992
ssp370,0.9974562321378774
ssp585,0.9987898107313028
