Key,Value
historical,1.0000000000000002
ssp126,0.9835514240835552
ssp370,0.9808613519295184
ssp585,0.9794518135696331
