Key,Value
historical,0.9580664627690079
ssp126,0.9455342791171595
ssp370,0.9423705792442236
ssp585,0.9415527672849916
