Key,Value
historical,0.9999999999999999
ssp126,0.9890645934498413
ssp370,0.9858206175446581
ssp585,0.9874313981052073
