Key,Value
historical,0.9620415714075391
ssp126,0.9589969810693428
ssp370,0.9551513539945601
ssp585,0.9566937011999118
