Key,Value
historical,0.9971832707277498
ssp126,0.9842894124602873
ssp370,0.9812445492441707
ssp585,0.9819277451129802
