Key,Value
historical,1.006548092468763
ssp126,1.0006664854902407
ssp370,1.0002398086445579
ssp585,0.9988100013515083
