Key,Value
historical,0.9987510942018986
ssp126,0.9803400524658892
ssp370,0.9730567859195439
ssp585,0.9629021157079671
