Key,Value
historical,1.0470476781965639
ssp126,1.0488177005750137
ssp370,1.0470810346030996
ssp585,1.0433085891756968
