Key,Value
historical,1.0058699343834867
ssp126,0.998941565226881
ssp370,0.9993998643417576
ssp585,0.9977932434045932
