Key,Value
historical,0.9736959581668587
ssp126,0.962232637231786
ssp370,0.9572586195123782
ssp585,0.9533721424820228
