Key,Value
historical,0.9922596518519078
ssp126,0.9700188602576788
ssp370,0.9689945459289999
ssp585,0.9672208391579467
