Key,Value
historical,1.0551971808523353
ssp126,1.047112365905891
ssp370,1.044557989045018
ssp585,1.0473439933063027
