Key,Value
historical,1.0459796947739763
ssp126,1.0388347847996031
ssp370,1.0389643865730578
ssp585,1.0394098261780613
