Key,Value
historical,0.9465690633049374
ssp126,0.9427759075609156
ssp370,0.9370324198487557
ssp585,0.9312448912332398
