Key,Value
historical,1.0456298212792663
ssp126,1.0363814682895838
ssp370,1.0404613570680752
ssp585,1.0381467758050271
