Key,Value
historical,0.9652708291201549
ssp126,0.9560137166094799
ssp370,0.9546559056425893
ssp585,0.9509190030087767
