Key,Value
historical,0.9770374831258439
ssp126,0.9637389089464985
ssp370,0.9614312136660389
ssp585,0.9561074286478706
