Key,Value
historical,0.9985384832062949
ssp126,0.9886104685921979
ssp370,0.9902248376036303
ssp585,0.9892535148550322
