Key,Value
historical,1.059417587305437
ssp126,1.048631037557905
ssp370,1.0481062278784579
ssp585,1.0411194533106853
