Key,Value
historical,1.0468629580237212
ssp126,1.0423632276060846
ssp370,1.0460937494873432
ssp585,1.0497019819397153
