Key,Value
historical,0.9999077517949923
ssp126,0.989031435736745
ssp370,0.9889204706361775
ssp585,0.989587328619481
