Key,Value
historical,1.0010119655882301
ssp126,0.9862180922160503
ssp370,0.9801753624358337
ssp585,0.9695449958296473
