Key,Value
historical,1.0000000000000002
ssp126,0.9755910835813106
ssp370,0.9758597355285692
ssp585,0.9622571583467503
