Key,Value
historical,0.9887688501670967
ssp126,0.9846625748471154
ssp370,0.9757146141156174
ssp585,0.9737117117882642
