Key,Value
historical,0.9975466032173108
ssp126,0.9918515872167577
ssp370,0.9884319592601287
ssp585,0.9879941248199616
