Key,Value
historical,0.9568837714636492
ssp126,0.9436414189005123
ssp370,0.9444335205471954
ssp585,0.9397961204525124
