Key,Value
historical,0.9545388349389569
ssp126,0.9423338509991916
ssp370,0.9406276260872911
ssp585,0.936740341482525
