Key,Value
historical,1.0401174140995142
ssp126,1.028940587625285
ssp370,1.0290673482976493
ssp585,1.0268760852105845
