Key,Value
historical,1.054329722619812
ssp126,1.0356047620408881
ssp370,1.0403977904437955
ssp585,1.0370750490086342
