Key,Value
historical,1.0025876293201088
ssp126,0.9889846344034813
ssp370,0.9899368085090253
ssp585,0.9761703888344396
