Key,Value
historical,1.0102766939231596
ssp126,1.003831739472982
ssp370,0.9995283403436218
ssp585,1.004932745330125
