Key,Value
historical,1.0090064558327585
ssp126,1.000665470088
ssp370,1.0048108912078668
ssp585,1.0028803003922069
