Key,Value
historical,0.9996147237359725
ssp126,0.9961378549881272
ssp370,0.9949987466195599
ssp585,0.9949470921431605
