Key,Value
historical,0.9662785915826874
ssp126,0.9500535682188371
ssp370,0.9446765129921733
ssp585,0.9435520536276757
