Key,Value
historical,1.029282958867605
ssp126,1.0276200486938563
ssp370,1.0327485289726226
ssp585,1.0348866309499378
