Key,Value
historical,0.9671751621871679
ssp126,0.9481763699617475
ssp370,0.9384886404625804
ssp585,0.9353068036314617
