Key,Value
historical,0.9653966079754986
ssp126,0.9505103007937782
ssp370,0.956453678861565
ssp585,0.9571021328007449
