Key,Value
historical,0.9573849923944266
ssp126,0.9429651220623323
ssp370,0.940902368719631
ssp585,0.9345573873727605
