Key,Value
historical,0.9498350187935141
ssp126,0.9385590710210572
ssp370,0.9359136733847114
ssp585,0.9324555437152685
