Key,Value
historical,0.9909759614353555
ssp126,0.9814739611828327
ssp370,0.9807195764809856
ssp585,0.9801466653077525
