Key,Value
historical,0.9999999999999999
ssp126,0.9820224976829935
ssp370,0.9846558340048852
ssp585,0.9823329157940789
