Key,Value
historical,0.9744144443202329
ssp126,0.9682606064754474
ssp370,0.9624436445203747
ssp585,0.9616204200079377
