Key,Value
historical,0.9999999999999999
ssp126,0.9941704095239654
ssp370,0.9911804686034483
ssp585,0.9883115863598517
