Key,Value
historical,0.9877410001834235
ssp126,0.979451767851824
ssp370,0.9790960082645046
ssp585,0.9797033570689074
