Key,Value
historical,0.9994952842854231
ssp126,0.9869279997698411
ssp370,0.9870536381915206
ssp585,0.9874996314417047
