Key,Value
historical,0.9999999999999999
ssp126,0.9922229319320751
ssp370,0.9877108000360878
ssp585,0.985737162062445
