Key,Value
historical,0.9506341679133449
ssp126,0.9443128845363267
ssp370,0.9385204202744456
ssp585,0.933236904494737
