Key,Value
historical,0.9999999999999999
ssp126,0.9888879736384403
ssp370,0.9880594109173109
ssp585,0.9851338378178225
