Key,Value
historical,0.9606103258691772
ssp126,0.9389579827494493
ssp370,0.9333914403023524
ssp585,0.9298911917771424
