Key,Value
historical,0.970627617251925
ssp126,0.9511265039692254
ssp370,0.9372047035691385
ssp585,0.9393389484943494
