Key,Value
historical,0.994188060739464
ssp126,0.9718247082145491
ssp370,0.9605471447182716
ssp585,0.9508278293235569
