Key,Value
historical,0.9995263409870522
ssp126,0.9883250188528003
ssp370,0.9897481226604559
ssp585,0.9872220622937634
