Key,Value
historical,1.047832899584727
ssp126,1.032649228611955
ssp370,1.0329391733430837
ssp585,1.0279388677096462
