Key,Value
historical,0.9935614447392809
ssp126,0.9748124170972725
ssp370,0.9718738893171753
ssp585,0.968446264195143
