Key,Value
historical,1.0087772843271425
ssp126,0.9994374758062441
ssp370,0.9996558109990341
ssp585,0.9998535908178111
