Key,Value
historical,0.9999999999999999
ssp126,0.9882481639320146
ssp370,0.9891087733362286
ssp585,0.9881766153455062
