Key,Value
historical,1.0356270304915618
ssp126,1.0277106222775838
ssp370,1.0324265607648653
ssp585,1.0255060019512252
