Key,Value
historical,0.9485595333335349
ssp126,0.9298034950712806
ssp370,0.9206358020614392
ssp585,0.921591684718162
