Key,Value
historical,0.9580664627690079
ssp126,0.9461680532433907
ssp370,0.9441160690096987
ssp585,0.9418392276837757
