Key,Value
historical,0.9600549371002626
ssp126,0.9482277911934328
ssp370,0.9490149172784303
ssp585,0.9457282637331681
