Key,Value
historical,1.04194449414951
ssp126,1.034071069626886
ssp370,1.0374949217590357
ssp585,1.0353545269022015
