Key,Value
historical,1.0000000000000002
ssp126,0.9874199614844084
ssp370,0.9874504570369812
ssp585,0.9737148920267634
