Key,Value
historical,0.9606387871680936
ssp126,0.9425705224506713
ssp370,0.927810334949045
ssp585,0.9316046769090983
