Key,Value
historical,1.0474639994616854
ssp126,1.0418372104584208
ssp370,1.043438985575649
ssp585,1.038264796253498
