Key,Value
historical,0.9740947730887191
ssp126,0.9582480308406879
ssp370,0.9538952931443035
ssp585,0.9529150500885112
