Key,Value
historical,1.0010436509530283
ssp126,0.9958437669712191
ssp370,0.9941086345053659
ssp585,0.9937235957993464
