Key,Value
historical,0.9656542237107685
ssp126,0.9481974578928317
ssp370,0.9451407198597072
ssp585,0.9405957998171685
