Key,Value
historical,0.9719650455175434
ssp126,0.9615322380876198
ssp370,0.9589976508340913
ssp585,0.9582493600893346
