Key,Value
historical,0.9886950961504929
ssp126,0.9804134294779941
ssp370,0.9780944629007983
ssp585,0.9785084061591217
