Key,Value
historical,0.991533114041454
ssp126,0.9811484968231465
ssp370,0.9812069017142135
ssp585,0.9826517972030346
