Key,Value
historical,0.9999999999999999
ssp126,0.9940929108138885
ssp370,0.9928576857035468
ssp585,0.9950914514331615
