Key,Value
historical,1.0103122131578057
ssp126,1.0047848379529287
ssp370,1.0019794516836111
ssp585,0.9997005820063348
