Key,Value
historical,0.9892804821533744
ssp126,0.9858515598751594
ssp370,0.9773456605505021
ssp585,0.9794560433940258
