Key,Value
historical,1.052666448857301
ssp126,1.0397248233906247
ssp370,1.0337727707004116
ssp585,1.02641615827124
