Key,Value
historical,1.053301321376115
ssp126,1.0342001578627782
ssp370,1.0368495306098586
ssp585,1.037135297195653
