Key,Value
historical,0.9999999999999999
ssp126,0.9925406596176972
ssp370,0.992468408903577
ssp585,0.9898562440280885
