Key,Value
historical,0.9692766097608103
ssp126,0.9582002352233465
ssp370,0.9562827472568656
ssp585,0.9571789143406596
