Key,Value
historical,0.9643561559363507
ssp126,0.9537061684877578
ssp370,0.953303885064959
ssp585,0.9500671861539869
