Key,Value
historical,1.0115082452043833
ssp126,1.0001588724155142
ssp370,0.9952854997543652
ssp585,0.9964876766552965
