Key,Value
historical,0.9948671437726222
ssp126,0.9792498760742142
ssp370,0.9720601139416556
ssp585,0.9677895145098369
