Key,Value
historical,1.0003593748623965
ssp126,0.9985767544289954
ssp370,0.9921619791145931
ssp585,0.9887448751469834
