Key,Value
historical,0.9605215616391802
ssp126,0.952625805117118
ssp370,0.9495362744492534
ssp585,0.9499138072849221
