Key,Value
historical,1.0100061367851307
ssp126,1.0073470116347554
ssp370,1.0050070615857356
ssp585,1.0032956088802374
