Key,Value
historical,1.0099140030431875
ssp126,1.0042398831381885
ssp370,1.0067939043628882
ssp585,1.00370582057497
