Key,Value
historical,0.9626422781434384
ssp126,0.9442670675744884
ssp370,0.942858855587098
ssp585,0.9359959357813542
