Key,Value
historical,0.9895301982387776
ssp126,0.9757254363902487
ssp370,0.9734985758362588
ssp585,0.9703302266114581
