Key,Value
historical,1.0074353020089812
ssp126,0.9925270181261122
ssp370,0.9877084376739985
ssp585,0.9881481032453594
