Key,Value
historical,0.9936870870356588
ssp126,0.9833876133113014
ssp370,0.9747979629990376
ssp585,0.9738324981182314
