Key,Value
historical,0.9449453566233669
ssp126,0.9194776950460868
ssp370,0.9158221365733835
ssp585,0.9132702783637504
