Key,Value
historical,0.9543678972015172
ssp126,0.9442368653418717
ssp370,0.9408677552620835
ssp585,0.9446725294548363
