Key,Value
historical,1.0077152247827046
ssp126,1.0003831494130213
ssp370,0.9996329329222122
ssp585,0.996075118304046
