Key,Value
historical,0.9663489684205935
ssp126,0.9513846124771427
ssp370,0.9525496805700072
ssp585,0.9476437766030987
