Key,Value
historical,1.039195904355156
ssp126,1.0350288003689703
ssp370,1.042995152853694
ssp585,1.0439896442570373
