Key,Value
historical,1.0000000000000002
ssp126,0.989358126665459
ssp370,0.9887943351767373
ssp585,0.9825128166946797
