Key,Value
historical,1.0387845598347765
ssp126,1.0339146027804622
ssp370,1.0313670263677932
ssp585,1.0306453755891545
