Key,Value
historical,0.9454373230742826
ssp126,0.933732137144916
ssp370,0.9374388167178775
ssp585,0.9393261079191879
