Key,Value
historical,1.0524215890055644
ssp126,1.0418898781225858
ssp370,1.0272080293753039
ssp585,1.0302662458955913
