Key,Value
historical,1.002284819626163
ssp126,0.9922797723058887
ssp370,0.9928967728152525
ssp585,0.996895509366586
