Key,Value
historical,0.9999999999999999
ssp126,0.9952451691591496
ssp370,0.9945001152492573
ssp585,0.9908695753448802
