Key,Value
historical,0.9611030316172782
ssp126,0.9516928123884874
ssp370,0.9492500388513238
ssp585,0.9492641837914984
