Key,Value
historical,0.9620440988631379
ssp126,0.9548098917739118
ssp370,0.955228444417703
ssp585,0.9544395866657818
