Key,Value
historical,0.9517848022289958
ssp126,0.9419444017564338
ssp370,0.9362614449920404
ssp585,0.931473395647762
