Key,Value
historical,1.0455126601756273
ssp126,1.0230877966537726
ssp370,1.028440922202122
ssp585,1.0175856473642961
