Key,Value
historical,0.9707458390761843
ssp126,0.9569580473453047
ssp370,0.9578079290570325
ssp585,0.9579550547850505
