Key,Value
historical,1.0000000000000002
ssp126,0.9825902206160935
ssp370,0.9792797037580757
ssp585,0.9780275523603142
