Key,Value
historical,1.0108116178873299
ssp126,0.9985279527374932
ssp370,0.9930026295497285
ssp585,0.9916315748185413
