Key,Value
historical,1.0379848453308809
ssp126,1.034895112552698
ssp370,1.0299340276063476
ssp585,1.022919470582782
