Key,Value
historical,1.0006241435462286
ssp126,0.9810005836556434
ssp370,0.98185267802415
ssp585,0.9698488468108621
