Key,Value
historical,1.0070832533743002
ssp126,0.9961933085557292
ssp370,0.9941892502739347
ssp585,0.9848384309343873
