Key,Value
historical,1.0000000000000002
ssp126,0.9854650269581584
ssp370,0.979987651114901
ssp585,0.9750675520993548
