Key,Value
historical,1.0000000000000002
ssp126,0.9844190591686779
ssp370,0.9797941734824088
ssp585,0.976188880813726
