Key,Value
historical,0.9497360775248542
ssp126,0.9300848212875683
ssp370,0.9207624459722425
ssp585,0.926180199612595
