Key,Value
historical,0.9948671437726222
ssp126,0.9668002824276666
ssp370,0.9509435144860254
ssp585,0.9531928602152345
