Key,Value
historical,1.0085192938147578
ssp126,0.9998121378300086
ssp370,0.9973789898265745
ssp585,0.997201417678354
