Key,Value
historical,1.038984085990941
ssp126,1.0218507293427277
ssp370,1.023225889174038
ssp585,1.0364058691998534
