Key,Value
historical,0.9605215616391802
ssp126,0.9431300552676155
ssp370,0.9424391802314347
ssp585,0.9389071767242663
