Key,Value
historical,0.9406830044556526
ssp126,0.9298741284936661
ssp370,0.9227281671709198
ssp585,0.9160323780641293
