Key,Value
historical,0.9999999999999999
ssp126,0.992154088631882
ssp370,0.9938779752645829
ssp585,0.9907275993354319
