Key,Value
historical,1.0000000000000002
ssp126,0.9889288485940018
ssp370,0.9858565899548667
ssp585,0.981343870986392
