Key,Value
historical,0.9893748547364057
ssp126,0.9716349546350738
ssp370,0.9713420050429254
ssp585,0.9666342186987302
