Key,Value
historical,0.9603075510181932
ssp126,0.9510782234250186
ssp370,0.9473750157168688
ssp585,0.9500682503671959
