Key,Value
historical,1.001434057595069
ssp126,0.9853616469003867
ssp370,0.9840717937600592
ssp585,0.9901577312253981
