Key,Value
historical,1.0003209316206643
ssp126,0.9901799190271124
ssp370,0.9911964836428026
ssp585,0.9900096956366666
