Key,Value
historical,0.9900146988761406
ssp126,0.9741683301248791
ssp370,0.9705645025449164
ssp585,0.9675043935562607
