Key,Value
historical,1.0000000000000002
ssp126,0.9860159346550187
ssp370,0.9820720361026561
ssp585,0.9817179284783023
