Key,Value
historical,0.9682012509302085
ssp126,0.9558861494290309
ssp370,0.9487790592389175
ssp585,0.94855051913173
