Key,Value
historical,0.9488767413078988
ssp126,0.9273955200760234
ssp370,0.9224171505313293
ssp585,0.922705812729286
