Key,Value
historical,0.9999335593476048
ssp126,0.9811630727129776
ssp370,0.9717915909046635
ssp585,0.9684478477338246
