Key,Value
historical,1.0112032093741328
ssp126,0.9963450209901925
ssp370,1.0007699827037317
ssp585,1.0049678206235857
