Key,Value
historical,0.9993856502402156
ssp126,0.9872323322753478
ssp370,0.9859337993088076
ssp585,0.9726318549322833
