Key,Value
historical,0.966789797656428
ssp126,0.9577938866687128
ssp370,0.9523128187457771
ssp585,0.9500226162598585
