Key,Value
historical,1.0113503222476894
ssp126,1.0021861097603413
ssp370,0.9996560838021064
ssp585,0.9992905540898571
