Key,Value
historical,0.9526991367857836
ssp126,0.9399825856496186
ssp370,0.9318173607205796
ssp585,0.9305106130554232
