Key,Value
historical,0.9954166398710566
ssp126,0.9750316896251303
ssp370,0.9602089453403749
ssp585,0.9560153155925493
