Key,Value
historical,0.9622265281163037
ssp126,0.9514623642303758
ssp370,0.9408514392167332
ssp585,0.9381330664029707
