Key,Value
historical,1.0013409297542863
ssp126,0.986774160268222
ssp370,0.9739130990279387
ssp585,0.9762875041394334
