Key,Value
historical,0.9941863566737817
ssp126,0.9863407333105565
ssp370,0.9820772491009863
ssp585,0.9835445877695045
