Key,Value
historical,1.0004708634908615
ssp126,0.9872649600591158
ssp370,0.9754940536887587
ssp585,0.9759402968935701
