Key,Value
historical,1.0002738546674435
ssp126,0.984360096366438
ssp370,0.9806954970007604
ssp585,0.9691965794390072
