Key,Value
historical,0.9997392950789858
ssp126,0.9924847440867517
ssp370,0.9936801940463125
ssp585,0.9895017411732566
