Key,Value
historical,0.9999999999999999
ssp126,0.9967570002747652
ssp370,0.9952350705660318
ssp585,0.9949990558789243
