Key,Value
historical,0.9438403389277054
ssp126,0.9342516227914222
ssp370,0.9307451063390668
ssp585,0.928763537923341
