Key,Value
historical,1.0005400120121657
ssp126,0.9850082335393087
ssp370,0.9855095924442627
ssp585,0.9794269814463689
