Key,Value
historical,0.9601691076056066
ssp126,0.9563307870754021
ssp370,0.9498504586731579
ssp585,0.9470060379265876
