Key,Value
historical,1.0005450242048428
ssp126,0.9955307067265856
ssp370,0.9875020421816652
ssp585,0.9858978758311138
