Key,Value
historical,0.967768074213559
ssp126,0.9544423460101008
ssp370,0.9528244486623673
ssp585,0.9514122606470106
