Key,Value
historical,1.0069786365231665
ssp126,0.9993475274796949
ssp370,0.9977007617554995
ssp585,0.9962505216828832
