Key,Value
historical,0.9497360775248542
ssp126,0.93101361170037
ssp370,0.9272993459543204
ssp585,0.9295596351157506
