Key,Value
historical,1.0003653772754493
ssp126,0.9757752625575222
ssp370,0.975337949129193
ssp585,0.9631547800589328
