Key,Value
historical,0.9496649602293135
ssp126,0.9303113993970794
ssp370,0.9299951410114523
ssp585,0.9242261571476672
