Key,Value
historical,0.9598131714928096
ssp126,0.9494135404919762
ssp370,0.9464622700732199
ssp585,0.9501046962648755
