Key,Value
historical,1.0003590879167317
ssp126,0.978999084075148
ssp370,0.961479544750725
ssp585,0.9596753911199101
