Key,Value
historical,1.005693712729414
ssp126,0.9978230928140811
ssp370,0.9975002541430302
ssp585,0.9987963873873837
