Key,Value
historical,0.9881356282536888
ssp126,0.9681946989081597
ssp370,0.9690469627413888
ssp585,0.9549489434467014
