Key,Value
historical,1.0501756859415652
ssp126,1.0418955820885114
ssp370,1.031012920040427
ssp585,1.0283492891526347
