Key,Value
historical,1.0081520648201143
ssp126,0.9937470186754025
ssp370,0.9938219767372815
ssp585,0.9908009491315037
