Key,Value
historical,1.008236233531014
ssp126,0.995424549204649
ssp370,0.9929604818782152
ssp585,0.9898379613863124
