Key,Value
historical,0.9952390354708887
ssp126,0.9748011571926598
ssp370,0.9590452401775914
ssp585,0.962211877978808
