Key,Value
historical,0.9569840625318894
ssp126,0.9517986571257803
ssp370,0.9522499391685736
ssp585,0.9511374376298101
