Key,Value
historical,1.0427081096757267
ssp126,1.0314680787827286
ssp370,1.0308167582746757
ssp585,1.0263459934856602
