Key,Value
historical,1.0000000000000002
ssp126,0.9962305910001401
ssp370,0.990544871647371
ssp585,0.991652504428689
