Key,Value
historical,1.0575076203730205
ssp126,1.0173748920306753
ssp370,1.0303178646821767
ssp585,1.008969938898238
