Key,Value
historical,1.0308952522869033
ssp126,1.0261522945500594
ssp370,1.0287139113895785
ssp585,1.0233610928821064
