Key,Value
historical,0.9886840856199555
ssp126,0.9815751839476912
ssp370,0.9763640078015768
ssp585,0.9746007086735456
