Key,Value
historical,1.00644961215296
ssp126,1.000133526579469
ssp370,0.9987674763092536
ssp585,0.996381172544236
