Key,Value
historical,0.9940160583562536
ssp126,0.9905294555449581
ssp370,0.9882562456822422
ssp585,0.991787547931186
