Key,Value
historical,0.9617564452786908
ssp126,0.9570006276280699
ssp370,0.9517303800961185
ssp585,0.9495852012959158
