Key,Value
historical,0.9645617413367975
ssp126,0.9535329244252417
ssp370,0.9493184520955988
ssp585,0.946819028502257
