Key,Value
historical,0.9640116673054111
ssp126,0.9478882503390534
ssp370,0.9452056117372776
ssp585,0.9396634486900629
