Key,Value
historical,0.9654658274189128
ssp126,0.947479496559595
ssp370,0.9476471735635965
ssp585,0.9392671633820218
