Key,Value
historical,1.0092325767063821
ssp126,1.0055304859166827
ssp370,1.0034546377544473
ssp585,1.0050648009276546
