Key,Value
historical,1.0467225740236275
ssp126,1.0391361670158017
ssp370,1.0425322670956743
ssp585,1.032649564580765
