Key,Value
historical,0.9889449287694456
ssp126,0.9656448153674486
ssp370,0.9568111885070318
ssp585,0.9521695857345912
