Key,Value
historical,1.0000000000000002
ssp126,0.9835210446304515
ssp370,0.9754900672225709
ssp585,0.9777804037248065
