Key,Value
historical,1.001554038086414
ssp126,0.9924616675903101
ssp370,0.9904847281087963
ssp585,0.9852852559592007
