Key,Value
historical,0.9512263663194778
ssp126,0.9355550841729289
ssp370,0.9310091932421565
ssp585,0.9294599320586496
