Key,Value
historical,0.9620312820695388
ssp126,0.9520651019443548
ssp370,0.9486277679053564
ssp585,0.9479454979434631
