Key,Value
historical,1.0083911740637364
ssp126,0.9939121220506958
ssp370,0.9949924404549456
ssp585,0.9860430068809786
