Key,Value
historical,0.9999999999999999
ssp126,0.9814235712647709
ssp370,0.9812490550889829
ssp585,0.9766025926759764
