Key,Value
historical,1.0288144185863375
ssp126,1.0264167940307083
ssp370,1.0241968926037597
ssp585,1.0116448615965012
