Key,Value
historical,1.0000000000000002
ssp126,0.9862773595952228
ssp370,0.9844077627685672
ssp585,0.9854052877301177
