Key,Value
historical,0.960472597399014
ssp126,0.9491959927696972
ssp370,0.9401595969775876
ssp585,0.947752504426397
