Key,Value
historical,1.0000000000000002
ssp126,0.9879995510531774
ssp370,0.9874875692763375
ssp585,0.9805499278445832
