Key,Value
historical,1.0000000000000002
ssp126,0.982376945274377
ssp370,0.980926469607267
ssp585,0.9802077299087146
