Key,Value
historical,0.9984688937373118
ssp126,0.9918828489780162
ssp370,0.9906568023482617
ssp585,0.990468506294333
