Key,Value
historical,1.045810971579912
ssp126,1.0299735277018631
ssp370,1.031685640427961
ssp585,1.0333065306141522
