Key,Value
historical,1.0525004869877115
ssp126,1.0414785105590878
ssp370,1.0499810171670385
ssp585,1.0393884618920437
