Key,Value
historical,1.0000000000000002
ssp126,0.9848574089422117
ssp370,0.9860635941156375
ssp585,0.9788973662335887
