Key,Value
historical,0.9999999999999999
ssp126,0.9921167179504384
ssp370,0.9877907648117937
ssp585,0.9874735979068251
