Key,Value
historical,0.941192660339827
ssp126,0.9330132994556687
ssp370,0.9289263915487579
ssp585,0.9231873378335681
