Key,Value
historical,0.9985384832062949
ssp126,0.9816642710586013
ssp370,0.9811873060616559
ssp585,0.9760062234820237
