Key,Value
historical,0.9633698584420605
ssp126,0.944035877491678
ssp370,0.9364859568233855
ssp585,0.9326959344851756
