Key,Value
historical,1.0507008540692828
ssp126,1.037508053735337
ssp370,1.0410625821810156
ssp585,1.042054734277201
