Key,Value
historical,1.0003186554191354
ssp126,0.9904708274000797
ssp370,0.992320811215665
ssp585,0.9948961299098296
