Key,Value
historical,0.9930349195350388
ssp126,0.9800471042396331
ssp370,0.9765374606574169
ssp585,0.9797468385897706
