Key,Value
historical,0.965380127646352
ssp126,0.9520501347691204
ssp370,0.954836867174544
ssp585,0.9528800282135403
