Key,Value
historical,1.0066759022073752
ssp126,0.9966245000110062
ssp370,0.9937945824290598
ssp585,0.9946177131326522
