Key,Value
historical,1.0086194705998541
ssp126,0.9899697467406043
ssp370,0.9901039202405227
ssp585,0.9841752778473728
