Key,Value
historical,0.9714146180904003
ssp126,0.9631602290141329
ssp370,0.9587868007014524
ssp585,0.9565231794578459
