Key,Value
historical,1.0357043758738027
ssp126,1.027927445392625
ssp370,1.0343008212194174
ssp585,1.0273204303377181
