Key,Value
historical,1.0059167300878389
ssp126,0.9906171623845008
ssp370,0.9883087098271427
ssp585,0.9861709769673893
