Key,Value
historical,1.0076799327792885
ssp126,0.9902381468183472
ssp370,0.9862219281486075
ssp585,0.9825085080055873
