Key,Value
historical,0.9421895493440782
ssp126,0.935571520576383
ssp370,0.9360643937386115
ssp585,0.9247408342315047
