Key,Value
historical,0.9519358214949645
ssp126,0.9389929602396422
ssp370,0.9405730977387047
ssp585,0.9392540468050863
