Key,Value
historical,0.9932199134846941
ssp126,0.978323696004806
ssp370,0.9795823598883409
ssp585,0.9813186756096186
