Key,Value
historical,0.995117168127424
ssp126,0.95494979959544
ssp370,0.9445414226081247
ssp585,0.9412741568738099
