Key,Value
historical,1.0069338607049276
ssp126,0.9962603895793486
ssp370,0.994134199903842
ssp585,0.9848844484006449
