Key,Value
historical,0.9732942316102824
ssp126,0.9684699661387012
ssp370,0.9670986126469154
ssp585,0.9621950836060289
