Key,Value
historical,0.9927722836119834
ssp126,0.9773586170974364
ssp370,0.978761833514362
ssp585,0.9659137888322379
