Key,Value
historical,0.9924393797510173
ssp126,0.9746953521319631
ssp370,0.9578361310219384
ssp585,0.9535630211164315
