Key,Value
historical,0.9996765543217137
ssp126,0.993312573996622
ssp370,0.991414820023141
ssp585,0.9902338106265743
