Key,Value
historical,0.9512244132278647
ssp126,0.9373588007280167
ssp370,0.9345764119024806
ssp585,0.9262802196455651
