Key,Value
historical,1.038176018935256
ssp126,1.0214678188919422
ssp370,1.0276907403719642
ssp585,1.0293505478002476
