Key,Value
historical,0.9993573985845633
ssp126,0.9876193007472838
ssp370,0.981345503196718
ssp585,0.9820052082750086
