Key,Value
historical,1.009720027086263
ssp126,1.0062741366278003
ssp370,0.9993077777332727
ssp585,0.9987310332617589
