Key,Value
historical,0.9650488052027986
ssp126,0.9511566151551616
ssp370,0.9481295895221152
ssp585,0.9404051647461714
