Key,Value
historical,1.028692540712161
ssp126,1.035182220270353
ssp370,1.0228495194108569
ssp585,1.035963107938449
