Key,Value
historical,1.0006570044273655
ssp126,0.9938854415276384
ssp370,0.9927373370269293
ssp585,0.993500088045787
