Key,Value
historical,0.9583353815707392
ssp126,0.9442229933504331
ssp370,0.9458478896892842
ssp585,0.9416495976276138
