Key,Value
historical,0.9733546930901795
ssp126,0.9583037119881807
ssp370,0.9597517557126298
ssp585,0.958642136976931
