Key,Value
historical,1.0066063537116188
ssp126,0.9988525456206121
ssp370,0.9949296011660405
ssp585,0.9903489491704971
