Key,Value
historical,1.0002545344097686
ssp126,0.9863162578330008
ssp370,0.9816610461457304
ssp585,0.9816870984480369
