Key,Value
historical,0.9672810620030553
ssp126,0.9630330371689518
ssp370,0.9533383547828641
ssp585,0.9533656602799531
