Key,Value
historical,0.9954992214855328
ssp126,0.9667052784524978
ssp370,0.9649273129275163
ssp585,0.9606949980825704
