Key,Value
historical,0.9928743383997299
ssp126,0.9794643137707401
ssp370,0.9822477722233459
ssp585,0.9771722484780647
