Key,Value
historical,1.0000000000000002
ssp126,0.9879910256440079
ssp370,0.9838325740333049
ssp585,0.9796995185953657
