Key,Value
historical,1.0084520367695387
ssp126,0.9960865687607529
ssp370,0.9986149098518387
ssp585,0.9958681954037611
