Key,Value
historical,0.9725014802161374
ssp126,0.9640584239836585
ssp370,0.9571337549427162
ssp585,0.9559719253083215
