Key,Value
historical,0.9754467530816642
ssp126,0.9590009911061164
ssp370,0.9522509309943684
ssp585,0.9493700113018141
