Key,Value
historical,0.9512969449401592
ssp126,0.9399438663085864
ssp370,0.9319239677733447
ssp585,0.9346374429962527
