Key,Value
historical,0.9736959581668587
ssp126,0.957617783645383
ssp370,0.9536590600944806
ssp585,0.9499945784794773
