Key,Value
historical,0.9562764688950409
ssp126,0.9458391204703839
ssp370,0.9424377277386344
ssp585,0.9439402148031902
