Key,Value
historical,1.0088072268211399
ssp126,0.9883402872776565
ssp370,0.9828426758051284
ssp585,0.9830143382258475
