Key,Value
historical,1.0003653772754493
ssp126,0.98561436699115
ssp370,0.9877115723019428
ssp585,0.9808995840090832
