Key,Value
historical,0.9601417823978499
ssp126,0.9505107416139168
ssp370,0.9454639962319016
ssp585,0.9509404219288838
