Key,Value
historical,0.9588469288831576
ssp126,0.9281758280675352
ssp370,0.9232394634450692
ssp585,0.9276935186232552
