Key,Value
historical,0.9897447734945714
ssp126,0.9758471497569975
ssp370,0.9741256037865866
ssp585,0.9717289698344399
