Key,Value
historical,0.9999999999999999
ssp126,0.9926218326785979
ssp370,0.9920647904046034
ssp585,0.990325699977155
