Key,Value
historical,1.0507745213102948
ssp126,1.0377941520012006
ssp370,1.0353927130768361
ssp585,1.043083574833476
