Key,Value
historical,1.032947367228624
ssp126,1.0264404684513033
ssp370,1.018574873643372
ssp585,1.0213935712555535
