Key,Value
historical,0.9930451366263604
ssp126,0.9779975329403446
ssp370,0.9737713525772246
ssp585,0.970909464592619
