Key,Value
historical,1.0655266884162204
ssp126,1.0354018142422763
ssp370,1.0414082058737237
ssp585,1.0371364552115505
