Key,Value
historical,0.9999999999999999
ssp126,0.9947995371243974
ssp370,0.9957935903533386
ssp585,0.9927606291811693
