Key,Value
historical,0.9617704331837171
ssp126,0.9459338287535675
ssp370,0.9439817933659244
ssp585,0.9420404151264644
