Key,Value
historical,1.0001425061278066
ssp126,0.9943847580846258
ssp370,0.9953907788296673
ssp585,0.9923016217657917
