Key,Value
historical,0.9635528443758237
ssp126,0.9563505093664556
ssp370,0.950061855783364
ssp585,0.9520943878052833
