Key,Value
historical,1.03063944908418
ssp126,1.0200837996339134
ssp370,1.0136199545897473
ssp585,1.0209957240536691
