Key,Value
historical,0.9607320910188283
ssp126,0.9482532470137371
ssp370,0.9461483704465572
ssp585,0.9542331819401245
