Key,Value
historical,1.0009949234529636
ssp126,0.98690232082084
ssp370,0.9866137600729669
ssp585,0.9864431140655383
