Key,Value
historical,0.9505004721715661
ssp126,0.933783887605971
ssp370,0.934107274162901
ssp585,0.925631531560326
