Key,Value
historical,0.9999999999999999
ssp126,0.986183184377509
ssp370,0.9864884745840087
ssp585,0.9880066592474478
