Key,Value
historical,0.9999999999999999
ssp126,0.9869315097397929
ssp370,0.9883828368093054
ssp585,0.9888128004107273
