Key,Value
historical,0.9450948374587147
ssp126,0.9215284264134119
ssp370,0.8982515675862994
ssp585,0.905497339041916
