Key,Value
historical,1.0000000000000002
ssp126,0.9911136711244136
ssp370,0.9847030022054538
ssp585,0.9826293886428794
