Key,Value
historical,0.9635528443758237
ssp126,0.9604688096567845
ssp370,0.9533760210609301
ssp585,0.9648625196513667
