Key,Value
historical,1.0007290709888568
ssp126,0.9851858923658751
ssp370,0.985471937144191
ssp585,0.9904097247039336
