Key,Value
historical,1.0004166954549552
ssp126,0.989673780684101
ssp370,0.9859903016516316
ssp585,0.9786419846872978
