Key,Value
historical,0.9569261192514219
ssp126,0.9513222916523653
ssp370,0.9514781926992056
ssp585,0.9407751094907584
