Key,Value
historical,0.9542524677497536
ssp126,0.9457017929492488
ssp370,0.940423856737857
ssp585,0.9368448292968098
