Key,Value
historical,0.9999597205832896
ssp126,0.9983572122795193
ssp370,0.9980565654728226
ssp585,0.9982429713998843
