Key,Value
historical,0.9655231214365844
ssp126,0.9391082070225889
ssp370,0.947295884007332
ssp585,0.9316642857601817
