Key,Value
historical,1.0081826104711662
ssp126,1.0032292901521
ssp370,1.0026291033456423
ssp585,1.003044285723847
