Key,Value
historical,1.0384390454029666
ssp126,1.0312701195139673
ssp370,1.0345221543705194
ssp585,1.036868493863103
