Key,Value
historical,1.0070768044386809
ssp126,0.9941700120070903
ssp370,0.9850725155492113
ssp585,0.9869427676361541
