Key,Value
historical,0.9999999999999999
ssp126,0.9976408830403369
ssp370,0.9937341668438237
ssp585,0.991118478246868
