Key,Value
historical,1.000186876712406
ssp126,0.9932644317896967
ssp370,0.9922705445058263
ssp585,0.9907962083813528
