Key,Value
historical,0.9999999999999999
ssp126,0.9886709821026448
ssp370,0.9914853971326523
ssp585,0.988905315390292
