Key,Value
historical,0.9999335593476048
ssp126,0.9854909361209264
ssp370,0.9858196891694883
ssp585,0.984184985354596
