Key,Value
historical,1.000938938156227
ssp126,0.9827112971833409
ssp370,0.9764289022276217
ssp585,0.9716163001472372
