Key,Value
historical,0.9977667888046172
ssp126,0.9838181055482387
ssp370,0.9755181346817688
ssp585,0.9762508179685729
