Key,Value
historical,0.943610224163047
ssp126,0.9426175038461427
ssp370,0.9420874654756973
ssp585,0.9343704516279441
