Key,Value
historical,0.9897326556967425
ssp126,0.9712222054544993
ssp370,0.9727404467475972
ssp585,0.9597643667662457
