Key,Value
historical,0.9922814982160604
ssp126,0.9804040436636253
ssp370,0.9813986247249261
ssp585,0.9854640260953691
