Key,Value
historical,1.0017756370463742
ssp126,0.9923282841735523
ssp370,0.9894418616744841
ssp585,0.9850310680682336
