Key,Value
historical,0.9999999999999999
ssp126,0.9891169451802535
ssp370,0.9859586655945907
ssp585,0.9874532912206399
