Key,Value
historical,0.9678489371654658
ssp126,0.9529551847339369
ssp370,0.9503878869290994
ssp585,0.949349448660714
