Key,Value
historical,0.9526307656944717
ssp126,0.9345438323697465
ssp370,0.9337887709371573
ssp585,0.9263346337662021
