Key,Value
historical,0.9909187312222818
ssp126,0.9752937013868578
ssp370,0.966772562915635
ssp585,0.9550999282437109
