Key,Value
historical,0.9603616346356959
ssp126,0.9443756098311099
ssp370,0.9463959305444778
ssp585,0.9374386717818851
