Key,Value
historical,1.00046145329416
ssp126,0.9880335201887462
ssp370,0.9833827828673787
ssp585,0.9742961859795584
