Key,Value
historical,0.9767337186616248
ssp126,0.9635068727079539
ssp370,0.9579649856041397
ssp585,0.9574406426607358
