Key,Value
historical,0.9527886165797352
ssp126,0.9384918023004528
ssp370,0.9342474040316743
ssp585,0.9328602257693737
