Key,Value
historical,1.05804305169983
ssp126,1.0441908896246659
ssp370,1.0404689564346223
ssp585,1.0374672260897297
