Key,Value
historical,1.000504696675476
ssp126,0.9961078099961714
ssp370,0.9942553207402295
ssp585,0.9910337065868875
