Key,Value
historical,1.0000000000000002
ssp126,0.9808707842915025
ssp370,0.9767420498870729
ssp585,0.9749504866666534
