Key,Value
historical,0.9995967226641733
ssp126,0.988418789330353
ssp370,0.9809562645588995
ssp585,0.9741833706201993
