Key,Value
historical,1.0000000000000002
ssp126,0.9855152244904635
ssp370,0.9726944239837991
ssp585,0.9745236723337236
