Key,Value
historical,1.0085784120951968
ssp126,1.002166465173205
ssp370,1.0045833754078342
ssp585,1.0031962169750204
