Key,Value
historical,1.0072371961952264
ssp126,0.998077309856806
ssp370,0.9948751318141181
ssp585,0.9930130510329991
