Key,Value
historical,0.9922549540000294
ssp126,0.9856083536560988
ssp370,0.9860415509542376
ssp585,0.9820689271944563
