Key,Value
historical,1.0020825647441771
ssp126,0.9881233292608004
ssp370,0.9855573118599288
ssp585,0.9868015203091873
