Key,Value
historical,0.9676082883420866
ssp126,0.9558763162694908
ssp370,0.9523924280534378
ssp585,0.9532133220979874
