Key,Value
historical,0.9754467530816642
ssp126,0.961972830315649
ssp370,0.9566578894014569
ssp585,0.9537923314415919
