Key,Value
historical,0.9996765543217137
ssp126,0.9927461937668167
ssp370,0.9884754121361025
ssp585,0.9883974497085235
