Key,Value
historical,1.044404216069198
ssp126,1.0342104986881768
ssp370,1.0353819944111085
ssp585,1.0410088820850427
