Key,Value
historical,1.0089853328188596
ssp126,1.0025575344939504
ssp370,1.0047985686416772
ssp585,1.003617827551557
