Key,Value
historical,0.9678489371654658
ssp126,0.9539234067636434
ssp370,0.9438543778665709
ssp585,0.944337089557203
