Key,Value
historical,1.0080726581214074
ssp126,0.9931870716099171
ssp370,0.9894294269045373
ssp585,0.9910834618145364
