Key,Value
historical,1.002324799665102
ssp126,0.9917476243655722
ssp370,0.9941952930176372
ssp585,0.9970164548918223
