Key,Value
historical,1.0063635005662275
ssp126,0.9915806518366158
ssp370,0.9883556316637206
ssp585,0.9827582580816452
