Key,Value
historical,1.0000000000000002
ssp126,0.9848765747045655
ssp370,0.982577901007198
ssp585,0.974579638715918
