Key,Value
historical,0.9999999999999999
ssp126,0.9932620082915568
ssp370,0.9903018199050718
ssp585,0.9879751150360558
