Key,Value
historical,1.0073129554530447
ssp126,0.9991790555887547
ssp370,1.0011726713510307
ssp585,0.9984069019614632
