Key,Value
historical,1.0361473482804051
ssp126,1.0386030732717162
ssp370,1.0316781582136745
ssp585,1.031480995235246
