Key,Value
historical,1.0012461396478123
ssp126,0.9965670249530977
ssp370,0.9942754370831332
ssp585,0.9920016851941593
