Key,Value
historical,1.0104333656481412
ssp126,0.9935302341562524
ssp370,0.9932012417251577
ssp585,0.9962145568641286
