Key,Value
historical,0.9999999999999999
ssp126,0.9886222634112011
ssp370,0.9891852522270378
ssp585,0.9906876355175039
