Key,Value
historical,0.9515248628906087
ssp126,0.933706794350057
ssp370,0.9261769701028143
ssp585,0.9255202334629317
