Key,Value
historical,0.9903532410398986
ssp126,0.9807853866385758
ssp370,0.9818306394121318
ssp585,0.9805712531349623
