Key,Value
historical,0.9919122734395561
ssp126,0.9882843812160031
ssp370,0.9815602627110817
ssp585,0.9777612228473107
