Key,Value
historical,0.9915939279817729
ssp126,0.9736158664169363
ssp370,0.9751433347055453
ssp585,0.976918112949373
