Key,Value
historical,1.0010529951382512
ssp126,0.9940601057381843
ssp370,0.991251415743722
ssp585,0.992481833451344
