Key,Value
historical,0.9999999999999999
ssp126,0.9868170803542236
ssp370,0.9892329355758281
ssp585,0.9869156894746527
