Key,Value
historical,0.9570980887231845
ssp126,0.9459975332198207
ssp370,0.9464080789621772
ssp585,0.9423613404250228
