Key,Value
historical,1.048198648117111
ssp126,1.0370560394071673
ssp370,1.0344860852458608
ssp585,1.0341767188128324
