Key,Value
historical,1.0000000000000002
ssp126,0.99242110824715
ssp370,0.9916200563908807
ssp585,0.9845126420031922
