Key,Value
historical,1.0013497384154557
ssp126,0.9872322271179511
ssp370,0.98557923465629
ssp585,0.9832919630619372
