Key,Value
historical,0.9544964940334222
ssp126,0.9401125773410056
ssp370,0.9352293468213932
ssp585,0.9331022656592446
