Key,Value
historical,1.0013302355419627
ssp126,0.9887310681949484
ssp370,0.9852640834918837
ssp585,0.9778136156666835
