Key,Value
historical,0.9640989644325464
ssp126,0.9506905661797025
ssp370,0.9508823580741508
ssp585,0.9418784645482133
