Key,Value
historical,1.0002238575450457
ssp126,0.9958515865337617
ssp370,0.9920660373950524
ssp585,0.9875919168357095
