Key,Value
historical,0.9997941475884904
ssp126,0.989758781770822
ssp370,0.9852116990260922
ssp585,0.983558744136569
