Key,Value
historical,0.9994952842854231
ssp126,0.9843256185978871
ssp370,0.9799011922629308
ssp585,0.9794544966717119
