Key,Value
historical,1.0003233226231052
ssp126,0.9793666649676874
ssp370,0.9747047679665977
ssp585,0.9633275580706229
