Key,Value
historical,0.9999999999999999
ssp126,0.9866807192345199
ssp370,0.9855082041329744
ssp585,0.9825039719248309
