Key,Value
historical,1.047674434012496
ssp126,1.0409234828376601
ssp370,1.0422587127410343
ssp585,1.028966009138927
