Key,Value
historical,0.9999999999999999
ssp126,0.9937633003873421
ssp370,0.9917887527842238
ssp585,0.9918256227093907
