Key,Value
historical,0.9927458693652116
ssp126,0.9776717697529826
ssp370,0.9775831677391141
ssp585,0.9852541133704875
