Key,Value
historical,1.005815157025999
ssp126,0.9933266809639313
ssp370,0.9921388135671412
ssp585,0.9921894945706429
