Key,Value
historical,1.0406459635847995
ssp126,1.0411949191950494
ssp370,1.0300566861344322
ssp585,1.038355375038562
