Key,Value
historical,1.0074066493664287
ssp126,0.9990605758625439
ssp370,0.995869991260181
ssp585,0.9974315814705188
