Key,Value
historical,1.0010119655882301
ssp126,0.991158681757255
ssp370,0.9904396747769952
ssp585,0.9914699620566386
