Key,Value
historical,0.9957907243286543
ssp126,0.9821494105381597
ssp370,0.982089111831814
ssp585,0.9796075169441644
