Key,Value
historical,0.9514112758367224
ssp126,0.9359531862701118
ssp370,0.9273147041470339
ssp585,0.9260282111527777
