Key,Value
historical,0.9875862494852654
ssp126,0.9734626353464468
ssp370,0.9730164149091122
ssp585,0.9691144530097663
