Key,Value
historical,0.9684446756036637
ssp126,0.961096152841271
ssp370,0.959065139163192
ssp585,0.9551462266516976
