Key,Value
historical,1.0442147761148806
ssp126,1.016504063773917
ssp370,1.0331932236688899
ssp585,1.007405196717327
