Key,Value
historical,0.9916223013892652
ssp126,0.9804076524757828
ssp370,0.9794027694049051
ssp585,0.973731322103932
