Key,Value
historical,1.0451077225659482
ssp126,1.040856601317023
ssp370,1.0433560901668866
ssp585,1.028194129002437
