Key,Value
historical,0.9515347175691944
ssp126,0.9514188800101825
ssp370,0.9409207377044678
ssp585,0.9370259544503958
