Key,Value
historical,1.049113885478359
ssp126,1.0436828594480683
ssp370,1.0218567468446913
ssp585,1.0220948306019058
