Key,Value
historical,0.9999999999999999
ssp126,0.998380494259888
ssp370,0.9977173677604358
ssp585,0.9983227863616819
