Key,Value
historical,0.9884630711673564
ssp126,0.9771240698645952
ssp370,0.9721584077533427
ssp585,0.9692730802051384
