Key,Value
historical,1.0006596212881718
ssp126,0.9835203710701703
ssp370,0.9847186111658397
ssp585,0.9848680092123817
