Key,Value
historical,1.0000000000000002
ssp126,0.9748108188936606
ssp370,0.9700910976810972
ssp585,0.963646217883435
