Key,Value
historical,1.0008670925578274
ssp126,0.9894110263946402
ssp370,0.9853992892021667
ssp585,0.9821487303356924
