Key,Value
historical,1.0089102380404509
ssp126,0.9876322167857352
ssp370,0.9890796248962467
ssp585,0.9842479319966123
