Key,Value
historical,1.0527096271925167
ssp126,1.0362564171449828
ssp370,1.034109509139465
ssp585,1.0348797769104616
