Key,Value
historical,0.9921673962902705
ssp126,0.9795337951148698
ssp370,0.9745793563176269
ssp585,0.9780106340842669
