Key,Value
historical,0.9949859563827783
ssp126,0.9789791116714918
ssp370,0.9667194163822587
ssp585,0.9638945804647635
