Key,Value
historical,0.9999461630731539
ssp126,0.9939045252617023
ssp370,0.9970348652333918
ssp585,0.9955206284823466
