Key,Value
historical,0.9676704237280243
ssp126,0.9528985557189099
ssp370,0.9495850554599785
ssp585,0.9465131168222095
