Key,Value
historical,0.9913567721044935
ssp126,0.9774391795413541
ssp370,0.9718748647197898
ssp585,0.9613944720429392
