Key,Value
historical,0.9999999999999999
ssp126,0.9938226777153915
ssp370,0.99300036924607
ssp585,0.993081066212733
