Key,Value
historical,1.044258614101744
ssp126,1.032877242635422
ssp370,1.0434295742359083
ssp585,1.0345019390255703
