Key,Value
historical,1.0011163134465793
ssp126,0.989598162134472
ssp370,0.9880815697871222
ssp585,0.9871804356679804
