Key,Value
historical,0.9497563523143107
ssp126,0.9414915240362864
ssp370,0.9463269232451607
ssp585,0.9450491291154778
