Key,Value
historical,1.0000000000000002
ssp126,0.9808915283850695
ssp370,0.9816902566422058
ssp585,0.9705032227420798
