Key,Value
historical,0.9646573144280417
ssp126,0.9524040482846955
ssp370,0.9472473103334389
ssp585,0.9520266192058717
