Key,Value
historical,0.9901946031649138
ssp126,0.9814982275874687
ssp370,0.9829353318463265
ssp585,0.9840747442588051
