Key,Value
historical,0.9953344172584687
ssp126,0.9789561365783545
ssp370,0.9697778573508387
ssp585,0.9662968063592103
