Key,Value
historical,1.0091118562969792
ssp126,0.9956719252992605
ssp370,0.9943476403334449
ssp585,0.9993485010082508
