Key,Value
historical,0.9464283507236011
ssp126,0.945268514981362
ssp370,0.9416727964425803
ssp585,0.9419399964780268
