Key,Value
historical,1.0000000000000002
ssp126,0.976831739018939
ssp370,0.9766471568861014
ssp585,0.9631191695931256
