Key,Value
historical,1.0503272000006165
ssp126,1.0370831878664062
ssp370,1.05104256216501
ssp585,1.0517761666543124
