Key,Value
historical,1.0000000000000002
ssp126,0.9895796610832867
ssp370,0.9885069418680197
ssp585,0.9863711494630193
