Key,Value
historical,0.991354238268331
ssp126,0.9781481895016446
ssp370,0.9794234265700382
ssp585,0.9831817940991362
