Key,Value
historical,1.0075540372389824
ssp126,0.9970662899654692
ssp370,0.993242246430435
ssp585,0.9923614642741984
