Key,Value
historical,0.9628553860696774
ssp126,0.9461179337142103
ssp370,0.9481781073978279
ssp585,0.9539189807630607
