Key,Value
historical,0.9600351940343024
ssp126,0.9400084198323457
ssp370,0.9395800489351599
ssp585,0.9345447355604728
