Key,Value
historical,1.0007819340083286
ssp126,0.9932426496119414
ssp370,0.9913191606266589
ssp585,0.9935331932222047
