Key,Value
historical,1.0377966531507123
ssp126,1.0254783396999116
ssp370,1.0255355418669232
ssp585,1.0280027138456835
