Key,Value
historical,1.0000000000000002
ssp126,0.990806130879513
ssp370,0.9855902864589936
ssp585,0.9905788017095211
