Key,Value
historical,1.0001734198782672
ssp126,0.9921832049157413
ssp370,0.9927955840413313
ssp585,0.9957694251734804
