Key,Value
historical,1.0011744349175915
ssp126,0.9921651099773275
ssp370,0.9925806124486122
ssp585,0.9953652839613233
