Key,Value
historical,0.9917254298031992
ssp126,0.9854379722131926
ssp370,0.9822956794472995
ssp585,0.9817381807697317
