Key,Value
historical,1.0013496320574782
ssp126,0.99502919571982
ssp370,0.9943956634480315
ssp585,0.9964048694498134
