Key,Value
historical,0.9727562282119955
ssp126,0.9691394529988276
ssp370,0.9668685789333139
ssp585,0.9674662128506089
