Key,Value
historical,0.9636059322070771
ssp126,0.9454478372116778
ssp370,0.9418137310784428
ssp585,0.9373868659430219
