Key,Value
historical,0.9950236080715854
ssp126,0.9894969620801001
ssp370,0.9861756600951685
ssp585,0.9864343109836174
