Key,Value
historical,0.957249546147122
ssp126,0.9360698799444924
ssp370,0.9326387923779548
ssp585,0.9295328905045831
