Key,Value
historical,0.9617821756289453
ssp126,0.9564928613760135
ssp370,0.949243392800374
ssp585,0.9460807759782169
