Key,Value
historical,0.9999999999999999
ssp126,0.9872381280220922
ssp370,0.9829650653326739
ssp585,0.9803224570177741
