Key,Value
historical,0.9902427323063543
ssp126,0.9856087745580862
ssp370,0.9816913330228128
ssp585,0.9773755770149622
