Key,Value
historical,0.9999999999999999
ssp126,0.9893953893941455
ssp370,0.9883848368336461
ssp585,0.988499027569114
