Key,Value
historical,0.9630883459339555
ssp126,0.9490944734215274
ssp370,0.9508999712636996
ssp585,0.9432698266499729
