Key,Value
historical,0.9999999999999999
ssp126,0.9866266442077358
ssp370,0.987147763564331
ssp585,0.9944448017132417
