Key,Value
historical,0.9623566305915189
ssp126,0.9482377382474382
ssp370,0.9418834831557249
ssp585,0.9407149801418327
