Key,Value
historical,0.9684826273283283
ssp126,0.9653818296346826
ssp370,0.9574549429742605
ssp585,0.9535656717961769
