Key,Value
historical,1.0550090493377797
ssp126,1.0395375230779145
ssp370,1.0409374133426603
ssp585,1.0400474888212512
