Key,Value
historical,0.9604751402548286
ssp126,0.9593438245293968
ssp370,0.95112985498559
ssp585,0.9501576725779696
