Key,Value
historical,0.9913618486782863
ssp126,0.963098270748798
ssp370,0.9638744615667465
ssp585,0.964364352959907
