Key,Value
historical,0.9989163886424217
ssp126,0.9825289658773124
ssp370,0.9840494507014111
ssp585,0.9850372597516026
