Key,Value
historical,0.9725234441956804
ssp126,0.9614420428564541
ssp370,0.9637054429854718
ssp585,0.9540580670974663
