Key,Value
historical,0.9686797891945843
ssp126,0.9558189823542936
ssp370,0.9478344304415736
ssp585,0.9476292635355781
