Key,Value
historical,0.9714353990746514
ssp126,0.960871854781452
ssp370,0.9617297097482354
ssp585,0.9503284915400804
