Key,Value
historical,0.9972603729593937
ssp126,0.9860721260256677
ssp370,0.9802308768337907
ssp585,0.9802022902754384
