Key,Value
historical,1.0000000000000002
ssp126,0.9809957748124343
ssp370,0.9724450983419147
ssp585,0.9698460594892915
