Key,Value
historical,1.0091934972198209
ssp126,1.0040456072410984
ssp370,1.000793042932324
ssp585,0.9979930862459059
