Key,Value
historical,0.9982513343599106
ssp126,0.9830391053758948
ssp370,0.9728812343888791
ssp585,0.9741953933097853
