Key,Value
historical,0.9919818759755588
ssp126,0.9863195649648022
ssp370,0.9796118475350832
ssp585,0.9771320578311276
