Key,Value
historical,0.9520767250651957
ssp126,0.9372626803351437
ssp370,0.9333483647751076
ssp585,0.9328747136407141
