Key,Value
historical,0.9577661091063243
ssp126,0.9488227700785083
ssp370,0.9427231928534202
ssp585,0.9445966419669997
