Key,Value
historical,1.0000000000000002
ssp126,0.9850892009571239
ssp370,0.9751034894907428
ssp585,0.972212429263091
