Key,Value
historical,0.9936509598931264
ssp126,0.9827274721437956
ssp370,0.9822444954130302
ssp585,0.9770848876758863
