Key,Value
historical,0.9984722194370327
ssp126,0.9815972536244257
ssp370,0.9759743316410141
ssp585,0.9697872838397623
