Key,Value
historical,0.9609019532565605
ssp126,0.947848843841208
ssp370,0.9444455235806911
ssp585,0.9443686818000744
