Key,Value
historical,1.005693712729414
ssp126,0.9930928944838598
ssp370,0.9892944265905234
ssp585,0.9868539038548285
