Key,Value
historical,0.9940479011521504
ssp126,0.9872219562131825
ssp370,0.9854678672784717
ssp585,0.9816826222937403
