Key,Value
historical,0.9897683914847479
ssp126,0.9777879312356081
ssp370,0.9748717038050417
ssp585,0.9752110374287851
