Key,Value
historical,1.0467372530623835
ssp126,1.0404679622091115
ssp370,1.040522201831049
ssp585,1.0404872407423942
