Key,Value
historical,1.0069268641237894
ssp126,0.9938470158119147
ssp370,0.9911770211797644
ssp585,0.9879880951559468
