Key,Value
historical,0.9554412857233423
ssp126,0.9425787406859906
ssp370,0.9403650991273689
ssp585,0.9421609859265752
