Key,Value
historical,1.0062312542990473
ssp126,0.9956199106322896
ssp370,0.9974094959062771
ssp585,0.9956322300152899
