Key,Value
historical,0.9709308753422912
ssp126,0.9597922127841118
ssp370,0.9621894911352048
ssp585,0.952669429930351
