Key,Value
historical,1.0000000000000002
ssp126,0.991078163278857
ssp370,0.988093837392459
ssp585,0.9902679792760251
