Key,Value
historical,1.04691124426703
ssp126,1.0260613859947945
ssp370,1.0235734938368415
ssp585,1.018217335528742
