Key,Value
historical,1.041919642827266
ssp126,1.0447059049822907
ssp370,1.0411586931346581
ssp585,1.0435366102786259
