Key,Value
historical,1.04050051025836
ssp126,1.030823385313715
ssp370,1.031219227294551
ssp585,1.045154923759195
