Key,Value
historical,0.9999999999999999
ssp126,0.9852827785889691
ssp370,0.9863465777858889
ssp585,0.9865927016454994
