Key,Value
historical,0.9536230953945767
ssp126,0.9286529755182439
ssp370,0.9408514968371431
ssp585,0.9420171295027753
