Key,Value
historical,1.0089853328188596
ssp126,0.9958537344814079
ssp370,0.9926284327332399
ssp585,0.9948561887336482
