Key,Value
historical,1.006548092468763
ssp126,0.9917838212923464
ssp370,0.9895007090674801
ssp585,0.9895358005247351
