Key,Value
historical,1.0000573849627719
ssp126,0.9943488949083193
ssp370,0.9905973255810574
ssp585,0.989858728073712
