Key,Value
historical,1.037348222340982
ssp126,1.0320641646844135
ssp370,1.031059613990489
ssp585,1.0275991750923599
