Key,Value
historical,1.0000000000000002
ssp126,0.9808877660570784
ssp370,0.977473893019675
ssp585,0.9748801844852493
