Key,Value
historical,1.007680116510136
ssp126,1.0013932361404438
ssp370,0.9952580311965773
ssp585,0.9955470510071273
