Key,Value
historical,1.0000000000000002
ssp126,0.9892837615704818
ssp370,0.9871336846674043
ssp585,0.9903174728976972
