Key,Value
historical,0.9768956155296219
ssp126,0.9644329836442043
ssp370,0.959255550836064
ssp585,0.9613612753183867
