Key,Value
historical,1.0000000000000002
ssp126,0.9859754023066466
ssp370,0.9785393333086939
ssp585,0.973561585182283
