Key,Value
historical,0.9742015704460705
ssp126,0.9645310402712052
ssp370,0.960549420037984
ssp585,0.9563644432256987
