Key,Value
historical,0.96381315270093
ssp126,0.9462591996432433
ssp370,0.9383702162238217
ssp585,0.9387316272697357
