Key,Value
historical,0.9617639339547952
ssp126,0.9365092889677556
ssp370,0.9311937650130219
ssp585,0.9265693817186692
