Key,Value
historical,0.9999999999999999
ssp126,0.9899317817667427
ssp370,0.9897935069370203
ssp585,0.9879738212704545
