Key,Value
historical,0.9549726736691716
ssp126,0.9445591073438709
ssp370,0.9466128403149765
ssp585,0.9406865245687978
