Key,Value
historical,1.0101605366083939
ssp126,1.0016990913135961
ssp370,1.0031505865978108
ssp585,1.0065538884271066
