Key,Value
historical,0.9928743383997299
ssp126,0.9720258964762073
ssp370,0.9758202658126953
ssp585,0.9576625110621128
