Key,Value
historical,0.9999999999999999
ssp126,0.9946537721551485
ssp370,0.9955024925118277
ssp585,0.9912699707164099
