Key,Value
historical,0.9936634726577522
ssp126,0.9827139007316171
ssp370,0.9796683170706454
ssp585,0.981311239073615
