Key,Value
historical,0.9954856343552266
ssp126,0.9820313686626259
ssp370,0.9824735351961262
ssp585,0.9815988156209665
