Key,Value
historical,1.008518530804045
ssp126,1.0034111694106513
ssp370,1.001251923460946
ssp585,0.9966777244529285
