Key,Value
historical,0.9999999999999999
ssp126,0.9894168554503252
ssp370,0.9846106562902648
ssp585,0.9872358545714447
