Key,Value
historical,0.9907895134292989
ssp126,0.9802634423917431
ssp370,0.9766615742258177
ssp585,0.9733408693450651
