Key,Value
historical,0.9929444073435919
ssp126,0.9675689557630002
ssp370,0.9595714580077875
ssp585,0.951580993952841
