Key,Value
historical,1.001769759366822
ssp126,0.9889888497227328
ssp370,0.9834309206326932
ssp585,0.9874795374687274
