Key,Value
historical,0.991471905964178
ssp126,0.9650237640685715
ssp370,0.9639782795386465
ssp585,0.9487026851847831
