Key,Value
historical,0.9675251306018874
ssp126,0.9483498625428773
ssp370,0.9411232148540571
ssp585,0.9333214833700708
