Key,Value
historical,0.9996351931850571
ssp126,1.0001094562083759
ssp370,0.9997587245229298
ssp585,0.9957736443209527
