Key,Value
historical,1.0095815929096617
ssp126,0.9985007636965205
ssp370,1.00097948775323
ssp585,0.9949818119868327
