Key,Value
historical,0.9524754774322743
ssp126,0.9481937023199882
ssp370,0.9445831492168641
ssp585,0.945978301023671
