Key,Value
historical,1.007458483257566
ssp126,0.9912859206688449
ssp370,0.9886205678961405
ssp585,0.9871577101920445
