Key,Value
historical,0.9628845254323432
ssp126,0.9569992274288995
ssp370,0.9497259560204652
ssp585,0.9499045792250126
