Key,Value
historical,0.9915706011113217
ssp126,0.9799896383066874
ssp370,0.9712073184715705
ssp585,0.974790004900809
