Key,Value
historical,0.9999999999999999
ssp126,0.9894151119930884
ssp370,0.9883864419614409
ssp585,0.9871172401489032
