Key,Value
historical,1.03994435216702
ssp126,1.033916336269118
ssp370,1.0303902687800983
ssp585,1.0309885335159754
