Key,Value
historical,1.0456468730624544
ssp126,1.037405039155631
ssp370,1.0349958237480028
ssp585,1.0332107660547956
