Key,Value
historical,1.0000000000000002
ssp126,0.984130454723886
ssp370,0.9823210681680979
ssp585,0.986669374565942
