Key,Value
historical,0.9917878126939013
ssp126,0.9867258247940587
ssp370,0.9860876701531804
ssp585,0.9858797425572923
