Key,Value
historical,0.9895499931275801
ssp126,0.9779184963074992
ssp370,0.9674560095937155
ssp585,0.9685857185785893
