Key,Value
historical,0.9929573107263583
ssp126,0.9852137672833744
ssp370,0.9831723871117918
ssp585,0.9874869721152599
