Key,Value
historical,1.0000000000000002
ssp126,0.9847038889165353
ssp370,0.9830404527244035
ssp585,0.9684789428651189
