Key,Value
historical,0.959951713514223
ssp126,0.9439606837296582
ssp370,0.9315804515501805
ssp585,0.9335455724737448
