Key,Value
historical,0.9682815965159065
ssp126,0.9586130000294393
ssp370,0.9530902278966487
ssp585,0.9540576795542381
