Key,Value
historical,1.0320250294190392
ssp126,1.023636555466879
ssp370,1.0207112741860642
ssp585,1.0216542324723208
