Key,Value
historical,0.9997941475884904
ssp126,0.9931829163352105
ssp370,0.9937531441941629
ssp585,0.9912433030943394
