Key,Value
historical,1.044258614101744
ssp126,1.0370873701497725
ssp370,1.0354536136971917
ssp585,1.0345019390255703
