Key,Value
historical,0.993969108760983
ssp126,0.9811452959233125
ssp370,0.9767604300794194
ssp585,0.9704638181375971
