Key,Value
historical,0.9533199842175437
ssp126,0.9377521326762778
ssp370,0.9276753956196443
ssp585,0.9243122878485222
