Key,Value
historical,0.970783699664893
ssp126,0.9580899011289424
ssp370,0.9513069300731026
ssp585,0.9493730531506308
