Key,Value
historical,0.9588336792329871
ssp126,0.946788685762136
ssp370,0.9539558574603122
ssp585,0.9443208582251649
