Key,Value
historical,0.9717996537903104
ssp126,0.9527838188686892
ssp370,0.9441973967438355
ssp585,0.944876491219561
