Key,Value
historical,0.9511068204016057
ssp126,0.9219004286561798
ssp370,0.919853945948474
ssp585,0.9134354092902786
