Key,Value
historical,1.038176018935256
ssp126,1.045711518964872
ssp370,1.0449073000936804
ssp585,1.0337718846829764
