Key,Value
historical,0.9529485460150833
ssp126,0.9334403009161031
ssp370,0.9388613353863341
ssp585,0.9336032975117458
