Key,Value
historical,1.0481215917364561
ssp126,1.0350592231911042
ssp370,1.0397068045225486
ssp585,1.0333344965039049
