Key,Value
historical,0.9570960790820703
ssp126,0.9358244112348781
ssp370,0.9301571629149515
ssp585,0.9266644909573193
