Key,Value
historical,1.0005433756268247
ssp126,0.9909788410938509
ssp370,0.9879540785853849
ssp585,0.9865413039634717
