Key,Value
historical,0.9685568915113707
ssp126,0.9581637724836648
ssp370,0.9552795978395131
ssp585,0.9591837308136054
