Key,Value
historical,0.9692092698179501
ssp126,0.9583126502410282
ssp370,0.9567104279839033
ssp585,0.9532021468372391
