Key,Value
historical,1.0005612032058553
ssp126,0.9942005106145115
ssp370,0.9969438521636604
ssp585,0.9911594490988702
