Key,Value
historical,1.0496981456750196
ssp126,1.0339411188171064
ssp370,1.042274369154184
ssp585,1.031123884347776
