Key,Value
historical,1.001368367442518
ssp126,0.9879859746372266
ssp370,0.9872460778225727
ssp585,0.9816285108987598
