Key,Value
historical,1.0019156181714075
ssp126,0.993226487791541
ssp370,0.9916219124950871
ssp585,0.9901584697865473
