Key,Value
historical,0.9999999999999999
ssp126,0.9949235530738165
ssp370,0.9951326814588664
ssp585,0.9908114773850633
