Key,Value
historical,1.04999648020615
ssp126,1.03384723361535
ssp370,1.0406677693962358
ssp585,1.0317759073870854
