Key,Value
historical,0.9453820430500048
ssp126,0.937108465169487
ssp370,0.9375895781417678
ssp585,0.9414389205327321
