Key,Value
historical,0.9984725142727339
ssp126,0.9840940010496109
ssp370,0.9798075847581104
ssp585,0.9803804242090887
