Key,Value
historical,1.007470014209689
ssp126,1.0017417559446555
ssp370,0.9990276375987195
ssp585,0.9995975082730281
