Key,Value
historical,1.0076928119739756
ssp126,0.9981770840147222
ssp370,0.9980795545758512
ssp585,0.9983937027405554
