Key,Value
historical,1.0416273678065366
ssp126,1.0371662267319244
ssp370,1.034180368148899
ssp585,1.0305836806835695
