Key,Value
historical,0.9603665048931468
ssp126,0.9442315438193222
ssp370,0.943413691328791
ssp585,0.9373583664704204
