Key,Value
historical,0.9678695005825171
ssp126,0.9537895800104632
ssp370,0.9480439283460077
ssp585,0.9476959282205071
