Key,Value
historical,0.9940160583562536
ssp126,0.9844172298345115
ssp370,0.9836741315450522
ssp585,0.985989268683705
