Key,Value
historical,0.9999669781893518
ssp126,0.9921443016404793
ssp370,0.986621598522014
ssp585,0.98405704063283
