Key,Value
historical,1.0003020773747946
ssp126,0.9878744763272292
ssp370,0.9855270750411678
ssp585,0.9843519453668114
