Key,Value
historical,1.0525004869877115
ssp126,1.0468605228216294
ssp370,1.0530239525618308
ssp585,1.0540304149670865
