Key,Value
historical,1.0590895673003988
ssp126,1.0558209804452638
ssp370,1.0486161092067932
ssp585,1.0577276140779388
