Key,Value
historical,0.999171470565554
ssp126,0.9905438870564702
ssp370,0.9905023672850275
ssp585,0.9873171466589475
