Key,Value
historical,0.9999226729986347
ssp126,0.9892309976830841
ssp370,0.9905551691310404
ssp585,0.9870379048271205
