Key,Value
historical,0.9999999999999999
ssp126,0.9902368658097949
ssp370,0.9915458624934603
ssp585,0.993822208437324
