Key,Value
historical,1.0408683193857775
ssp126,1.0262090832531328
ssp370,1.0158823525488518
ssp585,1.022874383576877
