Key,Value
historical,0.9601417823978499
ssp126,0.9517506055799467
ssp370,0.9476055991714432
ssp585,0.9510881779549707
