Key,Value
historical,1.000292563239734
ssp126,0.9908655422959987
ssp370,0.9832828440093386
ssp585,0.9859926016175798
