Key,Value
historical,0.9610197833347554
ssp126,0.9433195360617153
ssp370,0.9374671434391043
ssp585,0.934522354017183
