Key,Value
historical,0.9626885290148319
ssp126,0.95323236669514
ssp370,0.9525670169629008
ssp585,0.9455237306242065
