Key,Value
historical,1.0457127886487867
ssp126,1.0444606414486357
ssp370,1.0309401395178084
ssp585,1.0483617937791505
