Key,Value
historical,1.0000000000000002
ssp126,0.9852571115011729
ssp370,0.9813102824031549
ssp585,0.982511241367848
