Key,Value
historical,1.043711948680416
ssp126,1.0357562415488857
ssp370,1.0235906068828824
ssp585,1.0313968731367433
