Key,Value
historical,1.039817661825567
ssp126,1.0275487904910583
ssp370,1.0307091087322513
ssp585,1.031451349926635
