Key,Value
historical,0.9659208851410166
ssp126,0.9547599264348747
ssp370,0.9523494320182108
ssp585,0.9530924662051337
