Key,Value
historical,1.0532197187839316
ssp126,1.0494684738898443
ssp370,1.0504166337920557
ssp585,1.0530554360521511
