Key,Value
historical,0.9999999999999999
ssp126,0.9862856033814514
ssp370,0.9836609045190231
ssp585,0.9835060485258122
