Key,Value
historical,1.0349777449755284
ssp126,1.035238885704609
ssp370,1.0309100918863614
ssp585,1.0249103051762702
