Key,Value
historical,0.9999999999999999
ssp126,0.9890940480330032
ssp370,0.9889486598706715
ssp585,0.9965219195753576
