Key,Value
historical,0.9981184004757772
ssp126,0.9900912960762124
ssp370,0.9908743782731932
ssp585,0.9906621669193688
