Key,Value
historical,0.9954855186289298
ssp126,0.9690483803136712
ssp370,0.96268042922303
ssp585,0.9635093174697645
