Key,Value
historical,1.006967679949089
ssp126,0.999935970194708
ssp370,0.9960072197030589
ssp585,0.9953940165804779
