Key,Value
historical,0.9662621819207873
ssp126,0.9505692108251518
ssp370,0.9491506443453056
ssp585,0.9549688346343802
