Key,Value
historical,0.9999999999999999
ssp126,0.9898290801075468
ssp370,0.9880169062645082
ssp585,0.987921091410072
