Key,Value
historical,0.954680270040921
ssp126,0.9175011077830276
ssp370,0.9297630083121297
ssp585,0.914771608135722
