Key,Value
historical,1.0000000000000002
ssp126,0.9869075837812344
ssp370,0.9855376155889569
ssp585,0.9802720414653947
