Key,Value
historical,0.9999999999999999
ssp126,0.9903633395251455
ssp370,0.989170965954433
ssp585,0.9906602316355394
