Key,Value
historical,1.0004708634908615
ssp126,0.9886601412144567
ssp370,0.9876990712082191
ssp585,0.987010259899417
