Key,Value
historical,0.9890275223930948
ssp126,0.9705787777315545
ssp370,0.9679090779024359
ssp585,0.9593521014544627
