Key,Value
historical,0.9554121354627798
ssp126,0.9355214627034131
ssp370,0.9209267254930497
ssp585,0.9245184629874016
