Key,Value
historical,1.041002000665602
ssp126,1.0408279013693928
ssp370,1.0347509939601265
ssp585,1.030125894455784
