Key,Value
historical,1.0091934972198209
ssp126,1.0048353197328872
ssp370,1.0047655707095764
ssp585,1.0020400218187486
