Key,Value
historical,0.9562241090196757
ssp126,0.9490021110575722
ssp370,0.9481388694581074
ssp585,0.9400851530091011
