Key,Value
historical,1.041002000665602
ssp126,1.0408279013693928
ssp370,1.0420938364611287
ssp585,1.0369266264627561
