Key,Value
historical,1.050874821712742
ssp126,1.0381246459504645
ssp370,1.0363577520631504
ssp585,1.0301204770332626
