Key,Value
historical,0.9605200265264995
ssp126,0.9562442407462076
ssp370,0.9555313917899062
ssp585,0.9451606325908398
