Key,Value
historical,0.999877187465796
ssp126,0.987556275603455
ssp370,0.9868925096434442
ssp585,0.9753957055753941
