Key,Value
historical,0.971722433466045
ssp126,0.9619890747824112
ssp370,0.9614732075476958
ssp585,0.9616463998421639
