Key,Value
historical,0.96908271426201
ssp126,0.9566117813242778
ssp370,0.9539186671038741
ssp585,0.9423533644472177
