Key,Value
historical,0.9924393797510173
ssp126,0.9824916722076733
ssp370,0.9750314620721778
ssp585,0.9792202408838424
