Key,Value
historical,1.0000000000000002
ssp126,0.980979989977225
ssp370,0.9742360875847833
ssp585,0.9657892634357456
