Key,Value
historical,0.9915474120346952
ssp126,0.9599016277590753
ssp370,0.9490783572423933
ssp585,0.944728554060174
