Key,Value
historical,0.9971832707277498
ssp126,0.9752442349527609
ssp370,0.9680872815101734
ssp585,0.9604131244153399
