Key,Value
historical,1.042902626326736
ssp126,1.0384926604031104
ssp370,1.0317757042417557
ssp585,1.0348014655868911
