Key,Value
historical,0.9644089774790683
ssp126,0.9504304400299736
ssp370,0.9477092490062877
ssp585,0.9444964269380588
