Key,Value
historical,1.0000000000000002
ssp126,0.9885957422221875
ssp370,0.9812559288990106
ssp585,0.9785456937871198
