Key,Value
historical,1.000149621204435
ssp126,0.9913370055847778
ssp370,0.9859706663856341
ssp585,0.9926754283516969
