Key,Value
historical,1.0004272654748698
ssp126,0.9905213404369514
ssp370,0.9909062156847848
ssp585,0.9892843329380162
