Key,Value
historical,0.9556559193888217
ssp126,0.9353357185271703
ssp370,0.9317344571544603
ssp585,0.9210666091266259
