Key,Value
historical,0.9888484529631375
ssp126,0.9833840611103296
ssp370,0.9814558790375048
ssp585,0.9785454233791477
