Key,Value
historical,1.0000000000000002
ssp126,0.9934231886617959
ssp370,0.9867322387863616
ssp585,0.9843002975104079
