Key,Value
historical,1.0081706726605224
ssp126,1.0053931485069787
ssp370,1.005517344554981
ssp585,1.0060989040527535
