Key,Value
historical,0.9641068563617613
ssp126,0.9526316874047751
ssp370,0.9498022841575481
ssp585,0.94772667424474
