Key,Value
historical,1.0000000000000002
ssp126,0.9849267584131369
ssp370,0.9744739463046114
ssp585,0.9734051798091432
