Key,Value
historical,0.9913446451464111
ssp126,0.9659972052916715
ssp370,0.9539686666248585
ssp585,0.9471292557202791
