Key,Value
historical,1.0079985029126068
ssp126,0.9978022381504374
ssp370,0.9858099490588391
ssp585,0.9874050232576208
