Key,Value
historical,0.9606694707438161
ssp126,0.9378070628841598
ssp370,0.9435335634280977
ssp585,0.9442056590083135
