Key,Value
historical,0.9534992722310128
ssp126,0.9407339190726678
ssp370,0.9386607143736999
ssp585,0.934223515600118
