Key,Value
historical,0.9590384967383485
ssp126,0.9496502869836
ssp370,0.950772557852439
ssp585,0.95013293128944
