Key,Value
historical,0.992116108780109
ssp126,0.9850743722410148
ssp370,0.9837326886775409
ssp585,0.9833448638668651
