Key,Value
historical,0.9523744711997834
ssp126,0.9481950354834042
ssp370,0.943774495208328
ssp585,0.9422416889309971
