Key,Value
historical,1.0093238269198594
ssp126,0.999603495886558
ssp370,0.9986626350532949
ssp585,0.9990447453734566
