Key,Value
historical,0.9469340992742356
ssp126,0.9401838377416745
ssp370,0.931075539775306
ssp585,0.9312203556216101
