Key,Value
historical,0.9906060699793782
ssp126,0.982419135289099
ssp370,0.9827475108397689
ssp585,0.981922219977838
