Key,Value
historical,1.0496981456750196
ssp126,1.048550341258717
ssp370,1.042274369154184
ssp585,1.0332233404724145
