Key,Value
historical,0.9915706011113217
ssp126,0.9689485156057361
ssp370,0.9614570404768013
ssp585,0.9447606754988309
