Key,Value
historical,1.0009588155770168
ssp126,0.9901076684831948
ssp370,0.9894170952779289
ssp585,0.9903188868409175
