Key,Value
historical,1.0019158655632627
ssp126,0.9872635335598529
ssp370,0.9797052502281621
ssp585,0.9519562804677932
