Key,Value
historical,1.0079985029126068
ssp126,1.0014605240514947
ssp370,0.9972665744154674
ssp585,0.9952416485860023
