Key,Value
historical,1.0006182071784908
ssp126,0.9835632773713906
ssp370,0.9778112849110016
ssp585,0.9689815942677893
