Key,Value
historical,1.0431622258643596
ssp126,1.0411584699188345
ssp370,1.0325423646060592
ssp585,1.0354911591698577
