Key,Value
historical,0.9718456696890665
ssp126,0.9562214973856805
ssp370,0.9529283343616781
ssp585,0.9542761026486851
