Key,Value
historical,1.0575076203730205
ssp126,1.04106844739845
ssp370,1.0255952659667702
ssp585,1.0279875640308511
