Key,Value
historical,1.059417587305437
ssp126,1.037677950820806
ssp370,1.0351190350469395
ssp585,1.0261169836554798
