Key,Value
historical,0.9890923716998486
ssp126,0.9899061896148235
ssp370,0.9863408582280285
ssp585,0.9858076356587121
