Key,Value
historical,1.03408085710979
ssp126,1.0287616821142838
ssp370,1.0243615017754397
ssp585,1.0322007321541486
