Key,Value
historical,0.9512434706835692
ssp126,0.9441177106508246
ssp370,0.9446413893242626
ssp585,0.9445506429001765
