Key,Value
historical,1.0081423213435206
ssp126,0.9976461807253351
ssp370,0.9966508478123325
ssp585,0.9958372533346674
