Key,Value
historical,0.9515984228920003
ssp126,0.9418663192142775
ssp370,0.9433580780210359
ssp585,0.9364112703879136
