Key,Value
historical,1.047832899584727
ssp126,1.029761612447656
ssp370,1.0244758833394987
ssp585,1.019069372471365
