Key,Value
historical,1.0019300281019765
ssp126,0.9935838460275266
ssp370,0.9933876188753541
ssp585,0.9887764805516246
