Key,Value
historical,1.0110258172855042
ssp126,0.9980968860482281
ssp370,0.9962463632019304
ssp585,0.9994078340958925
