Key,Value
historical,0.9944755277907014
ssp126,0.9615904127302721
ssp370,0.9615848662428382
ssp585,0.9460084523244022
