Key,Value
historical,0.9938282737103752
ssp126,0.981426036461721
ssp370,0.9757278665009492
ssp585,0.975221383660354
