Key,Value
historical,0.9911105440859024
ssp126,0.986279413883797
ssp370,0.9839266691481081
ssp585,0.9806306412387927
