Key,Value
historical,1.0000000000000002
ssp126,0.9891598881966176
ssp370,0.985346176759107
ssp585,0.988618483467083
