Key,Value
historical,1.0006964247323784
ssp126,0.9896509752826018
ssp370,0.9885492753544795
ssp585,0.9900414532915044
