Key,Value
historical,0.9456776829283549
ssp126,0.9317579611156177
ssp370,0.930583460438041
ssp585,0.9251123319890469
