Key,Value
historical,0.9389522711627076
ssp126,0.9305164818019434
ssp370,0.9307795625952683
ssp585,0.9226751313595755
