Key,Value
historical,0.9897166034415354
ssp126,0.979265656276503
ssp370,0.9733148747464898
ssp585,0.9741257115142723
