Key,Value
historical,0.9938768585266146
ssp126,0.9914517612791769
ssp370,0.9884602117212969
ssp585,0.9861765925216747
