Key,Value
historical,0.9459326684421426
ssp126,0.8884966227458193
ssp370,0.907918334804897
ssp585,0.9241623384602515
