Key,Value
historical,1.0000000000000002
ssp126,0.9895647060274666
ssp370,0.9866506576335685
ssp585,0.9836272164958131
