Key,Value
historical,0.9999999999999999
ssp126,0.9922772564230716
ssp370,0.986925559466462
ssp585,0.9853161414401543
