Key,Value
historical,0.9620440988631379
ssp126,0.9527136078690428
ssp370,0.9500072048801842
ssp585,0.9504131424054527
