Key,Value
historical,1.000056986429665
ssp126,0.9866327379995904
ssp370,0.9818580210838708
ssp585,0.9838499329795586
