Key,Value
historical,1.0332938294575635
ssp126,1.034464555826353
ssp370,1.0357041648222975
ssp585,1.0297316872461593
