Key,Value
historical,0.965943047059872
ssp126,0.95691688893953
ssp370,0.9503970515536942
ssp585,0.9489811974126615
