Key,Value
historical,0.9901946031649138
ssp126,0.9747817686174518
ssp370,0.9742090808748274
ssp585,0.9768282597743858
