Key,Value
historical,0.9625120405742248
ssp126,0.941075923205517
ssp370,0.9348711796844871
ssp585,0.9335714352701424
