Key,Value
historical,1.0083911740637364
ssp126,1.0027019530790966
ssp370,1.0003702769009941
ssp585,0.9991305688521009
