Key,Value
historical,0.9714725212784774
ssp126,0.9547463984918214
ssp370,0.9546429736431936
ssp585,0.9416814577066457
