Key,Value
historical,1.0377809423325461
ssp126,1.0217676136978033
ssp370,1.0183969476031387
ssp585,1.0269909686969156
