Key,Value
historical,0.9936634726577522
ssp126,0.9855571320751225
ssp370,0.9859777125993111
ssp585,0.9888738876915883
