Key,Value
historical,0.9540586858434384
ssp126,0.9300979683023746
ssp370,0.9316792309260289
ssp585,0.9292316604214578
