Key,Value
historical,0.9718716300117326
ssp126,0.953473132890479
ssp370,0.946850247497405
ssp585,0.950251362112139
