Key,Value
historical,0.9678324381810995
ssp126,0.9601469168149532
ssp370,0.9568885591683531
ssp585,0.9478217367423355
