Key,Value
historical,1.0467372530623835
ssp126,1.047535365316901
ssp370,1.0429724324498384
ssp585,1.0453781224604515
