Key,Value
historical,0.9999999999999999
ssp126,0.984266137656757
ssp370,0.986841752073138
ssp585,0.9905151480868835
