Key,Value
historical,1.0006861304595782
ssp126,0.9932202876791827
ssp370,0.9912811381764803
ssp585,0.9933219590838213
