Key,Value
historical,1.032947367228624
ssp126,1.0264404684513033
ssp370,1.0225750539496472
ssp585,1.0312517780368549
