Key,Value
historical,1.0060982685080357
ssp126,0.9967697950537364
ssp370,0.9956216059647036
ssp585,0.9956217531386012
