Key,Value
historical,1.0063635005662275
ssp126,1.0011204760987755
ssp370,0.9956693060285138
ssp585,0.9954823345888648
