Key,Value
historical,0.9705074512723794
ssp126,0.9582622515198438
ssp370,0.9544477299333213
ssp585,0.9559663100008825
