Key,Value
historical,1.0001096248232288
ssp126,0.984890058570164
ssp370,0.9850603159115575
ssp585,0.9805170589940213
