Key,Value
historical,1.0011044365583088
ssp126,0.9957446739449138
ssp370,0.9906752435749913
ssp585,0.9923336445520542
