Key,Value
historical,0.9648076549626586
ssp126,0.9550747343700549
ssp370,0.9477672525282484
ssp585,0.9491808692180093
