Key,Value
historical,1.0102944948148571
ssp126,1.0031264508233417
ssp370,1.0058581382877432
ssp585,1.0049480942525328
