Key,Value
historical,0.9909657833359534
ssp126,0.9807780632889535
ssp370,0.9759447565092049
ssp585,0.9756507164031487
