Key,Value
historical,1.00667718492115
ssp126,0.9883903223411759
ssp370,0.9885093560384176
ssp585,0.9754337250753571
