Key,Value
historical,0.965289374868565
ssp126,0.9505475671055122
ssp370,0.9544307530982414
ssp585,0.9525926876751813
