Key,Value
historical,1.0004571606893755
ssp126,0.988918666715615
ssp370,0.9859203495938355
ssp585,0.9806751582349094
