Key,Value
historical,0.9929764402880382
ssp126,0.985390959124297
ssp370,0.9833169896495202
ssp585,0.9773243134257568
