Key,Value
historical,0.9999999999999999
ssp126,0.9959313070321038
ssp370,0.9957734357130325
ssp585,0.9965674526017603
