Key,Value
historical,0.9999999999999999
ssp126,0.9884372700624368
ssp370,0.9856166563405118
ssp585,0.9872388703879038
