Key,Value
historical,1.0440244705344468
ssp126,1.0312513747826588
ssp370,1.0282609027394596
ssp585,1.022054536085089
