Key,Value
historical,1.0109772354271387
ssp126,0.9949606678415255
ssp370,0.9911116566126845
ssp585,0.9844056820719556
