Key,Value
historical,0.9643369572181161
ssp126,0.9548552116718283
ssp370,0.9487225333788558
ssp585,0.9440792815684036
