Key,Value
historical,0.991031237530884
ssp126,0.9831898833938081
ssp370,0.9798549440363158
ssp585,0.9806175853173854
