Key,Value
historical,0.954047571178435
ssp126,0.9369751767995859
ssp370,0.9368627926351991
ssp585,0.9268039863985622
