Key,Value
historical,0.9667245684526667
ssp126,0.9511084289052835
ssp370,0.9435615427247399
ssp585,0.9445358259023701
