Key,Value
historical,1.0081826104711662
ssp126,0.9937871111895833
ssp370,0.9969453992549213
ssp585,0.9937065580626426
