Key,Value
historical,0.9999999999999999
ssp126,0.9882551763950327
ssp370,0.9863122247548255
ssp585,0.9840394390545175
