Key,Value
historical,0.9571129790255706
ssp126,0.9427987492409681
ssp370,0.9390125955913118
ssp585,0.9363507288272677
