Key,Value
historical,0.9980002180274475
ssp126,0.9874439070980361
ssp370,0.9841754017287005
ssp585,0.9786363412098044
