Key,Value
historical,1.0000000000000002
ssp126,0.9762299671154574
ssp370,0.9752219482642774
ssp585,0.9626212883705099
