Key,Value
historical,0.9451737786975276
ssp126,0.9348800019683293
ssp370,0.9358000375854846
ssp585,0.9294473091350921
