Key,Value
historical,1.0455098227143382
ssp126,1.0410297775092003
ssp370,1.0376182375190208
ssp585,1.0380202450228837
