Key,Value
historical,0.9999999999999999
ssp126,0.9961857038196354
ssp370,0.9942442216841391
ssp585,0.9926988026437834
