Key,Value
historical,1.055427908528463
ssp126,1.029586903556466
ssp370,1.0153311688208255
ssp585,1.0424285192932976
