Key,Value
historical,1.0431622258643596
ssp126,1.0367104011370833
ssp370,1.0286114841262806
ssp585,1.0270183021860066
