Key,Value
historical,1.0110139787264518
ssp126,0.9959852311022941
ssp370,0.9965067237692051
ssp585,1.0000793462870603
