Key,Value
historical,1.0079432321807935
ssp126,0.9944143030933549
ssp370,0.9882820342297258
ssp585,0.9890998175105946
