Key,Value
historical,0.9998819544877255
ssp126,0.9883262916155338
ssp370,0.9899426797994736
ssp585,0.9879057753902621
