Key,Value
historical,1.0394344239642161
ssp126,1.0409641982863587
ssp370,1.0408828030502209
ssp585,1.0329072697572976
