Key,Value
historical,1.0000000000000002
ssp126,0.9857919217828353
ssp370,0.9740885262746668
ssp585,0.9747908019589401
