Key,Value
historical,1.000292563239734
ssp126,0.9920800559113166
ssp370,0.9893754650117915
ssp585,0.9892394096483321
