Key,Value
historical,0.998868658754466
ssp126,0.9873917026631435
ssp370,0.9825941951130376
ssp585,0.9831364594552715
