Key,Value
historical,0.9918454165872732
ssp126,0.9773441375997063
ssp370,0.961639418783878
ssp585,0.962376121222334
