Key,Value
historical,1.000506735869469
ssp126,0.9809580989323762
ssp370,0.9816982725389044
ssp585,0.969980706851359
