Key,Value
historical,1.0000000000000002
ssp126,0.9871450621846918
ssp370,0.9844878259273685
ssp585,0.9793732938911964
