Key,Value
historical,0.9935400968105558
ssp126,0.9707947346981693
ssp370,0.960223902784731
ssp585,0.9572212535480332
