Key,Value
historical,0.9999999999999999
ssp126,0.9908533848875882
ssp370,0.9898940674422219
ssp585,0.9880936566315844
