Key,Value
historical,0.9999999999999999
ssp126,0.9916977713180485
ssp370,0.9909776268576247
ssp585,0.9881585857356828
