Key,Value
historical,1.0442385760476474
ssp126,1.0383801692901038
ssp370,1.0377274752545171
ssp585,1.0482406411238738
