Key,Value
historical,0.9928344498051408
ssp126,0.9848926572368367
ssp370,0.9785468994461644
ssp585,0.9840990182302359
