Key,Value
historical,0.9636716738081563
ssp126,0.9443419646396282
ssp370,0.9462074887369358
ssp585,0.9434924250924797
