Key,Value
historical,1.010172190628648
ssp126,0.9987603219361249
ssp370,0.9889670851272351
ssp585,0.9876618508251094
