Key,Value
historical,1.0538988529024618
ssp126,1.0307323651562743
ssp370,1.0419957903406016
ssp585,1.0386873825686365
