Key,Value
historical,0.9535468746667253
ssp126,0.9391143388801813
ssp370,0.9346953895380891
ssp585,0.9317894479660207
