Key,Value
historical,0.9936204468064394
ssp126,0.9798844056304573
ssp370,0.9830268531908442
ssp585,0.9754110249039034
