Key,Value
historical,1.0004014982899354
ssp126,0.9954303622338566
ssp370,0.9949345498109443
ssp585,0.9917979405181282
