Key,Value
historical,0.9898455926996923
ssp126,0.9883994887861344
ssp370,0.9808942550631329
ssp585,0.9775494497406688
