Key,Value
historical,0.9999999999999999
ssp126,0.994087342815823
ssp370,0.9937071759147258
ssp585,0.9915456398276827
