Key,Value
historical,0.9951367441676832
ssp126,0.9838440255510849
ssp370,0.9713374490601256
ssp585,0.9653175783005553
