Key,Value
historical,1.0078827568812194
ssp126,1.0039252051097733
ssp370,0.9991652576915836
ssp585,1.0007330816949536
