Key,Value
historical,1.0093314433501037
ssp126,1.005834049511597
ssp370,1.0042731218856837
ssp585,1.0031704932759578
