Key,Value
historical,0.9999999999999999
ssp126,0.9845860332527627
ssp370,0.98570873365777
ssp585,0.9899093578145973
