Key,Value
historical,0.9935745707566501
ssp126,0.9831688438400344
ssp370,0.9822366501880576
ssp585,0.974422683170998
