Key,Value
historical,1.0063054630169874
ssp126,0.9982066672422648
ssp370,0.9946519586404187
ssp585,0.9917937399060186
