Key,Value
historical,1.0003325150464415
ssp126,0.9878489406597675
ssp370,0.9884513493895198
ssp585,0.9911714093556382
