Key,Value
historical,1.002880719624647
ssp126,0.9932228505735838
ssp370,0.9913184441871148
ssp585,0.9922007828873032
