Key,Value
historical,1.0091893621050783
ssp126,1.006410656460071
ssp370,1.0041767306400347
ssp585,0.999505341455684
