Key,Value
historical,1.0428375998492774
ssp126,1.0327724776296159
ssp370,1.033154269324615
ssp585,1.0350802810878423
