Key,Value
historical,1.0066608922091327
ssp126,0.998560067972254
ssp370,0.9966592163571654
ssp585,1.0001445704723495
