Key,Value
historical,0.96719787639158
ssp126,0.9576086359671638
ssp370,0.9550327044356924
ssp585,0.9502303805767358
