Key,Value
historical,1.010050549898897
ssp126,1.0016281857202354
ssp370,0.9991027472975438
ssp585,0.9977827479971182
