Key,Value
historical,0.9507628502280534
ssp126,0.9450987979290271
ssp370,0.9422134467488527
ssp585,0.9385221834762953
