Key,Value
historical,0.9714146180904003
ssp126,0.9637809698304142
ssp370,0.9626217382279235
ssp585,0.9570463837427121
