Key,Value
historical,1.0071213339515548
ssp126,0.9980595844255399
ssp370,0.9968358496114116
ssp585,0.995258346462298
