Key,Value
historical,0.9569261192514219
ssp126,0.9499522323363775
ssp370,0.9488372680155076
ssp585,0.9407751094907584
