Key,Value
historical,0.9937006662140009
ssp126,0.9752406310253716
ssp370,0.9685119185713144
ssp585,0.9603226412113852
