Key,Value
historical,0.9439376566636238
ssp126,0.9260379583337442
ssp370,0.9233562937361214
ssp585,0.9213923566630879
