Key,Value
historical,1.0000000000000002
ssp126,0.9848197846182692
ssp370,0.9673993663834884
ssp585,0.9706950083597152
