Key,Value
historical,1.0402301017727855
ssp126,1.022191003640937
ssp370,1.0180440969915072
ssp585,1.0195274082659995
