Key,Value
historical,0.9999423516174493
ssp126,0.9960340737581231
ssp370,0.9900109623533719
ssp585,0.9850932141695172
