Key,Value
historical,0.9640116673054111
ssp126,0.942984376874541
ssp370,0.9359731554248675
ssp585,0.9321030685380435
