Key,Value
historical,1.0005872434792038
ssp126,0.9948099395399075
ssp370,0.9927190690838896
ssp585,0.9927468577777968
