Key,Value
historical,0.9999999999999999
ssp126,0.9936267894707633
ssp370,0.9934903186597295
ssp585,0.9940326455558809
