Key,Value
historical,1.0006236896303335
ssp126,0.9885712350121804
ssp370,0.9883343690570565
ssp585,0.9821042979701975
