Key,Value
historical,0.9999999999999999
ssp126,0.9854445191403339
ssp370,0.9815783546181372
ssp585,0.9805247290161476
