Key,Value
historical,1.0344941416958964
ssp126,1.0363091030019065
ssp370,1.0307952034467873
ssp585,1.0317689154430356
