Key,Value
historical,0.9928540077420209
ssp126,0.982079525172034
ssp370,0.9825616858344188
ssp585,0.9767100433693118
