Key,Value
historical,0.964757965160891
ssp126,0.9474452411718852
ssp370,0.9375141021298661
ssp585,0.9382949260667481
