Key,Value
historical,0.9902567402419548
ssp126,0.9791528638402157
ssp370,0.9805112735094748
ssp585,0.9816090576208923
