Key,Value
historical,1.034095534986167
ssp126,1.028553030404313
ssp370,1.031627056367687
ssp585,1.0319592498964278
