Key,Value
historical,1.0457225003978086
ssp126,1.0388745173158784
ssp370,1.0485652458611803
ssp585,1.0372613348236635
