Key,Value
historical,1.0000000000000002
ssp126,0.9845842948628093
ssp370,0.9730506412441394
ssp585,0.9730959548813747
