Key,Value
historical,1.0598478806311407
ssp126,1.0512188342129098
ssp370,1.049556605456933
ssp585,1.0446368057646624
