Key,Value
historical,0.9981602143125334
ssp126,0.9870303032000145
ssp370,0.987916953373839
ssp585,0.9894389605677181
