Key,Value
historical,1.0006317608743265
ssp126,0.9892694475115631
ssp370,0.9895720265655937
ssp585,0.9839702210286768
