Key,Value
historical,1.0066063537116188
ssp126,0.997581043634748
ssp370,0.9849302000829919
ssp585,0.9867804770814212
