Key,Value
historical,1.006851343159164
ssp126,1.0007801056179377
ssp370,1.0019405278409028
ssp585,0.9987235612324602
