Key,Value
historical,0.9489993275028699
ssp126,0.9360055084460643
ssp370,0.9362366018988438
ssp585,0.9366063077153955
