Key,Value
historical,0.9548065488394195
ssp126,0.9460329312767112
ssp370,0.937733390008416
ssp585,0.941782952459979
