Key,Value
historical,1.0000000000000002
ssp126,0.9863120700942988
ssp370,0.9848124545793928
ssp585,0.9834019277487556
