Key,Value
historical,1.038984085990941
ssp126,1.0216130535327441
ssp370,1.0149143747894545
ssp585,1.0364058691998534
