Key,Value
historical,0.9630574402650504
ssp126,0.9513843471342801
ssp370,0.943986422059703
ssp585,0.9423613693108545
