Key,Value
historical,0.999866058645554
ssp126,0.9901793958326404
ssp370,0.989586529284096
ssp585,0.986076031090163
