Key,Value
historical,1.001769759366822
ssp126,0.9867459647410546
ssp370,0.9697370579859628
ssp585,0.9713082083221718
