Key,Value
historical,0.9918363231514643
ssp126,0.9898837041501343
ssp370,0.987729434271157
ssp585,0.9879772239689957
