Key,Value
historical,0.9894190887711097
ssp126,0.9763459284483343
ssp370,0.9759420248403922
ssp585,0.9743706345321895
