Key,Value
historical,0.9999999999999999
ssp126,0.9858370474758102
ssp370,0.9888011102727303
ssp585,0.9862809136029822
