Key,Value
historical,1.0077960139532216
ssp126,0.9962009129589853
ssp370,0.9981996159013881
ssp585,0.9972533328009615
