Key,Value
historical,0.9952198222658489
ssp126,0.9852006593334114
ssp370,0.9723493823605989
ssp585,0.968821760559424
