Key,Value
historical,0.9586250696996035
ssp126,0.9398723625177552
ssp370,0.9338760598619051
ssp585,0.9247944111030982
