Key,Value
historical,0.9697223164464616
ssp126,0.9548317839252242
ssp370,0.9550353519546708
ssp585,0.949891170130694
