Key,Value
historical,1.0000000000000002
ssp126,0.9840895896433082
ssp370,0.9816038057604395
ssp585,0.9816133587586385
