Key,Value
historical,1.043711948680416
ssp126,1.0357562415488857
ssp370,1.0218974591879066
ssp585,1.0246559534814648
