Key,Value
historical,1.0096737706352126
ssp126,1.0060568003522288
ssp370,0.9989942847080845
ssp585,0.9984370956208634
