Key,Value
historical,0.9650899851852118
ssp126,0.9573031072645531
ssp370,0.957495402217269
ssp585,0.9532880648578702
