Key,Value
historical,0.9891854115658603
ssp126,0.9802569557866356
ssp370,0.9767866154428841
ssp585,0.9741502785439853
