Key,Value
historical,1.0583619770272477
ssp126,1.029489452463634
ssp370,1.023422930191032
ssp585,1.0340100276567865
