Key,Value
historical,0.9514112758367224
ssp126,0.9392788958628424
ssp370,0.9344059463527237
ssp585,0.9347152805125994
