Key,Value
historical,0.954130100691253
ssp126,0.9623086543159113
ssp370,0.9625812562357372
ssp585,0.9574397830540244
