Key,Value
historical,0.9946436503616479
ssp126,0.9797874050735177
ssp370,0.9798936618026401
ssp585,0.9767488708865157
