Key,Value
historical,0.9926955301118611
ssp126,0.9692958787933875
ssp370,0.9646496120773737
ssp585,0.9565479977088177
