Key,Value
historical,1.0000000000000002
ssp126,0.9804687912247116
ssp370,0.9759440825695515
ssp585,0.9680086934453215
