Key,Value
historical,1.0015486066625392
ssp126,0.9903744021524074
ssp370,0.9897602307326988
ssp585,0.99565649718313
