Key,Value
historical,0.9655358748203032
ssp126,0.9557919540123578
ssp370,0.9578139163855648
ssp585,0.9567308584177566
