Key,Value
historical,0.9999999999999999
ssp126,0.9932142034360268
ssp370,0.9913843477237574
ssp585,0.9909271988030088
