Key,Value
historical,0.9544964940334222
ssp126,0.937892091860271
ssp370,0.9286303251084171
ssp585,0.9292174139984524
