Key,Value
historical,1.0000000000000002
ssp126,0.9827338307415214
ssp370,0.9825688899579659
ssp585,0.9826304305918511
