Key,Value
historical,1.0507745213102948
ssp126,1.0372670045240548
ssp370,1.0367674324099279
ssp585,1.043083574833476
