Key,Value
historical,1.0000000000000002
ssp126,0.9851488926546851
ssp370,0.9802965561375371
ssp585,0.9797714184349046
