Key,Value
historical,0.9926924378777903
ssp126,0.9866348519044759
ssp370,0.9865373877275446
ssp585,0.9809207842962845
