Key,Value
historical,0.9926194391545204
ssp126,0.9865521638831075
ssp370,0.9864712350250668
ssp585,0.9807211284527704
