Key,Value
historical,1.055522339130774
ssp126,1.0395060924085593
ssp370,1.0437483242120136
ssp585,1.0384841543609309
