Key,Value
historical,1.0539889313757214
ssp126,1.0521320060001143
ssp370,1.0515754132821002
ssp585,1.047875859124573
