Key,Value
historical,1.0000000000000002
ssp126,0.9833441712733554
ssp370,0.9800569647163859
ssp585,0.9770576602998294
