Key,Value
historical,1.0109885109210932
ssp126,0.9949828836503485
ssp370,0.9969473743032294
ssp585,0.9920327773631643
