Key,Value
historical,0.9496649602293135
ssp126,0.9380015870814608
ssp370,0.9416553978307448
ssp585,0.9323866078790638
