Key,Value
historical,0.9595857971525017
ssp126,0.9443138368663782
ssp370,0.9395815714149176
ssp585,0.9421864801451207
