Key,Value
historical,0.9478116310028519
ssp126,0.9393561729913145
ssp370,0.9316355605457826
ssp585,0.9224902273733514
