Key,Value
historical,0.9602979637789999
ssp126,0.9508246477719067
ssp370,0.9492345047920336
ssp585,0.9481789220185822
