Key,Value
historical,0.9902427323063543
ssp126,0.9768992873184087
ssp370,0.973728267789504
ssp585,0.9641097780679582
