Key,Value
historical,0.965111230916507
ssp126,0.9486973415824567
ssp370,0.9424598644117856
ssp585,0.939983712691618
