Key,Value
historical,1.0397207040226697
ssp126,1.046488851435312
ssp370,1.036998059868843
ssp585,1.0390268488847259
