Key,Value
historical,1.037745482311094
ssp126,1.033047041336005
ssp370,1.0294707916634034
ssp585,1.0283502346601432
