Key,Value
historical,0.9673420553220818
ssp126,0.9576237665296753
ssp370,0.956281935299415
ssp585,0.95416263525342
