Key,Value
historical,0.9689724695737179
ssp126,0.9523324389154003
ssp370,0.9469731255620036
ssp585,0.944931141251297
