Key,Value
historical,1.0000000000000002
ssp126,0.9950855524609951
ssp370,0.9931553997597737
ssp585,0.995081858836872
