Key,Value
historical,1.007475603841975
ssp126,1.0005110205226895
ssp370,1.001216882812354
ssp585,0.9997313121070367
