Key,Value
historical,1.0105832760280749
ssp126,0.9893338864561771
ssp370,0.9910783984553453
ssp585,0.9787122521968268
