Key,Value
historical,0.9657026347946175
ssp126,0.9515055904913432
ssp370,0.9526664154878448
ssp585,0.9459657822827318
