Key,Value
historical,1.0067926931868372
ssp126,1.0025037150123564
ssp370,0.9999760296997365
ssp585,1.0022831406599884
