Key,Value
historical,1.0580227445479686
ssp126,1.0502721938603208
ssp370,1.044165258090661
ssp585,1.057092275124276
