Key,Value
historical,0.9696369288289325
ssp126,0.9590006762005997
ssp370,0.9567280752004537
ssp585,0.9529037656934252
