Key,Value
historical,0.9571129790255706
ssp126,0.9399810082320318
ssp370,0.9330592821809233
ssp585,0.9358941470393051
