Key,Value
historical,0.9999999999999999
ssp126,0.9922359785487104
ssp370,0.9919902931431109
ssp585,0.9908549135838419
