Key,Value
historical,1.0003209316206643
ssp126,0.9881046564380099
ssp370,0.9861333918582068
ssp585,0.9799920626143327
