Key,Value
historical,1.0005607100874674
ssp126,0.9891263352263764
ssp370,0.9878292355806547
ssp585,0.985266271375031
