Key,Value
historical,1.0076303882821516
ssp126,0.9981138399506096
ssp370,0.9980440592690255
ssp585,0.9966823401503777
