Key,Value
historical,0.9688881243016623
ssp126,0.9556229703733211
ssp370,0.9534869155190149
ssp585,0.9526528601171885
