Key,Value
historical,0.9496149679835556
ssp126,0.9307754869865328
ssp370,0.9273194197162032
ssp585,0.9274782532018326
