Key,Value
historical,1.0000000000000002
ssp126,0.9751378777750349
ssp370,0.9662559492201187
ssp585,0.9603346443741625
