Key,Value
historical,0.9956266877720117
ssp126,0.9791112633573144
ssp370,0.9725638026301163
ssp585,0.9673563554247637
