Key,Value
historical,1.000157639018504
ssp126,0.9825622910229118
ssp370,0.9805562599575537
ssp585,0.9784603544376582
