Key,Value
historical,0.9697854044374017
ssp126,0.9541527450684426
ssp370,0.9563705318347923
ssp585,0.9490759513927554
