Key,Value
historical,1.0015373047492695
ssp126,0.983336485303872
ssp370,0.9762925660547837
ssp585,0.968234589160723
