Key,Value
historical,0.999976272575231
ssp126,0.9807209003812487
ssp370,0.977802831623661
ssp585,0.9756574175683519
