Key,Value
historical,1.0442385760476474
ssp126,1.0232690834857658
ssp370,1.0194719894309183
ssp585,1.0250250716410525
