Key,Value
historical,1.0011173194697687
ssp126,0.9895956270852643
ssp370,0.9867653582208662
ssp585,0.9836747619284871
