Key,Value
historical,1.007542198277203
ssp126,1.006379984504738
ssp370,1.001605901496829
ssp585,0.9988539131428446
