Key,Value
historical,1.010806420825875
ssp126,0.9966613880520981
ssp370,0.9932208578138969
ssp585,0.9952166530244637
