Key,Value
historical,0.9919694791407043
ssp126,0.9926257363914827
ssp370,0.9928045414093113
ssp585,0.9909504203283827
