Key,Value
historical,0.9543074166649106
ssp126,0.9302039099581059
ssp370,0.9141303881844578
ssp585,0.9108930150479893
