Key,Value
historical,1.0059899597545876
ssp126,1.0032791553741036
ssp370,1.002640296778259
ssp585,1.0023943741859949
