Key,Value
historical,1.0352203835408675
ssp126,1.029202674424988
ssp370,1.025384732683133
ssp585,1.0263134441654986
