Key,Value
historical,1.0019736355023494
ssp126,0.9906693677058942
ssp370,0.9872646696286196
ssp585,0.990158919643974
