Key,Value
historical,0.9922814982160604
ssp126,0.9786286318242107
ssp370,0.9777169146828214
ssp585,0.9761827722728552
