Key,Value
historical,0.9609862485905228
ssp126,0.9517351423045487
ssp370,0.942748626968969
ssp585,0.9482993143935221
