Key,Value
historical,0.9897166034415354
ssp126,0.9714324140879247
ssp370,0.9668627978407344
ssp585,0.9570874978942664
