Key,Value
historical,0.9649320356225076
ssp126,0.9610640108427174
ssp370,0.9531076520530678
ssp585,0.9482571204779263
