Key,Value
historical,0.9982513343599106
ssp126,0.9871732200700257
ssp370,0.9835777752631738
ssp585,0.9849166999848128
