Key,Value
historical,1.0579425035762702
ssp126,1.0392531121706594
ssp370,1.0428947841963916
ssp585,1.0414101912458005
