Key,Value
historical,1.0001688445075774
ssp126,0.9948875337799067
ssp370,0.9948004873566693
ssp585,0.992343685237609
