Key,Value
historical,0.9506659705303482
ssp126,0.936122363178405
ssp370,0.9414662280033491
ssp585,0.9390168010816368
