Key,Value
historical,0.9416090215188524
ssp126,0.9278924187461655
ssp370,0.9227090664772959
ssp585,0.9223242298259144
