Key,Value
historical,1.0101770412577151
ssp126,1.0036092998406918
ssp370,1.0049923385550499
ssp585,1.0029442280086605
