Key,Value
historical,1.0433859844030438
ssp126,1.031504193018176
ssp370,1.0279745412922578
ssp585,1.0308973603531781
