Key,Value
historical,1.0099515187144354
ssp126,0.9988527690680703
ssp370,0.9973378518043668
ssp585,0.998458127757393
