Key,Value
historical,1.001377873967219
ssp126,0.9863557023490624
ssp370,0.9739021630588464
ssp585,0.9759453674025728
