Key,Value
historical,0.9999999999999999
ssp126,0.9867407512466078
ssp370,0.9855587945818415
ssp585,0.9825194272866034
