Key,Value
historical,0.9999999999999999
ssp126,0.984485659721398
ssp370,0.988249305386417
ssp585,0.9849055524997415
