Key,Value
historical,1.0501613997638635
ssp126,1.0421716815861308
ssp370,1.0254306398362758
ssp585,1.0314847590417808
