Key,Value
historical,0.9610838219545184
ssp126,0.9456872801941931
ssp370,0.9340973939097734
ssp585,0.9378453086480207
