Key,Value
historical,1.0000000000000002
ssp126,0.986188321438002
ssp370,0.9856594624417314
ssp585,0.9756631284469737
