Key,Value
historical,0.9623128275233899
ssp126,0.9523661424195914
ssp370,0.9479377272121756
ssp585,0.9509867155031241
