Key,Value
historical,1.0004571606893755
ssp126,0.9902178144676776
ssp370,0.9929987639099616
ssp585,0.9909697279850834
