Key,Value
historical,0.9718474724476629
ssp126,0.9635297994609701
ssp370,0.9615042271650358
ssp585,0.9609702006938731
