Key,Value
historical,0.9616759845489369
ssp126,0.9547603878897808
ssp370,0.9529962599618909
ssp585,0.9472133508544202
