Key,Value
historical,1.0000000000000002
ssp126,0.9885195359868618
ssp370,0.9843566108502165
ssp585,0.9818889110809599
