Key,Value
historical,1.0443244247434362
ssp126,1.039982018225121
ssp370,1.0436737971707881
ssp585,1.0382569548814249
