Key,Value
historical,1.0308952522869033
ssp126,1.0261522945500594
ssp370,1.0163457712656072
ssp585,1.0199280394825962
