Key,Value
historical,0.9980821489032331
ssp126,0.9937308641659891
ssp370,0.9869245568741052
ssp585,0.9875490581795965
