Key,Value
historical,1.0000000000000002
ssp126,0.986761911577366
ssp370,0.9862579129546376
ssp585,0.975505546633454
