Key,Value
historical,1.0002356490768418
ssp126,0.9890266911413617
ssp370,0.9857788322321159
ssp585,0.989554383209829
