Key,Value
historical,1.0000000000000002
ssp126,0.9840785786488646
ssp370,0.9794710537972203
ssp585,0.9731039676342041
