Key,Value
historical,1.0102399880421784
ssp126,0.9995653815262292
ssp370,0.9984718136030301
ssp585,0.9972021658537048
