Key,Value
historical,0.9659744124871298
ssp126,0.9520640741976709
ssp370,0.9490283595850139
ssp585,0.9413020154193199
