Key,Value
historical,1.0587255186018811
ssp126,1.0415977883746017
ssp370,1.0470977419681928
ssp585,1.029668419443058
