Key,Value
historical,1.0401971412628757
ssp126,1.0354247751717993
ssp370,1.031483558020338
ssp585,1.024070682268608
