Key,Value
historical,1.0517992119705153
ssp126,1.0419054028196773
ssp370,1.0503257436674625
ssp585,1.044612937331513
