Key,Value
historical,1.0431928379113653
ssp126,1.0397644599629767
ssp370,1.0292973673012835
ssp585,1.0354500350693379
