Key,Value
historical,0.9887334750049879
ssp126,0.9793676747639755
ssp370,0.97897176521849
ssp585,0.9803036200974317
