Key,Value
historical,0.9999999999999999
ssp126,0.9988723769500415
ssp370,0.9990804087574041
ssp585,0.9980183232158735
