Key,Value
historical,1.0000000000000002
ssp126,0.990030659501721
ssp370,0.9887032052291643
ssp585,0.9779435346241575
