Key,Value
historical,1.0441475770939457
ssp126,1.0380953565480284
ssp370,1.031800191255624
ssp585,1.0415660174784889
