Key,Value
historical,1.0085760881048467
ssp126,0.9952363145446277
ssp370,0.9949364389145645
ssp585,0.9845511028355153
