Key,Value
historical,0.9556566228233869
ssp126,0.9282059721651152
ssp370,0.9229279413569452
ssp585,0.9211878735856517
