Key,Value
historical,0.9930784530752929
ssp126,0.9777900576581109
ssp370,0.9639860118701973
ssp585,0.963534791062353
