Key,Value
historical,1.042902626326736
ssp126,1.0392452279944369
ssp370,1.0468605943229594
ssp585,1.0376402804028078
