Key,Value
historical,0.9514563654775666
ssp126,0.9328601641575787
ssp370,0.9234905996077337
ssp585,0.9201680722639124
