Key,Value
historical,1.0099278734751576
ssp126,1.0005563737123857
ssp370,1.0022184789184148
ssp585,1.0028042596176274
