Key,Value
historical,1.0069482487163044
ssp126,0.9996048150783265
ssp370,0.9984879886569652
ssp585,0.9993502520029576
