Key,Value
historical,0.9994423768125362
ssp126,0.9886657483634449
ssp370,0.9832131986822708
ssp585,0.9847175959840977
