Key,Value
historical,0.9636716738081563
ssp126,0.9525307003511286
ssp370,0.9516091047139997
ssp585,0.9484038796014514
