Key,Value
historical,0.9952335983226552
ssp126,0.9589286058420228
ssp370,0.9577000870335873
ssp585,0.9447132108664882
