Key,Value
historical,1.0587497507614487
ssp126,1.051613221712541
ssp370,1.0415440934902849
ssp585,1.0505087928576882
