Key,Value
historical,1.0512990653201006
ssp126,1.0398404514368016
ssp370,1.0370832029321044
ssp585,1.0387895029346255
