Key,Value
historical,0.9744144443202329
ssp126,0.9646356140849001
ssp370,0.9573981946341252
ssp585,0.9570541222459751
