Key,Value
historical,1.0115082452043833
ssp126,1.0020381059900954
ssp370,1.0014484940565187
ssp585,0.9982489630378373
