Key,Value
historical,1.0006873677806372
ssp126,0.9890725583901465
ssp370,0.9872940530843863
ssp585,0.9877715137411481
