Key,Value
historical,0.9936888235569773
ssp126,0.977144750811444
ssp370,0.9793408399677572
ssp585,0.9674176043311752
