Key,Value
historical,0.9611300612687369
ssp126,0.9515434123604977
ssp370,0.9430197144176736
ssp585,0.9439044361545852
