Key,Value
historical,0.9719806644492416
ssp126,0.9569953466911273
ssp370,0.9518775764662065
ssp585,0.9482241500721135
