Key,Value
historical,0.96719787639158
ssp126,0.9577505563319647
ssp370,0.95629259888105
ssp585,0.9555077249706747
