Key,Value
historical,1.0011139706670298
ssp126,0.9882584089808159
ssp370,0.9827485869256631
ssp585,0.9883093172941702
