Key,Value
historical,1.0402301017727855
ssp126,1.0241001997404273
ssp370,1.0180440969915072
ssp585,1.026828009746127
