Key,Value
historical,0.9891042711737971
ssp126,0.9656368736299611
ssp370,0.9684831805419417
ssp585,0.9695668505996052
