Key,Value
historical,0.9740947730887191
ssp126,0.9600187374425274
ssp370,0.9569820526439278
ssp585,0.9557082609040403
