Key,Value
historical,0.9632131760976054
ssp126,0.9425820188790826
ssp370,0.9409820995670927
ssp585,0.9404797427275606
