Key,Value
historical,0.9692766097608103
ssp126,0.9567038680721083
ssp370,0.9512563534166598
ssp585,0.9495933716058397
