Key,Value
historical,0.9995242881873773
ssp126,0.9876905654826323
ssp370,0.9854510502313306
ssp585,0.9838493830779107
