Key,Value
historical,0.9937622664036736
ssp126,0.986419089797788
ssp370,0.9825654785358927
ssp585,0.984563755050082
