Key,Value
historical,0.9620463220282945
ssp126,0.9523483050237728
ssp370,0.9513539429431987
ssp585,0.9420754096111366
