Key,Value
historical,1.0406459635847995
ssp126,1.0502962237134015
ssp370,1.0393251465730802
ssp585,1.0290465000356588
