Key,Value
historical,1.0332938294575635
ssp126,1.0305474217257897
ssp370,1.0279131433610071
ssp585,1.028453359617014
