Key,Value
historical,0.9605047167906255
ssp126,0.9490606638700843
ssp370,0.9446611125584172
ssp585,0.9412533439732944
