Key,Value
historical,1.0000000000000002
ssp126,0.9839431814364918
ssp370,0.9797634562374679
ssp585,0.978153566558763
