Key,Value
historical,1.0580227445479686
ssp126,1.0476154010914718
ssp370,1.0511777975968246
ssp585,1.045631037509631
