Key,Value
historical,0.9999213645993345
ssp126,0.9919496968371189
ssp370,0.9908870415227
ssp585,0.9913987231020833
