Key,Value
historical,1.0012875911993748
ssp126,0.9860988608278514
ssp370,0.9736185210237857
ssp585,0.9758151293664341
