Key,Value
historical,0.9979931729450269
ssp126,0.9888934230493808
ssp370,0.9876236748980143
ssp585,0.984832618596893
