Key,Value
historical,0.9997922978913335
ssp126,0.9900840628178559
ssp370,0.9859216126388953
ssp585,0.9816433600911313
