Key,Value
historical,0.9995751054083833
ssp126,0.9944062507568174
ssp370,0.9924681755422999
ssp585,0.9919997014898896
