Key,Value
historical,1.0009842719025197
ssp126,0.9967229843090971
ssp370,0.9951020017802192
ssp585,0.9910171110271249
