Key,Value
historical,0.9579701152831902
ssp126,0.9461212997389625
ssp370,0.9419756745887078
ssp585,0.9405530626801142
