Key,Value
historical,0.9917994211537263
ssp126,0.9819999782943938
ssp370,0.9783178569413454
ssp585,0.9778819079499013
