Key,Value
historical,0.9511068204016057
ssp126,0.9222656836062697
ssp370,0.9313504396603108
ssp585,0.9253859389903526
