Key,Value
historical,0.9718716300117326
ssp126,0.958507382028856
ssp370,0.9543899081005228
ssp585,0.9550438638158718
