Key,Value
historical,1.0110139787264518
ssp126,1.0034938854932223
ssp370,1.0075462697730908
ssp585,1.011333956700577
