Key,Value
historical,0.9624697785022317
ssp126,0.9399711256562177
ssp370,0.9347496341937521
ssp585,0.9434671677489596
