Key,Value
historical,0.9475750722734817
ssp126,0.936115822088523
ssp370,0.9328816873033489
ssp585,0.9271779470108555
