Key,Value
historical,0.9594825266795902
ssp126,0.9507632285788165
ssp370,0.9516166345624525
ssp585,0.9414417760011681
