Key,Value
historical,1.043666792924752
ssp126,1.0434266797293743
ssp370,1.0437161518774505
ssp585,1.02688262887827
