Key,Value
historical,0.9999999999999999
ssp126,0.9868977598596114
ssp370,0.9839249143912083
ssp585,0.980271835779958
