Key,Value
historical,0.9938127405668697
ssp126,0.9845290410461367
ssp370,0.980433167808939
ssp585,0.9809915746557609
