Key,Value
historical,1.0067854771873206
ssp126,0.99771721604793
ssp370,0.9942698974208487
ssp585,0.9899194955909716
