Key,Value
historical,0.9890311370285164
ssp126,0.9756596057685374
ssp370,0.9770513518955265
ssp585,0.975286394802428
