Key,Value
historical,0.9655358748203032
ssp126,0.9488699255750594
ssp370,0.9475274162993583
ssp585,0.9458931185932514
