Key,Value
historical,1.0091037109648844
ssp126,1.0020380618931721
ssp370,1.0000839216518087
ssp585,1.0009119214345086
