Key,Value
historical,0.9934826068407213
ssp126,0.9699440142360337
ssp370,0.9541081483553079
ssp585,0.9564303176473066
