Key,Value
historical,1.057455007854093
ssp126,1.0422568039135938
ssp370,1.0433865687171782
ssp585,1.0379792867010762
