Key,Value
historical,1.0005717654310982
ssp126,0.9898068501853968
ssp370,0.9860187603444286
ssp585,0.9904544080461876
