Key,Value
historical,1.0009597116984037
ssp126,0.9925725125187719
ssp370,0.9884509791398391
ssp585,0.9868967823842187
