Key,Value
historical,1.0075957531272426
ssp126,0.9895613862937706
ssp370,0.9850309302614209
ssp585,0.9788460022647487
