Key,Value
historical,1.0076076579974131
ssp126,0.9974244600292034
ssp370,0.9931882140192321
ssp585,0.996818327356543
