Key,Value
historical,0.9999999999999999
ssp126,0.9882730166243178
ssp370,0.9879586493064185
ssp585,0.9847673769378809
