Key,Value
historical,1.045082298267163
ssp126,1.0410404704443912
ssp370,1.035594168842499
ssp585,1.0340832269466471
