Key,Value
historical,0.9935991529415128
ssp126,0.9830338385554023
ssp370,0.9838456204029212
ssp585,0.9823218506377248
