Key,Value
historical,1.0000000000000002
ssp126,0.9853597710609537
ssp370,0.9852373116898998
ssp585,0.9884422233754083
