Key,Value
historical,0.9925716135841064
ssp126,0.9840477513754694
ssp370,0.9823186769188297
ssp585,0.9823941100430338
