Key,Value
historical,1.0328458094097537
ssp126,1.0249564738996098
ssp370,1.0247965861380226
ssp585,1.0315409792402366
