Key,Value
historical,0.9523744711997834
ssp126,0.9521502697627138
ssp370,0.9537648763779579
ssp585,0.9458222620242953
