Key,Value
historical,1.0000000000000002
ssp126,0.9847519645054539
ssp370,0.9797109503105035
ssp585,0.9801897417878305
