Key,Value
historical,0.9652708291201549
ssp126,0.9569772308826728
ssp370,0.9550816316057994
ssp585,0.9559327968030445
