Key,Value
historical,1.000248378110051
ssp126,0.9834635750189766
ssp370,0.9733361734644169
ssp585,0.9725072460879371
