Key,Value
historical,0.9979636550788816
ssp126,0.9832855617903009
ssp370,0.983185238038434
ssp585,0.9839235711505325
