Key,Value
historical,1.0011858136159921
ssp126,0.9910978229043065
ssp370,0.9917599245189187
ssp585,0.9953797983896353
