Key,Value
historical,1.0077572862090616
ssp126,0.9911698997878524
ssp370,0.9883935989872364
ssp585,0.9818280193399301
