Key,Value
historical,0.9385816389457337
ssp126,0.9330986311624424
ssp370,0.9293334125183372
ssp585,0.9238914130722105
