Key,Value
historical,0.9999999999999999
ssp126,0.9816814923485122
ssp370,0.9825687156268704
ssp585,0.977982302053073
