Key,Value
historical,0.9514388040434117
ssp126,0.9393228967554943
ssp370,0.9388770054460629
ssp585,0.9338722606958763
