Key,Value
historical,1.0072988887042167
ssp126,0.9904407773014479
ssp370,0.9884379779266899
ssp585,0.9806722985145867
