Key,Value
historical,0.9560509608169988
ssp126,0.9412817912277566
ssp370,0.9335069446164803
ssp585,0.9401412179118283
