Key,Value
historical,0.9972603729593937
ssp126,0.9876817721093601
ssp370,0.9876355475469712
ssp585,0.9853982932231306
