Key,Value
historical,0.9688530915578644
ssp126,0.9520294380635363
ssp370,0.9433486487832323
ssp585,0.9469427922747156
