Key,Value
historical,0.942963750894323
ssp126,0.9350903238004394
ssp370,0.9252595328915217
ssp585,0.9280233339923472
