Key,Value
historical,1.0006236896303335
ssp126,0.9954286919555084
ssp370,0.9947170674937085
ssp585,0.9893533607667383
