Key,Value
historical,1.0099688386170818
ssp126,1.0046234093451456
ssp370,0.9971746291896207
ssp585,0.9986036654122995
