Key,Value
historical,0.962889634688093
ssp126,0.9497705606400019
ssp370,0.9507351299673411
ssp585,0.9549044702973405
