Key,Value
historical,1.0400721261676291
ssp126,1.0286910622421248
ssp370,1.0364559674505653
ssp585,1.034869908383394
