Key,Value
historical,1.04050051025836
ssp126,1.0347364511465857
ssp370,1.031219227294551
ssp585,1.0318186564178493
