Key,Value
historical,0.9713883698210657
ssp126,0.9523834321961197
ssp370,0.9489631346091312
ssp585,0.9463104695445709
