Key,Value
historical,1.0001551178638897
ssp126,0.9944075943382134
ssp370,0.9930560233655414
ssp585,0.9923510356808355
