Key,Value
historical,0.9603665048931468
ssp126,0.9497175954614053
ssp370,0.9447754999244898
ssp585,0.9409836198138504
