Key,Value
historical,0.9999999999999999
ssp126,0.9902491073831421
ssp370,0.989195459243851
ssp585,0.9859504244776774
