Key,Value
historical,0.9479554331495947
ssp126,0.9339919951010692
ssp370,0.938961179557496
ssp585,0.9347453680987273
