Key,Value
historical,0.9999999999999999
ssp126,0.9930379041708558
ssp370,0.9916813898895794
ssp585,0.9878407763023369
