Key,Value
historical,0.9650488052027986
ssp126,0.9580695737601661
ssp370,0.9548503470676477
ssp585,0.9505683447982639
