Key,Value
historical,1.0075540372389824
ssp126,0.9997623828769803
ssp370,0.9996508451864765
ssp585,1.0000217360762094
