Key,Value
historical,0.9999999999999999
ssp126,0.994975377899789
ssp370,0.9939231560580347
ssp585,0.9918821850878499
