Key,Value
historical,0.9537380306917159
ssp126,0.9324264729486615
ssp370,0.9231973733478215
ssp585,0.9285522724435893
