Key,Value
historical,1.0000000000000002
ssp126,0.9947997774997404
ssp370,0.9906428374127493
ssp585,0.9904508141613617
