Key,Value
historical,0.9927746422229202
ssp126,0.9767682708234998
ssp370,0.9746462926929971
ssp585,0.9665357250802735
