Key,Value
historical,1.0089102380404509
ssp126,0.9995867985638454
ssp370,0.9999460513240028
ssp585,0.9956203177082532
