Key,Value
historical,0.999023945247421
ssp126,0.9855204822549366
ssp370,0.9806447509024024
ssp585,0.9824310966332523
