Key,Value
historical,1.0017756370463742
ssp126,0.9917532384397529
ssp370,0.9925555969404772
ssp585,0.9930218961236482
