Key,Value
historical,1.001583330159612
ssp126,0.9953439310907457
ssp370,0.9946591200967554
ssp585,0.9966186164044271
