Key,Value
historical,0.9986567510096397
ssp126,0.9895933126687967
ssp370,0.9879865693812933
ssp585,0.9879163673829823
