Key,Value
historical,0.9878990160698341
ssp126,0.9809643147880678
ssp370,0.9809789663678844
ssp585,0.9795670316935591
