Key,Value
historical,0.9688530915578644
ssp126,0.9490353777866297
ssp370,0.9378272119016734
ssp585,0.941193548695359
