Key,Value
historical,0.9668274778970251
ssp126,0.9567779643993928
ssp370,0.9537620968985628
ssp585,0.9452356024015522
