Key,Value
historical,0.9498911057222553
ssp126,0.9328622896193319
ssp370,0.9340286949211168
ssp585,0.9211158154508203
