Key,Value
historical,0.9947131608221784
ssp126,0.9765953835511689
ssp370,0.960914448374986
ssp585,0.9593382085631768
