Key,Value
historical,1.0090771422969027
ssp126,0.9993900206474738
ssp370,0.998624023346478
ssp585,0.9983723081529675
