Key,Value
historical,0.9514388040434117
ssp126,0.9367819524690261
ssp370,0.9358982110762718
ssp585,0.9331337727031956
