Key,Value
historical,1.0000000000000002
ssp126,0.9851385006307433
ssp370,0.9842430035719123
ssp585,0.9835147935389429
