Key,Value
historical,1.0000000000000002
ssp126,0.9904445350353459
ssp370,0.986172235692772
ssp585,0.9911928032450752
