Key,Value
historical,0.9987510942018986
ssp126,0.9884895316640248
ssp370,0.9861453219197229
ssp585,0.9843456310997283
