Key,Value
historical,0.953079972598733
ssp126,0.9453449823323808
ssp370,0.9319062227371668
ssp585,0.9311560064748184
