Key,Value
historical,0.992687043772423
ssp126,0.9779867934352803
ssp370,0.9722356245630053
ssp585,0.9684176285393106
