Key,Value
historical,1.0000000000000002
ssp126,0.9849317013879018
ssp370,0.980367439092738
ssp585,0.9764343663675092
