Key,Value
historical,0.9988160579706816
ssp126,0.9840285774273617
ssp370,0.981786239551932
ssp585,0.9798367029279514
