Key,Value
historical,1.0461224698884592
ssp126,1.0268448182868504
ssp370,1.0117884352545534
ssp585,1.0193973429989218
