Key,Value
historical,1.0433282564392714
ssp126,1.036414796215297
ssp370,1.0361116775194914
ssp585,1.0430931601926319
