Key,Value
historical,0.9999999999999999
ssp126,0.9894551544641288
ssp370,0.9885634251677771
ssp585,0.9854089589498789
