Key,Value
historical,1.0016861097942662
ssp126,1.0002091042186037
ssp370,0.9961722835418699
ssp585,0.9929419470742951
