Key,Value
historical,0.9508332566879071
ssp126,0.9451893488904786
ssp370,0.9389736137335749
ssp585,0.9403995105529386
