Key,Value
historical,0.9920921570259134
ssp126,0.9870502222388007
ssp370,0.9829094778850904
ssp585,0.9882539297393866
