Key,Value
historical,1.037965397980793
ssp126,1.0313951263528767
ssp370,1.0251878297367176
ssp585,1.0292513878914533
