Key,Value
historical,0.9999999999999999
ssp126,0.9928724891649658
ssp370,0.9897462186493377
ssp585,0.9920965612617206
