Key,Value
historical,1.010072221626383
ssp126,1.0013878798886002
ssp370,0.9985433429578007
ssp585,0.9942567901330241
