Key,Value
historical,0.9462595627527408
ssp126,0.9306974923978475
ssp370,0.9350186768055723
ssp585,0.9307783506691666
