Key,Value
historical,1.0000000000000002
ssp126,0.989705973055245
ssp370,0.9825892689237021
ssp585,0.9834740608917517
