Key,Value
historical,0.9622265281163037
ssp126,0.9462878377902553
ssp370,0.9339257334663558
ssp585,0.9349098100363594
