Key,Value
historical,1.0000000000000002
ssp126,0.9938029561319253
ssp370,0.9924796696294698
ssp585,0.9900716659032637
