Key,Value
historical,0.9512244132278647
ssp126,0.9329987840153737
ssp370,0.9260582588947439
ssp585,0.9262802196455651
