Key,Value
historical,1.0072748522058461
ssp126,1.0018863044903241
ssp370,1.0013504646159896
ssp585,0.9992321130784217
