Key,Value
historical,0.9995967226641733
ssp126,0.9949959008820138
ssp370,0.9884182892450178
ssp585,0.9863969809876149
