Key,Value
historical,0.9668500644802396
ssp126,0.9433789742573375
ssp370,0.937694304853553
ssp585,0.9338585671564329
