Key,Value
historical,1.0000000000000002
ssp126,0.9801083600179678
ssp370,0.9712525406217751
ssp585,0.9688502012716185
