Key,Value
historical,0.9913752029377313
ssp126,0.9805811774679718
ssp370,0.9795509254526634
ssp585,0.9787214131337283
