Key,Value
historical,1.0399253234919201
ssp126,1.0386085185776246
ssp370,1.0255413995742158
ssp585,1.043180352677049
