Key,Value
historical,0.9937622664036736
ssp126,0.9784802961521678
ssp370,0.9752517901054529
ssp585,0.9718494096850729
