Key,Value
historical,0.9999999999999999
ssp126,0.9879487830112118
ssp370,0.9834644493867817
ssp585,0.9800606356122826
