Key,Value
historical,1.0017771413672694
ssp126,0.9935593064791304
ssp370,0.9869983000980559
ssp585,0.9895939064711677
