Key,Value
historical,0.9473153699258212
ssp126,0.9377296977446965
ssp370,0.930665018377818
ssp585,0.9299631669130756
