Key,Value
historical,1.0000000000000002
ssp126,0.9924364464862558
ssp370,0.9908220642125306
ssp585,0.9867676198280126
