Key,Value
historical,0.9895942883903934
ssp126,0.9760366884823504
ssp370,0.9762986694209538
ssp585,0.9704621123499391
