Key,Value
historical,0.9999999999999999
ssp126,0.9872627849272833
ssp370,0.9872777147596907
ssp585,0.9929459657814446
