Key,Value
historical,1.0082629306543955
ssp126,0.9926624168991558
ssp370,0.9942180856185783
ssp585,0.9883580748679212
