Key,Value
historical,0.9697440579104435
ssp126,0.9624316845230612
ssp370,0.9588687458920424
ssp585,0.9636831679691015
