Key,Value
historical,1.040172895068663
ssp126,1.0218571168746606
ssp370,1.0109117758711443
ssp585,1.0326685161737144
