Key,Value
historical,0.9605364611348461
ssp126,0.9510533601828679
ssp370,0.9490047318928369
ssp585,0.9492972958492848
