Key,Value
historical,0.9875862494852654
ssp126,0.9677030616545453
ssp370,0.9636165716200935
ssp585,0.9549279579666176
