Key,Value
historical,1.0000000000000002
ssp126,0.9853632687410968
ssp370,0.9761422293819444
ssp585,0.9788916650898587
