Key,Value
historical,1.000734103045867
ssp126,0.989675246757619
ssp370,0.9916343299741245
ssp585,0.993448692845824
