Key,Value
historical,1.0000000000000002
ssp126,0.9887666748336813
ssp370,0.9888405969206797
ssp585,0.9888027883050085
