Key,Value
historical,1.0070938126528837
ssp126,0.997572075527834
ssp370,0.9952431431649267
ssp585,0.9947371829419654
