Key,Value
historical,1.0067982965148952
ssp126,0.9963712706073168
ssp370,0.9958095375233232
ssp585,0.9832198110391589
