Key,Value
historical,1.0094885440525485
ssp126,0.9990779818370683
ssp370,1.0001342014909496
ssp585,0.9997705033934887
