Key,Value
historical,1.006911139765929
ssp126,1.003055052179948
ssp370,1.0022293083782474
ssp585,1.0035149846313403
