Key,Value
historical,0.9999999999999999
ssp126,0.9933712654931118
ssp370,0.9944157307631304
ssp585,0.9928511232321405
