Key,Value
historical,0.9532042186491706
ssp126,0.9389311205101676
ssp370,0.9324010276188763
ssp585,0.9334037201794522
