Key,Value
historical,0.9994824337150953
ssp126,0.9848887770491112
ssp370,0.9831542098456756
ssp585,0.9817683156182264
