Key,Value
historical,1.0000000000000002
ssp126,0.984640587101023
ssp370,0.9824431371224485
ssp585,0.9835461701875083
