Key,Value
historical,1.0002368880085954
ssp126,0.989782480341412
ssp370,0.9872477262140604
ssp585,0.9828865133901452
