Key,Value
historical,1.0435707286602927
ssp126,1.0318823042091332
ssp370,1.0340909815438155
ssp585,1.036256991460119
