Key,Value
historical,0.9890678991139956
ssp126,0.9738272965435255
ssp370,0.973022710074787
ssp585,0.9749347635924123
