Key,Value
historical,1.008192872453761
ssp126,0.9927025980240636
ssp370,0.9921548698393016
ssp585,0.992908486695326
