Key,Value
historical,0.9545243434287778
ssp126,0.9432054632330144
ssp370,0.9344473890846537
ssp585,0.9365970941871845
