Key,Value
historical,0.9999999999999999
ssp126,0.9897324491312723
ssp370,0.9899416794308655
ssp585,0.9949932266333181
