Key,Value
historical,0.9451737786975276
ssp126,0.9403754074544481
ssp370,0.9395261845066853
ssp585,0.9435809911873788
