Key,Value
historical,0.9542702362503068
ssp126,0.9385086490264442
ssp370,0.9449756760244048
ssp585,0.9455939560350023
