Key,Value
historical,1.000234598277201
ssp126,0.9866735999208142
ssp370,0.9834470568120661
ssp585,0.9819862847606255
