Key,Value
historical,1.0397853158355896
ssp126,1.0211633645272669
ssp370,1.034385815118146
ssp585,1.0297201366287398
