Key,Value
historical,0.9517150259652563
ssp126,0.9356506017356061
ssp370,0.9327531531350677
ssp585,0.9329648823155736
