Key,Value
historical,1.0006596212881718
ssp126,0.9954483611035962
ssp370,0.9931748141947602
ssp585,0.9911068862465593
