Key,Value
historical,0.9897326556967425
ssp126,0.9775627460796111
ssp370,0.9759330889142285
ssp585,0.9734280172351015
