Key,Value
historical,1.001006090829849
ssp126,0.9974918101336583
ssp370,0.9901706074043625
ssp585,0.9907866928614014
