Key,Value
historical,0.9998864071836937
ssp126,0.9927144298153359
ssp370,0.9861966823873252
ssp585,0.9850247575367338
