Key,Value
historical,1.0455126601756273
ssp126,1.0265158252840285
ssp370,1.025129710864199
ssp585,1.033441863710352
