Key,Value
historical,0.9733546930901795
ssp126,0.9589044103621543
ssp370,0.9565951113971406
ssp585,0.9565091955228688
