Key,Value
historical,0.9999999999999999
ssp126,0.9938684281378471
ssp370,0.995654896321204
ssp585,0.9947207628181012
