Key,Value
historical,0.9558045650556856
ssp126,0.9427161269490614
ssp370,0.9390658674184271
ssp585,0.9348772063223477
