Key,Value
historical,0.9908562067765452
ssp126,0.9748296732803825
ssp370,0.9759604177619603
ssp585,0.9604057941185341
