Key,Value
historical,0.9937503936762887
ssp126,0.9784687596819314
ssp370,0.9687805767533997
ssp585,0.963251265684308
