Key,Value
historical,1.0009949234529636
ssp126,0.9891795880986901
ssp370,0.9904844825254134
ssp585,0.9935086548775751
