Key,Value
historical,0.999976272575231
ssp126,0.994543999492498
ssp370,0.9931535483703849
ssp585,0.9908774318309214
