Key,Value
historical,0.9887334750049879
ssp126,0.9776264906980879
ssp370,0.9725140899714334
ssp585,0.9664643045860967
