Key,Value
historical,1.000144400029213
ssp126,0.9939605902281318
ssp370,0.9883229087823159
ssp585,0.9941412455844153
