Key,Value
historical,1.0000000000000002
ssp126,0.9865124080405047
ssp370,0.9845303578250029
ssp585,0.9795696570220376
