Key,Value
historical,0.9936094810905169
ssp126,0.9863086945371756
ssp370,0.979094163615245
ssp585,0.9770964492402758
