Key,Value
historical,0.948042977774252
ssp126,0.9348113545879022
ssp370,0.9377857391535125
ssp585,0.9380534973322308
