Key,Value
historical,1.0000000000000002
ssp126,0.9858615727758133
ssp370,0.9808992017792738
ssp585,0.9787707125755187
