Key,Value
historical,0.9657026347946175
ssp126,0.9570189212428122
ssp370,0.9535976593972195
ssp585,0.9524810721184704
