Key,Value
historical,0.9997392950789858
ssp126,0.9966201358939827
ssp370,0.9942707808630096
ssp585,0.9929935666090934
