Key,Value
historical,0.9930853603385377
ssp126,0.9795257907773987
ssp370,0.9751347804186905
ssp585,0.9789716866764518
