Key,Value
historical,0.9709181133285214
ssp126,0.9616214050577871
ssp370,0.9615890590533511
ssp585,0.954365446297129
