Key,Value
historical,0.962850986102523
ssp126,0.9534517933027382
ssp370,0.9529445131574442
ssp585,0.9580914724786732
