Key,Value
historical,0.9536157274189974
ssp126,0.9523423919159686
ssp370,0.9479400307318127
ssp585,0.951732856819122
