Key,Value
historical,0.9652277586675643
ssp126,0.9499546404101638
ssp370,0.9451466549561727
ssp585,0.941336047351913
