Key,Value
historical,0.9930784530752929
ssp126,0.9792126859803115
ssp370,0.9819624726537556
ssp585,0.9833781010381792
