Key,Value
historical,1.0521570732091068
ssp126,1.041248220780444
ssp370,1.039200184283854
ssp585,1.0513146900809989
