Key,Value
historical,1.0105520361406177
ssp126,1.0005471661699548
ssp370,0.996680144817691
ssp585,0.9944302481870726
