Key,Value
historical,1.0019736355023494
ssp126,0.9877118949046753
ssp370,0.9719997375034581
ssp585,0.9773844290729747
