Key,Value
historical,1.0000000000000002
ssp126,0.9915840803066425
ssp370,0.99251706924098
ssp585,0.9844517067101962
