Key,Value
historical,0.9994040158672571
ssp126,0.9861776158502202
ssp370,0.9802309407856582
ssp585,0.9710888531346596
