Key,Value
historical,0.9450726057437631
ssp126,0.9365717538150065
ssp370,0.9384016032331962
ssp585,0.9304469367218294
