Key,Value
historical,0.954130100691253
ssp126,0.9566001886227326
ssp370,0.9594782643246698
ssp585,0.9508485616539191
