Key,Value
historical,1.0352203835408675
ssp126,1.0316647501514904
ssp370,1.0262129168329746
ssp585,1.0263134441654986
