Key,Value
historical,1.029282958867605
ssp126,1.0259508993799726
ssp370,1.0264175993404077
ssp585,1.02585594786342
