Key,Value
historical,0.9979573398517904
ssp126,0.9862268531595401
ssp370,0.9849708943037978
ssp585,0.9840098134118489
