Key,Value
historical,1.0466724021556315
ssp126,1.030580332302206
ssp370,1.0346825238641704
ssp585,1.0384529464753642
