Key,Value
historical,1.0003539619432824
ssp126,0.988502468644835
ssp370,0.9904018764011485
ssp585,0.9882712962135112
