Key,Value
historical,0.9672969687207705
ssp126,0.9558698178917368
ssp370,0.9527833340510095
ssp585,0.9499211564610048
