Key,Value
historical,0.9897696511696994
ssp126,0.9790104759194627
ssp370,0.976175427365978
ssp585,0.9678530545702996
