Key,Value
historical,0.9604047261597746
ssp126,0.9488196484675276
ssp370,0.9507479228065596
ssp585,0.9501345136047519
