Key,Value
historical,1.006607712608487
ssp126,0.9983204161457752
ssp370,0.9964426625099742
ssp585,1.000028392839883
