Key,Value
historical,0.9917994211537263
ssp126,0.9820480135180477
ssp370,0.9823347557587556
ssp585,0.9816468160231699
