Key,Value
historical,0.9999999999999999
ssp126,0.9896231874586349
ssp370,0.9895386188397772
ssp585,0.9859254457295427
