Key,Value
historical,0.9438576289656571
ssp126,0.931967894894667
ssp370,0.9303721360830294
ssp585,0.9274367811030899
