Key,Value
historical,1.0001688445075774
ssp126,0.9930752239106966
ssp370,0.9882623112849704
ssp585,0.9840314171092952
