Key,Value
historical,1.05804305169983
ssp126,1.0325692392454622
ssp370,1.0405879087996457
ssp585,1.0195378619492756
