Key,Value
historical,0.955957407436028
ssp126,0.9447298659776298
ssp370,0.9399807602415412
ssp585,0.9410007239056272
