Key,Value
historical,0.9485113983858464
ssp126,0.9433004887485231
ssp370,0.9413989879726244
ssp585,0.9432802681269664
