Key,Value
historical,1.0112133884056909
ssp126,0.9963288554385125
ssp370,0.996078898307942
ssp585,0.9896990126810324
