Key,Value
historical,1.0064808592192942
ssp126,0.9951320322200231
ssp370,0.989667724460399
ssp585,0.9882226091894868
