Key,Value
historical,1.0076125433986758
ssp126,1.0072857442032779
ssp370,1.0057406604955936
ssp585,1.0078420505062278
