Key,Value
historical,0.9999999999999999
ssp126,0.989922621854651
ssp370,0.986615444185639
ssp585,0.9869170707516072
