Key,Value
historical,1.045774108623315
ssp126,1.0355574974333526
ssp370,1.0360037817661734
ssp585,1.0323144650713834
