Key,Value
historical,1.0009790300771761
ssp126,0.9913548892062293
ssp370,0.9928322173714501
ssp585,0.9921479360258848
