Key,Value
historical,0.9983461412004359
ssp126,0.9814778194178789
ssp370,0.9810997542343145
ssp585,0.9777791567997344
