Key,Value
historical,1.0000000000000002
ssp126,0.9887146131922232
ssp370,0.9830492132763377
ssp585,0.9830182502983836
