Key,Value
historical,1.0000000000000002
ssp126,0.9811343880112219
ssp370,0.9744198717293346
ssp585,0.9756788747105959
