Key,Value
historical,1.0096122290251015
ssp126,0.9979754553304998
ssp370,0.9939361159542641
ssp585,0.9882727470978143
