Key,Value
historical,0.993855014567254
ssp126,0.9806795869904198
ssp370,0.9780700737618049
ssp585,0.9817104335601028
