Key,Value
historical,1.0000168290358968
ssp126,1.0000954810114004
ssp370,0.9975746097521524
ssp585,0.9995523534986772
