Key,Value
historical,0.9892458913800861
ssp126,0.9766441561628664
ssp370,0.9738922181216702
ssp585,0.9714060668268775
