Key,Value
historical,0.9743701839198825
ssp126,0.9634226710929853
ssp370,0.9606056618768136
ssp585,0.9630551456705114
