Key,Value
historical,1.0068295744876812
ssp126,0.9985038972889614
ssp370,0.998348142347209
ssp585,0.9995397507230692
