Key,Value
historical,1.0390241687626887
ssp126,1.0289227539867882
ssp370,1.0159502223717687
ssp585,1.0158876187379722
