Key,Value
historical,1.057972517129034
ssp126,1.0377161473153445
ssp370,1.0448663893206929
ssp585,1.0382184413815607
