Key,Value
historical,0.9937090833628771
ssp126,0.980393602187926
ssp370,0.978464522377691
ssp585,0.9726993708516324
