Key,Value
historical,0.9676704237280243
ssp126,0.9529162086168774
ssp370,0.9440083851422448
ssp585,0.9405111727031534
