Key,Value
historical,1.0087460290586887
ssp126,1.0001396260303035
ssp370,0.9917031801196892
ssp585,0.9910822760797888
