Key,Value
historical,0.9635291700538157
ssp126,0.9493467919610572
ssp370,0.946573871559499
ssp585,0.9463208941031461
