Key,Value
historical,0.9473766164796434
ssp126,0.9389655588520237
ssp370,0.9311463166566096
ssp585,0.9219421082396324
