Key,Value
historical,0.999023945247421
ssp126,0.9885558443506643
ssp370,0.9866218610508313
ssp585,0.986508815682785
