Key,Value
historical,1.0343704622397876
ssp126,1.0330922769500188
ssp370,1.026548269943166
ssp585,1.0281692166421672
