Key,Value
historical,0.9999999999999999
ssp126,1.0004509791091079
ssp370,0.9997402266996505
ssp585,0.9965983032267348
