Key,Value
historical,0.9659924033169999
ssp126,0.950410874986948
ssp370,0.9466323816835586
ssp585,0.9437826848588223
