Key,Value
historical,0.9615880655621276
ssp126,0.9488275344756213
ssp370,0.9497564993583754
ssp585,0.938171404661749
