Key,Value
historical,0.9892458913800861
ssp126,0.971021719631441
ssp370,0.9573500380719326
ssp585,0.9552675091189188
