Key,Value
historical,0.9693413925775973
ssp126,0.9530417824170428
ssp370,0.9518614654997118
ssp585,0.9404832932218434
