Key,Value
historical,0.998550215769566
ssp126,0.9835249935520047
ssp370,0.9807498833579401
ssp585,0.9807205682965681
