Key,Value
historical,1.0000000000000002
ssp126,0.9884247995775235
ssp370,0.9843355025112192
ssp585,0.9792609494662894
