Key,Value
historical,1.009505063403949
ssp126,1.0050393612330764
ssp370,1.004963402254931
ssp585,1.004444314931921
