Key,Value
historical,1.0009842719025197
ssp126,0.9955749001639249
ssp370,0.9948940893164786
ssp585,0.9915281557809995
