Key,Value
historical,0.9999213645993345
ssp126,0.9902648719357857
ssp370,0.9885382575133403
ssp585,0.9861153150005059
