Key,Value
historical,0.9732790713068529
ssp126,0.9630313906522526
ssp370,0.9593596175993031
ssp585,0.9597321127969389
