Key,Value
historical,1.0000000000000002
ssp126,0.9930405326538603
ssp370,0.9887763246101469
ssp585,0.9847013699914823
