Key,Value
historical,0.9655069548311341
ssp126,0.9702112014089058
ssp370,0.966177658362521
ssp585,0.9594770251984313
