Key,Value
historical,1.0005607100874674
ssp126,0.9920982916589759
ssp370,0.9906138279338355
ssp585,0.9930512662872198
