Key,Value
historical,0.9553820972625088
ssp126,0.9397230510719814
ssp370,0.9370175771877044
ssp585,0.9340836897017414
