Key,Value
historical,0.9941620358550205
ssp126,0.9830881937919471
ssp370,0.968429209974887
ssp585,0.9769047074059362
