Key,Value
historical,1.0009790300771761
ssp126,0.9940522868557947
ssp370,0.9856061933760919
ssp585,0.9829595793840331
