Key,Value
historical,1.0067854771873206
ssp126,0.9899152842070202
ssp370,0.9828486963646165
ssp585,0.9821586089710425
