Key,Value
historical,0.9693464069883778
ssp126,0.9552326845243595
ssp370,0.9543293652476704
ssp585,0.9492376606193308
