Key,Value
historical,0.9923622314421606
ssp126,0.9726193415571787
ssp370,0.9703099650158984
ssp585,0.9754796172094634
