Key,Value
historical,1.0095859748033835
ssp126,1.0058103099122713
ssp370,1.003467939985081
ssp585,1.0005553320971776
