Key,Value
historical,1.0000000000000002
ssp126,0.9829956537300114
ssp370,0.9825199299262618
ssp585,0.9795060104001786
