Key,Value
historical,1.002522567031138
ssp126,0.9974608702485785
ssp370,0.9977387330442988
ssp585,0.9991828441561812
