Key,Value
historical,0.9894199243559985
ssp126,0.967890165354145
ssp370,0.9500924799455791
ssp585,0.9565382197664359
