Key,Value
historical,1.0000000000000002
ssp126,0.9939014502601207
ssp370,0.9925901584794569
ssp585,0.9872313181883804
