Key,Value
historical,0.9928344498051408
ssp126,0.9941257496078327
ssp370,0.9923515870232547
ssp585,0.9963266876147034
