Key,Value
historical,1.009734022102393
ssp126,0.995476363438906
ssp370,0.9948574969046048
ssp585,0.9864934860928294
