Key,Value
historical,0.9454339366757857
ssp126,0.9387991648005435
ssp370,0.9328459713607682
ssp585,0.9277057226309224
