Key,Value
historical,0.9636686345389468
ssp126,0.9666165109963062
ssp370,0.9665679642210959
ssp585,0.9602771238441514
