Key,Value
historical,1.0000000000000002
ssp126,0.9919635819782888
ssp370,0.989168653869811
ssp585,0.9849753515343717
