Key,Value
historical,0.951771177562062
ssp126,0.9473633977198567
ssp370,0.9411360180558841
ssp585,0.9360143932359414
