Key,Value
historical,0.9908268462837703
ssp126,0.9852279489184921
ssp370,0.9838252278087884
ssp585,0.9822059205277834
