Key,Value
historical,0.9545243434287778
ssp126,0.9290039743499879
ssp370,0.927619165051631
ssp585,0.9237095575623161
