Key,Value
historical,1.0438688000228227
ssp126,1.0415704056742319
ssp370,1.0380703219767549
ssp585,1.0382768385000503
