Key,Value
historical,1.0000000000000002
ssp126,0.9928585265507408
ssp370,0.9870815212573578
ssp585,0.9927255871293224
