Key,Value
historical,0.9938127405668697
ssp126,0.9678705390774199
ssp370,0.961107944554077
ssp585,0.9582692305905097
