Key,Value
historical,0.9987655785341937
ssp126,0.9923615911310565
ssp370,0.9943695904020252
ssp585,0.9889562942033682
