Key,Value
historical,0.9999999999999999
ssp126,0.9888357832984179
ssp370,0.9892323709375409
ssp585,0.9882040735837327
