Key,Value
historical,1.0094089404413118
ssp126,1.0001530308394
ssp370,0.9985157038140212
ssp585,0.9972655310096281
