Key,Value
historical,0.9560489278385756
ssp126,0.9409721705271491
ssp370,0.9377580281956693
ssp585,0.9432889504371158
