Key,Value
historical,0.9921936340505815
ssp126,0.9846539884316085
ssp370,0.9829259022637782
ssp585,0.9807943473078651
