Key,Value
historical,1.0085784120951968
ssp126,0.9947266205354787
ssp370,0.9905607805510966
ssp585,0.9927828603157519
