Key,Value
historical,1.0000000000000002
ssp126,0.9837468748470003
ssp370,0.9838081356863466
ssp585,0.9800480463360586
