Key,Value
historical,1.0097824779916889
ssp126,0.9978012763845546
ssp370,0.999711977752897
ssp585,0.9978635097704222
