Key,Value
historical,0.9933481067376155
ssp126,0.9750843425324665
ssp370,0.966801031865389
ssp585,0.9590675258895761
