Key,Value
historical,0.9514563654775666
ssp126,0.9367727689220741
ssp370,0.9301498057052655
ssp585,0.9219083254961281
