Key,Value
historical,0.9999999999999999
ssp126,0.9925159417007446
ssp370,0.9885259208305791
ssp585,0.9881126356867428
