Key,Value
historical,0.9903113790718674
ssp126,0.9874112921071289
ssp370,0.9788723968567352
ssp585,0.9767044131176645
