Key,Value
historical,1.0078827568812194
ssp126,0.997434636976992
ssp370,0.9925845558125346
ssp585,0.9901425799820833
