Key,Value
historical,1.00119549139751
ssp126,0.9863785748526229
ssp370,0.986358466690897
ssp585,0.9903798949943621
