Key,Value
historical,0.9520917378611439
ssp126,0.9313880741125082
ssp370,0.9298495220909822
ssp585,0.9235808997187736
