Key,Value
historical,1.0010422282930147
ssp126,0.9945724459982006
ssp370,0.991394765927866
ssp585,0.9877307841733314
