Key,Value
historical,0.9751146318561191
ssp126,0.9533116777128368
ssp370,0.9600290399550075
ssp585,0.9481127265709577
