Key,Value
historical,0.9941028624077682
ssp126,0.9831558626375311
ssp370,0.9823410349601235
ssp585,0.9916402566402296
