Key,Value
historical,1.010172190628648
ssp126,0.9997987939625894
ssp370,1.000687658298298
ssp585,1.0009623322620282
