Key,Value
historical,1.0383535242481896
ssp126,1.0269041474912202
ssp370,1.0121753367616253
ssp585,1.024557541802625
