Key,Value
historical,1.0572583324121032
ssp126,1.0472767477232963
ssp370,1.0412366688299877
ssp585,1.0493271751206938
