Key,Value
historical,0.9647397698864014
ssp126,0.9468373514579035
ssp370,0.9285729016046743
ssp585,0.9330336298240072
