Key,Value
historical,0.992824619814027
ssp126,0.9825967544128739
ssp370,0.9826517127484291
ssp585,0.9767058239290526
