Key,Value
historical,1.0423018483679065
ssp126,1.0268308537040658
ssp370,1.02855655183932
ssp585,1.0171740445229958
