Key,Value
historical,1.037965397980793
ssp126,1.0365508584714465
ssp370,1.0281157312030667
ssp585,1.0388146276977235
