Key,Value
historical,1.0503272000006165
ssp126,1.035136290207696
ssp370,1.0383956815685402
ssp585,1.0423818358266608
