Key,Value
historical,0.9616705577720475
ssp126,0.9494571516289481
ssp370,0.9496847805273386
ssp585,0.9524966558004592
