Key,Value
historical,1.045361627460778
ssp126,1.0307649071758453
ssp370,1.0260631943441658
ssp585,1.0345048049730792
