Key,Value
historical,1.0092424699025648
ssp126,0.9998366587007658
ssp370,1.0003384826121642
ssp585,1.0007306599922738
