Key,Value
historical,0.9999999999999999
ssp126,0.9944446675138419
ssp370,0.9964920321040612
ssp585,0.9912854160252961
