Key,Value
historical,0.9676361732665124
ssp126,0.9513755363650649
ssp370,0.9495270789949475
ssp585,0.9483891431674587
