Key,Value
historical,0.9568837714636492
ssp126,0.9383837358196062
ssp370,0.9367657259554205
ssp585,0.9361541698165156
