Key,Value
historical,0.9389522711627076
ssp126,0.9305405577482465
ssp370,0.9307795625952683
ssp585,0.9232806549518962
