Key,Value
historical,0.95411766483775
ssp126,0.9333318401721606
ssp370,0.923909957691197
ssp585,0.9255312461856325
