Key,Value
historical,0.9641761954834338
ssp126,0.9517825688705224
ssp370,0.9461375442803087
ssp585,0.9442157163920448
