Key,Value
historical,0.98980101829544
ssp126,0.9785810388366764
ssp370,0.9730171326854276
ssp585,0.9714831234593768
