Key,Value
historical,0.9495819123465561
ssp126,0.9429890041979682
ssp370,0.9410163571447578
ssp585,0.9379798710028693
