Key,Value
historical,1.0598478806311407
ssp126,1.0517489467907644
ssp370,1.0443166625306288
ssp585,1.0469883144883483
