Key,Value
historical,0.991533114041454
ssp126,0.9814840765688848
ssp370,0.9750901358693208
ssp585,0.9691750206334271
