Key,Value
historical,1.0088451581611233
ssp126,1.0005425139163666
ssp370,1.0000451359097229
ssp585,0.9982321969334437
