Key,Value
historical,1.001434057595069
ssp126,0.9891655175977657
ssp370,0.9895754946896695
ssp585,0.9963736916401592
