Key,Value
historical,0.9945926881368747
ssp126,0.9679874470316612
ssp370,0.9563644908270494
ssp585,0.9499444423086586
