Key,Value
historical,0.9536230953945767
ssp126,0.9443168463805252
ssp370,0.9397507757549316
ssp585,0.9359144113910717
