Key,Value
historical,0.9614582222021831
ssp126,0.9542242366315328
ssp370,0.9543601339765938
ssp585,0.9538504958382407
