Key,Value
historical,1.0101592183098709
ssp126,0.9994923882154451
ssp370,0.9978993646172793
ssp585,0.995795076133108
