Key,Value
historical,1.045644903833174
ssp126,1.0357746229032057
ssp370,1.0317701158263226
ssp585,1.0366351685994992
