Key,Value
historical,1.0072759733962005
ssp126,0.9909856388364454
ssp370,0.9881617120190319
ssp585,0.9858128199299223
