Key,Value
historical,1.0076835446153576
ssp126,0.9956698117677601
ssp370,0.994787863085564
ssp585,0.9933521562283751
