Key,Value
historical,1.010523300188745
ssp126,1.0047111020400628
ssp370,0.9992300696091868
ssp585,1.001067381117046
