Key,Value
historical,0.9999999999999999
ssp126,0.9840728528605975
ssp370,0.9835122061884753
ssp585,0.981241893276918
