Key,Value
historical,0.9594725485512683
ssp126,0.9501063783934689
ssp370,0.944819528924352
ssp585,0.9502100410908301
