Key,Value
historical,0.9544312413473928
ssp126,0.9416710852472843
ssp370,0.9439913661696524
ssp585,0.9338725515784515
