Key,Value
historical,1.0491833103424844
ssp126,1.0368391100537322
ssp370,1.0409767724551418
ssp585,1.0293738766112457
