Key,Value
historical,1.0084182753520574
ssp126,1.0006184105235911
ssp370,1.0000239467987615
ssp585,0.9990393513904077
