Key,Value
historical,1.0020283948314548
ssp126,0.9898834756057072
ssp370,0.9886496010903033
ssp585,0.9804464984526755
