Key,Value
historical,1.0000000000000002
ssp126,0.9957870010025648
ssp370,0.9880883617132461
ssp585,0.986573600232692
