Key,Value
historical,0.9605528138628955
ssp126,0.9522194707063822
ssp370,0.939668653831989
ssp585,0.9362541831161493
