Key,Value
historical,1.0075023803536836
ssp126,1.0015431011623972
ssp370,0.9994650829670232
ssp585,0.9992588066869976
