Key,Value
historical,0.9999672701888165
ssp126,0.9899088210266174
ssp370,0.9901438200353383
ssp585,0.9904732703183026
