Key,Value
historical,0.9628633771636411
ssp126,0.950471526240568
ssp370,0.9472304723036022
ssp585,0.9443702433520993
