Key,Value
historical,0.9552256737894342
ssp126,0.942079906923684
ssp370,0.937222192410831
ssp585,0.936166989935611
