Key,Value
historical,1.0011039194407516
ssp126,0.9918014098619491
ssp370,0.9902641039556637
ssp585,0.9905405003587293
