Key,Value
historical,1.0064808592192942
ssp126,1.001046084029912
ssp370,0.9991776437860067
ssp585,0.9996862347769004
