Key,Value
historical,0.9613473028941872
ssp126,0.9482142993117145
ssp370,0.9491942386605655
ssp585,0.9391422940958306
