Key,Value
historical,0.9545102899133067
ssp126,0.9482400057866545
ssp370,0.943869328280708
ssp585,0.944646139273234
