Key,Value
historical,1.0384461601281814
ssp126,1.0371922063270074
ssp370,1.0432628761620606
ssp585,1.0403661113456155
