Key,Value
historical,1.000815118725159
ssp126,0.9856158232301475
ssp370,0.9782691443140683
ssp585,0.9757616733987704
