Key,Value
historical,1.000157639018504
ssp126,0.993538258973915
ssp370,0.9937033589359169
ssp585,0.9923912001278153
