Key,Value
historical,0.9607320910188283
ssp126,0.9434061084431741
ssp370,0.9421713147701138
ssp585,0.9443983926756665
