Key,Value
historical,1.0080624996764669
ssp126,1.0037540929963027
ssp370,1.0038589963447762
ssp585,1.0027596212568297
