Key,Value
historical,0.9903724136688735
ssp126,0.9753119094314963
ssp370,0.9685896961196345
ssp585,0.9601482548202063
