Key,Value
historical,1.0434080888524722
ssp126,1.0163086156821493
ssp370,1.0246761401753623
ssp585,1.0227545585153095
