Key,Value
historical,1.010523300188745
ssp126,0.9982536084109028
ssp370,0.9917434857289323
ssp585,0.9855687060785344
