Key,Value
historical,0.9539230227551192
ssp126,0.9416568172861175
ssp370,0.9365294285590271
ssp585,0.925439135899245
