Key,Value
historical,1.0087784007356007
ssp126,1.0010144635247717
ssp370,1.0013775613353533
ssp585,0.9999207197436196
