Key,Value
historical,0.9999999999999999
ssp126,0.9905041642254168
ssp370,0.9908294774423344
ssp585,0.9897200750320333
