Key,Value
historical,1.0000000000000002
ssp126,0.9865216717602919
ssp370,0.9813819684904381
ssp585,0.9817463507041747
