Key,Value
historical,1.0000000000000002
ssp126,0.9915960608106198
ssp370,0.9901777752575017
ssp585,0.9923071975289832
