Key,Value
historical,0.9549726736691716
ssp126,0.9468194649926965
ssp370,0.9416433049657749
ssp585,0.9372785739710868
