Key,Value
historical,0.9933081150133269
ssp126,0.9928914935728952
ssp370,0.9929720755485136
ssp585,0.9901114870789259
