Key,Value
historical,0.9933574827140135
ssp126,0.9788832864827222
ssp370,0.9727944859857817
ssp585,0.9741519513167836
