Key,Value
historical,1.0410143693446756
ssp126,1.0412097311111999
ssp370,1.0456285265361926
ssp585,1.0410570340789096
