Key,Value
historical,0.9928540077420209
ssp126,0.977723418036912
ssp370,0.9788173476052252
ssp585,0.9665051608657584
