Key,Value
historical,1.0101837179954336
ssp126,1.0010314318979345
ssp370,0.9949712290575964
ssp585,0.988433587025591
