Key,Value
historical,1.055427908528463
ssp126,1.0344237687399753
ssp370,1.04587928061149
ssp585,1.046638505191855
