Key,Value
historical,1.0103120805879648
ssp126,1.001446539208067
ssp370,1.0043888840099473
ssp585,1.0011467287840634
