Key,Value
historical,0.9988020612659627
ssp126,0.9907879883044198
ssp370,0.989237907736196
ssp585,0.9841279080640287
