Key,Value
historical,1.046205972155758
ssp126,1.0350664240632514
ssp370,1.0377473542986584
ssp585,1.038443380867767
