Key,Value
historical,0.9547403339729662
ssp126,0.9435038195304072
ssp370,0.9396762804973369
ssp585,0.9396009397705685
