Key,Value
historical,0.9609495358188617
ssp126,0.9561052818586162
ssp370,0.9508946442089764
ssp585,0.9487255117931136
