Key,Value
historical,0.9620671600664863
ssp126,0.9479545869137544
ssp370,0.9489590351266141
ssp585,0.9536238281985543
