Key,Value
historical,0.9946119981964932
ssp126,0.9822820052980691
ssp370,0.9792439159922907
ssp585,0.9812600264770053
