Key,Value
historical,1.000805970191315
ssp126,0.9826045465233312
ssp370,0.9848112489114922
ssp585,0.9823799585819408
