Key,Value
historical,1.000766054362104
ssp126,0.9808661795679886
ssp370,0.9795918573602532
ssp585,0.9786197368668346
