Key,Value
historical,0.9995837365037048
ssp126,0.9920399389193961
ssp370,0.9871937017657467
ssp585,0.9860352801115072
