Key,Value
historical,1.0088324274782134
ssp126,0.9912398007630936
ssp370,0.9837824292404292
ssp585,0.9730317358913406
