Key,Value
historical,0.9911504785840392
ssp126,0.9781215265255655
ssp370,0.9766089296907801
ssp585,0.9776269239759477
