Key,Value
historical,0.9449453566233669
ssp126,0.9190993605488869
ssp370,0.9103593446563618
ssp585,0.909408685244109
