Key,Value
historical,1.0444116045177807
ssp126,1.032967317794044
ssp370,1.0439677510530643
ssp585,1.044165052030393
