Key,Value
historical,0.9628845254323432
ssp126,0.9464649371532488
ssp370,0.9420833446641017
ssp585,0.9384812335988743
