Key,Value
historical,0.9898015025585034
ssp126,0.9856712231899468
ssp370,0.9848736652644395
ssp585,0.9837856635141229
