Key,Value
historical,0.951172942923539
ssp126,0.9307530205127182
ssp370,0.9215033926890455
ssp585,0.9230956550907509
