Key,Value
historical,0.964460128188438
ssp126,0.9436599929834077
ssp370,0.9344546154049246
ssp585,0.9308419340083223
