Key,Value
historical,1.0002477433460895
ssp126,0.987669941831044
ssp370,0.9842527457062218
ssp585,0.9840947283704667
