Key,Value
historical,1.057587512177157
ssp126,1.0641125515995171
ssp370,1.0533899721612259
ssp585,1.0373737833958832
