Key,Value
historical,0.9483054766915564
ssp126,0.932460393894945
ssp370,0.9310681229558526
ssp585,0.9275609247546582
