Key,Value
historical,1.0074243062861334
ssp126,0.9964617228897457
ssp370,0.9964975143213887
ssp585,0.99168629459194
