Key,Value
historical,1.0349032106058043
ssp126,1.0317166517165526
ssp370,1.0265773902682307
ssp585,1.0347097941181314
