Key,Value
historical,0.9948861749869219
ssp126,0.9712316221847446
ssp370,0.9669981965695171
ssp585,0.9625110677654133
