Key,Value
historical,1.0523845366257427
ssp126,1.0491187993596167
ssp370,1.0447669489587281
ssp585,1.0394138309747964
