Key,Value
historical,1.0005265483801649
ssp126,0.9960127224173748
ssp370,0.9956936546240782
ssp585,0.9949525977640484
