Key,Value
historical,0.9999999999999999
ssp126,0.9875582564359635
ssp370,0.9904115561385148
ssp585,0.9912630495482394
