Key,Value
historical,1.0084065234740454
ssp126,0.9967663178157016
ssp370,0.992849469742899
ssp585,0.9935412704943589
