Key,Value
historical,0.9627440296994287
ssp126,0.9435301717379171
ssp370,0.939697011972456
ssp585,0.9289855921560879
