Key,Value
historical,0.9562241090196757
ssp126,0.9506046589837548
ssp370,0.9507706458371257
ssp585,0.9400851530091011
