Key,Value
historical,1.0000000000000002
ssp126,0.9845662799232217
ssp370,0.9848900406415398
ssp585,0.974082216630965
