Key,Value
historical,0.9516896961476211
ssp126,0.9475529648487515
ssp370,0.9381996992912992
ssp585,0.9442271628171022
