Key,Value
historical,1.0572583324121032
ssp126,1.0472767477232963
ssp370,1.0463401192428023
ssp585,1.0419712064006625
