Key,Value
historical,1.047091863465354
ssp126,1.0389331542322444
ssp370,1.0357713684911645
ssp585,1.030846469084973
