Key,Value
historical,1.0461118438136137
ssp126,1.045681310800072
ssp370,1.042440623064242
ssp585,1.043047093629442
