Key,Value
historical,0.9897020774476646
ssp126,0.9768569266971173
ssp370,0.973785055341875
ssp585,0.9648044774756711
