Key,Value
historical,1.0652139699554803
ssp126,1.0287650015837269
ssp370,1.035340450392599
ssp585,1.0296291458645448
