Key,Value
historical,0.9673652532861673
ssp126,0.9557965032395735
ssp370,0.9579193398582542
ssp585,0.9555648279611654
