Key,Value
historical,0.9556923451049039
ssp126,0.9405359918912356
ssp370,0.9431203947161421
ssp585,0.946768388222909
