Key,Value
historical,0.9886840856199555
ssp126,0.9818386095830902
ssp370,0.9795057083395805
ssp585,0.980037172137991
