Key,Value
historical,1.0000000000000002
ssp126,0.9857266713492062
ssp370,0.9722337884610642
ssp585,0.9741895037646167
