Key,Value
historical,0.9993753806406895
ssp126,0.9804931546058954
ssp370,0.9733879113011163
ssp585,0.9748019494435493
