Key,Value
historical,0.9651421044159172
ssp126,0.9556288831654021
ssp370,0.955417038525773
ssp585,0.9586657459851377
