Key,Value
historical,1.0081939903420585
ssp126,1.0079758872151638
ssp370,1.0074736630639536
ssp585,1.0082351358897925
