Key,Value
historical,0.992236790509298
ssp126,0.9850736347085911
ssp370,0.9820789695736284
ssp585,0.98088418143246
