Key,Value
historical,0.953291270728067
ssp126,0.9385045231469462
ssp370,0.920436665119145
ssp585,0.9260986256971591
