Key,Value
historical,0.9620463220282945
ssp126,0.9505469557278888
ssp370,0.9519632411506607
ssp585,0.951994451704683
