Key,Value
historical,0.9995799493905261
ssp126,0.9935338354542274
ssp370,0.992801652318192
ssp585,0.9904853512753333
