Key,Value
historical,1.0491833103424844
ssp126,1.0399255542613595
ssp370,1.0382361427926237
ssp585,1.0312371508715985
