Key,Value
historical,1.0416170431024763
ssp126,1.0302187336721922
ssp370,1.0279210838228896
ssp585,1.0287499263885325
