Key,Value
historical,1.0069268641237894
ssp126,1.0037862723394357
ssp370,0.9990680967294724
ssp585,0.9985399600012335
