Key,Value
historical,1.0423609639557228
ssp126,1.03598353201173
ssp370,1.033109330579967
ssp585,1.0228799011357117
