Key,Value
historical,1.0087772843271425
ssp126,0.9958047242126282
ssp370,0.9918624270072749
ssp585,0.9911139912161497
