Key,Value
historical,1.0012571328903894
ssp126,0.9929764597897972
ssp370,0.9956596820440069
ssp585,0.9966444642873017
