Key,Value
historical,0.9910130568649895
ssp126,0.9835192009256446
ssp370,0.9812078489285808
ssp585,0.9748436593406904
