Key,Value
historical,0.9603075510181932
ssp126,0.9525883469590442
ssp370,0.9549699942820881
ssp585,0.950314691666336
