Key,Value
historical,1.0069656723145963
ssp126,0.9910524486714176
ssp370,0.9903499348651165
ssp585,0.9907196002985904
