Key,Value
historical,1.0018464005186092
ssp126,0.9867013041743642
ssp370,0.9724669919492153
ssp585,0.9768991429590899
