Key,Value
historical,1.0000000000000002
ssp126,0.9883388035932175
ssp370,0.9861192354583279
ssp585,0.9878279957816204
