Key,Value
historical,1.0436257883325482
ssp126,1.045657852877615
ssp370,1.0281600625242002
ssp585,1.0322049705273597
