Key,Value
historical,1.0000000000000002
ssp126,0.9867177455270637
ssp370,0.9817827105842933
ssp585,0.9869380901599525
