Key,Value
historical,1.0000000000000002
ssp126,0.9804822738805415
ssp370,0.9736706250833513
ssp585,0.9679428612617128
