Key,Value
historical,1.0059167300878389
ssp126,0.9915291264772408
ssp370,0.9925585421386411
ssp585,0.9932768815500373
