Key,Value
historical,0.9439376566636238
ssp126,0.9338354450945431
ssp370,0.926852098184128
ssp585,0.9373808594913103
