Key,Value
historical,1.0381074856806147
ssp126,1.029426954735402
ssp370,1.0318200160615478
ssp585,1.0286734768596542
