Key,Value
historical,1.0082867279390453
ssp126,0.9938754275296237
ssp370,0.992796140019279
ssp585,0.9893531041928146
