Key,Value
historical,0.9554743420593584
ssp126,0.9363566571088285
ssp370,0.9389851456369104
ssp585,0.9331210399228926
