Key,Value
historical,0.9984363021862213
ssp126,0.9936057075236878
ssp370,0.9876380212790389
ssp585,0.9873124674342378
