Key,Value
historical,1.0098718233253623
ssp126,1.0057374347617265
ssp370,1.0055907031974614
ssp585,1.0044721008257582
