Key,Value
historical,1.0479354821675573
ssp126,1.0346750176644472
ssp370,1.0296516743594482
ssp585,1.0469614202362032
