Key,Value
historical,0.9981578248933821
ssp126,0.9919262506969219
ssp370,0.9884523462787753
ssp585,0.9856504254036998
