Key,Value
historical,1.0000000000000002
ssp126,0.9870713931478571
ssp370,0.9798335883696329
ssp585,0.9776396857331965
