Key,Value
historical,1.0000000000000002
ssp126,0.9828024266854386
ssp370,0.9833758511287609
ssp585,0.9739000970995215
