Key,Value
historical,0.9609522733183492
ssp126,0.9491832916342554
ssp370,0.9489574946129878
ssp585,0.9452147661703446
