Key,Value
historical,0.9881356282536888
ssp126,0.9762467911763801
ssp370,0.9731587374099797
ssp585,0.9697654345856512
