Key,Value
historical,0.9617636211404276
ssp126,0.9484923430746403
ssp370,0.9432328242550143
ssp585,0.9432108341067821
