Key,Value
historical,0.9558853774964956
ssp126,0.9402481894572501
ssp370,0.9324897467902505
ssp585,0.9391162943541347
