Key,Value
historical,0.9648080044618702
ssp126,0.938022322704165
ssp370,0.939678367352654
ssp585,0.940719529349882
