Key,Value
historical,1.027169185544138
ssp126,1.0200919793271281
ssp370,1.0148094673045827
ssp585,1.0161937971853348
