Key,Value
historical,0.9461760236065827
ssp126,0.9335018624100767
ssp370,0.9293419483381408
ssp585,0.9249647184619153
