Key,Value
historical,0.9909264313108969
ssp126,0.9819171304971711
ssp370,0.9763935998523755
ssp585,0.975960244853839
