Key,Value
historical,0.9999999999999999
ssp126,0.988543369363219
ssp370,0.9898475138896852
ssp585,0.9932397950415921
