Key,Value
historical,0.9943028590517808
ssp126,0.9848772051913393
ssp370,0.9756374640605376
ssp585,0.9832626102695962
