Key,Value
historical,0.9999999999999999
ssp126,0.9949340023390645
ssp370,0.9931990240171256
ssp585,0.9911024004400147
