Key,Value
historical,0.9880182462696334
ssp126,0.977654031290022
ssp370,0.9712071294013338
ssp585,0.9697739289636594
