Key,Value
historical,1.001937314782302
ssp126,0.9976472884387612
ssp370,0.992997419768001
ssp585,0.9929730829692713
