Key,Value
historical,0.9995837365037048
ssp126,0.9904436999106692
ssp370,0.9900864225608592
ssp585,0.9892418537493328
