Key,Value
historical,0.9999999999999999
ssp126,0.9920659691330974
ssp370,0.9905334999561071
ssp585,0.9898050663882026
