Key,Value
historical,1.031770055255666
ssp126,1.0267667752415384
ssp370,1.0171519182463111
ssp585,1.0207903471245925
