Key,Value
historical,0.9605364611348461
ssp126,0.94863835819967
ssp370,0.9456910335799262
ssp585,0.9414547277533081
