Key,Value
historical,1.0000000000000002
ssp126,0.9840082438019204
ssp370,0.9842935681439893
ssp585,0.9832649975507455
