Key,Value
historical,0.9750980034477493
ssp126,0.9656217649062322
ssp370,0.9617868449136449
ssp585,0.9619875795156011
