Key,Value
historical,1.0358290137707524
ssp126,1.032577129491576
ssp370,1.0322341537976563
ssp585,1.0326001334332529
