Key,Value
historical,0.9662785915826874
ssp126,0.9424426767103549
ssp370,0.9352830269021382
ssp585,0.9368985765645301
