Key,Value
historical,0.9922002031731938
ssp126,0.9799433505189765
ssp370,0.9736766883541357
ssp585,0.9659300768579616
