Key,Value
historical,1.0074831137979539
ssp126,1.002804492960943
ssp370,1.0007128368901366
ssp585,1.0000582280854204
