Key,Value
historical,1.03994435216702
ssp126,1.0300037028123223
ssp370,1.0303902687800983
ssp585,1.04444193948089
