Key,Value
historical,0.9508070377959631
ssp126,0.9475231123751527
ssp370,0.9425923186444743
ssp585,0.9436677781843399
