Key,Value
historical,0.9464283507236011
ssp126,0.9405521074292694
ssp370,0.939345243337386
ssp585,0.9367519201714702
