Key,Value
historical,0.9548214261710932
ssp126,0.9492917833089931
ssp370,0.9495242928525564
ssp585,0.9387210559827128
