Key,Value
historical,1.045361627460778
ssp126,1.0286856322072195
ssp370,1.027685229634074
ssp585,1.0175793934431518
