Key,Value
historical,0.9705820917091791
ssp126,0.9552101169877053
ssp370,0.9577457072305583
ssp585,0.9508705589471074
