Key,Value
historical,0.9928222617301565
ssp126,0.9738148153287377
ssp370,0.9753618877240666
ssp585,0.9568057859959258
