Key,Value
historical,1.0011044365583088
ssp126,0.9885673786365191
ssp370,0.9855131086950041
ssp585,0.9817961444301393
