Key,Value
historical,1.0607773855280098
ssp126,1.045825572687297
ssp370,1.0422205609888067
ssp585,1.0528497929865037
