Key,Value
historical,0.9615180797040277
ssp126,0.9468188141856957
ssp370,0.9439366325500561
ssp585,0.9456898588279244
