Key,Value
historical,0.9623284912389042
ssp126,0.9542052098622889
ssp370,0.947238058943491
ssp585,0.9426493949644763
