Key,Value
historical,1.0352769982065861
ssp126,1.0328956551335347
ssp370,1.0283474931707592
ssp585,1.02262701295892
