Key,Value
historical,1.0000000000000002
ssp126,0.9867527651700028
ssp370,0.9857373191381906
ssp585,0.9864550387648126
