Key,Value
historical,1.0000000000000002
ssp126,0.9840627514056076
ssp370,0.9813548006169869
ssp585,0.9751611234759039
