Key,Value
historical,0.9599737055588471
ssp126,0.9547460028454438
ssp370,0.9497780757414003
ssp585,0.9474235705613339
