Key,Value
historical,0.9919796228758664
ssp126,0.973420458986325
ssp370,0.9685984228450454
ssp585,0.9679069347271406
