Key,Value
historical,0.9877410001834235
ssp126,0.973549535702358
ssp370,0.9715064634391913
ssp585,0.9686561485487737
