Key,Value
historical,1.0076605687604376
ssp126,0.9974023899320581
ssp370,0.9957183152247585
ssp585,0.9965694287309007
