Key,Value
historical,0.9945300470836868
ssp126,0.9771798716644838
ssp370,0.9768747589961252
ssp585,0.9788437771223896
