Key,Value
historical,0.9671751621871679
ssp126,0.9541914437629636
ssp370,0.9483991315624734
ssp585,0.9492363810643714
