Key,Value
historical,1.0088377126935804
ssp126,1.0017865621619866
ssp370,1.0019302168282305
ssp585,0.9939967520355988
