Key,Value
historical,1.0462190100268025
ssp126,1.0387194302984333
ssp370,1.0366081553169744
ssp585,1.039692743560423
