Key,Value
historical,1.0000000000000002
ssp126,0.9898869603890191
ssp370,0.9890927079490008
ssp585,0.9864286721548371
