Key,Value
historical,1.0000000000000002
ssp126,0.9756026611924573
ssp370,0.9755552546311568
ssp585,0.9602076166164246
