Key,Value
historical,0.9601691076056066
ssp126,0.9515305068132953
ssp370,0.9521281358697188
ssp585,0.9427283297773976
