Key,Value
historical,1.0000000000000002
ssp126,0.9894605858385528
ssp370,0.9830075256416242
ssp585,0.9761434450892493
