Key,Value
historical,1.0102680903505112
ssp126,0.9845651535811897
ssp370,0.9812807522210228
ssp585,0.9731577792225897
