Key,Value
historical,0.9605845920865118
ssp126,0.9496095333141905
ssp370,0.9432373395852558
ssp585,0.9376809755308484
