Key,Value
historical,0.9584104240294675
ssp126,0.9458457515009248
ssp370,0.9395006894136494
ssp585,0.9401694445991347
