Key,Value
historical,0.9529485460150833
ssp126,0.9366693655607146
ssp370,0.9394638374234039
ssp585,0.935308256850068
