Key,Value
historical,0.9651691935884543
ssp126,0.9546247825462525
ssp370,0.9528512941452718
ssp585,0.9488252091186526
