Key,Value
historical,1.0000000000000002
ssp126,0.9889039886534213
ssp370,0.9862887977710949
ssp585,0.9886746228813613
