Key,Value
historical,1.0000712975826902
ssp126,0.9955224122305064
ssp370,0.997310747573043
ssp585,0.9955132115892936
