Key,Value
historical,0.9710134936408503
ssp126,0.9602660809039906
ssp370,0.9581009708414373
ssp585,0.9616777420601209
