Key,Value
historical,1.006557093591124
ssp126,1.0064970738804566
ssp370,1.0017951555805622
ssp585,1.0020014990471235
