Key,Value
historical,0.9668274778970251
ssp126,0.9580320243048562
ssp370,0.9597857817921907
ssp585,0.949868008754644
