Key,Value
historical,1.04533639125365
ssp126,1.0345519050214527
ssp370,1.0328344102111129
ssp585,1.0303704521102846
