Key,Value
historical,1.0000000000000002
ssp126,0.9820383429384143
ssp370,0.9758414736748933
ssp585,0.973491402749327
