Key,Value
historical,1.0426227581743506
ssp126,1.026557792829234
ssp370,1.0293833327808903
ssp585,1.018054794000922
