Key,Value
historical,1.039800160206617
ssp126,1.03088716043183
ssp370,1.0300200423508212
ssp585,1.027879643514421
