Key,Value
historical,0.9999803807576978
ssp126,0.9868359590605645
ssp370,0.9826712342268198
ssp585,0.9803332211984005
