Key,Value
historical,0.943786353583495
ssp126,0.9358554600379952
ssp370,0.9256527920957238
ssp585,0.9287151285471374
