Key,Value
historical,0.9892532953966262
ssp126,0.9681679985450526
ssp370,0.9595437277453286
ssp585,0.9625971167038775
