Key,Value
historical,0.9999999999999999
ssp126,0.9855187427887041
ssp370,0.9904172377327417
ssp585,0.9847138895733463
