Key,Value
historical,0.9545997010969312
ssp126,0.9443249701630925
ssp370,0.9392164501487773
ssp585,0.9410737073938553
