Key,Value
historical,1.0363837273854386
ssp126,1.0333393174241727
ssp370,1.0257922412719378
ssp585,1.0250506037823746
