Key,Value
historical,0.9920880161436998
ssp126,0.9889592612341732
ssp370,0.9907509010958748
ssp585,0.9860721015416345
