Key,Value
historical,1.046488558514356
ssp126,1.0280355336985627
ssp370,1.02593197021568
ssp585,1.0309325502419895
