Key,Value
historical,1.0099278734751576
ssp126,0.9920482825277529
ssp370,0.992320509308934
ssp585,0.9872307304167167
