Key,Value
historical,0.951791080655762
ssp126,0.9436739315893669
ssp370,0.9429891082903705
ssp585,0.9412365089228985
