Key,Value
historical,0.9998881255091003
ssp126,0.9879576137783197
ssp370,0.9861927246407823
ssp585,0.9816417034646605
