Key,Value
historical,0.9496149679835556
ssp126,0.9376420565608009
ssp370,0.9332292139332382
ssp585,0.9317317462195563
