Key,Value
historical,0.9584705506820083
ssp126,0.9463255014809601
ssp370,0.9420571562154403
ssp585,0.9434771856695214
