Key,Value
historical,1.0005773191881666
ssp126,0.9831961813152321
ssp370,0.9740320540558851
ssp585,0.9696018545492747
