Key,Value
historical,0.9996981009031481
ssp126,0.9901777504042361
ssp370,0.9900638535713984
ssp585,0.9901772385078361
