Key,Value
historical,1.0000000000000002
ssp126,0.9925589652837709
ssp370,0.9935759385731655
ssp585,0.9901385395283487
