Key,Value
historical,0.9609522733183492
ssp126,0.9518496032711925
ssp370,0.9518663109950682
ssp585,0.9503385348582073
