Key,Value
historical,0.9937853464419453
ssp126,0.9818677632321937
ssp370,0.9825361936383099
ssp585,0.978130803721155
