Key,Value
historical,0.9911105440859024
ssp126,0.9854761351699225
ssp370,0.9804459418821111
ssp585,0.9758474650634453
