Key,Value
historical,1.0000000000000002
ssp126,0.9882787510041884
ssp370,0.9850419117694651
ssp585,0.9829204902045301
