Key,Value
historical,0.9526526156053947
ssp126,0.9422273463634359
ssp370,0.9394371698347826
ssp585,0.9459432249230249
