Key,Value
historical,1.0365096924257076
ssp126,1.0287130789600512
ssp370,1.0351145659935135
ssp585,1.0280362913062817
