Key,Value
historical,1.0527096271925167
ssp126,1.0428810121233592
ssp370,1.045705816764305
ssp585,1.0307510748878927
