Key,Value
historical,0.9995121490343585
ssp126,0.9832979651380552
ssp370,0.9820966422892213
ssp585,0.9695808572004682
