Key,Value
historical,1.0095815929096617
ssp126,0.9882112525726564
ssp370,0.991044366234082
ssp585,0.9870295380029058
