Key,Value
historical,0.9954856343552266
ssp126,0.9698653878586194
ssp370,0.9628318516093006
ssp585,0.9564349510660693
