Key,Value
historical,0.9650672431809806
ssp126,0.9501894703602332
ssp370,0.9510967695966398
ssp585,0.9439648031746385
