Key,Value
historical,0.9999999999999999
ssp126,0.9988517672892704
ssp370,0.9968040578979402
ssp585,0.9981870792631667
