Key,Value
historical,0.9718296784621222
ssp126,0.9588734080286581
ssp370,0.9565087092220713
ssp585,0.9482892645945731
