Key,Value
historical,0.9505004721715661
ssp126,0.9376895777424169
ssp370,0.9356457704280929
ssp585,0.9310517910269173
