Key,Value
historical,0.9651198938078827
ssp126,0.9530128424936619
ssp370,0.9541983279315038
ssp585,0.9466680437265126
