Key,Value
historical,1.0000000000000002
ssp126,0.9803845355280354
ssp370,0.9711860538904765
ssp585,0.9714462121907156
