Key,Value
historical,0.9932475082313256
ssp126,0.9814628026171335
ssp370,0.9819369071957894
ssp585,0.9814585919313191
