Key,Value
historical,0.9999999999999999
ssp126,0.9848476306644306
ssp370,0.9873891048212353
ssp585,0.9801519922746436
