Key,Value
historical,1.0097824779916889
ssp126,0.9966233040837387
ssp370,0.9879179171891233
ssp585,0.9858910839063199
