Key,Value
historical,1.0019300281019765
ssp126,0.9927206711120324
ssp370,0.9940733201396166
ssp585,0.9957611366545799
