Key,Value
historical,0.9638003175178853
ssp126,0.9446490887563451
ssp370,0.9375087536090938
ssp585,0.9305200229915426
