Key,Value
historical,0.966634218550505
ssp126,0.9478877925097076
ssp370,0.9378990182176579
ssp585,0.9347381507383251
