Key,Value
historical,0.9999999999999999
ssp126,0.9901771244831522
ssp370,0.9864254694751755
ssp585,0.9910898211335144
