Key,Value
historical,0.954031424331127
ssp126,0.9386289973200836
ssp370,0.9388554084305145
ssp585,0.9455965053794128
