Key,Value
historical,0.9421535862481363
ssp126,0.9335187432106056
ssp370,0.9281190543068901
ssp585,0.9229382727182145
