Key,Value
historical,0.9996022104118331
ssp126,0.9923460761111351
ssp370,0.9933643859984551
ssp585,0.989335945005409
