Key,Value
historical,0.9694111761132701
ssp126,0.9629140166784408
ssp370,0.9591989348421659
ssp585,0.959999103683041
