Key,Value
historical,0.9939774200763711
ssp126,0.9744620756440655
ssp370,0.9719572129347577
ssp585,0.9761941173170923
