Key,Value
historical,0.9545997010969312
ssp126,0.9449404870586791
ssp370,0.9420207212708436
ssp585,0.9425148864673764
