Key,Value
historical,1.0000712975826902
ssp126,0.9918248723144479
ssp370,0.988855928627069
ssp585,0.9846943629091527
