Key,Value
historical,1.0018108389581346
ssp126,0.9867288744866558
ssp370,0.974737303154454
ssp585,0.9778338288417953
