Key,Value
historical,1.0004580468942468
ssp126,0.989189325226349
ssp370,0.9825742901321858
ssp585,0.9798338479130526
