Key,Value
historical,0.9742682848911909
ssp126,0.9666298797004879
ssp370,0.9614895481907144
ssp585,0.9623559890585344
