Key,Value
historical,1.0000000000000002
ssp126,0.9927721505413999
ssp370,0.9880828506262219
ssp585,0.9877998974659967
