Key,Value
historical,1.0000000000000002
ssp126,0.9968771167549361
ssp370,0.9895053268416777
ssp585,0.9902147057943825
