Key,Value
historical,0.9604047261597746
ssp126,0.948953778602175
ssp370,0.9539022485203982
ssp585,0.9544714126268891
