Key,Value
historical,1.0559029818213221
ssp126,1.0464790473036125
ssp370,1.0496043807900906
ssp585,1.043827530915388
