Key,Value
historical,0.9452178040949342
ssp126,0.9394863572359788
ssp370,0.9348359783380763
ssp585,0.9280363072187973
