Key,Value
historical,1.007726683125789
ssp126,0.9988504012970905
ssp370,0.996831421776323
ssp585,0.9968618125620319
