Key,Value
historical,0.9702804909633417
ssp126,0.9613353364680687
ssp370,0.9600614671862604
ssp585,0.9542480337787419
