Key,Value
historical,1.0099196431310398
ssp126,1.0012725894498482
ssp370,0.9942724407360594
ssp585,0.996582414137089
