Key,Value
historical,1.0545217401170912
ssp126,1.0403361034051017
ssp370,1.0402953480939139
ssp585,1.0432966072752123
