Key,Value
historical,1.0416273678065366
ssp126,1.0329056062825563
ssp370,1.0403167070422332
ssp585,1.0320759285306786
