Key,Value
historical,0.9926955301118611
ssp126,0.9824471479291271
ssp370,0.9758452153478397
ssp585,0.9747457878463491
