Key,Value
historical,1.0014736105276891
ssp126,0.9866483234874112
ssp370,0.9698752218130144
ssp585,0.9714920732564467
