Key,Value
historical,0.9930700107984821
ssp126,0.9862952189541611
ssp370,0.9857364833073656
ssp585,0.9855848153513672
