Key,Value
historical,0.9540586858434384
ssp126,0.9364569625913949
ssp370,0.9331759151086664
ssp585,0.9312189439946457
