Key,Value
historical,0.9923686210530747
ssp126,0.9836954689077761
ssp370,0.9789033803356119
ssp585,0.9798335262911128
