Key,Value
historical,1.0457127886487867
ssp126,1.0313514393837924
ssp370,1.0284936004819576
ssp585,1.0354095225346014
