Key,Value
historical,0.9495819123465561
ssp126,0.9444323542680693
ssp370,0.9439748116922814
ssp585,0.9449819996869552
