Key,Value
historical,1.0072988887042167
ssp126,0.9934532575214928
ssp370,1.0024474269692858
ssp585,0.9952057565732219
