Key,Value
historical,0.9999999999999999
ssp126,0.987931650248289
ssp370,0.9904005375026385
ssp585,0.9942571887314623
