Key,Value
historical,0.9999999999999999
ssp126,0.9926535400249593
ssp370,0.9920910369611152
ssp585,0.9903940036775557
