Key,Value
historical,1.0000000000000002
ssp126,0.9859210516448146
ssp370,0.9696553851108501
ssp585,0.9721492486509623
