Key,Value
historical,1.0299496234982652
ssp126,1.0250765864110742
ssp370,1.026232395266594
ssp585,1.0241400726793704
