Key,Value
historical,0.9762800209147797
ssp126,0.9580371038095344
ssp370,0.9490959390371666
ssp585,0.9476883039725852
