Key,Value
historical,0.9486408770542621
ssp126,0.9345423642944563
ssp370,0.9354499146235358
ssp585,0.9276875062886394
