Key,Value
historical,1.0000000000000002
ssp126,0.989159390114165
ssp370,0.9870408361970686
ssp585,0.9901919619076248
