Key,Value
historical,0.9659876498024644
ssp126,0.9587517167415333
ssp370,0.9594561415139226
ssp585,0.9597642256700573
