Key,Value
historical,0.9944755277907014
ssp126,0.9726335636727848
ssp370,0.9764982415736543
ssp585,0.9686008215890757
