Key,Value
historical,0.9999999999999999
ssp126,0.9869688679702894
ssp370,0.9884406218040296
ssp585,0.9892616082165694
