Key,Value
historical,0.965943047059872
ssp126,0.9499261087738518
ssp370,0.941490363340378
ssp585,0.9363825479522636
