Key,Value
historical,0.990402425340631
ssp126,0.9690789200811926
ssp370,0.9626542625517858
ssp585,0.9640289618342706
