Key,Value
historical,1.0076125433986758
ssp126,0.9997026755821528
ssp370,0.9980849531789977
ssp585,1.0009814833326647
