Key,Value
historical,0.9987078926407638
ssp126,0.9910763841143325
ssp370,0.9871301993593178
ssp585,0.9893884946170591
