Key,Value
historical,1.0399674507712273
ssp126,1.0322460374779023
ssp370,1.0297163073651603
ssp585,1.0344098695112929
