Key,Value
historical,0.9912367152851221
ssp126,0.9804262923814254
ssp370,0.9744923224390022
ssp585,0.9805609382570238
