Key,Value
historical,0.9707979663603957
ssp126,0.9617536188678689
ssp370,0.9568676649960164
ssp585,0.9565478862923739
