Key,Value
historical,1.006607712608487
ssp126,0.9981246185500777
ssp370,0.9983965185144421
ssp585,1.0069555704219675
