Key,Value
historical,0.9999999999999999
ssp126,0.993114513393097
ssp370,0.9946753614937585
ssp585,0.9966232655383556
