Key,Value
historical,0.9639586612348069
ssp126,0.9435379487228539
ssp370,0.9379077592221619
ssp585,0.9392340125582488
