Key,Value
historical,0.9628043517737542
ssp126,0.9453606325136092
ssp370,0.939458844075398
ssp585,0.9398300130748299
