Key,Value
historical,1.0000000000000002
ssp126,0.9897497676815361
ssp370,0.9862554854614455
ssp585,0.9825694220598309
