Key,Value
historical,0.9995479447962167
ssp126,0.9938418192863538
ssp370,0.9933010702280355
ssp585,0.9932080463668455
