Key,Value
historical,0.9610197833347554
ssp126,0.94639594110854
ssp370,0.9426206301812697
ssp585,0.9406922724619456
