Key,Value
historical,0.9475771235908508
ssp126,0.9398753802148511
ssp370,0.9348938816377934
ssp585,0.931891504141082
