Key,Value
historical,1.0000000000000002
ssp126,0.986451874031914
ssp370,0.9833615781161724
ssp585,0.9790454827820941
