Key,Value
historical,1.0454003646650103
ssp126,1.0475115887544502
ssp370,1.0468427976037478
ssp585,1.0406758074146092
