Key,Value
historical,0.9684446756036637
ssp126,0.9671333664068305
ssp370,0.9668489340540105
ssp585,0.9601849787485034
