Key,Value
historical,0.9687479672308957
ssp126,0.9660653410861528
ssp370,0.9605335037367815
ssp585,0.9604553131756031
