Key,Value
historical,0.9612456230621121
ssp126,0.947455622859536
ssp370,0.9454778920399121
ssp585,0.9431104353144514
