Key,Value
historical,0.9999999999999999
ssp126,0.9923997735719032
ssp370,0.990857727877765
ssp585,0.9893362100438094
