Key,Value
historical,0.9941028624077682
ssp126,0.9806209096370921
ssp370,0.9782009640591082
ssp585,0.9820014133053235
