Key,Value
historical,0.9999999999999999
ssp126,0.9946206244385463
ssp370,0.9928915704309503
ssp585,0.9927311542437505
