Key,Value
historical,1.038026110561737
ssp126,1.0287686883740985
ssp370,1.0289376717401704
ssp585,1.0273592161143943
