Key,Value
historical,0.9938440674491135
ssp126,0.9835330147603171
ssp370,0.9825647701715964
ssp585,0.9824888137392488
