Key,Value
historical,1.0083511829652534
ssp126,1.0011906343265515
ssp370,1.002388466846162
ssp585,1.0013097898092298
