Key,Value
historical,1.0010352754261995
ssp126,0.98262986978052
ssp370,0.9815497109424881
ssp585,0.9827090419288648
