Key,Value
historical,0.9620415714075391
ssp126,0.9582700734692949
ssp370,0.9525179707875335
ssp585,0.9546899822418399
