Key,Value
historical,1.0011036966682176
ssp126,0.9834967485858446
ssp370,0.9758734622042815
ssp585,0.9675244938434223
