Key,Value
historical,0.9550081767964177
ssp126,0.9435462090720446
ssp370,0.9290938795310935
ssp585,0.938842409503882
