Key,Value
historical,0.966653674189717
ssp126,0.952748413227364
ssp370,0.9489914274036212
ssp585,0.9464040673872905
