Key,Value
historical,0.993855014567254
ssp126,0.9830199354230801
ssp370,0.9821345945120097
ssp585,0.9913793249112116
