Key,Value
historical,1.0088814207032462
ssp126,1.004755608601487
ssp370,1.0002277929382886
ssp585,0.9992546788441233
