Key,Value
historical,0.9502918419371728
ssp126,0.9415361873313116
ssp370,0.9427277432724911
ssp585,0.9399454234921324
