Key,Value
historical,1.0066989609395658
ssp126,0.996582638119256
ssp370,0.9981608675516125
ssp585,1.0006268245432104
