Key,Value
historical,0.9300189021314383
ssp126,0.9268489657834711
ssp370,0.925137574142139
ssp585,0.9292531210093133
