Key,Value
historical,1.0080491569495584
ssp126,0.9932336383803911
ssp370,0.99500559139868
ssp585,0.9988585620335808
