Key,Value
historical,0.9485113983858464
ssp126,0.9434277598802664
ssp370,0.9378632766060542
ssp585,0.9415123784865577
