Key,Value
historical,0.9553820972625088
ssp126,0.9417661048617548
ssp370,0.9427562680257974
ssp585,0.94164785935065
