Key,Value
historical,1.0102944948148571
ssp126,1.0000978323255045
ssp370,1.0002234566259007
ssp585,0.9874459793629012
