Key,Value
historical,1.0401174140995142
ssp126,1.0371735816308283
ssp370,1.0347130876719428
ssp585,1.0360710445785044
