Key,Value
historical,0.9725234441956804
ssp126,0.9595384936941439
ssp370,0.9573524776698688
ssp585,0.9490118790767629
