Key,Value
historical,1.007470014209689
ssp126,0.9985012712110544
ssp370,0.9927807750087083
ssp585,0.987700220848582
