Key,Value
historical,1.0394940734197808
ssp126,1.0417832271173804
ssp370,1.040398838517074
ssp585,1.0373284623126815
