Key,Value
historical,1.010050549898897
ssp126,0.9994425024284284
ssp370,0.9987219550595414
ssp585,0.9925223695625703
