Key,Value
historical,1.002025845410249
ssp126,0.9946596381416413
ssp370,0.9898001267623211
ssp585,0.9951246597466679
