Key,Value
historical,0.9663871554065702
ssp126,0.9571129949213583
ssp370,0.9583887474350044
ssp585,0.9561837408834383
