Key,Value
historical,0.9610370020154755
ssp126,0.9483991602154208
ssp370,0.9463920532249668
ssp585,0.9434290197422999
