Key,Value
historical,0.9519358214949645
ssp126,0.9389929602396422
ssp370,0.9479122583591102
ssp585,0.9457624278763798
