Key,Value
historical,1.042319835341351
ssp126,1.0344552490761105
ssp370,1.0360102098875472
ssp585,1.0342062650645747
