Key,Value
historical,0.9928738288688669
ssp126,0.98062553580394
ssp370,0.9808871680413588
ssp585,0.978661971178808
