Key,Value
historical,0.9673908214732019
ssp126,0.9575674387723705
ssp370,0.952928195882095
ssp585,0.9468768756881208
