Key,Value
historical,1.0412779553648124
ssp126,1.0308856384738083
ssp370,1.0287881345442182
ssp585,1.0290735152200767
