Key,Value
historical,1.0105832760280749
ssp126,0.9984287279040828
ssp370,0.9966579719939522
ssp585,0.9923734639830739
