Key,Value
historical,0.9656339146066074
ssp126,0.9465127333924462
ssp370,0.9363692600727842
ssp585,0.9397386291049439
