Key,Value
historical,1.0060982685080357
ssp126,0.9908390533168879
ssp370,0.9826699004456917
ssp585,0.9830666639075648
