Key,Value
historical,0.9710274610091458
ssp126,0.9590259269267009
ssp370,0.9554140033810699
ssp585,0.9561037786641696
