Key,Value
historical,1.0000000000000002
ssp126,0.9904728354783794
ssp370,0.9892963114875741
ssp585,0.9855833629528692
