Key,Value
historical,0.9897447734945714
ssp126,0.978419033763777
ssp370,0.9800457320106345
ssp585,0.9792887270029519
