Key,Value
historical,1.0090064558327585
ssp126,1.0033833509457117
ssp370,0.9957894982637764
ssp585,0.9984568531310649
