Key,Value
historical,0.999171470565554
ssp126,0.986273290874831
ssp370,0.9824358978078603
ssp585,0.9778188584731845
