Key,Value
historical,1.0103304914160645
ssp126,0.9980151993620712
ssp370,0.9953892385098826
ssp585,0.9947543496851668
