Key,Value
historical,0.9479554331495947
ssp126,0.9339919951010692
ssp370,0.921706048601478
ssp585,0.933451335602688
