Key,Value
historical,1.0381352680503664
ssp126,1.0262604741186752
ssp370,1.0267892553187736
ssp585,1.0270513699329773
