Key,Value
historical,0.9977244901565004
ssp126,0.9933545677326024
ssp370,0.991775588803954
ssp585,0.989040757878413
