Key,Value
historical,1.0361473482804051
ssp126,1.0322573785693685
ssp370,1.0369977433245587
ssp585,1.0361144184482747
