Key,Value
historical,0.9571903859379055
ssp126,0.9470434060793635
ssp370,0.9461248211824734
ssp585,0.9398459984878315
