Key,Value
historical,0.9694237482683846
ssp126,0.9460550418940689
ssp370,0.9387060351092942
ssp585,0.9404207294993795
