Key,Value
historical,1.008483984582465
ssp126,1.000681228572187
ssp370,0.9945509811401355
ssp585,0.9930537850099375
