Key,Value
historical,1.009734022102393
ssp126,0.9981572130346978
ssp370,0.9959846224365346
ssp585,0.9955661541335599
