Key,Value
historical,0.962889634688093
ssp126,0.9505817113368557
ssp370,0.945515411148412
ssp585,0.948213973785015
