Key,Value
historical,1.0083749133446653
ssp126,1.0015166062642709
ssp370,0.9944963697751155
ssp585,0.9942981412040246
