Key,Value
historical,0.9530437863992142
ssp126,0.9273811314981459
ssp370,0.9307240028231731
ssp585,0.923583498821233
