Key,Value
historical,1.0000000000000002
ssp126,0.9842808991954173
ssp370,0.9827356020009781
ssp585,0.9790060832081796
