Key,Value
historical,1.0103531315576582
ssp126,0.998124083983688
ssp370,0.994687639851483
ssp585,0.98834956790013
