Key,Value
historical,1.00800364459435
ssp126,0.9939258715131711
ssp370,0.987815470794543
ssp585,0.9855069794017234
