Key,Value
historical,1.0000000000000002
ssp126,0.9867619722607136
ssp370,0.9862579734988488
ssp585,0.9755056064780133
