Key,Value
historical,1.0000000000000002
ssp126,0.9882125131126611
ssp370,0.9831145338112928
ssp585,0.975798653302317
