Key,Value
historical,0.9640749465898786
ssp126,0.9444622040433112
ssp370,0.9445211866990219
ssp585,0.9369552539711029
