Key,Value
historical,1.0086194705998541
ssp126,0.9921548674228327
ssp370,0.9942923937671994
ssp585,0.9951620622931382
