Key,Value
historical,1.0399253234919201
ssp126,1.0386085185776246
ssp370,1.0446907520490276
ssp585,1.0417336262104928
