Key,Value
historical,11391849.662304237
ssp126,11476508.062991535
ssp370,11474882.178589925
ssp585,11457720.402211031
historical_percentage_change_cf_historical,0.0
ssp126_percentage_change_cf_historical,0.7431488581475354
ssp370_percentage_change_cf_historical,0.7288765103742831
ssp585_percentage_change_cf_historical,0.5782269065993778
