Key,Value
historical,10331597.071145117
ssp126,10415489.079400267
ssp370,10380751.234380666
ssp585,10432845.355735712
historical_percentage_change_cf_historical,0.0
ssp126_percentage_change_cf_historical,0.8119945800969169
ssp370_percentage_change_cf_historical,0.4757653913239651
ssp585_percentage_change_cf_historical,0.9799867715841194
