Key,Value
historical,4570690.485267926
ssp126,4600796.300373973
ssp370,4614758.747862725
ssp585,4595543.701205755
historical_percentage_change_cf_historical,0.0
ssp126_percentage_change_cf_historical,0.6586710520671488
ssp370_percentage_change_cf_historical,0.9641489122231688
ssp585_percentage_change_cf_historical,0.5437518908343186
