Key,Value
historical,11535333.395181889
ssp126,11599107.749463169
ssp370,11599332.23095588
ssp585,11649760.476402737
historical_percentage_change_cf_historical,0.0
ssp126_percentage_change_cf_historical,0.5528609542219008
ssp370_percentage_change_cf_historical,0.5548069880730334
ssp585_percentage_change_cf_historical,0.9919702994335884
