Key,Value
historical,5525236.372860216
ssp126,5549552.833816625
ssp370,5554787.366082892
ssp585,5564489.336991288
historical_percentage_change_cf_historical,0.0
ssp126_percentage_change_cf_historical,0.4400981119260572
ssp370_percentage_change_cf_historical,0.5348367242319215
ssp585_percentage_change_cf_historical,0.7104304953156659
