Key,Value
historical,11381942.511330115
ssp126,11442075.470752575
ssp370,11450807.04336484
ssp585,11413400.394609801
historical_percentage_change_cf_historical,0.0
ssp126_percentage_change_cf_historical,0.5283189522579357
ssp370_percentage_change_cf_historical,0.6050332091044565
ssp585_percentage_change_cf_historical,0.2763841343283201
