Key,Value
historical,10992611.389534874
ssp126,11027367.368436944
ssp370,11119946.614227895
ssp585,11108438.04479971
historical_percentage_change_cf_historical,0.0
ssp126_percentage_change_cf_historical,0.3161758172872194
ssp370_percentage_change_cf_historical,1.1583710201403625
ssp585_percentage_change_cf_historical,1.0536773398093966
