Key,Value
historical,5726077.672669796
ssp126,5758471.135799122
ssp370,5757858.279466904
ssp585,5760157.389319785
historical_percentage_change_cf_historical,0.0
ssp126_percentage_change_cf_historical,0.565718192820501
ssp370_percentage_change_cf_historical,0.5550152934319125
ssp585_percentage_change_cf_historical,0.5951668593782613
