Key,Value
historical,8920620.277153801
ssp126,8990953.771704838
ssp370,8972585.694497332
ssp585,8968310.985632997
historical_percentage_change_cf_historical,0.0
ssp126_percentage_change_cf_historical,0.7884372651884359
ssp370_percentage_change_cf_historical,0.5825314353601295
ssp585_percentage_change_cf_historical,0.5346120224546981
