Key,Value
historical,11299732.362258436
ssp126,11378878.399909677
ssp370,11384199.742029542
ssp585,11458473.522365473
historical_percentage_change_cf_historical,0.0
ssp126_percentage_change_cf_historical,0.7004240022143515
ssp370_percentage_change_cf_historical,0.7475166407766471
ssp585_percentage_change_cf_historical,1.404822300369157
