Key,Value
historical,11373077.299581125
ssp126,11397809.760802789
ssp370,11426085.036534179
ssp585,11422280.816542793
historical_percentage_change_cf_historical,0.0
ssp126_percentage_change_cf_historical,0.21746498832443695
ssp370_percentage_change_cf_historical,0.4660808641035608
ssp585_percentage_change_cf_historical,0.4326315179751734
