Key,Value
historical,5513306.194244628
ssp126,5578576.466014475
ssp370,5611069.194767933
ssp585,5601752.811253236
historical_percentage_change_cf_historical,0.0
ssp126_percentage_change_cf_historical,1.1838680724459456
ssp370_percentage_change_cf_historical,1.7732191371007264
ssp585_percentage_change_cf_historical,1.604239160541052
