Key,Value
historical,11267690.602496743
ssp126,11328791.212262807
ssp370,11329639.664729841
ssp585,11322948.724679168
historical_percentage_change_cf_historical,0.0
ssp126_percentage_change_cf_historical,0.5422638224777424
ssp370_percentage_change_cf_historical,0.5497937813394602
ssp585_percentage_change_cf_historical,0.4904121361850385
