Key,Value
historical,11300065.825648464
ssp126,11321427.384474367
ssp370,11335582.450591207
ssp585,11343970.515133552
historical_percentage_change_cf_historical,0.0
ssp126_percentage_change_cf_historical,0.18903924238580078
ssp370_percentage_change_cf_historical,0.3143045845107202
ssp585_percentage_change_cf_historical,0.3885348117657401
