Key,Value
historical,5804042.858475765
ssp126,5842293.016007359
ssp370,5819861.037771966
ssp585,5825774.243617237
historical_percentage_change_cf_historical,0.0
ssp126_percentage_change_cf_historical,0.6590261041187252
ssp370_percentage_change_cf_historical,0.27253725863001643
ssp585_percentage_change_cf_historical,0.374418068083984
