Key,Value
historical,11117780.732203437
ssp126,11112815.596575558
ssp370,11105406.461182486
ssp585,11120035.3486135
historical_percentage_change_cf_historical,0.0
ssp126_percentage_change_cf_historical,-0.04465941312817012
ssp370_percentage_change_cf_historical,-0.11130162861647198
ssp585_percentage_change_cf_historical,0.020279374673516665
