Key,Value
historical,11249646.980454948
ssp126,11301714.579220172
ssp370,11317601.742355628
ssp585,11325931.198777616
historical_percentage_change_cf_historical,0.0
ssp126_percentage_change_cf_historical,0.4628376237555371
ssp370_percentage_change_cf_historical,0.6040612831562113
ssp585_percentage_change_cf_historical,0.6781032191961566
