Key,Value
historical,11518767.965904705
ssp126,11584399.989803486
ssp370,11620767.265539492
ssp585,11623639.283876669
historical_percentage_change_cf_historical,0.0
ssp126_percentage_change_cf_historical,0.5697833665288654
ssp370_percentage_change_cf_historical,0.8855052895995644
ssp585_percentage_change_cf_historical,0.9104386708924096
