Key,Value
historical,5516493.383531589
ssp126,5568211.998074978
ssp370,5593093.790819666
ssp585,5601950.484116089
historical_percentage_change_cf_historical,0.0
ssp126_percentage_change_cf_historical,0.937526993103706
ssp370_percentage_change_cf_historical,1.388570636498048
ssp585_percentage_change_cf_historical,1.5491199688485982
