Key,Value
historical,11200822.937694505
ssp126,11237353.006494865
ssp370,11250276.461575545
ssp585,11251562.335793555
historical_percentage_change_cf_historical,0.0
ssp126_percentage_change_cf_historical,0.3261373651164871
ssp370_percentage_change_cf_historical,0.44151687921619504
ssp585_percentage_change_cf_historical,0.45299705549576125
