Key,Value
historical,11278750.16581228
ssp126,11372811.928635444
ssp370,11376162.28071401
ssp585,11361297.244224269
historical_percentage_change_cf_historical,0.0
ssp126_percentage_change_cf_historical,0.8339732810846446
ssp370_percentage_change_cf_historical,0.8636782752489962
ssp585_percentage_change_cf_historical,0.7318814336556766
