Key,Value
historical,8236220.942068931
ssp126,8333921.225916349
ssp370,8315774.527718491
ssp585,8299943.406791374
historical_percentage_change_cf_historical,0.0
ssp126_percentage_change_cf_historical,1.186227088061535
ssp370_percentage_change_cf_historical,0.9658991205932418
ssp585_percentage_change_cf_historical,0.7736857130308643
