Key,Value
historical,11269737.181999216
ssp126,11326477.879909562
ssp370,11323807.49333848
ssp585,11365330.090152573
historical_percentage_change_cf_historical,0.0
ssp126_percentage_change_cf_historical,0.5034784484679568
ssp370_percentage_change_cf_historical,0.4797832501864328
ssp585_percentage_change_cf_historical,0.8482265966773779
