Key,Value
historical,11286488.785119776
ssp126,11376111.474605884
ssp370,11356972.521758351
ssp585,11373229.635089345
historical_percentage_change_cf_historical,0.0
ssp126_percentage_change_cf_historical,0.7940706024026553
ssp370_percentage_change_cf_historical,0.6244965815365208
ssp585_percentage_change_cf_historical,0.7685370678251117
