Key,Value
historical,11058416.69605502
ssp126,11076972.49702151
ssp370,11069671.55137026
ssp585,11093739.693475667
historical_percentage_change_cf_historical,0.0
ssp126_percentage_change_cf_historical,0.1677979902232266
ssp370_percentage_change_cf_historical,0.10177637201223533
ssp585_percentage_change_cf_historical,0.31942183398866897
