Key,Value
historical,11495891.82311631
ssp126,11594004.930252098
ssp370,11619427.787490308
ssp585,11623773.579385746
historical_percentage_change_cf_historical,0.0
ssp126_percentage_change_cf_historical,0.8534623380719241
ssp370_percentage_change_cf_historical,1.07460966295445
ssp585_percentage_change_cf_historical,1.1124126621676065
