Key,Value
historical,11512669.875971552
ssp126,11602672.186564986
ssp370,11643729.87013293
ssp585,11637776.57292307
historical_percentage_change_cf_historical,0.0
ssp126_percentage_change_cf_historical,0.781767492363177
ssp370_percentage_change_cf_historical,1.1383979178879953
ssp585_percentage_change_cf_historical,1.0866870873508836
