Key,Value
historical,4553997.436329983
ssp126,4592699.753795288
ssp370,4589995.180783809
ssp585,4633116.419124793
historical_percentage_change_cf_historical,0.0
ssp126_percentage_change_cf_historical,0.8498537385320571
ssp370_percentage_change_cf_historical,0.790464750081989
ssp585_percentage_change_cf_historical,1.7373523788931076
