Key,Value
historical,9184731.33095562
ssp126,9232704.351851322
ssp370,9243340.549548341
ssp585,9245960.415724857
historical_percentage_change_cf_historical,0.0
ssp126_percentage_change_cf_historical,0.5223127293230206
ssp370_percentage_change_cf_historical,0.6381157649673149
ssp585_percentage_change_cf_historical,0.6666399109887232
