Key,Value
historical,4335554.9988430515
ssp126,4405057.344576683
ssp370,4432026.4438335
ssp585,4452768.372567649
historical_percentage_change_cf_historical,0.0
ssp126_percentage_change_cf_historical,1.6030784006241001
ssp370_percentage_change_cf_historical,2.2251233121524736
ssp585_percentage_change_cf_historical,2.703537926652437
