Key,Value
historical,11272149.516588872
ssp126,11363903.548545256
ssp370,11369826.586178225
ssp585,11384810.057809867
historical_percentage_change_cf_historical,0.0
ssp126_percentage_change_cf_historical,0.813988776686757
ssp370_percentage_change_cf_historical,0.8665345455682958
ssp585_percentage_change_cf_historical,0.9994592518063715
