Key,Value
historical,11395612.06318276
ssp126,11481288.676912002
ssp370,11497805.72534797
ssp585,11509997.263326991
historical_percentage_change_cf_historical,0.0
ssp126_percentage_change_cf_historical,0.7518386309941918
ssp370_percentage_change_cf_historical,0.8967808100047525
ssp585_percentage_change_cf_historical,1.0037653046630992
