Key,Value
historical,11316604.076195166
ssp126,11465445.655742407
ssp370,11468118.614470275
ssp585,11545352.93070701
historical_percentage_change_cf_historical,0.0
ssp126_percentage_change_cf_historical,1.3152495089965575
ssp370_percentage_change_cf_historical,1.338869304386333
ssp585_percentage_change_cf_historical,2.021355991352781
