Key,Value
historical,11246919.306278914
ssp126,11320856.525575072
ssp370,11315391.147824824
ssp585,11321311.241587266
historical_percentage_change_cf_historical,0.0
ssp126_percentage_change_cf_historical,0.6573997490573245
ssp370_percentage_change_cf_historical,0.6088053064245182
ssp585_percentage_change_cf_historical,0.6614427763060475
