Key,Value
historical,10784929.99881025
ssp126,10894719.263743268
ssp370,10956526.295533903
ssp585,10941028.548600895
historical_percentage_change_cf_historical,0.0
ssp126_percentage_change_cf_historical,1.0179877379373767
ssp370_percentage_change_cf_historical,1.5910747380148267
ssp585_percentage_change_cf_historical,1.4473765690446314
