Key,Value
historical,11437592.708638335
ssp126,11535486.515750352
ssp370,11552822.635435302
ssp585,11564879.656584438
historical_percentage_change_cf_historical,0.0
ssp126_percentage_change_cf_historical,0.8558952010774309
ssp370_percentage_change_cf_historical,1.0074666036144024
ssp585_percentage_change_cf_historical,1.112882327502087
