Key,Value
historical,9157451.219406521
ssp126,9205373.088557415
ssp370,9211107.339241862
ssp585,9215354.211708035
historical_percentage_change_cf_historical,0.0
ssp126_percentage_change_cf_historical,0.5233101220275952
ssp370_percentage_change_cf_historical,0.5859285356784977
ssp585_percentage_change_cf_historical,0.6323046764235668
