Key,Value
historical,11307227.517895697
ssp126,11379014.150418883
ssp370,11390651.760944778
ssp585,11366352.620575484
historical_percentage_change_cf_historical,0.0
ssp126_percentage_change_cf_historical,0.6348738663794586
ssp370_percentage_change_cf_historical,0.7377957409722916
ssp585_percentage_change_cf_historical,0.5228965507787937
