Key,Value
historical,11218796.108472683
ssp126,11273355.800629217
ssp370,11286345.437256413
ssp585,11305763.389317635
historical_percentage_change_cf_historical,0.0
ssp126_percentage_change_cf_historical,0.4863239480333363
ssp370_percentage_change_cf_historical,0.6021085340227843
ssp585_percentage_change_cf_historical,0.7751926321156091
