Key,Value
historical,8218644.546673811
ssp126,8266990.927961389
ssp370,8286416.005622407
ssp585,8271806.035004009
historical_percentage_change_cf_historical,0.0
ssp126_percentage_change_cf_historical,0.5882524911865662
ssp370_percentage_change_cf_historical,0.8246062786110435
ssp585_percentage_change_cf_historical,0.6468400966642686
