Key,Value
historical,8260130.440960349
ssp126,8355364.376876137
ssp370,8367616.015691001
ssp585,8367547.074503245
historical_percentage_change_cf_historical,0.0
ssp126_percentage_change_cf_historical,1.1529350123037094
ssp370_percentage_change_cf_historical,1.3012575951301293
ssp585_percentage_change_cf_historical,1.3004229692334939
