Key,Value
historical,11437592.708638335
ssp126,11521251.778576173
ssp370,11531568.88728657
ssp585,11508209.07156495
historical_percentage_change_cf_historical,0.0
ssp126_percentage_change_cf_historical,0.7314394914119826
ssp370_percentage_change_cf_historical,0.821642989413839
ssp585_percentage_change_cf_historical,0.6174058189122421
