Key,Value
historical,11272170.289020967
ssp126,11316729.550267141
ssp370,11324645.629350133
ssp585,11334777.224960644
historical_percentage_change_cf_historical,0.0
ssp126_percentage_change_cf_historical,0.3953033009940867
ssp370_percentage_change_cf_historical,0.46553005307484757
ssp585_percentage_change_cf_historical,0.5554115519409415
