Key,Value
historical,8724647.45782104
ssp126,8753094.926852267
ssp370,8755123.70389441
ssp585,8759845.8164541
historical_percentage_change_cf_historical,0.0
ssp126_percentage_change_cf_historical,0.32605866504928604
ssp370_percentage_change_cf_historical,0.34931206356138744
ssp585_percentage_change_cf_historical,0.4034358844093709
