Key,Value
historical,11316160.448438648
ssp126,11358559.567042975
ssp370,11400189.682435313
ssp585,11418920.63837316
historical_percentage_change_cf_historical,0.0
ssp126_percentage_change_cf_historical,0.3746776019791824
ssp370_percentage_change_cf_historical,0.7425595844062027
ssp585_percentage_change_cf_historical,0.9080835359549092
