Key,Value
historical,8439262.175492467
ssp126,8529843.595573068
ssp370,8562138.99114095
ssp585,8596567.671047216
historical_percentage_change_cf_historical,0.0
ssp126_percentage_change_cf_historical,1.073333405183783
ssp370_percentage_change_cf_historical,1.4560137260022108
ssp585_percentage_change_cf_historical,1.863972137416971
