Key,Value
historical,10985746.370465603
ssp126,11128429.725185856
ssp370,11155162.453258878
ssp585,11118847.674935214
historical_percentage_change_cf_historical,0.0
ssp126_percentage_change_cf_historical,1.2988043771322406
ssp370_percentage_change_cf_historical,1.5421444941486906
ssp585_percentage_change_cf_historical,1.211581807745397
