Key,Value
historical,11053607.97247123
ssp126,11078986.267931547
ssp370,11136561.360034853
ssp585,11118979.4631248
historical_percentage_change_cf_historical,0.0
ssp126_percentage_change_cf_historical,0.22959286708485932
ssp370_percentage_change_cf_historical,0.7504643530892094
ssp585_percentage_change_cf_historical,0.5914040991536611
