Key,Value
historical,4847534.053842838
ssp126,4864939.411225855
ssp370,4890632.0698625455
ssp585,4877525.924755142
historical_percentage_change_cf_historical,0.0
ssp126_percentage_change_cf_historical,0.3590559073890258
ssp370_percentage_change_cf_historical,0.8890709284557164
ssp585_percentage_change_cf_historical,0.6187036662182572
