Key,Value
historical,11277220.185945515
ssp126,11372429.747838344
ssp370,11372438.842382602
ssp585,11409044.707238693
historical_percentage_change_cf_historical,0.0
ssp126_percentage_change_cf_historical,0.8442644581107572
ssp370_percentage_change_cf_historical,0.8443451033771263
ssp585_percentage_change_cf_historical,1.168945175491629
