Key,Value
historical,9498329.16756264
ssp126,9586683.197843354
ssp370,9620081.928952802
ssp585,9631496.957572252
historical_percentage_change_cf_historical,0.0
ssp126_percentage_change_cf_historical,0.9302060259445329
ssp370_percentage_change_cf_historical,1.281833459783175
ssp585_percentage_change_cf_historical,1.4020127925697516
