Key,Value
historical,11205237.236185169
ssp126,11310358.828646548
ssp370,11355683.088832067
ssp585,11360177.098110389
historical_percentage_change_cf_historical,0.0
ssp126_percentage_change_cf_historical,0.9381469597262
ssp370_percentage_change_cf_historical,1.3426387097014099
ssp585_percentage_change_cf_historical,1.382745038408214
