Key,Value
historical,5789038.778923828
ssp126,5791829.64297522
ssp370,5823485.334412107
ssp585,5861679.920295446
historical_percentage_change_cf_historical,0.0
ssp126_percentage_change_cf_historical,0.04820945510942179
ssp370_percentage_change_cf_historical,0.5950306571392953
ssp585_percentage_change_cf_historical,1.2548048846396203
