Key,Value
historical,11297469.996709123
ssp126,11338182.444977246
ssp370,11375039.288290583
ssp585,11377901.792114321
historical_percentage_change_cf_historical,0.0
ssp126_percentage_change_cf_historical,0.36036783704654435
ssp370_percentage_change_cf_historical,0.6866076351966834
ssp585_percentage_change_cf_historical,0.711945200373421
