Key,Value
historical,11257847.718600314
ssp126,11308001.391317964
ssp370,11319910.702958617
ssp585,11298099.114513887
historical_percentage_change_cf_historical,0.0
ssp126_percentage_change_cf_historical,0.4454996547411558
ssp370_percentage_change_cf_historical,0.551286408464757
ssp585_percentage_change_cf_historical,0.3575407743974834
