Key,Value
historical,11081139.835259741
ssp126,11065030.029863814
ssp370,11085245.583856052
ssp585,11072124.740955472
historical_percentage_change_cf_historical,0.0
ssp126_percentage_change_cf_historical,-0.14538039980929152
ssp370_percentage_change_cf_historical,0.03705168112080211
ssp585_percentage_change_cf_historical,-0.08135529772472966
