Key,Value
historical,5747748.571562959
ssp126,5850276.721688827
ssp370,5889830.540372831
ssp585,5944051.601730667
historical_percentage_change_cf_historical,0.0
ssp126_percentage_change_cf_historical,1.7837967136058577
ssp370_percentage_change_cf_historical,2.4719586641772024
ssp585_percentage_change_cf_historical,3.4153030134080553
