Key,Value
historical,11318962.862560965
ssp126,11342256.146859825
ssp370,11351886.142347462
ssp585,11336639.82945528
historical_percentage_change_cf_historical,0.0
ssp126_percentage_change_cf_historical,0.20578991716551429
ssp370_percentage_change_cf_historical,0.2908683435599533
ssp585_percentage_change_cf_historical,0.15617125976077337
