Key,Value
historical,8167151.390410902
ssp126,8216276.640738623
ssp370,8218315.387177299
ssp585,8210149.290465899
historical_percentage_change_cf_historical,0.0
ssp126_percentage_change_cf_historical,0.6014979762148093
ssp370_percentage_change_cf_historical,0.6264607366831565
ssp585_percentage_change_cf_historical,0.5264736503535481
