Key,Value
historical,10775720.935474554
ssp126,10848294.917392183
ssp370,10853283.768487511
ssp585,10898081.610136524
historical_percentage_change_cf_historical,0.0
ssp126_percentage_change_cf_historical,0.6734953730910898
ssp370_percentage_change_cf_historical,0.7197925176181386
ssp585_percentage_change_cf_historical,1.1355219330072703
