Key,Value
historical,11234718.405070813
ssp126,11331284.964861793
ssp370,11359618.773550408
ssp585,11359024.129265327
historical_percentage_change_cf_historical,0.0
ssp126_percentage_change_cf_historical,0.8595369844552095
ssp370_percentage_change_cf_historical,1.1117356392592852
ssp585_percentage_change_cf_historical,1.10644272257334
