Key,Value
historical,11200082.83607523
ssp126,11294311.785348266
ssp370,11292448.870009713
ssp585,11358286.015485484
historical_percentage_change_cf_historical,0.0
ssp126_percentage_change_cf_historical,0.8413236817278471
ssp370_percentage_change_cf_historical,0.8246906320815259
ssp585_percentage_change_cf_historical,1.4125179404984889
