Key,Value
historical,11298467.494546238
ssp126,11349755.330079915
ssp370,11381743.750010628
ssp585,11395251.254581148
historical_percentage_change_cf_historical,0.0
ssp126_percentage_change_cf_historical,0.45393621354783975
ssp370_percentage_change_cf_historical,0.7370579727258347
ssp585_percentage_change_cf_historical,0.8566096249923003
