Key,Value
historical,11246945.498077381
ssp126,11310255.722499736
ssp370,11331272.939630933
ssp585,11329351.23491054
historical_percentage_change_cf_historical,0.0
ssp126_percentage_change_cf_historical,0.5629103869417422
ssp370_percentage_change_cf_historical,0.7497808322087729
ssp585_percentage_change_cf_historical,0.732694373305586
