Key,Value
historical,5527576.1824241495
ssp126,5573261.608802
ssp370,5568999.453989971
ssp585,5577193.409666824
historical_percentage_change_cf_historical,0.0
ssp126_percentage_change_cf_historical,0.8265001669830444
ssp370_percentage_change_cf_historical,0.7493930467667576
ssp585_percentage_change_cf_historical,0.8976308169291439
