Key,Value
historical,11237033.966204975
ssp126,11241487.05210103
ssp370,11241673.344501637
ssp585,11240529.177609382
historical_percentage_change_cf_historical,0.0
ssp126_percentage_change_cf_historical,0.03962865921244697
ssp370_percentage_change_cf_historical,0.04128650238679447
ssp585_percentage_change_cf_historical,0.03110439476216887
