Key,Value
historical,11347184.282151408
ssp126,11406510.224825395
ssp370,11419066.146813143
ssp585,11435562.628358437
historical_percentage_change_cf_historical,0.0
ssp126_percentage_change_cf_historical,0.5228252331047776
ssp370_percentage_change_cf_historical,0.6334775471550363
ssp585_percentage_change_cf_historical,0.7788570627696887
