Key,Value
historical,11318609.447626857
ssp126,11393172.513853488
ssp370,11400772.340610912
ssp585,11469453.681182414
historical_percentage_change_cf_historical,0.0
ssp126_percentage_change_cf_historical,0.6587652535556374
ssp370_percentage_change_cf_historical,0.7259097803863341
ssp585_percentage_change_cf_historical,1.3327099433330507
