Key,Value
historical,11137554.119605567
ssp126,11159330.850888208
ssp370,11217744.090955092
ssp585,11201441.953012032
historical_percentage_change_cf_historical,0.0
ssp126_percentage_change_cf_historical,0.19552525670161652
ssp370_percentage_change_cf_historical,0.7199962441337545
ssp585_percentage_change_cf_historical,0.5736253464663541
