Key,Value
historical,11273600.556551352
ssp126,11306961.923378289
ssp370,11310312.906929107
ssp585,11323585.950728284
historical_percentage_change_cf_historical,0.0
ssp126_percentage_change_cf_historical,0.29592468404026906
ssp370_percentage_change_cf_historical,0.32564884833018887
ssp585_percentage_change_cf_historical,0.44338447088126054
