Key,Value
historical,11345763.357483312
ssp126,11348079.99788142
ssp370,11356368.886708131
ssp585,11346683.769571066
historical_percentage_change_cf_historical,0.0
ssp126_percentage_change_cf_historical,0.020418550300359342
ssp370_percentage_change_cf_historical,0.09347567801882185
ssp585_percentage_change_cf_historical,0.00811238573159857
