Key,Value
historical,11271902.325963419
ssp126,11409793.408723645
ssp370,11409428.287506454
ssp585,11473518.265670404
historical_percentage_change_cf_historical,0.0
ssp126_percentage_change_cf_historical,1.2233168703264141
ssp370_percentage_change_cf_historical,1.220077654738552
ssp585_percentage_change_cf_historical,1.7886593928567653
