Key,Value
historical,5773219.856335111
ssp126,5863714.049200149
ssp370,5824318.8866951
ssp585,5902403.944598734
historical_percentage_change_cf_historical,0.0
ssp126_percentage_change_cf_historical,1.5674821870110587
ssp370_percentage_change_cf_historical,0.885104528002977
ssp585_percentage_change_cf_historical,2.2376436629529395
