Key,Value
historical,11349890.97944766
ssp126,11375755.05378309
ssp370,11373817.18168179
ssp585,11399097.996371903
historical_percentage_change_cf_historical,0.0
ssp126_percentage_change_cf_historical,0.22787949577900132
ssp370_percentage_change_cf_historical,0.21080556877115236
ssp585_percentage_change_cf_historical,0.43354616368868487
