Key,Value
historical,5787389.949438617
ssp126,5845919.458356731
ssp370,5886814.532327831
ssp585,5904267.503300749
historical_percentage_change_cf_historical,0.0
ssp126_percentage_change_cf_historical,1.0113282400089774
ssp370_percentage_change_cf_historical,1.7179520260054097
ssp585_percentage_change_cf_historical,2.0195209737589805
