Key,Value
historical,11238336.017855953
ssp126,11302991.22713916
ssp370,11321972.081748184
ssp585,11322183.1726847
historical_percentage_change_cf_historical,0.0
ssp126_percentage_change_cf_historical,0.5753094513322936
ssp370_percentage_change_cf_historical,0.7442032678089159
ssp585_percentage_change_cf_historical,0.7460815791192388
