Key,Value
historical,8466295.599186053
ssp126,8499214.563935028
ssp370,8502923.645335559
ssp585,8444039.48748786
historical_percentage_change_cf_historical,0.0
ssp126_percentage_change_cf_historical,0.38882371118886644
ssp370_percentage_change_cf_historical,0.4326336792803066
ssp585_percentage_change_cf_historical,-0.262878982164681
