Key,Value
historical,5527922.964897279
ssp126,5599894.994563172
ssp370,5623850.846988778
ssp585,5649928.398342907
historical_percentage_change_cf_historical,0.0
ssp126_percentage_change_cf_historical,1.3019723705073438
ssp370_percentage_change_cf_historical,1.7353331929668359
ssp585_percentage_change_cf_historical,2.207075500515696
