Key,Value
historical,11315173.094860524
ssp126,11392428.812998537
ssp370,11389786.64845031
ssp585,11346684.357083518
historical_percentage_change_cf_historical,0.0
ssp126_percentage_change_cf_historical,0.6827621415098231
ssp370_percentage_change_cf_historical,0.6594115084609334
ssp585_percentage_change_cf_historical,0.27848678901171103
