Key,Value
historical,11552015.031218758
ssp126,11614443.00883311
ssp370,11599518.662071351
ssp585,11599950.539984152
historical_percentage_change_cf_historical,0.0
ssp126_percentage_change_cf_historical,0.540407690308954
ssp370_percentage_change_cf_historical,0.4112151059725672
ssp585_percentage_change_cf_historical,0.41495365644738597
