Key,Value
historical,8432705.75308772
ssp126,8549150.547959002
ssp370,8594914.378106955
ssp585,8613295.054447422
historical_percentage_change_cf_historical,0.0
ssp126_percentage_change_cf_historical,1.3808710784038019
ssp370_percentage_change_cf_historical,1.9235655763257389
ssp585_percentage_change_cf_historical,2.1415344807160777
