Key,Value
historical,5527588.222927602
ssp126,5569259.532323185
ssp370,5581233.871998787
ssp585,5593727.20386471
historical_percentage_change_cf_historical,0.0
ssp126_percentage_change_cf_historical,0.7538786847894539
ssp370_percentage_change_cf_historical,0.970507333536005
ssp585_percentage_change_cf_historical,1.1965251076911605
