Key,Value
historical,11265006.81791566
ssp126,11349392.4261165
ssp370,11357037.220559347
ssp585,11376769.639107518
historical_percentage_change_cf_historical,0.0
ssp126_percentage_change_cf_historical,0.7490950477423177
ssp370_percentage_change_cf_historical,0.8169582507249313
ssp585_percentage_change_cf_historical,0.9921238663976036
