Key,Value
historical,4999257.93372356
ssp126,5088910.063100231
ssp370,5087368.196278832
ssp585,5121082.47657425
historical_percentage_change_cf_historical,0.0
ssp126_percentage_change_cf_historical,1.7933087383210162
ssp370_percentage_change_cf_historical,1.762466824544214
ssp585_percentage_change_cf_historical,2.4368525182286866
