Key,Value
historical,11288017.671161838
ssp126,11327067.33776575
ssp370,11349229.484468684
ssp585,11367212.350365844
historical_percentage_change_cf_historical,0.0
ssp126_percentage_change_cf_historical,0.34593909879919965
ssp370_percentage_change_cf_historical,0.5422724794560443
ssp585_percentage_change_cf_historical,0.7015818145495027
