Key,Value
historical,8727893.678190019
ssp126,8765460.586450076
ssp370,8771636.958398167
ssp585,8775485.231561527
historical_percentage_change_cf_historical,0.0
ssp126_percentage_change_cf_historical,0.4304235322427454
ssp370_percentage_change_cf_historical,0.5011894257770049
ssp585_percentage_change_cf_historical,0.5452810852913272
