Key,Value
historical,5753366.896630803
ssp126,5815272.265172327
ssp370,5810681.505110934
ssp585,5815820.956433872
historical_percentage_change_cf_historical,0.0
ssp126_percentage_change_cf_historical,1.075985064984746
ssp370_percentage_change_cf_historical,0.9961924818960345
ssp585_percentage_change_cf_historical,1.085521937417932
