Key,Value
historical,11332434.398145966
ssp126,11315742.92453472
ssp370,11330061.421958782
ssp585,11306479.052188205
historical_percentage_change_cf_historical,0.0
ssp126_percentage_change_cf_historical,-0.14728939100655716
ssp370_percentage_change_cf_historical,-0.02093968607109415
ssp585_percentage_change_cf_historical,-0.2290359250789754
