Key,Value
historical,11071398.138793219
ssp126,11061104.630267233
ssp370,11092489.010008346
ssp585,11086923.342673438
historical_percentage_change_cf_historical,0.0
ssp126_percentage_change_cf_historical,-0.09297388095834674
ssp370_percentage_change_cf_historical,0.19049871525464182
ssp585_percentage_change_cf_historical,0.14022803340275353
