Key,Value
historical,11518510.702835431
ssp126,11620768.837125322
ssp370,11648419.371183231
ssp585,11634801.250988852
historical_percentage_change_cf_historical,0.0
ssp126_percentage_change_cf_historical,0.8877721862490293
ssp370_percentage_change_cf_historical,1.127825217159554
ssp585_percentage_change_cf_historical,1.009597083803503
