Key,Value
historical,4541676.873618968
ssp126,4618082.536940221
ssp370,4634968.279515279
ssp585,4642381.183817187
historical_percentage_change_cf_historical,0.0
ssp126_percentage_change_cf_historical,1.682322750988011
ssp370_percentage_change_cf_historical,2.0541180822045964
ssp585_percentage_change_cf_historical,2.2173376266192792
