Key,Value
historical,11298935.687299117
ssp126,11306327.830360197
ssp370,11319302.510983495
ssp585,11310436.23876011
historical_percentage_change_cf_historical,0.0
ssp126_percentage_change_cf_historical,0.06542335725822768
ssp370_percentage_change_cf_historical,0.1802543553484554
ssp585_percentage_change_cf_historical,0.10178437845185771
