Key,Value
historical,11034591.166333497
ssp126,11021908.98793443
ssp370,11029573.701792065
ssp585,11046625.732431896
historical_percentage_change_cf_historical,0.0
ssp126_percentage_change_cf_historical,-0.11493111260669683
ssp370_percentage_change_cf_historical,-0.04547032568582862
ssp585_percentage_change_cf_historical,0.10906218379088556
