Key,Value
historical,11557766.10151706
ssp126,11543622.69394304
ssp370,11540841.088177163
ssp585,11597136.325818166
historical_percentage_change_cf_historical,0.0
ssp126_percentage_change_cf_historical,-0.12237146391259705
ssp370_percentage_change_cf_historical,-0.14643844832329717
ssp585_percentage_change_cf_historical,0.34063870089859033
