Key,Value
historical,4578470.719276422
ssp126,4597867.478265804
ssp370,4614435.8369390145
ssp585,4608010.98402223
historical_percentage_change_cf_historical,0.0
ssp126_percentage_change_cf_historical,0.42365148056353596
ssp370_percentage_change_cf_historical,0.7855268684185599
ssp585_percentage_change_cf_historical,0.6451993811260351
