Key,Value
historical,8232804.23233501
ssp126,8297357.943721307
ssp370,8383127.137593294
ssp585,8407236.493221365
historical_percentage_change_cf_historical,0.0
ssp126_percentage_change_cf_historical,0.7841035637985642
ssp370_percentage_change_cf_historical,1.8259016128171552
ssp585_percentage_change_cf_historical,2.1187466137146607
