Key,Value
historical,5777325.491919141
ssp126,5854773.95024299
ssp370,5832843.455869744
ssp585,5866121.802955575
historical_percentage_change_cf_historical,0.0
ssp126_percentage_change_cf_historical,1.3405590256629494
ssp370_percentage_change_cf_historical,0.9609630620302838
ssp585_percentage_change_cf_historical,1.536979544611692
