Key,Value
historical,11300018.189578122
ssp126,11307150.300973676
ssp370,11336703.421391863
ssp585,11353903.7700455
historical_percentage_change_cf_historical,0.0
ssp126_percentage_change_cf_historical,0.06311592845162393
ssp370_percentage_change_cf_historical,0.32464754656391814
ssp585_percentage_change_cf_historical,0.4768627763544379
