Key,Value
historical,5798071.14402084
ssp126,5834067.524706868
ssp370,5857795.761654746
ssp585,5872215.304499525
historical_percentage_change_cf_historical,0.0
ssp126_percentage_change_cf_historical,0.6208337185229178
ssp370_percentage_change_cf_historical,1.0300773507323409
ssp585_percentage_change_cf_historical,1.278772864923276
