Key,Value
historical,11304195.97755298
ssp126,11376309.428227944
ssp370,11459822.460526142
ssp585,11460693.525175754
historical_percentage_change_cf_historical,0.0
ssp126_percentage_change_cf_historical,0.63793524827561
ssp370_percentage_change_cf_historical,1.376714303982286
ssp585_percentage_change_cf_historical,1.3844199793911467
