Key,Value
historical,11087156.889671179
ssp126,11122831.471583301
ssp370,11139131.968988145
ssp585,11197805.02858656
historical_percentage_change_cf_historical,0.0
ssp126_percentage_change_cf_historical,0.3217649237502645
ssp370_percentage_change_cf_historical,0.46878636095955617
ssp585_percentage_change_cf_historical,0.9979847856077728
