Key,Value
historical,5782611.252322085
ssp126,5848284.394848545
ssp370,5908640.922675926
ssp585,5850889.296768554
historical_percentage_change_cf_historical,0.0
ssp126_percentage_change_cf_historical,1.1357004588556416
ssp370_percentage_change_cf_historical,2.1794595011593096
ssp585_percentage_change_cf_historical,1.1807476149991993
