Key,Value
historical,11297381.930491231
ssp126,11364264.667251544
ssp370,11348679.799713574
ssp585,11330795.537028234
historical_percentage_change_cf_historical,0.0
ssp126_percentage_change_cf_historical,0.5920197898222647
ssp370_percentage_change_cf_historical,0.4540686465055399
ssp585_percentage_change_cf_historical,0.29576415794902833
