Key,Value
historical,11357389.318713408
ssp126,11481753.93771059
ssp370,11471411.933012933
ssp585,11598766.139433041
historical_percentage_change_cf_historical,0.0
ssp126_percentage_change_cf_historical,1.0950106182612662
ssp370_percentage_change_cf_historical,1.0039509177663843
ssp585_percentage_change_cf_historical,2.1252843760662508
