Key,Value
historical,5526188.1812199075
ssp126,5572571.959760381
ssp370,5591729.658416264
ssp585,5607684.211090919
historical_percentage_change_cf_historical,0.0
ssp126_percentage_change_cf_historical,0.8393448977742592
ssp370_percentage_change_cf_historical,1.1860160212982105
ssp585_percentage_change_cf_historical,1.47472411721276
