Key,Value
historical,5503473.909120609
ssp126,5564891.743755449
ssp370,5582653.750288362
ssp585,5582352.782133037
historical_percentage_change_cf_historical,0.0
ssp126_percentage_change_cf_historical,1.1159830254315388
ssp370_percentage_change_cf_historical,1.4387247486815948
ssp585_percentage_change_cf_historical,1.4332560545386885
