Key,Value
historical,11281178.071261127
ssp126,11356877.023703925
ssp370,11377145.187919747
ssp585,11385366.69446052
historical_percentage_change_cf_historical,0.0
ssp126_percentage_change_cf_historical,0.6710199233149446
ssp370_percentage_change_cf_historical,0.8506834663225233
ssp585_percentage_change_cf_historical,0.9235615512959162
