Key,Value
historical,11347184.282151408
ssp126,11385310.188087488
ssp370,11389972.082843581
ssp585,11404837.511070006
historical_percentage_change_cf_historical,0.0
ssp126_percentage_change_cf_historical,0.33599441930320434
ssp370_percentage_change_cf_historical,0.3770785741047313
ssp585_percentage_change_cf_historical,0.5080840099625679
