Key,Value
historical,11276502.362752046
ssp126,11369520.19471215
ssp370,11362677.23446316
ssp585,11361095.806380862
historical_percentage_change_cf_historical,0.0
ssp126_percentage_change_cf_historical,0.8248819444880006
ssp370_percentage_change_cf_historical,0.7641985869285387
ssp585_percentage_change_cf_historical,0.7501744859136515
