Key,Value
historical,11015266.450677797
ssp126,11061049.665590383
ssp370,11122879.479185771
ssp585,11138283.889101025
historical_percentage_change_cf_historical,0.0
ssp126_percentage_change_cf_historical,0.4156342029272361
ssp370_percentage_change_cf_historical,0.9769443979392102
ssp585_percentage_change_cf_historical,1.116790401521862
