Key,Value
historical,11277248.923051678
ssp126,11309760.478212178
ssp370,11354943.075606551
ssp585,11365217.090700507
historical_percentage_change_cf_historical,0.0
ssp126_percentage_change_cf_historical,0.28829331854193324
ssp370_percentage_change_cf_historical,0.6889459750778381
ssp585_percentage_change_cf_historical,0.7800498884884498
