Key,Value
historical,11571229.020877838
ssp126,11659050.631656611
ssp370,11695904.066268887
ssp585,11676215.153103862
historical_percentage_change_cf_historical,0.0
ssp126_percentage_change_cf_historical,0.7589652803545558
ssp370_percentage_change_cf_historical,1.0774572447412412
ssp585_percentage_change_cf_historical,0.9073032089901474
