Key,Value
historical,8724645.748653132
ssp126,8797540.793948187
ssp370,8805982.510087937
ssp585,8822750.662925258
historical_percentage_change_cf_historical,0.0
ssp126_percentage_change_cf_historical,0.8355072216692266
ssp370_percentage_change_cf_historical,0.9322643437684677
ssp585_percentage_change_cf_historical,1.1244572799677368
