Key,Value
historical,11090147.9666836
ssp126,11199407.60544452
ssp370,11182542.776431812
ssp585,11163022.380347058
historical_percentage_change_cf_historical,0.0
ssp126_percentage_change_cf_historical,0.9851955004491579
ssp370_percentage_change_cf_historical,0.833125130753703
ssp585_percentage_change_cf_historical,0.6571094802556585
