Key,Value
historical,11230661.497718308
ssp126,11308512.171667103
ssp370,11361741.291416269
ssp585,11364755.818913078
historical_percentage_change_cf_historical,0.0
ssp126_percentage_change_cf_historical,0.6931975820356729
ssp370_percentage_change_cf_historical,1.1671600441754182
ssp585_percentage_change_cf_historical,1.1940019848520345
