Key,Value
historical,11045783.875751799
ssp126,11174797.46262199
ssp370,11181182.318204403
ssp585,11215611.174263354
historical_percentage_change_cf_historical,0.0
ssp126_percentage_change_cf_historical,1.1679894185998698
ssp370_percentage_change_cf_historical,1.2257929720120333
ssp585_percentage_change_cf_historical,1.5374852561108672
