Key,Value
historical,8767476.396270478
ssp126,8867467.347815555
ssp370,8933302.31840675
ssp585,8971604.776333058
historical_percentage_change_cf_historical,0.0
ssp126_percentage_change_cf_historical,1.1404758567426625
ssp370_percentage_change_cf_historical,1.8913757464669154
ssp585_percentage_change_cf_historical,2.328245561623782
