Key,Value
historical,11247190.838156786
ssp126,11381591.300226014
ssp370,11491345.719039118
ssp585,11543093.152584763
historical_percentage_change_cf_historical,0.0
ssp126_percentage_change_cf_historical,1.19496916166183
ssp370_percentage_change_cf_historical,2.1708076656263504
ssp585_percentage_change_cf_historical,2.6308997391963036
