Key,Value
historical,8268628.467649856
ssp126,8295652.4779083375
ssp370,8284676.956368527
ssp585,8322017.353931343
historical_percentage_change_cf_historical,0.0
ssp126_percentage_change_cf_historical,0.3268257893580592
ssp370_percentage_change_cf_historical,0.19408888404479363
ssp585_percentage_change_cf_historical,0.6456800724614241
