Key,Value
historical,11258361.711047549
ssp126,11299377.038151495
ssp370,11302517.33218008
ssp585,11315321.586045828
historical_percentage_change_cf_historical,0.0
ssp126_percentage_change_cf_historical,0.3643099072194407
ssp370_percentage_change_cf_historical,0.3922029000827133
ssp585_percentage_change_cf_historical,0.505933957890033
