Key,Value
historical,11506861.942375327
ssp126,11561127.175387613
ssp370,11581938.199414127
ssp585,11598943.685128603
historical_percentage_change_cf_historical,0.0
ssp126_percentage_change_cf_historical,0.47159019795352775
ssp370_percentage_change_cf_historical,0.6524477082872021
ssp585_percentage_change_cf_historical,0.8002333148203953
