Key,Value
historical,11325534.125485893
ssp126,11543964.270777978
ssp370,11544003.156170681
ssp585,11654544.05826933
historical_percentage_change_cf_historical,0.0
ssp126_percentage_change_cf_historical,1.9286520430021086
ssp370_percentage_change_cf_historical,1.9289953856848663
ssp585_percentage_change_cf_historical,2.9050279583994514
