Key,Value
historical,11296980.562849943
ssp126,11354305.53320745
ssp370,11392848.928767882
ssp585,11388867.828634366
historical_percentage_change_cf_historical,0.0
ssp126_percentage_change_cf_historical,0.507436213053427
ssp370_percentage_change_cf_historical,0.8486193756338953
ssp585_percentage_change_cf_historical,0.8133789845279061
