Key,Value
historical,11259591.071642468
ssp126,11343201.947915219
ssp370,11386450.907205995
ssp585,11403559.740236957
historical_percentage_change_cf_historical,0.0
ssp126_percentage_change_cf_historical,0.7425747146654986
ssp370_percentage_change_cf_historical,1.1266824412746814
ssp585_percentage_change_cf_historical,1.2786314145731028
