Key,Value
historical,8157408.056991875
ssp126,8273141.420544325
ssp370,8322404.423181932
ssp585,8355976.784635149
historical_percentage_change_cf_historical,0.0
ssp126_percentage_change_cf_historical,1.4187516763152832
ssp370_percentage_change_cf_historical,2.0226567683914696
ssp585_percentage_change_cf_historical,2.434213493501488
