Key,Value
historical,5523321.0749419555
ssp126,5592343.82992555
ssp370,5593023.599024592
ssp585,5592769.739812443
historical_percentage_change_cf_historical,0.0
ssp126_percentage_change_cf_historical,1.249660377281616
ssp370_percentage_change_cf_historical,1.2619676302878873
ssp585_percentage_change_cf_historical,1.2573714967532892
