Key,Value
historical,8724139.11694986
ssp126,8799345.443108618
ssp370,8793562.453946156
ssp585,8795398.904951947
historical_percentage_change_cf_historical,0.0
ssp126_percentage_change_cf_historical,0.8620486806846329
ssp370_percentage_change_cf_historical,0.7957614621414733
ssp585_percentage_change_cf_historical,0.8168116882001385
