Key,Value
historical,11258075.842403397
ssp126,11370409.213665992
ssp370,11420266.48441311
ssp585,11475622.437213887
historical_percentage_change_cf_historical,0.0
ssp126_percentage_change_cf_historical,0.9978025804329091
ssp370_percentage_change_cf_historical,1.4406604137345016
ssp585_percentage_change_cf_historical,1.9323603594062062
