Key,Value
historical,10678148.287288833
ssp126,10763870.506123457
ssp370,10763443.83112312
ssp585,10754473.364251466
historical_percentage_change_cf_historical,0.0
ssp126_percentage_change_cf_historical,0.8027816858159444
ssp370_percentage_change_cf_historical,0.7987859087499358
ssp585_percentage_change_cf_historical,0.7147782078798223
