Key,Value
historical,5543488.875777134
ssp126,5573260.670947405
ssp370,5576429.186126482
ssp585,5604876.881847063
historical_percentage_change_cf_historical,0.0
ssp126_percentage_change_cf_historical,0.5370588060591567
ssp370_percentage_change_cf_historical,0.5942162253321046
ssp585_percentage_change_cf_historical,1.1073893615656158
