Key,Value
historical,11279550.479889873
ssp126,11352081.26285534
ssp370,11383113.925611624
ssp585,11379575.182512634
historical_percentage_change_cf_historical,0.0
ssp126_percentage_change_cf_historical,0.6430290204807393
ssp370_percentage_change_cf_historical,0.9181522429142249
ssp585_percentage_change_cf_historical,0.8867791566790937
