Key,Value
historical,11328988.461632377
ssp126,11404188.39181394
ssp370,11415878.02184886
ssp585,11412736.5518592
historical_percentage_change_cf_historical,0.0
ssp126_percentage_change_cf_historical,0.6637832709975896
ssp370_percentage_change_cf_historical,0.7669666229315141
ssp585_percentage_change_cf_historical,0.7392371394008493
