Key,Value
historical,10915201.615683287
ssp126,10921705.898450933
ssp370,11026081.229386065
ssp585,11005979.334112972
historical_percentage_change_cf_historical,0.0
ssp126_percentage_change_cf_historical,0.05958921325191527
ssp370_percentage_change_cf_historical,1.0158274451244458
ssp585_percentage_change_cf_historical,0.8316632310231677
