Key,Value
historical,4541676.685889866
ssp126,4599117.4327761885
ssp370,4613058.2539287
ssp585,4641004.566603832
historical_percentage_change_cf_historical,0.0
ssp126_percentage_change_cf_historical,1.2647476000389868
ssp370_percentage_change_cf_historical,1.5717007831183436
ssp585_percentage_change_cf_historical,2.1870310808904287
