Key,Value
historical,11305696.300437542
ssp126,11387452.974530317
ssp370,11416425.753779504
ssp585,11458661.778377084
historical_percentage_change_cf_historical,0.0
ssp126_percentage_change_cf_historical,0.7231458542682696
ssp370_percentage_change_cf_historical,0.9794129472386184
ssp585_percentage_change_cf_historical,1.3529947548088874
