Key,Value
historical,11399760.40089861
ssp126,11535673.295006769
ssp370,11582169.622960538
ssp585,11610054.27188232
historical_percentage_change_cf_historical,0.0
ssp126_percentage_change_cf_historical,1.1922434273043656
ssp370_percentage_change_cf_historical,1.6001145256311669
ssp585_percentage_change_cf_historical,1.8447218501814622
