Key,Value
historical,11298620.896199435
ssp126,11348004.904671725
ssp370,11383418.969147429
ssp585,11399974.448235974
historical_percentage_change_cf_historical,0.0
ssp126_percentage_change_cf_historical,0.43707996689136985
ssp370_percentage_change_cf_historical,0.7505170208562159
ssp585_percentage_change_cf_historical,0.8970435681281372
