Key,Value
historical,10639336.817941047
ssp126,10697450.24695477
ssp370,10705694.820753543
ssp585,10723964.576324856
historical_percentage_change_cf_historical,0.0
ssp126_percentage_change_cf_historical,0.5462128890940571
ssp370_percentage_change_cf_historical,0.6237043149211742
ssp585_percentage_change_cf_historical,0.7954232470683831
