Key,Value
historical,11169547.14718381
ssp126,11258238.414613023
ssp370,11240122.833247803
ssp585,11231941.526828278
historical_percentage_change_cf_historical,0.0
ssp126_percentage_change_cf_historical,0.7940453293272127
ssp370_percentage_change_cf_historical,0.6318580792399273
ssp585_percentage_change_cf_historical,0.5586115428162188
