Key,Value
historical,5524229.959224621
ssp126,5565079.365623955
ssp370,5588963.234037873
ssp585,5582152.3622551905
historical_percentage_change_cf_historical,0.0
ssp126_percentage_change_cf_historical,0.7394588331921551
ssp370_percentage_change_cf_historical,1.1718063022549923
ssp585_percentage_change_cf_historical,1.0485154213004493
