Key,Value
historical,11128691.465109468
ssp126,11158836.875312261
ssp370,11143416.765506458
ssp585,11138605.289437104
historical_percentage_change_cf_historical,0.0
ssp126_percentage_change_cf_historical,0.27088009670593605
ssp370_percentage_change_cf_historical,0.132318345271379
ssp585_percentage_change_cf_historical,0.08908346824708194
