Key,Value
historical,11559792.316582765
ssp126,11625110.09523836
ssp370,11631014.26560445
ssp585,11593893.304972617
historical_percentage_change_cf_historical,0.0
ssp126_percentage_change_cf_historical,0.565042838718603
ssp370_percentage_change_cf_historical,0.6161178944323646
ssp585_percentage_change_cf_historical,0.2949965488647485
