Key,Value
historical,11308603.73950321
ssp126,11447759.783253118
ssp370,11420825.407396486
ssp585,11363776.461151246
historical_percentage_change_cf_historical,0.0
ssp126_percentage_change_cf_historical,1.2305324950401095
ssp370_percentage_change_cf_historical,0.99235653205588
ssp585_percentage_change_cf_historical,0.4878827034614914
