Key,Value
historical,5525459.989239604
ssp126,5560612.932833794
ssp370,5572428.667081161
ssp585,5584294.790932688
historical_percentage_change_cf_historical,0.0
ssp126_percentage_change_cf_historical,0.6361994053462867
ssp370_percentage_change_cf_historical,0.8500410451442046
ssp585_percentage_change_cf_historical,1.0647946380511275
