Key,Value
historical,5505912.917847345
ssp126,5545489.628411593
ssp370,5556774.800296165
ssp585,5567060.344880232
historical_percentage_change_cf_historical,0.0
ssp126_percentage_change_cf_historical,0.7188037870334069
ssp370_percentage_change_cf_historical,0.923768377882481
ssp585_percentage_change_cf_historical,1.1105774454710031
