Key,Value
historical,8166581.193412795
ssp126,8211755.869543598
ssp370,8210782.611129925
ssp585,8220053.441169914
historical_percentage_change_cf_historical,0.0
ssp126_percentage_change_cf_historical,0.553165089049031
ssp370_percentage_change_cf_historical,0.5412475143550034
ssp585_percentage_change_cf_historical,0.6547690703210066
