Key,Value
historical,11238336.017855953
ssp126,11325542.890566994
ssp370,11378801.963367337
ssp585,11374013.393944718
historical_percentage_change_cf_historical,0.0
ssp126_percentage_change_cf_historical,0.7759767333213924
ssp370_percentage_change_cf_historical,1.249882058057399
ssp585_percentage_change_cf_historical,1.2072728193319229
