Key,Value
historical,11212004.21342496
ssp126,11286445.814711798
ssp370,11291760.073237173
ssp585,11291249.765884
historical_percentage_change_cf_historical,0.0
ssp126_percentage_change_cf_historical,0.6639455343559665
ssp370_percentage_change_cf_historical,0.7113434698563128
ssp585_percentage_change_cf_historical,0.7067920324553045
