Key,Value
historical,11310367.657083046
ssp126,11402860.86698769
ssp370,11487637.864221467
ssp585,11471752.793689672
historical_percentage_change_cf_historical,0.0
ssp126_percentage_change_cf_historical,0.8177736808292112
ssp370_percentage_change_cf_historical,1.5673248873338497
ssp585_percentage_change_cf_historical,1.4268779008749535
