Key,Value
historical,11318792.73957299
ssp126,11366992.043833833
ssp370,11387258.247342007
ssp585,11371214.048891611
historical_percentage_change_cf_historical,0.0
ssp126_percentage_change_cf_historical,0.42583432146722794
ssp370_percentage_change_cf_historical,0.6048834831089898
ssp585_percentage_change_cf_historical,0.46313516401218546
