Key,Value
historical,11330232.251174036
ssp126,11398003.77435328
ssp370,11437148.543101158
ssp585,11431789.859860972
historical_percentage_change_cf_historical,0.0
ssp126_percentage_change_cf_historical,0.5981476961535521
ssp370_percentage_change_cf_historical,0.9436372490602999
ssp585_percentage_change_cf_historical,0.8963418086722077
