Key,Value
historical,11307742.457087032
ssp126,11343849.183892284
ssp370,11337514.614758201
ssp585,11357007.909694191
historical_percentage_change_cf_historical,0.0
ssp126_percentage_change_cf_historical,0.3193097733015798
ssp370_percentage_change_cf_historical,0.2632900226031324
ssp585_percentage_change_cf_historical,0.4356789411690382
