Key,Value
historical,11038624.888321891
ssp126,11123633.431382043
ssp370,11107909.078876277
ssp585,11151130.681158248
historical_percentage_change_cf_historical,0.0
ssp126_percentage_change_cf_historical,0.7701008406408036
ssp370_percentage_change_cf_historical,0.6276523684366151
ssp585_percentage_change_cf_historical,1.0192011593344414
