Key,Value
historical,11344699.292156668
ssp126,11365083.614375843
ssp370,11374690.068717841
ssp585,11376182.142035516
historical_percentage_change_cf_historical,0.0
ssp126_percentage_change_cf_historical,0.17968146791927195
ssp370_percentage_change_cf_historical,0.2643593786739439
ssp585_percentage_change_cf_historical,0.2775115414527889
