Key,Value
historical,11355998.941026125
ssp126,11442639.089469422
ssp370,11469455.389890676
ssp585,11511746.206409082
historical_percentage_change_cf_historical,0.0
ssp126_percentage_change_cf_historical,0.7629460771635804
ssp370_percentage_change_cf_historical,0.9990882304036158
ssp585_percentage_change_cf_historical,1.3714977096403589
