Key,Value
historical,11395437.368011467
ssp126,11551233.756097417
ssp370,11531812.185118992
ssp585,11524441.444523133
historical_percentage_change_cf_historical,0.0
ssp126_percentage_change_cf_historical,1.3671821717285875
ssp370_percentage_change_cf_historical,1.196749301526129
ssp585_percentage_change_cf_historical,1.1320677947280728
