Key,Value
historical,10794707.015838405
ssp126,10889033.649903234
ssp370,10907126.096361367
ssp585,10935706.62610365
historical_percentage_change_cf_historical,0.0
ssp126_percentage_change_cf_historical,0.873823012763842
ssp370_percentage_change_cf_historical,1.0414278067761946
ssp585_percentage_change_cf_historical,1.3061921000576084
