Key,Value
historical,5793225.619841196
ssp126,5821621.3249735385
ssp370,5829311.055511825
ssp585,5855179.235147528
historical_percentage_change_cf_historical,0.0
ssp126_percentage_change_cf_historical,0.49015362072366964
ssp370_percentage_change_cf_historical,0.6228902176197019
ssp585_percentage_change_cf_historical,1.0694148540348232
