Key,Value
historical,11283191.057089843
ssp126,11322064.857570466
ssp370,11360800.515833655
ssp585,11357853.789860409
historical_percentage_change_cf_historical,0.0
ssp126_percentage_change_cf_historical,0.344528425371263
ssp370_percentage_change_cf_historical,0.6878325320481591
ssp585_percentage_change_cf_historical,0.6617164629473437
