Key,Value
historical,11252339.76746926
ssp126,11282727.340723705
ssp370,11309705.131549248
ssp585,11283385.335396294
historical_percentage_change_cf_historical,0.0
ssp126_percentage_change_cf_historical,0.27005559627958253
ssp370_percentage_change_cf_historical,0.5098083177850001
ssp585_percentage_change_cf_historical,0.27590322162850134
