Key,Value
historical,11292646.911664566
ssp126,11364783.417505063
ssp370,11400314.891186498
ssp585,11409799.36527634
historical_percentage_change_cf_historical,0.0
ssp126_percentage_change_cf_historical,0.6387918298055064
ssp370_percentage_change_cf_historical,0.9534343928766434
ssp585_percentage_change_cf_historical,1.0374224442523174
