Key,Value
historical,11072303.737367388
ssp126,11061430.969363663
ssp370,11042119.926043414
ssp585,11080116.612008255
historical_percentage_change_cf_historical,0.0
ssp126_percentage_change_cf_historical,-0.09819788421293511
ssp370_percentage_change_cf_historical,-0.27260642446168076
ssp585_percentage_change_cf_historical,0.07056232222477621
