Key,Value
historical,5751575.3828202635
ssp126,5828005.852731984
ssp370,5828790.487311636
ssp585,5858468.030178191
historical_percentage_change_cf_historical,0.0
ssp126_percentage_change_cf_historical,1.3288614827168137
ssp370_percentage_change_cf_historical,1.3425035638411549
ssp585_percentage_change_cf_historical,1.8584933734366396
