Key,Value
historical,8407449.30027574
ssp126,8490845.032730363
ssp370,8516564.437000787
ssp585,8511629.727691203
historical_percentage_change_cf_historical,0.0
ssp126_percentage_change_cf_historical,0.991926676880334
ssp370_percentage_change_cf_historical,1.2978387716411082
ssp585_percentage_change_cf_historical,1.2391442837728117
