Key,Value
historical,5762454.6719970545
ssp126,5794514.339203025
ssp370,5823984.880144827
ssp585,5834043.400337097
historical_percentage_change_cf_historical,0.0
ssp126_percentage_change_cf_historical,0.5563543495060593
ssp370_percentage_change_cf_historical,1.0677777379626396
ssp585_percentage_change_cf_historical,1.2423304375465523
