Key,Value
historical,11403988.940017221
ssp126,11475788.368461031
ssp370,11486969.470817171
ssp585,11473963.52640483
historical_percentage_change_cf_historical,0.0
ssp126_percentage_change_cf_historical,0.6295992465571573
ssp370_percentage_change_cf_historical,0.7276447849643761
ssp585_percentage_change_cf_historical,0.6135974592369478
