Key,Value
historical,11521164.136103217
ssp126,11619746.124160009
ssp370,11653968.63026007
ssp585,11660663.061409011
historical_percentage_change_cf_historical,0.0
ssp126_percentage_change_cf_historical,0.8556599566867655
ssp370_percentage_change_cf_historical,1.1527003051774285
ssp585_percentage_change_cf_historical,1.2108058149146153
