Key,Value
historical,11577983.515346363
ssp126,11664149.012917599
ssp370,11688100.341510821
ssp585,11709188.09964462
historical_percentage_change_cf_historical,0.0
ssp126_percentage_change_cf_historical,0.7442185200646126
ssp370_percentage_change_cf_historical,0.9510881235795552
ssp585_percentage_change_cf_historical,1.1332248324965049
