Key,Value
historical,8760332.040918482
ssp126,8916560.808968322
ssp370,8945718.963037655
ssp585,8976877.35446326
historical_percentage_change_cf_historical,0.0
ssp126_percentage_change_cf_historical,1.7833658281457103
ssp370_percentage_change_cf_historical,2.1162088520532296
ssp585_percentage_change_cf_historical,2.4718847702726383
