Key,Value
historical,11497230.581190828
ssp126,11612284.756579531
ssp370,11559367.581892956
ssp585,11611417.930892203
historical_percentage_change_cf_historical,0.0
ssp126_percentage_change_cf_historical,1.0007120808460497
ssp370_percentage_change_cf_historical,0.5404518963356475
ssp585_percentage_change_cf_historical,0.9931726505353587
