Key,Value
historical,11324411.074468171
ssp126,11399640.203057088
ssp370,11420614.006339798
ssp585,11401352.365170006
historical_percentage_change_cf_historical,0.0
ssp126_percentage_change_cf_historical,0.6643094117143723
ssp370_percentage_change_cf_historical,0.8495181889725291
ssp585_percentage_change_cf_historical,0.6794286272008002
