Key,Value
historical,5793594.528366276
ssp126,5852922.596879011
ssp370,5872837.48926502
ssp585,5893979.086788005
historical_percentage_change_cf_historical,0.0
ssp126_percentage_change_cf_historical,1.0240286616927738
ssp370_percentage_change_cf_historical,1.3677684986541423
ssp585_percentage_change_cf_historical,1.7326818079903907
