Key,Value
historical,8724139.11694986
ssp126,8803405.228484204
ssp370,8806699.522530658
ssp585,8843138.772240775
historical_percentage_change_cf_historical,0.0
ssp126_percentage_change_cf_historical,0.9085837636442587
ssp370_percentage_change_cf_historical,0.9463444412571792
ssp585_percentage_change_cf_historical,1.3640274839234734
