Key,Value
historical,11312274.840124585
ssp126,11414208.690532118
ssp370,11495971.965574836
ssp585,11515139.167320013
historical_percentage_change_cf_historical,0.0
ssp126_percentage_change_cf_historical,0.9010906457644972
ssp370_percentage_change_cf_historical,1.6238743139326741
ssp585_percentage_change_cf_historical,1.793311513930598
