Key,Value
historical,5799319.595101142
ssp126,5847953.954864202
ssp370,5843552.671440862
ssp585,5874312.516962303
historical_percentage_change_cf_historical,0.0
ssp126_percentage_change_cf_historical,0.8386218239143546
ssp370_percentage_change_cf_historical,0.7627287238503774
ssp585_percentage_change_cf_historical,1.2931331103826267
