Key,Value
historical,11021611.380925536
ssp126,11079473.101300374
ssp370,11077534.051463546
ssp585,11091520.172193417
historical_percentage_change_cf_historical,0.0
ssp126_percentage_change_cf_historical,0.5249842185052491
ssp370_percentage_change_cf_historical,0.5073910574890365
ssp585_percentage_change_cf_historical,0.6342882982507282
