Key,Value
historical,11319239.089733671
ssp126,11375768.750289153
ssp370,11397216.68842396
ssp585,11412113.391758341
historical_percentage_change_cf_historical,0.0
ssp126_percentage_change_cf_historical,0.4994121964148033
ssp370_percentage_change_cf_historical,0.6888943512202362
ssp585_percentage_change_cf_historical,0.8204995166937071
