Key,Value
historical,5758919.217481902
ssp126,5797104.302718017
ssp370,5804527.46368235
ssp585,5796991.521041065
historical_percentage_change_cf_historical,0.0
ssp126_percentage_change_cf_historical,0.6630599213859416
ssp370_percentage_change_cf_historical,0.7919584296650404
ssp585_percentage_change_cf_historical,0.6611015386982764
