Key,Value
historical,11308701.815317908
ssp126,11393051.803985085
ssp370,11432040.366846852
ssp585,11426815.579619914
historical_percentage_change_cf_historical,0.0
ssp126_percentage_change_cf_historical,0.7458856909015228
ssp370_percentage_change_cf_historical,1.0906517259291306
ssp585_percentage_change_cf_historical,1.0444502492940264
