Key,Value
historical,11299001.668131607
ssp126,11361317.297343912
ssp370,11361412.684629558
ssp585,11306521.774957046
historical_percentage_change_cf_historical,0.0
ssp126_percentage_change_cf_historical,0.5515144704161231
ssp370_percentage_change_cf_historical,0.5523586802715397
ssp585_percentage_change_cf_historical,0.06655549796624446
