Key,Value
historical,5750138.329056241
ssp126,5802797.774430783
ssp370,5793932.992231619
ssp585,5796749.515007831
historical_percentage_change_cf_historical,0.0
ssp126_percentage_change_cf_historical,0.915794409822237
ssp370_percentage_change_cf_historical,0.7616279934358715
ssp585_percentage_change_cf_historical,0.810609819872642
