Key,Value
historical,11333941.203828879
ssp126,11401480.988430396
ssp370,11401094.872433437
ssp585,11391560.664441727
historical_percentage_change_cf_historical,0.0
ssp126_percentage_change_cf_historical,0.5959073140303609
ssp370_percentage_change_cf_historical,0.5925005908965912
ssp585_percentage_change_cf_historical,0.5083797381389552
