Key,Value
historical,11529892.951043844
ssp126,11595317.18671659
ssp370,11613004.266225137
ssp585,11624763.553972498
historical_percentage_change_cf_historical,0.0
ssp126_percentage_change_cf_historical,0.5674314232624575
ssp370_percentage_change_cf_historical,0.720833363624319
ssp585_percentage_change_cf_historical,0.8228229293322656
