Key,Value
historical,9096423.43639396
ssp126,9179418.165813247
ssp370,9246754.254667882
ssp585,9237667.158242755
historical_percentage_change_cf_historical,0.0
ssp126_percentage_change_cf_historical,0.9123885887637219
ssp370_percentage_change_cf_historical,1.6526365480356
ssp585_percentage_change_cf_historical,1.5527390829641017
