Key,Value
historical,11259541.049836945
ssp126,11310872.492676634
ssp370,11321285.006104073
ssp585,11319452.39103281
historical_percentage_change_cf_historical,0.0
ssp126_percentage_change_cf_historical,0.4558928522262718
ssp370_percentage_change_cf_historical,0.5483700978027156
ssp585_percentage_change_cf_historical,0.5320939897166787
