Key,Value
historical,5793902.837835601
ssp126,5819804.19722832
ssp370,5863295.818605311
ssp585,5869228.5690871775
historical_percentage_change_cf_historical,0.0
ssp126_percentage_change_cf_historical,0.4470451113466581
ssp370_percentage_change_cf_historical,1.1976897561442954
ssp585_percentage_change_cf_historical,1.3000862002669684
