Key,Value
historical,8727993.324666806
ssp126,8778055.070903938
ssp370,8806070.582349045
ssp585,8808137.899623737
historical_percentage_change_cf_historical,0.0
ssp126_percentage_change_cf_historical,0.5735768162843299
ssp370_percentage_change_cf_historical,0.8945613817276867
ssp585_percentage_change_cf_historical,0.9182474364460026
