Key,Value
historical,11336077.664926901
ssp126,11335497.87884992
ssp370,11337180.051531436
ssp585,11357222.133595582
historical_percentage_change_cf_historical,0.0
ssp126_percentage_change_cf_historical,-0.005114521037337238
ssp370_percentage_change_cf_historical,0.009724585849876238
ssp585_percentage_change_cf_historical,0.18652367506355633
