Key,Value
historical,11383641.733670559
ssp126,11476542.785178887
ssp370,11533066.561971432
ssp585,11519001.267576396
historical_percentage_change_cf_historical,0.0
ssp126_percentage_change_cf_historical,0.8160925447393959
ssp370_percentage_change_cf_historical,1.3126276440948044
ssp585_percentage_change_cf_historical,1.1890705722534378
