Key,Value
historical,5541658.5319361985
ssp126,5588097.674143277
ssp370,5608702.677421827
ssp585,5638781.571786061
historical_percentage_change_cf_historical,0.0
ssp126_percentage_change_cf_historical,0.8380007887431722
ssp370_percentage_change_cf_historical,1.2098209425798716
ssp585_percentage_change_cf_historical,1.7525987804941252
