Key,Value
historical,11280361.236607073
ssp126,11370170.922130875
ssp370,11364146.060624504
ssp585,11355247.556807023
historical_percentage_change_cf_historical,0.0
ssp126_percentage_change_cf_historical,0.7961596587204288
ssp370_percentage_change_cf_historical,0.742749476369008
ssp585_percentage_change_cf_historical,0.6638645574303799
