Key,Value
historical,10997178.826487727
ssp126,11009843.956697915
ssp370,11027870.865380706
ssp585,11006374.961766448
historical_percentage_change_cf_historical,0.0
ssp126_percentage_change_cf_historical,0.11516708430422302
ssp370_percentage_change_cf_historical,0.2790901137212953
ssp585_percentage_change_cf_historical,0.08362267654110218
