Key,Value
historical,11537111.391835019
ssp126,11639513.52313979
ssp370,11703034.914044678
ssp585,11728606.830088025
historical_percentage_change_cf_historical,0.0
ssp126_percentage_change_cf_historical,0.8875889971665021
ssp370_percentage_change_cf_historical,1.4381721435669392
ssp585_percentage_change_cf_historical,1.659821351716601
