Key,Value
historical,5783191.082859144
ssp126,5895718.854718186
ssp370,5975221.819371512
ssp585,5991628.263275897
historical_percentage_change_cf_historical,0.0
ssp126_percentage_change_cf_historical,1.9457730212747857
ssp370_percentage_change_cf_historical,3.320497866334217
ssp585_percentage_change_cf_historical,3.604189753206366
