Key,Value
historical,11203939.726181382
ssp126,11283466.928904932
ssp370,11291145.422050703
ssp585,11294864.56177032
historical_percentage_change_cf_historical,0.0
ssp126_percentage_change_cf_historical,0.7098146247405313
ssp370_percentage_change_cf_historical,0.778348491696529
ssp585_percentage_change_cf_historical,0.8115434196460762
