Key,Value
historical,11569249.905052423
ssp126,11615237.454328516
ssp370,11598427.170025859
ssp585,11620591.090876156
historical_percentage_change_cf_historical,0.0
ssp126_percentage_change_cf_historical,0.397498106216979
ssp370_percentage_change_cf_historical,0.2521966870185206
ssp585_percentage_change_cf_historical,0.4437728136662663
