Key,Value
historical,11086390.876832422
ssp126,11131597.327028163
ssp370,11140897.25623909
ssp585,11118091.928799454
historical_percentage_change_cf_historical,0.0
ssp126_percentage_change_cf_historical,0.4077652565020979
ssp370_percentage_change_cf_historical,0.49165125072914334
ssp585_percentage_change_cf_historical,0.2859456456048193
