Key,Value
historical,11348058.296840854
ssp126,11362877.906986363
ssp370,11366986.86319273
ssp585,11364726.023847276
historical_percentage_change_cf_historical,0.0
ssp126_percentage_change_cf_historical,0.13059159336214216
ssp370_percentage_change_cf_historical,0.1668000450539201
ssp585_percentage_change_cf_historical,0.14687734738781194
