Key,Value
historical,11062288.877779197
ssp126,11097857.4223928
ssp370,11116941.71930974
ssp585,11177912.292343056
historical_percentage_change_cf_historical,0.0
ssp126_percentage_change_cf_historical,0.32152970336048614
ssp370_percentage_change_cf_historical,0.4940464142129203
ssp585_percentage_change_cf_historical,1.04520335566459
