Key,Value
historical,11232573.552804977
ssp126,11307469.918192148
ssp370,11293500.696755474
ssp585,11306577.38441424
historical_percentage_change_cf_historical,0.0
ssp126_percentage_change_cf_historical,0.6667783214156522
ssp370_percentage_change_cf_historical,0.5424148229617701
ssp585_percentage_change_cf_historical,0.6588323794308378
