Key,Value
historical,4569167.449313178
ssp126,4606876.794205415
ssp370,4632731.177130803
ssp585,4640511.53485845
historical_percentage_change_cf_historical,0.0
ssp126_percentage_change_cf_historical,0.8253001298498195
ssp370_percentage_change_cf_historical,1.3911446346134568
ssp585_percentage_change_cf_historical,1.561424183655094
