Key,Value
historical,11298549.566119408
ssp126,11346940.205917343
ssp370,11345010.081924478
ssp585,11356701.137008678
historical_percentage_change_cf_historical,0.0
ssp126_percentage_change_cf_historical,0.42829072452841815
ssp370_percentage_change_cf_historical,0.4112077885146337
ssp585_percentage_change_cf_historical,0.5146817345798717
