Key,Value
historical,11026871.740947353
ssp126,11081102.415509738
ssp370,11086251.798195167
ssp585,11110518.072719285
historical_percentage_change_cf_historical,0.0
ssp126_percentage_change_cf_historical,0.4918047097709888
ssp370_percentage_change_cf_historical,0.5385032005705751
ssp585_percentage_change_cf_historical,0.7585681028765301
