Key,Value
historical,11047785.16151102
ssp126,11137686.125938274
ssp370,11087432.53825312
ssp585,11101664.778271839
historical_percentage_change_cf_historical,0.0
ssp126_percentage_change_cf_historical,0.8137464940978031
ssp370_percentage_change_cf_historical,0.35887172100544223
ssp585_percentage_change_cf_historical,0.4876960944943746
