Key,Value
historical,5768332.968764847
ssp126,5871194.015874328
ssp370,5874757.9336254075
ssp585,5890123.3297060635
historical_percentage_change_cf_historical,0.0
ssp126_percentage_change_cf_historical,1.7832023162752033
ssp370_percentage_change_cf_historical,1.8449865054053698
ssp585_percentage_change_cf_historical,2.1113614904115856
