Key,Value
historical,5543485.511373709
ssp126,5602549.779185621
ssp370,5643265.102948441
ssp585,5655159.146342993
historical_percentage_change_cf_historical,0.0
ssp126_percentage_change_cf_historical,1.0654716728442506
ssp370_percentage_change_cf_historical,1.799943219297893
ssp585_percentage_change_cf_historical,2.0145021528451768
