Key,Value
historical,11286898.525134815
ssp126,11296896.474679634
ssp370,11298775.271275355
ssp585,11297610.27205131
historical_percentage_change_cf_historical,0.0
ssp126_percentage_change_cf_historical,0.08858013140239207
ssp370_percentage_change_cf_historical,0.10522594948551454
ssp585_percentage_change_cf_historical,0.09490425463329236
