Key,Value
historical,5525471.860781062
ssp126,5564549.659115924
ssp370,5569930.811494453
ssp585,5614378.460559796
historical_percentage_change_cf_historical,0.0
ssp126_percentage_change_cf_historical,0.7072300668514718
ssp370_percentage_change_cf_historical,0.8046181725936057
ssp585_percentage_change_cf_historical,1.6090318079398505
