Key,Value
historical,11084569.151798062
ssp126,11136559.624499245
ssp370,11144116.019654661
ssp585,11099048.732194435
historical_percentage_change_cf_historical,0.0
ssp126_percentage_change_cf_historical,0.4690346732398621
ssp370_percentage_change_cf_historical,0.5372050734776652
ssp585_percentage_change_cf_historical,0.1306282652765448
