Key,Value
historical,11230081.621351685
ssp126,11276702.175600875
ssp370,11295594.81548638
ssp585,11313642.04770445
historical_percentage_change_cf_historical,0.0
ssp126_percentage_change_cf_historical,0.41513994128547044
ssp370_percentage_change_cf_historical,0.5833723773666579
ssp585_percentage_change_cf_historical,0.7440767500201645
