Key,Value
historical,5523315.392608441
ssp126,5561665.786471434
ssp370,5573200.2822235
ssp585,5581040.619416955
historical_percentage_change_cf_historical,0.0
ssp126_percentage_change_cf_historical,0.6943364833794357
ssp370_percentage_change_cf_historical,0.9031693117111723
ssp585_percentage_change_cf_historical,1.0451191486505391
