Key,Value
historical,5011125.216634627
ssp126,5069843.252025166
ssp370,5117205.80374577
ssp585,5117455.720672013
historical_percentage_change_cf_historical,0.0
ssp126_percentage_change_cf_historical,1.1717535054925656
ssp370_percentage_change_cf_historical,2.1169015445673516
ssp585_percentage_change_cf_historical,2.1218887862633626
