Key,Value
historical,11548577.6619215
ssp126,11631523.50333685
ssp370,11634918.46993695
ssp585,11663996.48662089
historical_percentage_change_cf_historical,0.0
ssp126_percentage_change_cf_historical,0.7182342609068135
ssp370_percentage_change_cf_historical,0.7476315312849107
ssp585_percentage_change_cf_historical,0.9994202583055308
