Key,Value
historical,11331340.63593866
ssp126,11377457.0015169
ssp370,11392748.11501686
ssp585,11393506.293469701
historical_percentage_change_cf_historical,0.0
ssp126_percentage_change_cf_historical,0.4069806659238218
ssp370_percentage_change_cf_historical,0.5419259825570917
ssp585_percentage_change_cf_historical,0.5486169688860651
