Key,Value
historical,5516487.708074928
ssp126,5593042.631894558
ssp370,5602367.490914283
ssp585,5622168.958419388
historical_percentage_change_cf_historical,0.0
ssp126_percentage_change_cf_historical,1.3877475645884219
ssp370_percentage_change_cf_historical,1.5567837251526164
ssp585_percentage_change_cf_historical,1.9157343573840604
