Key,Value
historical,10636183.728161994
ssp126,10683747.154806685
ssp370,10724852.601405583
ssp585,10721972.417337032
historical_percentage_change_cf_historical,0.0
ssp126_percentage_change_cf_historical,0.4471850793509151
ssp370_percentage_change_cf_historical,0.8336530799934907
ssp585_percentage_change_cf_historical,0.8065739683293582
