Key,Value
historical,11327092.974256657
ssp126,11423584.927482175
ssp370,11548859.140568424
ssp585,11536716.705932448
historical_percentage_change_cf_historical,0.0
ssp126_percentage_change_cf_historical,0.8518686431268562
ssp370_percentage_change_cf_historical,1.9578383157600983
ssp585_percentage_change_cf_historical,1.850640161179989
