Key,Value
historical,11263915.205414712
ssp126,11281009.514354616
ssp370,11300843.96423366
ssp585,11310597.083198048
historical_percentage_change_cf_historical,0.0
ssp126_percentage_change_cf_historical,0.15176169767050907
ssp370_percentage_change_cf_historical,0.3278501137969739
ssp585_percentage_change_cf_historical,0.41443740415317715
