Key,Value
historical,11290002.062565397
ssp126,11429448.259732291
ssp370,11553563.424241789
ssp585,11508108.533688448
historical_percentage_change_cf_historical,0.0
ssp126_percentage_change_cf_historical,1.2351299529807849
ssp370_percentage_change_cf_historical,2.334466904574709
ssp585_percentage_change_cf_historical,1.931855015742053
