Key,Value
historical,10951484.540015537
ssp126,10991189.142021688
ssp370,11021186.110268809
ssp585,11063347.981676552
historical_percentage_change_cf_historical,0.0
ssp126_percentage_change_cf_historical,0.3625499525755992
ssp370_percentage_change_cf_historical,0.6364577331830186
ssp585_percentage_change_cf_historical,1.0214454602230252
