Key,Value
historical,4813355.46754734
ssp126,4871848.140878585
ssp370,4892829.32504491
ssp585,4897112.09978326
historical_percentage_change_cf_historical,0.0
ssp126_percentage_change_cf_historical,1.2152161569120503
ssp370_percentage_change_cf_historical,1.6511113304097245
ssp585_percentage_change_cf_historical,1.7400882357562197
