Key,Value
historical,11304539.51631349
ssp126,11343243.48251195
ssp370,11350468.799335958
ssp585,11366417.506429272
historical_percentage_change_cf_historical,0.0
ssp126_percentage_change_cf_historical,0.34237543371499346
ssp370_percentage_change_cf_historical,0.40629061410408385
ssp585_percentage_change_cf_historical,0.5473729383358483
