Key,Value
historical,11279940.955160327
ssp126,11330443.34686954
ssp370,11340291.39586553
ssp585,11373087.8074023
historical_percentage_change_cf_historical,0.0
ssp126_percentage_change_cf_historical,0.44771858212704974
ssp370_percentage_change_cf_historical,0.5350244380276965
ssp585_percentage_change_cf_historical,0.8257742891762195
