Key,Value
historical,10948721.2692865
ssp126,11042034.575334443
ssp370,11026641.413901843
ssp585,11042510.417669786
historical_percentage_change_cf_historical,0.0
ssp126_percentage_change_cf_historical,0.8522758389119488
ssp370_percentage_change_cf_historical,0.7116826038299603
ssp585_percentage_change_cf_historical,0.8566219385489741
