Key,Value
historical,11065103.305293694
ssp126,11133713.39224504
ssp370,11154435.583284546
ssp585,11137264.34300866
historical_percentage_change_cf_historical,0.0
ssp126_percentage_change_cf_historical,0.6200582593614035
ssp370_percentage_change_cf_historical,0.8073334294864991
ssp585_percentage_change_cf_historical,0.6521496973321779
