Key,Value
historical,11513833.428435251
ssp126,11576896.533027407
ssp370,11623155.84675321
ssp585,11633265.684340622
historical_percentage_change_cf_historical,0.0
ssp126_percentage_change_cf_historical,0.5477159712629788
ssp370_percentage_change_cf_historical,0.9494875794187672
ssp585_percentage_change_cf_historical,1.037293588166858
