Key,Value
historical,11501498.892676122
ssp126,11653361.097065266
ssp370,11678487.769001367
ssp585,11647917.794723887
historical_percentage_change_cf_historical,0.0
ssp126_percentage_change_cf_historical,1.3203688128496534
ssp370_percentage_change_cf_historical,1.5388331379829663
ssp585_percentage_change_cf_historical,1.273041917527815
