Key,Value
historical,11249576.529013347
ssp126,11294738.757593157
ssp370,11312903.365869928
ssp585,11333790.394253926
historical_percentage_change_cf_historical,0.0
ssp126_percentage_change_cf_historical,0.40145714341632094
ssp370_percentage_change_cf_historical,0.5629264061029984
ssp585_percentage_change_cf_historical,0.7485958695723947
