Key,Value
historical,11016679.073178751
ssp126,11053901.242172753
ssp370,11069017.788238196
ssp585,11120856.420337645
historical_percentage_change_cf_historical,0.0
ssp126_percentage_change_cf_historical,0.33787104758840875
ssp370_percentage_change_cf_historical,0.47508613722685583
ssp585_percentage_change_cf_historical,0.9456329486126587
