Key,Value
historical,5805253.999064865
ssp126,5850715.9558665175
ssp370,5867720.177149776
ssp585,5877406.674438616
historical_percentage_change_cf_historical,0.0
ssp126_percentage_change_cf_historical,0.783117445144969
ssp370_percentage_change_cf_historical,1.076028337347067
ssp585_percentage_change_cf_historical,1.2428857615080122
