Key,Value
historical,5509876.973523123
ssp126,5545292.524307886
ssp370,5577049.228124807
ssp585,5580294.906647833
historical_percentage_change_cf_historical,0.0
ssp126_percentage_change_cf_historical,0.6427648195222324
ssp370_percentage_change_cf_historical,1.219124400135784
ssp585_percentage_change_cf_historical,1.2780309517452486
