Key,Value
historical,11447250.987846423
ssp126,11564054.941453455
ssp370,11570935.758688632
ssp585,11604542.898876682
historical_percentage_change_cf_historical,0.0
ssp126_percentage_change_cf_historical,1.0203668438041862
ssp370_percentage_change_cf_historical,1.080475748924575
ssp585_percentage_change_cf_historical,1.374058376087466
