Key,Value
historical,11247746.853938423
ssp126,11308667.892878499
ssp370,11298261.604637697
ssp585,11278911.901132917
historical_percentage_change_cf_historical,0.0
ssp126_percentage_change_cf_historical,0.5416288233651361
ssp370_percentage_change_cf_historical,0.4491099538000928
ssp585_percentage_change_cf_historical,0.2770781348406808
