Key,Value
historical,5766689.359468853
ssp126,5809534.342651809
ssp370,5831146.623499341
ssp585,5849458.010592403
historical_percentage_change_cf_historical,0.0
ssp126_percentage_change_cf_historical,0.7429736632614768
ssp370_percentage_change_cf_historical,1.117751625109647
ssp585_percentage_change_cf_historical,1.4352888800511578
