Key,Value
historical,11493238.728245508
ssp126,11578115.636654604
ssp370,11597978.64863509
ssp585,11604339.299457911
historical_percentage_change_cf_historical,0.0
ssp126_percentage_change_cf_historical,0.7384942609823708
ssp370_percentage_change_cf_historical,0.9113177135368741
ssp585_percentage_change_cf_historical,0.9666602586037422
