Key,Value
historical,11501783.200748794
ssp126,11549665.484228801
ssp370,11568303.638809096
ssp585,11574309.773291744
historical_percentage_change_cf_historical,0.0
ssp126_percentage_change_cf_historical,0.4163031300823854
ssp370_percentage_change_cf_historical,0.5783489125057726
ssp585_percentage_change_cf_historical,0.6305680717249901
