Key,Value
historical,8684205.07333297
ssp126,8733913.270725735
ssp370,8767663.291019106
ssp585,8767718.129303036
historical_percentage_change_cf_historical,0.0
ssp126_percentage_change_cf_historical,0.5723977839423314
ssp370_percentage_change_cf_historical,0.9610346252924932
ssp585_percentage_change_cf_historical,0.9616660968372909
