Key,Value
historical,5712922.911996819
ssp126,5760945.315751536
ssp370,5772735.71763199
ssp585,5785681.864007025
historical_percentage_change_cf_historical,0.0
ssp126_percentage_change_cf_historical,0.8405925389588642
ssp370_percentage_change_cf_historical,1.046973791814475
ssp585_percentage_change_cf_historical,1.2735853980703329
