Key,Value
historical,11254682.378684174
ssp126,11299788.55234241
ssp370,11329302.516697118
ssp585,11336641.823209893
historical_percentage_change_cf_historical,0.0
ssp126_percentage_change_cf_historical,0.4007769578967765
ssp370_percentage_change_cf_historical,0.6630141615926073
ssp585_percentage_change_cf_historical,0.728225300084398
