Key,Value
historical,11278650.930016145
ssp126,11369253.50478975
ssp370,11357177.385815402
ssp585,11395857.473338123
historical_percentage_change_cf_historical,0.0
ssp126_percentage_change_cf_historical,0.8033103900084472
ssp370_percentage_change_cf_historical,0.6962397922101927
ssp585_percentage_change_cf_historical,1.039189385762917
