Key,Value
historical,5511985.0798702305
ssp126,5589378.597778021
ssp370,5590966.238104239
ssp585,5594142.531627602
historical_percentage_change_cf_historical,0.0
ssp126_percentage_change_cf_historical,1.4040951995757747
ssp370_percentage_change_cf_historical,1.432898621631756
ssp585_percentage_change_cf_historical,1.490523841535973
