Key,Value
historical,11079539.683243778
ssp126,11120475.010352405
ssp370,11181669.201159528
ssp585,11162295.860670108
historical_percentage_change_cf_historical,0.0
ssp126_percentage_change_cf_historical,0.3694677602042982
ssp370_percentage_change_cf_historical,0.9217848469842681
ssp585_percentage_change_cf_historical,0.7469279391768202
