Key,Value
historical,11331453.155411653
ssp126,11416858.650729768
ssp370,11408472.142398514
ssp585,11383868.607448759
historical_percentage_change_cf_historical,0.0
ssp126_percentage_change_cf_historical,0.7537029377148065
ssp370_percentage_change_cf_historical,0.6796920565309671
ssp585_percentage_change_cf_historical,0.4625660214821862
