Key,Value
historical,11243915.666870434
ssp126,11310799.175120855
ssp370,11325165.23684638
ssp585,11330910.078849152
historical_percentage_change_cf_historical,0.0
ssp126_percentage_change_cf_historical,0.5948417813866163
ssp370_percentage_change_cf_historical,0.7226092082435606
ssp585_percentage_change_cf_historical,0.7737021030408654
