Key,Value
historical,11277203.472442968
ssp126,11357806.90204637
ssp370,11385446.69430305
ssp585,11402734.47832894
historical_percentage_change_cf_historical,0.0
ssp126_percentage_change_cf_historical,0.7147466107210403
ssp370_percentage_change_cf_historical,0.9598409935990472
ssp585_percentage_change_cf_historical,1.1131394959106655
