Key,Value
historical,5516486.243235687
ssp126,5589374.135402589
ssp370,5582439.4015868865
ssp585,5613545.274258757
historical_percentage_change_cf_historical,0.0
ssp126_percentage_change_cf_historical,1.3212738861857476
ssp370_percentage_change_cf_historical,1.1955646301496978
ssp585_percentage_change_cf_historical,1.7594357484727523
