Key,Value
historical,11358259.64391785
ssp126,11382809.738384994
ssp370,11420991.44838554
ssp585,11452608.372835603
historical_percentage_change_cf_historical,0.0
ssp126_percentage_change_cf_historical,0.21614309970709825
ssp370_percentage_change_cf_historical,0.552301201366557
ssp585_percentage_change_cf_historical,0.8306618432364805
