Key,Value
historical,11222005.823260278
ssp126,11286068.48808713
ssp370,11309750.432832742
ssp585,11315227.117948718
historical_percentage_change_cf_historical,0.0
ssp126_percentage_change_cf_historical,0.5708664372109671
ssp370_percentage_change_cf_historical,0.7818977369499578
ssp585_percentage_change_cf_historical,0.8307008226213672
