Key,Value
historical,11290380.496099334
ssp126,11404397.005426893
ssp370,11406356.907527842
ssp585,11438096.931284435
historical_percentage_change_cf_historical,0.0
ssp126_percentage_change_cf_historical,1.0098553309779938
ssp370_percentage_change_cf_historical,1.0272143748262126
ssp585_percentage_change_cf_historical,1.308338857455998
