Key,Value
historical,11288092.905809203
ssp126,11348976.407903355
ssp370,11363620.194054114
ssp585,11381397.584869966
historical_percentage_change_cf_historical,0.0
ssp126_percentage_change_cf_historical,0.5393603915398225
ssp370_percentage_change_cf_historical,0.6690881167893458
ssp585_percentage_change_cf_historical,0.8265761084651001
