Key,Value
historical,10318634.243273236
ssp126,10420353.561385559
ssp370,10461536.381198281
ssp585,10409051.106800504
historical_percentage_change_cf_historical,0.0
ssp126_percentage_change_cf_historical,0.985782766538453
ssp370_percentage_change_cf_historical,1.3848939167332548
ssp585_percentage_change_cf_historical,0.8762483619012985
