Key,Value
historical,11509002.090563025
ssp126,11600803.081072032
ssp370,11629588.34676513
ssp585,11625001.690445786
historical_percentage_change_cf_historical,0.0
ssp126_percentage_change_cf_historical,0.7976450936982685
ssp370_percentage_change_cf_historical,1.047755967487241
ssp585_percentage_change_cf_historical,1.0079031958633198
