Key,Value
historical,10683328.75288271
ssp126,10734427.426819906
ssp370,10756532.550171643
ssp585,10751465.228980739
historical_percentage_change_cf_historical,0.0
ssp126_percentage_change_cf_historical,0.4783029252320614
ssp370_percentage_change_cf_historical,0.6852152450066745
ssp585_percentage_change_cf_historical,0.6377832010424981
