Key,Value
historical,5800122.073840408
ssp126,5831094.476058795
ssp370,5846207.984911855
ssp585,5873436.510555329
historical_percentage_change_cf_historical,0.0
ssp126_percentage_change_cf_historical,0.5339956956781747
ssp370_percentage_change_cf_historical,0.7945679502040722
ssp585_percentage_change_cf_historical,1.264015408323601
