Key,Value
historical,11232182.557690373
ssp126,11353081.393992692
ssp370,11439257.011169199
ssp585,11414148.581708249
historical_percentage_change_cf_historical,0.0
ssp126_percentage_change_cf_historical,1.0763610338539538
ssp370_percentage_change_cf_historical,1.843581622852523
ssp585_percentage_change_cf_historical,1.620041546540648
