Key,Value
historical,11256217.328869317
ssp126,11300856.928992596
ssp370,11309527.25072962
ssp585,11302557.008675218
historical_percentage_change_cf_historical,0.0
ssp126_percentage_change_cf_historical,0.396577276531341
ssp370_percentage_change_cf_historical,0.4736042340225381
ssp585_percentage_change_cf_historical,0.41168074897640333
