Key,Value
historical,11552893.248984203
ssp126,11746351.62453972
ssp370,11798794.228578104
ssp585,11844276.116241891
historical_percentage_change_cf_historical,0.0
ssp126_percentage_change_cf_historical,1.6745448208181715
ssp370_percentage_change_cf_historical,2.1284796309835374
ssp585_percentage_change_cf_historical,2.5221635912139004
