Key,Value
historical,5282203.269009584
ssp126,5346173.454844365
ssp370,5387839.634114776
ssp585,5378909.044432816
historical_percentage_change_cf_historical,0.0
ssp126_percentage_change_cf_historical,1.2110511954375378
ssp370_percentage_change_cf_historical,1.9998542222893112
ssp585_percentage_change_cf_historical,1.8307848164533975
