Key,Value
historical,10784929.99881025
ssp126,10875242.96754415
ssp370,10915428.939761804
ssp585,10900255.807080574
historical_percentage_change_cf_historical,0.0
ssp126_percentage_change_cf_historical,0.8373996747671265
ssp370_percentage_change_cf_historical,1.2100119422745463
ssp585_percentage_change_cf_historical,1.0693236607288716
