Key,Value
historical,11342476.34728828
ssp126,11450704.730295934
ssp370,11467804.437414398
ssp585,11489174.34241221
historical_percentage_change_cf_historical,0.0
ssp126_percentage_change_cf_historical,0.9541865435190253
ssp370_percentage_change_cf_historical,1.104944690108
ssp585_percentage_change_cf_historical,1.2933506813880238
