Key,Value
historical,11260489.220847495
ssp126,11330821.02277549
ssp370,11328345.90726377
ssp585,11399384.474802976
historical_percentage_change_cf_historical,0.0
ssp126_percentage_change_cf_historical,0.6245892212017194
ssp370_percentage_change_cf_historical,0.6026086885341269
ssp585_percentage_change_cf_historical,1.2334744186632056
