Key,Value
historical,11232057.38574379
ssp126,11283797.807267666
ssp370,11287600.161438718
ssp585,11301312.915418206
historical_percentage_change_cf_historical,0.0
ssp126_percentage_change_cf_historical,0.46064954751342047
ssp370_percentage_change_cf_historical,0.4945022428876329
ssp585_percentage_change_cf_historical,0.616588103995253
