Key,Value
historical,9146673.304438535
ssp126,9206437.84320457
ssp370,9224912.920778325
ssp585,9253543.048632128
historical_percentage_change_cf_historical,0.0
ssp126_percentage_change_cf_historical,0.653401917580597
ssp370_percentage_change_cf_historical,0.8553887707110188
ssp585_percentage_change_cf_historical,1.168400145457619
