Key,Value
historical,11034591.166333497
ssp126,11021908.98793443
ssp370,11060737.402081095
ssp585,11095038.037558414
historical_percentage_change_cf_historical,0.0
ssp126_percentage_change_cf_historical,-0.11493111260669683
ssp370_percentage_change_cf_historical,0.23694793357972513
ssp585_percentage_change_cf_historical,0.5477943886977951
