Key,Value
historical,10915463.759520873
ssp126,11006947.786486698
ssp370,11052362.127010081
ssp585,11030606.838621171
historical_percentage_change_cf_historical,0.0
ssp126_percentage_change_cf_historical,0.8381139728124617
ssp370_percentage_change_cf_historical,1.2541690440756554
ssp585_percentage_change_cf_historical,1.0548619979601481
