Key,Value
historical,9145797.732934281
ssp126,9204023.843874803
ssp370,9195405.001408977
ssp585,9184688.477047332
historical_percentage_change_cf_historical,0.0
ssp126_percentage_change_cf_historical,0.6366433267034507
ssp370_percentage_change_cf_historical,0.5424050468124721
ssp585_percentage_change_cf_historical,0.42523074802981603
