Key,Value
historical,5729664.188537143
ssp126,5783919.335056386
ssp370,5798641.788699259
ssp585,5805733.020215968
historical_percentage_change_cf_historical,0.0
ssp126_percentage_change_cf_historical,0.9469166906463121
ssp370_percentage_change_cf_historical,1.2038681132502242
ssp585_percentage_change_cf_historical,1.3276315884447296
