Key,Value
historical,11212721.737179998
ssp126,11304302.690421376
ssp370,11276717.543164063
ssp585,11250819.905960184
historical_percentage_change_cf_historical,0.0
ssp126_percentage_change_cf_historical,0.8167593505661248
ssp370_percentage_change_cf_historical,0.5707428355406587
ssp585_percentage_change_cf_historical,0.33977627977564506
