Key,Value
historical,11292646.911664566
ssp126,11326735.380300125
ssp370,11338688.188766425
ssp585,11335422.186788611
historical_percentage_change_cf_historical,0.0
ssp126_percentage_change_cf_historical,0.30186429189022035
ssp370_percentage_change_cf_historical,0.4077102335883877
ssp585_percentage_change_cf_historical,0.3787887415470418
