Key,Value
historical,11561229.76857713
ssp126,11657210.714946121
ssp370,11702221.439585604
ssp585,11744780.818411926
historical_percentage_change_cf_historical,0.0
ssp126_percentage_change_cf_historical,0.830196685735475
ssp370_percentage_change_cf_historical,1.2195213989404647
ssp585_percentage_change_cf_historical,1.587642954157682
