Key,Value
historical,11230661.497718308
ssp126,11264491.057299985
ssp370,11306165.588681428
ssp585,11298154.105531834
historical_percentage_change_cf_historical,0.0
ssp126_percentage_change_cf_historical,0.3012249954158936
ssp370_percentage_change_cf_historical,0.6723031495380706
ssp585_percentage_change_cf_historical,0.6009673413025418
