Key,Value
historical,11232312.264316173
ssp126,11287011.507847574
ssp370,11287505.208903447
ssp585,11290540.796020566
historical_percentage_change_cf_historical,0.0
ssp126_percentage_change_cf_historical,0.4869811508461517
ssp370_percentage_change_cf_historical,0.4913765152578198
ssp585_percentage_change_cf_historical,0.5184020024922024
