Key,Value
historical,11227239.413736206
ssp126,11255437.58121242
ssp370,11245333.754718425
ssp585,11274465.67557895
historical_percentage_change_cf_historical,0.0
ssp126_percentage_change_cf_historical,0.2511585122315537
ssp370_percentage_change_cf_historical,0.16116464889918797
ssp585_percentage_change_cf_historical,0.42064001757158975
