Key,Value
historical,11295388.525554081
ssp126,11332207.843408108
ssp370,11365290.400430683
ssp585,11375047.151048057
historical_percentage_change_cf_historical,0.0
ssp126_percentage_change_cf_historical,0.3259676970891996
ssp370_percentage_change_cf_historical,0.6188532135787925
ssp585_percentage_change_cf_historical,0.7052313899053578
