Key,Value
historical,11258075.842403397
ssp126,11317975.196885664
ssp370,11363003.384876441
ssp585,11352123.397213977
historical_percentage_change_cf_historical,0.0
ssp126_percentage_change_cf_historical,0.5320567681437791
ssp370_percentage_change_cf_historical,0.9320202132396019
ssp585_percentage_change_cf_historical,0.8353785862442937
