Key,Value
historical,4335559.177947741
ssp126,4436737.773908345
ssp370,4476762.556505641
ssp585,4499565.233976865
historical_percentage_change_cf_historical,0.0
ssp126_percentage_change_cf_historical,2.333691960087543
ssp370_percentage_change_cf_historical,3.256866594650873
ssp585_percentage_change_cf_historical,3.782812073315011
