Key,Value
historical,11516183.63868175
ssp126,11548242.993689917
ssp370,11549394.607761899
ssp585,11592125.966361359
historical_percentage_change_cf_historical,0.0
ssp126_percentage_change_cf_historical,0.27838523606450666
ssp370_percentage_change_cf_historical,0.28838519879620383
ssp585_percentage_change_cf_historical,0.6594400546421043
