Key,Value
historical,11290490.748406032
ssp126,11374545.388906714
ssp370,11374687.371281613
ssp585,11376587.525051674
historical_percentage_change_cf_historical,0.0
ssp126_percentage_change_cf_historical,0.7444728699020292
ssp370_percentage_change_cf_historical,0.7457304093488343
ssp585_percentage_change_cf_historical,0.7625600920650569
