Key,Value
historical,5784950.789678242
ssp126,5791464.22943135
ssp370,5771513.1405413
ssp585,5808051.532345206
historical_percentage_change_cf_historical,0.0
ssp126_percentage_change_cf_historical,0.11259282904755709
ssp370_percentage_change_cf_historical,-0.23228631712680967
ssp585_percentage_change_cf_historical,0.3993247912874354
