Key,Value
historical,11396897.02520271
ssp126,11453114.897596732
ssp370,11443770.989639368
ssp585,11436377.373952739
historical_percentage_change_cf_historical,0.0
ssp126_percentage_change_cf_historical,0.4932734960200422
ssp370_percentage_change_cf_historical,0.41128707518372976
ssp585_percentage_change_cf_historical,0.34641313914413074
