Key,Value
historical,11503865.421554241
ssp126,11558762.41951571
ssp370,11603223.928998765
ssp585,11600745.064288415
historical_percentage_change_cf_historical,0.0
ssp126_percentage_change_cf_historical,0.47720479986328
ssp370_percentage_change_cf_historical,0.8636967123968611
ssp585_percentage_change_cf_historical,0.8421486099155414
