Key,Value
historical,11232057.38574379
ssp126,11312160.749254137
ssp370,11330117.439445054
ssp585,11351460.856137626
historical_percentage_change_cf_historical,0.0
ssp126_percentage_change_cf_historical,0.7131673277597258
ssp370_percentage_change_cf_historical,0.8730373281899968
ssp585_percentage_change_cf_historical,1.063059654105654
