Key,Value
historical,10789623.052503448
ssp126,10880104.415930163
ssp370,10922723.634644922
ssp585,10925567.678428065
historical_percentage_change_cf_historical,0.0
ssp126_percentage_change_cf_historical,0.8385961491557512
ssp370_percentage_change_cf_historical,1.2335980737583914
ssp585_percentage_change_cf_historical,1.2599571390316058
