Key,Value
historical,11244768.0303513
ssp126,11380825.731430762
ssp370,11498709.589835335
ssp585,11511196.583819835
historical_percentage_change_cf_historical,0.0
ssp126_percentage_change_cf_historical,1.209964498264631
ssp370_percentage_change_cf_historical,2.25830856446846
ssp585_percentage_change_cf_historical,2.3693557105793954
