Key,Value
historical,11173718.525311628
ssp126,11265944.934305929
ssp370,11235654.221997395
ssp585,11255157.707403064
historical_percentage_change_cf_historical,0.0
ssp126_percentage_change_cf_historical,0.8253869003893504
ssp370_percentage_change_cf_historical,0.5542979854509934
ssp585_percentage_change_cf_historical,0.7288458350454476
