Key,Value
historical,11274796.007844321
ssp126,11345054.446218524
ssp370,11389294.617496563
ssp585,11346254.221192706
historical_percentage_change_cf_historical,0.0
ssp126_percentage_change_cf_historical,0.6231459826441305
ssp370_percentage_change_cf_historical,1.015527106411331
ssp585_percentage_change_cf_historical,0.6337871948961972
