Key,Value
historical,11396432.412462154
ssp126,11460061.671465503
ssp370,11484559.300827825
ssp585,11487499.842696365
historical_percentage_change_cf_historical,0.0
ssp126_percentage_change_cf_historical,0.5583261208461096
ssp370_percentage_change_cf_historical,0.7732848770225943
ssp585_percentage_change_cf_historical,0.7990871786738022
