Key,Value
historical,5738234.023353992
ssp126,5785991.223943303
ssp370,5787823.225973984
ssp585,5802651.838826485
historical_percentage_change_cf_historical,0.0
ssp126_percentage_change_cf_historical,0.8322630341485667
ssp370_percentage_change_cf_historical,0.8641892683039678
ssp585_percentage_change_cf_historical,1.122606976472542
