Key,Value
historical,11298517.230064858
ssp126,11364007.18699944
ssp370,11379211.38923394
ssp585,11390921.700005654
historical_percentage_change_cf_historical,0.0
ssp126_percentage_change_cf_historical,0.5796331996584166
ssp370_percentage_change_cf_historical,0.7142013197480284
ssp585_percentage_change_cf_historical,0.8178459886303687
