Key,Value
historical,11258182.941187136
ssp126,11308184.134597816
ssp370,11314340.15232049
ssp585,11301457.61646872
historical_percentage_change_cf_historical,0.0
ssp126_percentage_change_cf_historical,0.44413200311174944
ssp370_percentage_change_cf_historical,0.4988123876359024
ssp585_percentage_change_cf_historical,0.38438418977246697
