Key,Value
historical,11300044.765947536
ssp126,11509641.512004737
ssp370,11586000.899843227
ssp585,11617252.85058881
historical_percentage_change_cf_historical,0.0
ssp126_percentage_change_cf_historical,1.854831112606004
ssp370_percentage_change_cf_historical,2.530575230616915
ssp585_percentage_change_cf_historical,2.807140070782502
