Key,Value
historical,11283862.028577168
ssp126,11368379.881260116
ssp370,11359132.842350151
ssp585,11364375.562157314
historical_percentage_change_cf_historical,0.0
ssp126_percentage_change_cf_historical,0.7490152969692535
ssp370_percentage_change_cf_historical,0.6670660593186558
ssp585_percentage_change_cf_historical,0.7135281641714565
