Key,Value
historical,11559678.527177531
ssp126,11686796.828632921
ssp370,11794417.795247499
ssp585,11775796.341434464
historical_percentage_change_cf_historical,0.0
ssp126_percentage_change_cf_historical,1.099669866740036
ssp370_percentage_change_cf_historical,2.030672976917834
ssp585_percentage_change_cf_historical,1.8695832565657082
