Key,Value
historical,11048946.29827074
ssp126,11135868.700972226
ssp370,11108803.80615239
ssp585,11074897.642762994
historical_percentage_change_cf_historical,0.0
ssp126_percentage_change_cf_historical,0.7867030968834562
ssp370_percentage_change_cf_historical,0.5417485637614055
ssp585_percentage_change_cf_historical,0.23487619354540984
