Key,Value
historical,8402078.30454889
ssp126,8438127.84347504
ssp370,8444717.810950853
ssp585,8402406.33026227
historical_percentage_change_cf_historical,0.0
ssp126_percentage_change_cf_historical,0.42905502209653784
ssp370_percentage_change_cf_historical,0.5074876102842136
ssp585_percentage_change_cf_historical,0.003904102074397865
