Key,Value
historical,11263574.195805004
ssp126,11311024.193453873
ssp370,11323785.491184965
ssp585,11316963.92793499
historical_percentage_change_cf_historical,0.0
ssp126_percentage_change_cf_historical,0.4212694551836037
ssp370_percentage_change_cf_historical,0.5345665091138295
ssp585_percentage_change_cf_historical,0.474003466411842
