Key,Value
historical,11266082.70691597
ssp126,11328891.10232
ssp370,11354768.777779438
ssp585,11355000.536930962
historical_percentage_change_cf_historical,0.0
ssp126_percentage_change_cf_historical,0.5574998607588165
ssp370_percentage_change_cf_historical,0.7871952760388002
ssp585_percentage_change_cf_historical,0.7892524165511955
