Key,Value
historical,11318996.70555619
ssp126,11326930.025602035
ssp370,11339761.116361788
ssp585,11331688.728778971
historical_percentage_change_cf_historical,0.0
ssp126_percentage_change_cf_historical,0.07008854452578232
ssp370_percentage_change_cf_historical,0.18344744985573866
ssp585_percentage_change_cf_historical,0.11213028462630037
