Key,Value
historical,8213334.907199513
ssp126,8246152.186556
ssp370,8250676.4073607065
ssp585,8285136.085549293
historical_percentage_change_cf_historical,0.0
ssp126_percentage_change_cf_historical,0.3995609545608648
ssp370_percentage_change_cf_historical,0.45464480120567224
ssp585_percentage_change_cf_historical,0.8742024909618819
