Key,Value
historical,11051515.834619723
ssp126,11077654.333167536
ssp370,11142547.30265958
ssp585,11112976.004030166
historical_percentage_change_cf_historical,0.0
ssp126_percentage_change_cf_historical,0.23651505312902021
ssp370_percentage_change_cf_historical,0.8237011954024818
ssp585_percentage_change_cf_historical,0.5561243392323995
