Key,Value
historical,11331162.316333426
ssp126,11467198.300403856
ssp370,11441832.592820823
ssp585,11565161.274139345
historical_percentage_change_cf_historical,0.0
ssp126_percentage_change_cf_historical,1.2005474837681835
ssp370_percentage_change_cf_historical,0.9766895345578994
ssp585_percentage_change_cf_historical,2.0650922762673534
