Key,Value
historical,11523979.77588769
ssp126,11585837.239159988
ssp370,11588245.503537573
ssp585,11608986.661573172
historical_percentage_change_cf_historical,0.0
ssp126_percentage_change_cf_historical,0.5367717097328287
ssp370_percentage_change_cf_historical,0.5576695629434325
ssp585_percentage_change_cf_historical,0.7376521595720439
