Key,Value
historical,11505364.904792704
ssp126,11589877.908358552
ssp370,11581605.417751968
ssp585,11562263.283994097
historical_percentage_change_cf_historical,0.0
ssp126_percentage_change_cf_historical,0.7345530043175157
ssp370_percentage_change_cf_historical,0.6626518462487468
ssp585_percentage_change_cf_historical,0.49453780625151533
