Key,Value
historical,11355903.529941171
ssp126,11379782.958808228
ssp370,11393397.493813718
ssp585,11369756.388528157
historical_percentage_change_cf_historical,0.0
ssp126_percentage_change_cf_historical,0.21028206874156735
ssp370_percentage_change_cf_historical,0.33017156031388517
ssp585_percentage_change_cf_historical,0.12198816721594131
