Key,Value
historical,11371988.573115483
ssp126,11500696.92692637
ssp370,11516180.61340105
ssp585,11481751.40034832
historical_percentage_change_cf_historical,0.0
ssp126_percentage_change_cf_historical,1.1318016456257016
ssp370_percentage_change_cf_historical,1.2679580124310994
ssp585_percentage_change_cf_historical,0.9652034604776861
