Key,Value
historical,11260411.431344619
ssp126,11286926.178781629
ssp370,11305312.117744345
ssp585,11329819.322484758
historical_percentage_change_cf_historical,0.0
ssp126_percentage_change_cf_historical,0.2354687268637699
ssp370_percentage_change_cf_historical,0.39874818672024803
ssp585_percentage_change_cf_historical,0.6163885890255668
