Key,Value
historical,11275324.913103757
ssp126,11319220.487214176
ssp370,11341619.9414545
ssp585,11326936.785103766
historical_percentage_change_cf_historical,0.0
ssp126_percentage_change_cf_historical,0.38930651177426184
ssp370_percentage_change_cf_historical,0.5879655696102997
ssp585_percentage_change_cf_historical,0.45774177150343087
