Key,Value
historical,11000140.320853185
ssp126,11030002.369041877
ssp370,11154482.561571414
ssp585,11153085.156664588
historical_percentage_change_cf_historical,0.0
ssp126_percentage_change_cf_historical,0.2714697023644496
ssp370_percentage_change_cf_historical,1.403093380778417
ssp585_percentage_change_cf_historical,1.3903898618589627
