Key,Value
historical,11272708.531825121
ssp126,11344072.141338931
ssp370,11367347.5189655
ssp585,11405744.248404741
historical_percentage_change_cf_historical,0.0
ssp126_percentage_change_cf_historical,0.6330653304158099
ssp370_percentage_change_cf_historical,0.8395407977877997
ssp585_percentage_change_cf_historical,1.1801575123142165
