Key,Value
historical,9089836.653437853
ssp126,9189752.43711415
ssp370,9214292.309837319
ssp585,9257740.392984156
historical_percentage_change_cf_historical,0.0
ssp126_percentage_change_cf_historical,1.0992032913870622
ssp370_percentage_change_cf_historical,1.3691737392486136
ssp585_percentage_change_cf_historical,1.8471590408921164
