Key,Value
historical,11167648.094381882
ssp126,11262441.525075406
ssp370,11306709.232858872
ssp585,11291795.532701135
historical_percentage_change_cf_historical,0.0
ssp126_percentage_change_cf_historical,0.8488217921301779
ssp370_percentage_change_cf_historical,1.2452141874612594
ssp585_percentage_change_cf_historical,1.1116704006970612
