Key,Value
historical,5718437.144015491
ssp126,5838456.8481237665
ssp370,5800018.206898011
ssp585,5874116.035935435
historical_percentage_change_cf_historical,0.0
ssp126_percentage_change_cf_historical,2.098820028718503
ssp370_percentage_change_cf_historical,1.4266321518965577
ssp585_percentage_change_cf_historical,2.7224027824257346
