Key,Value
historical,11349890.97944766
ssp126,11372296.618133046
ssp370,11419205.394296804
ssp585,11440136.652704552
historical_percentage_change_cf_historical,0.0
ssp126_percentage_change_cf_historical,0.19740840441514967
ssp370_percentage_change_cf_historical,0.6107055563322997
ssp585_percentage_change_cf_historical,0.7951237013669052
