Key,Value
historical,11387632.847309392
ssp126,11458869.670724273
ssp370,11475920.102425817
ssp585,11481750.036428308
historical_percentage_change_cf_historical,0.0
ssp126_percentage_change_cf_historical,0.6255630504605901
ssp370_percentage_change_cf_historical,0.7752906710307708
ssp585_percentage_change_cf_historical,0.8264859815984817
