Key,Value
historical,11345258.469264869
ssp126,11417826.570179548
ssp370,11418872.099598192
ssp585,11407219.948201451
historical_percentage_change_cf_historical,0.0
ssp126_percentage_change_cf_historical,0.6396337387224076
ssp370_percentage_change_cf_historical,0.6488493015187597
ssp585_percentage_change_cf_historical,0.5461442690304585
