Key,Value
historical,10993533.985761413
ssp126,11051005.053989943
ssp370,11134192.73942227
ssp585,11116506.33171498
historical_percentage_change_cf_historical,0.0
ssp126_percentage_change_cf_historical,0.5227715519228399
ssp370_percentage_change_cf_historical,1.279468038603728
ssp585_percentage_change_cf_historical,1.1185879455399699
