Key,Value
historical,4345618.495863669
ssp126,4405933.082303845
ssp370,4452651.625780639
ssp585,4452141.060019322
historical_percentage_change_cf_historical,0.0
ssp126_percentage_change_cf_historical,1.3879402091459825
ssp370_percentage_change_cf_historical,2.463012572752279
ssp585_percentage_change_cf_historical,2.451263594745961
