Key,Value
historical,11082829.467666147
ssp126,11116787.74728056
ssp370,11136794.049928369
ssp585,11133392.212537862
historical_percentage_change_cf_historical,0.0
ssp126_percentage_change_cf_historical,0.30640442238586735
ssp370_percentage_change_cf_historical,0.4869206227494695
ssp585_percentage_change_cf_historical,0.45622595763320656
