Key,Value
historical,5282211.4152335
ssp126,5340600.489830703
ssp370,5366404.931235836
ssp585,5370748.193122267
historical_percentage_change_cf_historical,0.0
ssp126_percentage_change_cf_historical,1.1053907162597192
ssp370_percentage_change_cf_historical,1.5939065929759613
ssp585_percentage_change_cf_historical,1.6761309029288962
