Key,Value
historical,11358291.194870062
ssp126,11427715.456209539
ssp370,11477949.108331088
ssp585,11436204.560336757
historical_percentage_change_cf_historical,0.0
ssp126_percentage_change_cf_historical,0.6112210027757661
ssp370_percentage_change_cf_historical,1.0534851713880073
ssp585_percentage_change_cf_historical,0.685960274569159
