Key,Value
historical,5789848.684017152
ssp126,5852457.247864544
ssp370,5838220.5104329735
ssp585,5836943.053756334
historical_percentage_change_cf_historical,0.0
ssp126_percentage_change_cf_historical,1.0813506062813596
ssp370_percentage_change_cf_historical,0.835459250417927
ssp585_percentage_change_cf_historical,0.8133955187669424
