Key,Value
historical,11328102.628728922
ssp126,11365696.878033444
ssp370,11364213.522643482
ssp585,11362475.932696298
historical_percentage_change_cf_historical,0.0
ssp126_percentage_change_cf_historical,0.33186713200478934
ssp370_percentage_change_cf_historical,0.31877265856490306
ssp585_percentage_change_cf_historical,0.3034339032222574
