Key,Value
historical,11337776.585809961
ssp126,11457269.069611674
ssp370,11502236.107817795
ssp585,11557942.626839302
historical_percentage_change_cf_historical,0.0
ssp126_percentage_change_cf_historical,1.0539322493906487
ssp370_percentage_change_cf_historical,1.4505447409650585
ssp585_percentage_change_cf_historical,1.9418802210734605
