Key,Value
historical,10971676.652042728
ssp126,11074929.87151447
ssp370,11072526.641149009
ssp585,11041091.75058198
historical_percentage_change_cf_historical,0.0
ssp126_percentage_change_cf_historical,0.941088793867413
ssp370_percentage_change_cf_historical,0.9191848457136611
ssp585_percentage_change_cf_historical,0.6326753944788193
