Key,Value
historical,11046389.38337571
ssp126,11041965.580096645
ssp370,11067590.117778726
ssp585,11053996.132087588
historical_percentage_change_cf_historical,0.0
ssp126_percentage_change_cf_historical,-0.040047504442693366
ssp370_percentage_change_cf_historical,0.19192456165742394
ssp585_percentage_change_cf_historical,0.06886185565146045
