Key,Value
historical,5820107.89709069
ssp126,5883315.693699844
ssp370,5943744.473983906
ssp585,5923144.808685217
historical_percentage_change_cf_historical,0.0
ssp126_percentage_change_cf_historical,1.086024481449043
ssp370_percentage_change_cf_historical,2.124300426715774
ssp585_percentage_change_cf_historical,1.7703608492555973
