Key,Value
historical,11068415.348385189
ssp126,11074622.039131474
ssp370,11096086.174130376
ssp585,11121868.559245702
historical_percentage_change_cf_historical,0.0
ssp126_percentage_change_cf_historical,0.05607569422474318
ssp370_percentage_change_cf_historical,0.2499980789862995
ssp585_percentage_change_cf_historical,0.482934631363573
