Key,Value
historical,11571409.960673328
ssp126,11659844.058764167
ssp370,11683357.824459445
ssp585,11704308.92462399
historical_percentage_change_cf_historical,0.0
ssp126_percentage_change_cf_historical,0.7642465213089101
ssp370_percentage_change_cf_historical,0.967452230683927
ssp585_percentage_change_cf_historical,1.1485114121989735
