Key,Value
historical,4335543.536345803
ssp126,4399210.668749442
ssp370,4416214.270345835
ssp585,4422851.899452288
historical_percentage_change_cf_historical,0.0
ssp126_percentage_change_cf_historical,1.4684925170259218
ssp370_percentage_change_cf_historical,1.8606832874298584
ssp585_percentage_change_cf_historical,2.0137812565958466
