Key,Value
historical,8162055.814787035
ssp126,8237429.569071071
ssp370,8265291.973854051
ssp585,8258996.823925985
historical_percentage_change_cf_historical,0.0
ssp126_percentage_change_cf_historical,0.9234653130830497
ssp370_percentage_change_cf_historical,1.264830349236098
ssp585_percentage_change_cf_historical,1.1877033352715383
