Key,Value
historical,11531760.399068326
ssp126,11595891.338015718
ssp370,11596301.895632375
ssp585,11614837.036615845
historical_percentage_change_cf_historical,0.0
ssp126_percentage_change_cf_historical,0.5561244487231446
ssp370_percentage_change_cf_historical,0.5596846823947513
ssp585_percentage_change_cf_historical,0.7204159180607931
