Key,Value
historical,11516906.439328037
ssp126,11591961.773480937
ssp370,11612891.379314687
ssp585,11688958.598680008
historical_percentage_change_cf_historical,0.0
ssp126_percentage_change_cf_historical,0.6516970034296713
ssp370_percentage_change_cf_historical,0.8334264109229859
ssp585_percentage_change_cf_historical,1.4939094995548954
