Key,Value
historical,11565670.99453736
ssp126,11717913.83141126
ssp370,11720158.44378296
ssp585,11649390.47850404
historical_percentage_change_cf_historical,0.0
ssp126_percentage_change_cf_historical,1.3163338032510759
ssp370_percentage_change_cf_historical,1.3357413445235196
ssp585_percentage_change_cf_historical,0.7238618840724609
