Key,Value
historical,11344262.956789263
ssp126,11415216.014267627
ssp370,11410845.437167168
ssp585,11450251.520110674
historical_percentage_change_cf_historical,0.0
ssp126_percentage_change_cf_historical,0.6254532158556929
ssp370_percentage_change_cf_historical,0.5869264546451393
ssp585_percentage_change_cf_historical,0.9342921944345451
