Key,Value
historical,11351525.574180203
ssp126,11380693.29450288
ssp370,11379489.613272006
ssp585,11371705.9469072
historical_percentage_change_cf_historical,0.0
ssp126_percentage_change_cf_historical,0.25694978293509535
ssp370_percentage_change_cf_historical,0.24634608722028686
ssp585_percentage_change_cf_historical,0.17777674547022082
