Key,Value
historical,11053437.725450508
ssp126,11064669.381454129
ssp370,11113554.069153804
ssp585,11096663.969290357
historical_percentage_change_cf_historical,0.0
ssp126_percentage_change_cf_historical,0.10161233348933264
ssp370_percentage_change_cf_historical,0.5438701080739644
ssp585_percentage_change_cf_historical,0.3910660639116868
