Key,Value
historical,5783191.082859144
ssp126,5843515.245208306
ssp370,5854289.456102572
ssp585,5951628.434358048
historical_percentage_change_cf_historical,0.0
ssp126_percentage_change_cf_historical,1.0430947462199198
ssp370_percentage_change_cf_historical,1.2293969233380153
ssp585_percentage_change_cf_historical,2.9125330476825804
