Key,Value
historical,11025985.398504809
ssp126,11072796.745510777
ssp370,11066910.733919531
ssp585,11075119.042177858
historical_percentage_change_cf_historical,0.0
ssp126_percentage_change_cf_historical,0.4245547705179876
ssp370_percentage_change_cf_historical,0.3711716815829657
ssp585_percentage_change_cf_historical,0.445616803371716
