Key,Value
historical,11505071.616415936
ssp126,11625047.345759982
ssp370,11621752.712892015
ssp585,11659168.405006178
historical_percentage_change_cf_historical,0.0
ssp126_percentage_change_cf_historical,1.042807323101398
ssp370_percentage_change_cf_historical,1.0141709705621682
ssp585_percentage_change_cf_historical,1.3393813939442951
