Key,Value
historical,11365421.56053476
ssp126,11485375.437788486
ssp370,11579097.536824245
ssp585,11593690.551095588
historical_percentage_change_cf_historical,0.0
ssp126_percentage_change_cf_historical,1.0554283148656223
ssp370_percentage_change_cf_historical,1.8800532400087313
ssp585_percentage_change_cf_historical,2.0084515945582524
