Key,Value
historical,11270832.457463168
ssp126,11345266.977074862
ssp370,11336971.51469469
ssp585,11317817.44868956
historical_percentage_change_cf_historical,0.0
ssp126_percentage_change_cf_historical,0.6604172308710514
ssp370_percentage_change_cf_historical,0.5868160801887178
ssp585_percentage_change_cf_historical,0.41687241296254013
