Key,Value
historical,5783309.9493255615
ssp126,5798312.003951338
ssp370,5821220.889450034
ssp585,5816186.2574432995
historical_percentage_change_cf_historical,0.0
ssp126_percentage_change_cf_historical,0.2594025697606975
ssp370_percentage_change_cf_historical,0.6555232290272408
ssp585_percentage_change_cf_historical,0.5684687212998495
