Key,Value
historical,5738598.723171955
ssp126,5794511.619692233
ssp370,5809058.328267544
ssp585,5812837.278972386
historical_percentage_change_cf_historical,0.0
ssp126_percentage_change_cf_historical,0.9743301321018853
ssp370_percentage_change_cf_historical,1.2278189937044899
ssp585_percentage_change_cf_historical,1.2936704478161658
