Key,Value
historical,11069160.13018534
ssp126,11118042.56264753
ssp370,11122788.928355418
ssp585,11157189.58096868
historical_percentage_change_cf_historical,0.0
ssp126_percentage_change_cf_historical,0.44160922678216535
ssp370_percentage_change_cf_historical,0.48448841230360445
ssp585_percentage_change_cf_historical,0.7952676603104333
