Key,Value
historical,11305018.238831967
ssp126,11414592.474811193
ssp370,11450382.342411265
ssp585,11472301.31216064
historical_percentage_change_cf_historical,0.0
ssp126_percentage_change_cf_historical,0.9692530667738816
ssp370_percentage_change_cf_historical,1.2858369664542588
ssp585_percentage_change_cf_historical,1.4797240463891161
