Key,Value
historical,11236666.823383614
ssp126,11291963.897243056
ssp370,11303635.705797521
ssp585,11302826.493199501
historical_percentage_change_cf_historical,0.0
ssp126_percentage_change_cf_historical,0.49211278334219427
ssp370_percentage_change_cf_historical,0.5959852994354525
ssp585_percentage_change_cf_historical,0.5887837635107934
