Key,Value
historical,11290999.596947595
ssp126,11339030.98533227
ssp370,11342807.879299618
ssp585,11366678.187377058
historical_percentage_change_cf_historical,0.0
ssp126_percentage_change_cf_historical,0.42539536001452455
ssp370_percentage_change_cf_historical,0.45884584360474745
ssp585_percentage_change_cf_historical,0.6702558952346558
