Key,Value
historical,10683972.887712624
ssp126,10750624.20973243
ssp370,10782948.20556658
ssp585,10784925.87108292
historical_percentage_change_cf_historical,0.0
ssp126_percentage_change_cf_historical,0.623843983135339
ssp370_percentage_change_cf_historical,0.9263905748748638
ssp585_percentage_change_cf_historical,0.9449011564452791
