Key,Value
historical,11526376.915173579
ssp126,11586831.912193822
ssp370,11617016.627923347
ssp585,11633952.778879793
historical_percentage_change_cf_historical,0.0
ssp126_percentage_change_cf_historical,0.5244926264788239
ssp370_percentage_change_cf_historical,0.7863677668777941
ssp585_percentage_change_cf_historical,0.933301630667648
