Key,Value
historical,5778642.459042117
ssp126,5875336.822184086
ssp370,5920947.0763717
ssp585,5913001.976694584
historical_percentage_change_cf_historical,0.0
ssp126_percentage_change_cf_historical,1.6733058642634409
ssp370_percentage_change_cf_historical,2.4625959875214596
ssp585_percentage_change_cf_historical,2.3251052233250418
