Key,Value
historical,11201976.046481598
ssp126,11259780.792697651
ssp370,11263450.108649757
ssp585,11283430.594513008
historical_percentage_change_cf_historical,0.0
ssp126_percentage_change_cf_historical,0.5160227622001468
ssp370_percentage_change_cf_historical,0.5487787325475207
ssp585_percentage_change_cf_historical,0.7271444582047117
