Key,Value
historical,11297949.83015209
ssp126,11564955.205430664
ssp370,11639074.942157518
ssp585,11663005.61640027
historical_percentage_change_cf_historical,0.0
ssp126_percentage_change_cf_historical,2.363308204520316
ssp370_percentage_change_cf_historical,3.0193541052468573
ssp585_percentage_change_cf_historical,3.231168413174524
