Key,Value
historical,10986306.028179636
ssp126,11059555.50316098
ssp370,10982395.92276473
ssp585,10978390.744812079
historical_percentage_change_cf_historical,0.0
ssp126_percentage_change_cf_historical,0.6667343399452014
ssp370_percentage_change_cf_historical,-0.03559071998246892
ssp585_percentage_change_cf_historical,-0.07204681307124453
