Key,Value
historical,10969747.68065011
ssp126,11043225.671914699
ssp370,11071575.360379132
ssp585,10975082.821190828
historical_percentage_change_cf_historical,0.0
ssp126_percentage_change_cf_historical,0.6698238957145689
ssp370_percentage_change_cf_historical,0.9282590875689803
ssp585_percentage_change_cf_historical,0.048635034241761625
