Key,Value
historical,11252087.53486888
ssp126,11270442.55368454
ssp370,11294707.6700223
ssp585,11303037.792925935
historical_percentage_change_cf_historical,0.0
ssp126_percentage_change_cf_historical,0.16312545346613092
ssp370_percentage_change_cf_historical,0.3787753607616857
ssp585_percentage_change_cf_historical,0.4528071604417155
