Key,Value
historical,11246740.695977129
ssp126,11310930.08658636
ssp370,11312679.908111107
ssp585,11316552.607250137
historical_percentage_change_cf_historical,0.0
ssp126_percentage_change_cf_historical,0.5707377127685613
ssp370_percentage_change_cf_historical,0.5862961894156901
ssp585_percentage_change_cf_historical,0.6207301578312319
