Key,Value
historical,11301736.84029713
ssp126,11413140.976347705
ssp370,11415175.119973322
ssp585,11402070.271119902
historical_percentage_change_cf_historical,0.0
ssp126_percentage_change_cf_historical,0.9857258014834964
ssp370_percentage_change_cf_historical,1.0037243060882413
ssp585_percentage_change_cf_historical,0.8877700148266168
