Key,Value
historical,5738878.847407817
ssp126,5778578.446934659
ssp370,5786086.085113065
ssp585,5773982.929070434
historical_percentage_change_cf_historical,0.0
ssp126_percentage_change_cf_historical,0.6917657713714231
ssp370_percentage_change_cf_historical,0.822586413835367
ssp585_percentage_change_cf_historical,0.6116888436924014
