Key,Value
historical,11117691.916116603
ssp126,11181354.697115965
ssp370,11190959.59497961
ssp585,11218080.971168388
historical_percentage_change_cf_historical,0.0
ssp126_percentage_change_cf_historical,0.5726258784620091
ssp370_percentage_change_cf_historical,0.659018791092746
ssp585_percentage_change_cf_historical,0.9029666931699862
