Key,Value
historical,11561663.207341246
ssp126,11613757.206792444
ssp370,11641170.962709058
ssp585,11671160.027391082
historical_percentage_change_cf_historical,0.0
ssp126_percentage_change_cf_historical,0.45057530665760825
ssp370_percentage_change_cf_historical,0.6876844096040365
ssp585_percentage_change_cf_historical,0.9470680652616551
