Key,Value
historical,11299461.914234746
ssp126,11366194.665689178
ssp370,11387417.887375373
ssp585,11423713.52196923
historical_percentage_change_cf_historical,0.0
ssp126_percentage_change_cf_historical,0.590583445131697
ssp370_percentage_change_cf_historical,0.7784085101417322
ssp585_percentage_change_cf_historical,1.0996241119938277
