Key,Value
historical,7979589.432133932
ssp126,7980052.605713397
ssp370,8022147.345258202
ssp585,8049056.447026298
historical_percentage_change_cf_historical,0.0
ssp126_percentage_change_cf_historical,0.005804478831960835
ssp370_percentage_change_cf_historical,0.5333346218652473
ssp585_percentage_change_cf_historical,0.8705587609886538
