Key,Value
historical,11503020.75201666
ssp126,11595527.64448142
ssp370,11622976.03042991
ssp585,11649286.54311435
historical_percentage_change_cf_historical,0.0
ssp126_percentage_change_cf_historical,0.8041965189756158
ssp370_percentage_change_cf_historical,1.042815456907013
ssp585_percentage_change_cf_historical,1.2715424430756306
