Key,Value
historical,5535759.811417206
ssp126,5586905.671660043
ssp370,5593855.978668198
ssp585,5636927.455639863
historical_percentage_change_cf_historical,0.0
ssp126_percentage_change_cf_historical,0.923917618993359
ssp370_percentage_change_cf_historical,1.0494705194970992
ssp585_percentage_change_cf_historical,1.82752951119744
