Key,Value
historical,11324702.47741171
ssp126,11377578.107282426
ssp370,11375440.779525466
ssp585,11380814.660114668
historical_percentage_change_cf_historical,0.0
ssp126_percentage_change_cf_historical,0.4669052452034161
ssp370_percentage_change_cf_historical,0.4480320981055293
ssp585_percentage_change_cf_historical,0.49548482898230783
