Key,Value
historical,11334768.250355918
ssp126,11383679.88604338
ssp370,11393264.742518619
ssp585,11360453.846341353
historical_percentage_change_cf_historical,0.0
ssp126_percentage_change_cf_historical,0.4315186213527151
ssp370_percentage_change_cf_historical,0.5160801780033211
ssp585_percentage_change_cf_historical,0.22660892060698645
