Key,Value
historical,11314823.228455905
ssp126,11389487.061683822
ssp370,11402186.644424774
ssp585,11400999.613211997
historical_percentage_change_cf_historical,0.0
ssp126_percentage_change_cf_historical,0.6598762677983673
ssp370_percentage_change_cf_historical,0.7721147224744673
ssp585_percentage_change_cf_historical,0.7616237833867792
