Key,Value
historical,10578308.25305034
ssp126,10677131.087579234
ssp370,10736824.575801868
ssp585,10734322.348172303
historical_percentage_change_cf_historical,0.0
ssp126_percentage_change_cf_historical,0.9342026358552832
ssp370_percentage_change_cf_historical,1.4985035315625086
ssp585_percentage_change_cf_historical,1.4748492045216686
