Key,Value
historical,11240165.84768406
ssp126,11295727.285201207
ssp370,11329104.006791562
ssp585,11303740.173104448
historical_percentage_change_cf_historical,0.0
ssp126_percentage_change_cf_historical,0.49431154548840994
ssp370_percentage_change_cf_historical,0.7912530856991536
ssp585_percentage_change_cf_historical,0.5655995319098241
