Key,Value
historical,8202645.738710744
ssp126,8253299.623227768
ssp370,8257576.9228343265
ssp585,8264355.642858729
historical_percentage_change_cf_historical,0.0
ssp126_percentage_change_cf_historical,0.6175310519381871
ssp370_percentage_change_cf_historical,0.6696764175044825
ssp585_percentage_change_cf_historical,0.7523170707806741
