Key,Value
historical,11267472.416353557
ssp126,11339450.769954849
ssp370,11364880.477072302
ssp585,11400833.291100789
historical_percentage_change_cf_historical,0.0
ssp126_percentage_change_cf_historical,0.6388154409574833
ssp370_percentage_change_cf_historical,0.864506759984319
ssp585_percentage_change_cf_historical,1.1835917570445724
