Key,Value
historical,11281182.000596318
ssp126,11326390.855963156
ssp370,11368300.864099897
ssp585,11375972.700257562
historical_percentage_change_cf_historical,0.0
ssp126_percentage_change_cf_historical,0.40074573182533096
ssp370_percentage_change_cf_historical,0.772249428286628
ssp585_percentage_change_cf_historical,0.8402550340578949
