Key,Value
historical,11238416.954512507
ssp126,11296472.65358501
ssp370,11324678.547204869
ssp585,11333528.375746002
historical_percentage_change_cf_historical,0.0
ssp126_percentage_change_cf_historical,0.5165825338878509
ssp370_percentage_change_cf_historical,0.767559995696066
ssp585_percentage_change_cf_historical,0.8463062157104437
