Key,Value
historical,11368090.290091751
ssp126,11417876.6777006
ssp370,11431153.594671216
ssp585,11403149.224755162
historical_percentage_change_cf_historical,0.0
ssp126_percentage_change_cf_historical,0.43794855897864876
ssp370_percentage_change_cf_historical,0.554739652573218
ssp585_percentage_change_cf_historical,0.30839774991906993
