Key,Value
historical,11240165.84768406
ssp126,11269566.283602167
ssp370,11304196.383484349
ssp585,11283056.94925246
historical_percentage_change_cf_historical,0.0
ssp126_percentage_change_cf_historical,0.26156585513518327
ssp370_percentage_change_cf_historical,0.5696582832314908
ssp585_percentage_change_cf_historical,0.3815877999454804
