Key,Value
historical,11052440.927003328
ssp126,11121905.181486107
ssp370,11087812.478151228
ssp585,11136790.272892548
historical_percentage_change_cf_historical,0.0
ssp126_percentage_change_cf_historical,0.6284969532211166
ssp370_percentage_change_cf_historical,0.3200338403210166
ssp585_percentage_change_cf_historical,0.7631739128606213
