Key,Value
historical,10697273.756924966
ssp126,10764272.950965524
ssp370,10801675.031424636
ssp585,10841773.51182964
historical_percentage_change_cf_historical,0.0
ssp126_percentage_change_cf_historical,0.6263202715288547
ssp370_percentage_change_cf_historical,0.975961510119199
ssp585_percentage_change_cf_historical,1.3508091705246983
