Key,Value
historical,11318792.73957299
ssp126,11318288.220689056
ssp370,11333064.388320146
ssp585,11322201.408619298
historical_percentage_change_cf_historical,0.0
ssp126_percentage_change_cf_historical,-0.0044573559702205294
ssp370_percentage_change_cf_historical,0.12608808267385813
ssp585_percentage_change_cf_historical,0.030115129101971498
