Key,Value
historical,5768262.461575945
ssp126,5827932.446994696
ssp370,5845996.356290499
ssp585,5881034.199228407
historical_percentage_change_cf_historical,0.0
ssp126_percentage_change_cf_historical,1.034453369905233
ssp370_percentage_change_cf_historical,1.347613691858886
ssp585_percentage_change_cf_historical,1.9550382529170085
