Key,Value
historical,11513179.542884579
ssp126,11537961.101126516
ssp370,11553726.902953409
ssp585,11549570.036195483
historical_percentage_change_cf_historical,0.0
ssp126_percentage_change_cf_historical,0.215245129719643
ssp370_percentage_change_cf_historical,0.3521821223911076
ssp585_percentage_change_cf_historical,0.31607683329662245
