Key,Value
historical,11375326.499208787
ssp126,11457099.943458568
ssp370,11491355.32844202
ssp585,11465455.040787287
historical_percentage_change_cf_historical,0.0
ssp126_percentage_change_cf_historical,0.7188667881793864
ssp370_percentage_change_cf_historical,1.0200043861712742
ssp585_percentage_change_cf_historical,0.7923160850351725
