Key,Value
historical,5755499.099221476
ssp126,5879347.11883938
ssp370,5930099.914275448
ssp585,6010459.567153126
historical_percentage_change_cf_historical,0.0
ssp126_percentage_change_cf_historical,2.151820675893363
ssp370_percentage_change_cf_historical,3.0336346517296655
ssp585_percentage_change_cf_historical,4.42985853244486
