Key,Value
historical,11364124.017260643
ssp126,11473014.010555381
ssp370,11518189.230243359
ssp585,11566757.629395295
historical_percentage_change_cf_historical,0.0
ssp126_percentage_change_cf_historical,0.9581908216537266
ssp370_percentage_change_cf_historical,1.3557156957167205
ssp585_percentage_change_cf_historical,1.7830992677207484
