Key,Value
historical,11527868.871650886
ssp126,11668449.86087446
ssp370,11659064.95898088
ssp585,11783837.367543183
historical_percentage_change_cf_historical,0.0
ssp126_percentage_change_cf_historical,1.2194881013028127
ssp370_percentage_change_cf_historical,1.1380775474695914
ssp585_percentage_change_cf_historical,2.2204320568025397
