Key,Value
historical,11337167.744894022
ssp126,11411113.191679798
ssp370,11435386.905469019
ssp585,11466865.025324188
historical_percentage_change_cf_historical,0.0
ssp126_percentage_change_cf_historical,0.6522391522263498
ssp370_percentage_change_cf_historical,0.8663465407330883
ssp585_percentage_change_cf_historical,1.144000718244453
