Key,Value
historical,8728155.066809399
ssp126,8790963.331753718
ssp370,8800881.528307881
ssp585,8783044.568366252
historical_percentage_change_cf_historical,0.0
ssp126_percentage_change_cf_historical,0.719605282715015
ssp370_percentage_change_cf_historical,0.8332397962891316
ssp585_percentage_change_cf_historical,0.6288786248262411
