Key,Value
historical,8678082.42974751
ssp126,8743980.568741564
ssp370,8765465.453288293
ssp585,8779575.76116313
historical_percentage_change_cf_historical,0.0
ssp126_percentage_change_cf_historical,0.7593629068117795
ssp370_percentage_change_cf_historical,1.0069393123213768
ssp585_percentage_change_cf_historical,1.1695363836106436
