Key,Value
historical,5541155.868785476
ssp126,5587144.586277649
ssp370,5617315.659477535
ssp585,5628563.341924325
historical_percentage_change_cf_historical,0.0
ssp126_percentage_change_cf_historical,0.8299480935238952
ssp370_percentage_change_cf_historical,1.3744387000748866
ssp585_percentage_change_cf_historical,1.5774231082585755
