Key,Value
historical,11224328.680774476
ssp126,11296426.786711011
ssp370,11311555.905066863
ssp585,11302565.207430726
historical_percentage_change_cf_historical,0.0
ssp126_percentage_change_cf_historical,0.6423378002109605
ssp370_percentage_change_cf_historical,0.7771264257593681
ssp585_percentage_change_cf_historical,0.6970263334345911
