Key,Value
historical,11255449.89633353
ssp126,11332823.644463416
ssp370,11344514.979624728
ssp585,11369626.650700383
historical_percentage_change_cf_historical,0.0
ssp126_percentage_change_cf_historical,0.6874336329735712
ssp370_percentage_change_cf_historical,0.7913062926095047
ssp585_percentage_change_cf_historical,1.014413065834405
