Key,Value
historical,5717467.725475159
ssp126,5762686.292264074
ssp370,5804249.316624426
ssp585,5802537.010705083
historical_percentage_change_cf_historical,0.0
ssp126_percentage_change_cf_historical,0.7908845132161649
ssp370_percentage_change_cf_historical,1.5178326370361037
ssp585_percentage_change_cf_historical,1.4878839604268046
