Key,Value
historical,11235704.375072982
ssp126,11282784.98291406
ssp370,11291223.356905943
ssp585,11271696.165261723
historical_percentage_change_cf_historical,0.0
ssp126_percentage_change_cf_historical,0.41902675853174876
ssp370_percentage_change_cf_historical,0.49412996265843806
ssp585_percentage_change_cf_historical,0.32033407953123677
