Key,Value
historical,11269737.181999216
ssp126,11289359.130213682
ssp370,11294066.206319807
ssp585,11323254.706272747
historical_percentage_change_cf_historical,0.0
ssp126_percentage_change_cf_historical,0.17411185281061614
ssp370_percentage_change_cf_historical,0.21587925190883067
ssp585_percentage_change_cf_historical,0.47487819289178557
