Key,Value
historical,11229157.530896507
ssp126,11267650.59591689
ssp370,11276042.369342783
ssp585,11290760.370370265
historical_percentage_change_cf_historical,0.0
ssp126_percentage_change_cf_historical,0.3427956631160487
ssp370_percentage_change_cf_historical,0.4175276579500715
ssp585_percentage_change_cf_historical,0.54859716149017
