Key,Value
historical,11297426.26842992
ssp126,11367405.131852398
ssp370,11379770.632777318
ssp585,11376404.039008653
historical_percentage_change_cf_historical,0.0
ssp126_percentage_change_cf_historical,0.6194230593744168
ssp370_percentage_change_cf_historical,0.7288772007966575
ssp585_percentage_change_cf_historical,0.6990775483034756
