Key,Value
historical,8165934.4910280295
ssp126,8220937.524852948
ssp370,8259179.652578911
ssp585,8268027.13221869
historical_percentage_change_cf_historical,0.0
ssp126_percentage_change_cf_historical,0.6735669247083848
ssp370_percentage_change_cf_historical,1.141879862657856
ssp585_percentage_change_cf_historical,1.2502260617303518
