Key,Value
historical,11406743.47877863
ssp126,11424271.741212301
ssp370,11424561.691193141
ssp585,11437805.394528098
historical_percentage_change_cf_historical,0.0
ssp126_percentage_change_cf_historical,0.1536657895943785
ssp370_percentage_change_cf_historical,0.15620770685042548
ssp585_percentage_change_cf_historical,0.2723118636555316
