Key,Value
historical,8464260.261670612
ssp126,8637627.038940566
ssp370,8598093.675314412
ssp585,8576734.226878855
historical_percentage_change_cf_historical,0.0
ssp126_percentage_change_cf_historical,2.048221249233374
ssp370_percentage_change_cf_historical,1.5811590086596026
ssp585_percentage_change_cf_historical,1.3288103358254288
