Key,Value
historical,8217253.081010344
ssp126,8252349.9714310635
ssp370,8256014.993192116
ssp585,8291432.248138296
historical_percentage_change_cf_historical,0.0
ssp126_percentage_change_cf_historical,0.42711220008333667
ssp370_percentage_change_cf_historical,0.4717137442358709
ssp585_percentage_change_cf_historical,0.9027246258165795
