Key,Value
historical,11324697.127146643
ssp126,11385563.01398639
ssp370,11396679.206902947
ssp585,11412348.227669898
historical_percentage_change_cf_historical,0.0
ssp126_percentage_change_cf_historical,0.5374614981432455
ssp370_percentage_change_cf_historical,0.6356203521218686
ssp585_percentage_change_cf_historical,0.7739818516924897
