Key,Value
historical,5750138.329056241
ssp126,5802180.276020629
ssp370,5779518.256457359
ssp585,5776930.667558745
historical_percentage_change_cf_historical,0.0
ssp126_percentage_change_cf_historical,0.905055565383768
ssp370_percentage_change_cf_historical,0.510942967278842
ssp585_percentage_change_cf_historical,0.46594250380236174
