Key,Value
historical,11244751.055145765
ssp126,11346785.971395854
ssp370,11333293.190036267
ssp585,11327817.184848454
historical_percentage_change_cf_historical,0.0
ssp126_percentage_change_cf_historical,0.9074004017491921
ssp370_percentage_change_cf_historical,0.7874085825135642
ssp585_percentage_change_cf_historical,0.7387102595275049
