Key,Value
historical,11501492.047269318
ssp126,11552507.427456426
ssp370,11578240.094407817
ssp585,11587087.984108007
historical_percentage_change_cf_historical,0.0
ssp126_percentage_change_cf_historical,0.4435544534347551
ssp370_percentage_change_cf_historical,0.6672877468686387
ssp585_percentage_change_cf_historical,0.7442159372619007
