Key,Value
historical,11501492.047269318
ssp126,11534402.526620865
ssp370,11545305.236020043
ssp585,11579741.218506351
historical_percentage_change_cf_historical,0.0
ssp126_percentage_change_cf_historical,0.2861409564627766
ssp370_percentage_change_cf_historical,0.3809348262874064
ssp585_percentage_change_cf_historical,0.6803393065477167
