Key,Value
historical,10937665.460995138
ssp126,11018392.839342218
ssp370,11038400.86231595
ssp585,10980172.256140197
historical_percentage_change_cf_historical,0.0
ssp126_percentage_change_cf_historical,0.7380677223577783
ssp370_percentage_change_cf_historical,0.9209954508121155
ssp585_percentage_change_cf_historical,0.3886276765059481
