Key,Value
historical,5744610.914468624
ssp126,5764048.999568034
ssp370,5781850.684788788
ssp585,5800170.520855613
historical_percentage_change_cf_historical,0.0
ssp126_percentage_change_cf_historical,0.3383707859213349
ssp370_percentage_change_cf_historical,0.6482557456827991
ssp585_percentage_change_cf_historical,0.9671604781283715
