Key,Value
historical,11089581.962990552
ssp126,11149024.498600287
ssp370,11136183.49979867
ssp585,11215429.010195144
historical_percentage_change_cf_historical,0.0
ssp126_percentage_change_cf_historical,0.5360214281125631
ssp370_percentage_change_cf_historical,0.4202280749954535
ssp585_percentage_change_cf_historical,1.1348222829731798
