Key,Value
historical,5710271.135071706
ssp126,5758223.6189917885
ssp370,5795463.167049555
ssp585,5799092.13839554
historical_percentage_change_cf_historical,0.0
ssp126_percentage_change_cf_historical,0.8397584420390274
ssp370_percentage_change_cf_historical,1.491908702103675
ssp585_percentage_change_cf_historical,1.555460348954499
