Key,Value
historical,11284527.35114466
ssp126,11332407.235785052
ssp370,11357636.829035712
ssp585,11343176.529544953
historical_percentage_change_cf_historical,0.0
ssp126_percentage_change_cf_historical,0.42429676627559554
ssp370_percentage_change_cf_historical,0.6478736380893807
ssp585_percentage_change_cf_historical,0.5197309251445417
