Key,Value
historical,11581522.492085516
ssp126,11716388.613714665
ssp370,11761139.722312305
ssp585,11829963.94238739
historical_percentage_change_cf_historical,0.0
ssp126_percentage_change_cf_historical,1.164493888617083
ssp370_percentage_change_cf_historical,1.5508948011760455
ssp585_percentage_change_cf_historical,2.145153631326557
