Key,Value
historical,5742968.93224683
ssp126,5794956.493942894
ssp370,5788461.949509211
ssp585,5788318.976731306
historical_percentage_change_cf_historical,0.0
ssp126_percentage_change_cf_historical,0.9052384282309631
ssp370_percentage_change_cf_historical,0.7921515473806031
ssp585_percentage_change_cf_historical,0.7896620201066151
