Key,Value
historical,11324692.653853597
ssp126,11390295.69691311
ssp370,11388948.519185983
ssp585,11356536.82441286
historical_percentage_change_cf_historical,0.0
ssp126_percentage_change_cf_historical,0.5792920396580422
ssp370_percentage_change_cf_historical,0.5673961077479693
ssp585_percentage_change_cf_historical,0.28119236020437904
