Key,Value
historical,11295450.434456296
ssp126,11313576.854981367
ssp370,11317699.939109318
ssp585,11296553.7913682
historical_percentage_change_cf_historical,0.0
ssp126_percentage_change_cf_historical,0.16047541114231617
ssp370_percentage_change_cf_historical,0.19697757767278157
ssp585_percentage_change_cf_historical,0.009768153278221677
