Key,Value
historical,11290509.514365358
ssp126,11337861.438129146
ssp370,11338323.012407245
ssp585,11355049.185175128
historical_percentage_change_cf_historical,0.0
ssp126_percentage_change_cf_historical,0.41939580940558674
ssp370_percentage_change_cf_historical,0.4234839710382587
ssp585_percentage_change_cf_historical,0.5716276198842368
