Key,Value
historical,11463344.377488352
ssp126,11540116.613644775
ssp370,11530557.882393759
ssp585,11548883.355332255
historical_percentage_change_cf_historical,0.0
ssp126_percentage_change_cf_historical,0.6697193561347377
ssp370_percentage_change_cf_historical,0.5863341682153409
ssp585_percentage_change_cf_historical,0.7461956565824188
