Key,Value
historical,11513833.428435251
ssp126,11626515.852790106
ssp370,11687345.036117341
ssp585,11725217.000780333
historical_percentage_change_cf_historical,0.0
ssp126_percentage_change_cf_historical,0.978669919581846
ssp370_percentage_change_cf_historical,1.506983827415599
ssp585_percentage_change_cf_historical,1.8359095922217894
