Key,Value
historical,10908264.846961526
ssp126,11013801.92244645
ssp370,11074964.023392845
ssp585,11068111.40050397
historical_percentage_change_cf_historical,0.0
ssp126_percentage_change_cf_historical,0.967496453061654
ssp370_percentage_change_cf_historical,1.528191502223678
ssp585_percentage_change_cf_historical,1.4653710354948835
