Key,Value
historical,11100689.377438763
ssp126,11131306.881800218
ssp370,11150449.131943073
ssp585,11098874.085085867
historical_percentage_change_cf_historical,0.0
ssp126_percentage_change_cf_historical,0.2758162427613005
ssp370_percentage_change_cf_historical,0.44825823705546225
ssp585_percentage_change_cf_historical,-0.016352969542464776
