Key,Value
historical,11008125.940679554
ssp126,11093090.01850577
ssp370,11085277.251532767
ssp585,11090242.354502503
historical_percentage_change_cf_historical,0.0
ssp126_percentage_change_cf_historical,0.7718305394039834
ssp370_percentage_change_cf_historical,0.7008578142089312
ssp585_percentage_change_cf_historical,0.7459617946365875
