Key,Value
historical,5810333.441068158
ssp126,5799855.040770223
ssp370,5821425.989990723
ssp585,5827583.0529665705
historical_percentage_change_cf_historical,0.0
ssp126_percentage_change_cf_historical,-0.180340773971276
ssp370_percentage_change_cf_historical,0.1909107116669459
ssp585_percentage_change_cf_historical,0.29687817529525123
