Key,Value
historical,11288017.671161838
ssp126,11363486.58653411
ssp370,11445127.132345848
ssp585,11442825.129308296
historical_percentage_change_cf_historical,0.0
ssp126_percentage_change_cf_historical,0.6685754538201851
ssp370_percentage_change_cf_historical,1.3918250817890432
ssp585_percentage_change_cf_historical,1.3714317487467635
