Key,Value
historical,5806798.93123474
ssp126,5847153.048384115
ssp370,5838399.647800967
ssp585,5876710.644567065
historical_percentage_change_cf_historical,0.0
ssp126_percentage_change_cf_historical,0.6949460042831999
ssp370_percentage_change_cf_historical,0.544202011132972
ssp585_percentage_change_cf_historical,1.2039630467704072
