Key,Value
historical,11358151.1304749
ssp126,11450264.54478998
ssp370,11473310.049375853
ssp585,11528617.605207276
historical_percentage_change_cf_historical,0.0
ssp126_percentage_change_cf_historical,0.810989511029926
ssp370_percentage_change_cf_historical,1.013887890538544
ssp585_percentage_change_cf_historical,1.500829428787917
