Key,Value
historical,11315173.094860524
ssp126,11417032.553004283
ssp370,11425414.347591186
ssp585,11386043.757016504
historical_percentage_change_cf_historical,0.0
ssp126_percentage_change_cf_historical,0.9002023856800317
ssp370_percentage_change_cf_historical,0.974278093728277
ssp585_percentage_change_cf_historical,0.6263329916549882
