Key,Value
historical,5513321.390076006
ssp126,5600484.275471567
ssp370,5599109.82146641
ssp585,5652951.681141033
historical_percentage_change_cf_historical,0.0
ssp126_percentage_change_cf_historical,1.5809505600826173
ssp370_percentage_change_cf_historical,1.5560208687420833
ssp585_percentage_change_cf_historical,2.532598431797608
