Key,Value
historical,5769685.7636341015
ssp126,5785025.610480592
ssp370,5769253.962371434
ssp585,5809169.039059909
historical_percentage_change_cf_historical,0.0
ssp126_percentage_change_cf_historical,0.26586971067256515
ssp370_percentage_change_cf_historical,-0.007483964991456099
ssp585_percentage_change_cf_historical,0.6843228044526741
