Key,Value
historical,11305912.622091198
ssp126,11363030.471592918
ssp370,11373276.03133519
ssp585,11373726.851393852
historical_percentage_change_cf_historical,0.0
ssp126_percentage_change_cf_historical,0.5052033516526053
ssp370_percentage_change_cf_historical,0.5958246051925681
ssp585_percentage_change_cf_historical,0.5998120768256103
