Key,Value
historical,10992133.413546097
ssp126,11103247.148734987
ssp370,11063363.794967782
ssp585,11100425.69899914
historical_percentage_change_cf_historical,0.0
ssp126_percentage_change_cf_historical,1.010847767294744
ssp370_percentage_change_cf_historical,0.6480123442998321
ssp585_percentage_change_cf_historical,0.9851798679916899
