Key,Value
historical,11308587.638415426
ssp126,11373137.311530035
ssp370,11364354.020017583
ssp585,11352967.12498368
historical_percentage_change_cf_historical,0.0
ssp126_percentage_change_cf_historical,0.5708022538140205
ssp370_percentage_change_cf_historical,0.49313303646087286
ssp585_percentage_change_cf_historical,0.39244057690719725
