Key,Value
historical,5744610.914468624
ssp126,5767498.534465581
ssp370,5789799.295575809
ssp585,5800528.0054321475
historical_percentage_change_cf_historical,0.0
ssp126_percentage_change_cf_historical,0.3984189762845685
ssp370_percentage_change_cf_historical,0.7866221364683139
ssp585_percentage_change_cf_historical,0.9733834335531523
