Key,Value
historical,11263441.932871979
ssp126,11281777.00607382
ssp370,11308128.804003753
ssp585,11315833.142339565
historical_percentage_change_cf_historical,0.0
ssp126_percentage_change_cf_historical,0.16278392796015972
ssp370_percentage_change_cf_historical,0.39674258897146614
ssp585_percentage_change_cf_historical,0.46514386792090734
