Key,Value
historical,7951917.256317545
ssp126,7985238.933780889
ssp370,7959780.034585052
ssp585,8021155.749387652
historical_percentage_change_cf_historical,0.0
ssp126_percentage_change_cf_historical,0.419039539638963
ssp370_percentage_change_cf_historical,0.09887902519685696
ssp585_percentage_change_cf_historical,0.8707144558766526
