Key,Value
historical,9157905.520427002
ssp126,9233600.567232013
ssp370,9253719.508165574
ssp585,9252826.345330222
historical_percentage_change_cf_historical,0.0
ssp126_percentage_change_cf_historical,0.8265541355080688
ssp370_percentage_change_cf_historical,1.0462434617266567
ssp585_percentage_change_cf_historical,1.0364905456984241
