Key,Value
historical,11403988.940017221
ssp126,11499341.322267583
ssp370,11537895.758227848
ssp585,11563856.280900605
historical_percentage_change_cf_historical,0.0
ssp126_percentage_change_cf_historical,0.8361318373061939
ssp370_percentage_change_cf_historical,1.1742103479313248
ssp585_percentage_change_cf_historical,1.4018545767121913
