Key,Value
historical,11360484.00265242
ssp126,11497513.045260523
ssp370,11471042.856054952
ssp585,11499428.66890546
historical_percentage_change_cf_historical,0.0
ssp126_percentage_change_cf_historical,1.2061901814756268
ssp370_percentage_change_cf_historical,0.9731878798184972
ssp585_percentage_change_cf_historical,1.2230523472468173
