Key,Value
historical,5705813.955094285
ssp126,5733528.199071266
ssp370,5717275.242483374
ssp585,5771547.653386015
historical_percentage_change_cf_historical,0.0
ssp126_percentage_change_cf_historical,0.4857193766760747
ssp370_percentage_change_cf_historical,0.20087033119710315
ssp585_percentage_change_cf_historical,1.1520476974725322
