Key,Value
historical,11331346.446102306
ssp126,11453629.963898467
ssp370,11473386.224000584
ssp585,11496644.500651546
historical_percentage_change_cf_historical,0.0
ssp126_percentage_change_cf_historical,1.079161407497368
ssp370_percentage_change_cf_historical,1.253511915586485
ssp585_percentage_change_cf_historical,1.4587679878598885
