Key,Value
historical,11241011.458643857
ssp126,11344154.60755782
ssp370,11389199.641109783
ssp585,11474680.594948994
historical_percentage_change_cf_historical,0.0
ssp126_percentage_change_cf_historical,0.9175611046517534
ssp370_percentage_change_cf_historical,1.318281571112317
ssp585_percentage_change_cf_historical,2.0787198479853433
