Key,Value
historical,11326336.255837042
ssp126,11357926.291580308
ssp370,11388812.642083868
ssp585,11407106.380120672
historical_percentage_change_cf_historical,0.0
ssp126_percentage_change_cf_historical,0.2789078041629426
ssp370_percentage_change_cf_historical,0.5516027851868623
ssp585_percentage_change_cf_historical,0.7131178384537666
