Key,Value
historical,11336431.484311644
ssp126,11397977.39231598
ssp370,11402797.868550165
ssp585,11387799.96189528
historical_percentage_change_cf_historical,0.0
ssp126_percentage_change_cf_historical,0.5429037178896087
ssp370_percentage_change_cf_historical,0.5854257076432237
ssp585_percentage_change_cf_historical,0.4531274030520437
