Key,Value
historical,11286898.525134815
ssp126,11322025.941637732
ssp370,11344501.333465127
ssp585,11328277.8683777
historical_percentage_change_cf_historical,0.0
ssp126_percentage_change_cf_historical,0.31122293183279603
ssp370_percentage_change_cf_historical,0.5103510783058479
ssp585_percentage_change_cf_historical,0.3666139387249545
