Key,Value
historical,10954992.837936217
ssp126,11019606.342666533
ssp370,11016097.986890975
ssp585,10995095.413787397
historical_percentage_change_cf_historical,0.0
ssp126_percentage_change_cf_historical,0.5898087354887606
ssp370_percentage_change_cf_historical,0.5577835591380438
ssp585_percentage_change_cf_historical,0.36606665512649006
