Key,Value
historical,11331453.155411653
ssp126,11429719.6642529
ssp370,11451372.202485997
ssp585,11439682.680802258
historical_percentage_change_cf_historical,0.0
ssp126_percentage_change_cf_historical,0.8672012979581214
ssp370_percentage_change_cf_historical,1.0582848062790016
ssp585_percentage_change_cf_historical,0.9551248538579227
