Key,Value
historical,11233326.543469384
ssp126,11300109.002307605
ssp370,11296205.613317313
ssp585,11311932.577334583
historical_percentage_change_cf_historical,0.0
ssp126_percentage_change_cf_historical,0.5945029602744468
ssp370_percentage_change_cf_historical,0.559754669327972
ssp585_percentage_change_cf_historical,0.699757400989086
