Key,Value
historical,11020499.03191783
ssp126,11089398.014648287
ssp370,11066063.837653812
ssp585,11132204.776830941
historical_percentage_change_cf_historical,0.0
ssp126_percentage_change_cf_historical,0.6251893179329613
ssp370_percentage_change_cf_historical,0.4134550132803898
ssp585_percentage_change_cf_historical,1.01361784606655
