Key,Value
historical,11563518.616565226
ssp126,11720008.639334323
ssp370,11883663.66491773
ssp585,11856395.667552145
historical_percentage_change_cf_historical,0.0
ssp126_percentage_change_cf_historical,1.3533080021587782
ssp370_percentage_change_cf_historical,2.768578137573826
ssp585_percentage_change_cf_historical,2.532767583107108
