Key,Value
historical,11527116.968167335
ssp126,11742419.26056971
ssp370,11714619.069320299
ssp585,11735809.70672213
historical_percentage_change_cf_historical,0.0
ssp126_percentage_change_cf_historical,1.8677896042604816
ssp370_percentage_change_cf_historical,1.6266174939558575
ssp585_percentage_change_cf_historical,1.810450428594669
