Key,Value
historical,5719879.785357567
ssp126,5782469.2500885045
ssp370,5811456.231400393
ssp585,5816862.773789739
historical_percentage_change_cf_historical,0.0
ssp126_percentage_change_cf_historical,1.094244408617852
ssp370_percentage_change_cf_historical,1.6010204668506278
ssp585_percentage_change_cf_historical,1.695542425217421
