Key,Value
historical,10946755.19296149
ssp126,10964283.328988347
ssp370,11003240.39998079
ssp585,10954036.180582203
historical_percentage_change_cf_historical,0.0
ssp126_percentage_change_cf_historical,0.1601217503989457
ssp370_percentage_change_cf_historical,0.5159995452864408
ssp585_percentage_change_cf_historical,0.06651274731524731
