Key,Value
historical,11548515.599682016
ssp126,11626379.448949348
ssp370,11624587.686949216
ssp585,11643486.686106656
historical_percentage_change_cf_historical,0.0
ssp126_percentage_change_cf_historical,0.6742325331359108
ssp370_percentage_change_cf_historical,0.6587174482345952
ssp585_percentage_change_cf_historical,0.8223661786217307
