Key,Value
historical,11265031.316446941
ssp126,11299178.05834974
ssp370,11322220.98674167
ssp585,11341065.010316558
historical_percentage_change_cf_historical,0.0
ssp126_percentage_change_cf_historical,0.3031215887784012
ssp370_percentage_change_cf_historical,0.5076743125536742
ssp585_percentage_change_cf_historical,0.6749532401086863
