Key,Value
historical,5523310.555794911
ssp126,5556504.327068381
ssp370,5566927.519284779
ssp585,5581087.169144244
historical_percentage_change_cf_historical,0.0
ssp126_percentage_change_cf_historical,0.6009760077431011
ssp370_percentage_change_cf_historical,0.7896887754049241
ssp585_percentage_change_cf_historical,1.0460504214943116
