Key,Value
historical,11387632.847309392
ssp126,11445232.170814263
ssp370,11450530.371053895
ssp585,11449062.053277418
historical_percentage_change_cf_historical,0.0
ssp126_percentage_change_cf_historical,0.5058059412099856
ssp370_percentage_change_cf_historical,0.552331854985684
ssp585_percentage_change_cf_historical,0.5394378866239987
