Key,Value
historical,5747239.29146163
ssp126,5812738.467336759
ssp370,5854457.328956455
ssp585,5829751.16275911
historical_percentage_change_cf_historical,0.0
ssp126_percentage_change_cf_historical,1.139663280984974
ssp370_percentage_change_cf_historical,1.8655572189957947
ssp585_percentage_change_cf_historical,1.4356783685701773
