Key,Value
historical,5800057.11973702
ssp126,5887215.110221695
ssp370,5877601.449000019
ssp585,5865270.916042377
historical_percentage_change_cf_historical,0.0
ssp126_percentage_change_cf_historical,1.5027091748473542
ssp370_percentage_change_cf_historical,1.3369580275187845
ssp585_percentage_change_cf_historical,1.1243647253652278
