Key,Value
historical,11388027.419182893
ssp126,11441948.829394238
ssp370,11456705.264704721
ssp585,11453074.389755795
historical_percentage_change_cf_historical,0.0
ssp126_percentage_change_cf_historical,0.47349210031331407
ssp370_percentage_change_cf_historical,0.6030706020793537
ssp585_percentage_change_cf_historical,0.5711873371794981
