Key,Value
historical,5751575.3828202635
ssp126,5809799.043336155
ssp370,5799108.749881174
ssp585,5846125.767910313
historical_percentage_change_cf_historical,0.0
ssp126_percentage_change_cf_historical,1.0123080485009939
ssp370_percentage_change_cf_historical,0.8264408252892115
ssp585_percentage_change_cf_historical,1.6439041270756487
