Key,Value
historical,8966518.500346784
ssp126,8982573.743966764
ssp370,8958975.876160912
ssp585,8992762.98964269
historical_percentage_change_cf_historical,0.0
ssp126_percentage_change_cf_historical,0.1790577203332525
ssp370_percentage_change_cf_historical,-0.08411987535161633
ssp585_percentage_change_cf_historical,0.2926943082188734
