Key,Value
historical,8724665.751819536
ssp126,8745111.736330602
ssp370,8755944.153751325
ssp585,8753764.368378507
historical_percentage_change_cf_historical,0.0
ssp126_percentage_change_cf_historical,0.23434690901255675
ssp370_percentage_change_cf_historical,0.3585054467589849
ssp585_percentage_change_cf_historical,0.3335212761921836
