Key,Value
historical,11119751.345853256
ssp126,11203044.084813002
ssp370,11212601.305545926
ssp585,11247105.874968152
historical_percentage_change_cf_historical,0.0
ssp126_percentage_change_cf_historical,0.749052171843822
ssp370_percentage_change_cf_historical,0.8350003233417207
ssp585_percentage_change_cf_historical,1.145300152439012
