Key,Value
historical,11278147.236177046
ssp126,11313727.002895735
ssp370,11327788.437281173
ssp585,11294244.704180723
historical_percentage_change_cf_historical,0.0
ssp126_percentage_change_cf_historical,0.3154752812993939
ssp370_percentage_change_cf_historical,0.4401538662741714
ssp585_percentage_change_cf_historical,0.14273149362726145
