Key,Value
historical,8728330.304668995
ssp126,8759361.26499539
ssp370,8778319.616343327
ssp585,8785445.196468739
historical_percentage_change_cf_historical,0.0
ssp126_percentage_change_cf_historical,0.35552000489482755
ssp370_percentage_change_cf_historical,0.5727247930522491
ssp585_percentage_change_cf_historical,0.6543621724442771
