Key,Value
historical,11570897.967023147
ssp126,11651153.840216327
ssp370,11636296.845090628
ssp585,11652779.283934344
historical_percentage_change_cf_historical,0.0
ssp126_percentage_change_cf_historical,0.6936010793795607
ssp370_percentage_change_cf_historical,0.5652014066139555
ssp585_percentage_change_cf_historical,0.707648768008815
