Key,Value
historical,11515561.500350673
ssp126,11638984.01652845
ssp370,11681880.612573901
ssp585,11679172.973247264
historical_percentage_change_cf_historical,0.0
ssp126_percentage_change_cf_historical,1.0717889542252779
ssp370_percentage_change_cf_historical,1.4442987623153563
ssp585_percentage_change_cf_historical,1.4207858895253047
