Key,Value
historical,11241882.948630242
ssp126,11313809.385173474
ssp370,11310357.486680128
ssp585,11299464.51760085
historical_percentage_change_cf_historical,0.0
ssp126_percentage_change_cf_historical,0.6398077339169916
ssp370_percentage_change_cf_historical,0.6091020371122903
ssp585_percentage_change_cf_historical,0.5122057330940595
