Key,Value
historical,11315049.470249932
ssp126,11386984.22644982
ssp370,11385050.786539236
ssp585,11421333.663714867
historical_percentage_change_cf_historical,0.0
ssp126_percentage_change_cf_historical,0.6357440715484391
ssp370_percentage_change_cf_historical,0.6186567409480146
ssp585_percentage_change_cf_historical,0.9393170904323688
