Key,Value
historical,11078833.217207044
ssp126,11184511.899770532
ssp370,11186909.45028131
ssp585,11205407.505334388
historical_percentage_change_cf_historical,0.0
ssp126_percentage_change_cf_historical,0.9538791720354903
ssp370_percentage_change_cf_historical,0.9755199934448721
ssp585_percentage_change_cf_historical,1.1424875313652683
