Key,Value
historical,8241088.30512226
ssp126,8471123.324525129
ssp370,8543106.410433108
ssp585,8577124.451013329
historical_percentage_change_cf_historical,0.0
ssp126_percentage_change_cf_historical,2.791318462876929
ssp370_percentage_change_cf_historical,3.664784238789532
ssp585_percentage_change_cf_historical,4.077570018054591
