Key,Value
historical,11312248.67937151
ssp126,11327126.974872721
ssp370,11351887.882553153
ssp585,11368567.179040045
historical_percentage_change_cf_historical,0.0
ssp126_percentage_change_cf_historical,0.13152376616634168
ssp370_percentage_change_cf_historical,0.35040958084600143
ssp585_percentage_change_cf_historical,0.4978541514140742
