Key,Value
historical,8211112.060748121
ssp126,8328525.71051446
ssp370,8370511.474772335
ssp585,8403141.294193687
historical_percentage_change_cf_historical,0.0
ssp126_percentage_change_cf_historical,1.4299360293426728
ssp370_percentage_change_cf_historical,1.9412646282858215
ssp585_percentage_change_cf_historical,2.3386507457805927
