Key,Value
historical,11320735.99960964
ssp126,11340350.30822517
ssp370,11355230.305359341
ssp585,11363340.271419192
historical_percentage_change_cf_historical,0.0
ssp126_percentage_change_cf_historical,0.17326001256637596
ssp370_percentage_change_cf_historical,0.30470020457054
ssp585_percentage_change_cf_historical,0.37633835654343445
