Key,Value
historical,5749524.132223023
ssp126,5798629.571283227
ssp370,5827825.621596742
ssp585,5853592.580567574
historical_percentage_change_cf_historical,0.0
ssp126_percentage_change_cf_historical,0.8540783190211146
ssp370_percentage_change_cf_historical,1.361877741061754
ssp585_percentage_change_cf_historical,1.8100358560337673
