Key,Value
historical,11293411.881909449
ssp126,11376382.248197896
ssp370,11378275.397584256
ssp585,11444615.775161643
historical_percentage_change_cf_historical,0.0
ssp126_percentage_change_cf_historical,0.7346793613483211
ssp370_percentage_change_cf_historical,0.7514426690728181
ssp585_percentage_change_cf_historical,1.3388681368683857
