Key,Value
historical,11365421.56053476
ssp126,11447703.926172305
ssp370,11466072.74297551
ssp585,11482785.483725002
historical_percentage_change_cf_historical,0.0
ssp126_percentage_change_cf_historical,0.7239710836882766
ssp370_percentage_change_cf_historical,0.8855912814554193
ssp585_percentage_change_cf_historical,1.0326402990433339
