Key,Value
historical,8262550.158698082
ssp126,8332947.747668058
ssp370,8329746.694267882
ssp585,8368848.686526245
historical_percentage_change_cf_historical,0.0
ssp126_percentage_change_cf_historical,0.8520080074293692
ssp370_percentage_change_cf_historical,0.8132662952618991
ssp585_percentage_change_cf_historical,1.286509924738693
