Key,Value
historical,11064897.813320408
ssp126,11084841.35795219
ssp370,11152366.998433588
ssp585,11128031.671269475
historical_percentage_change_cf_historical,0.0
ssp126_percentage_change_cf_historical,0.18024156181337714
ssp370_percentage_change_cf_historical,0.7905105549902249
ssp585_percentage_change_cf_historical,0.5705778671815984
