Key,Value
historical,5017757.184868009
ssp126,5057761.254883458
ssp370,5056611.959595336
ssp585,5093209.613197407
historical_percentage_change_cf_historical,0.0
ssp126_percentage_change_cf_historical,0.7972500171209734
ssp370_percentage_change_cf_historical,0.7743454554656551
ssp585_percentage_change_cf_historical,1.5037082415414385
