Key,Value
historical,5807575.645483302
ssp126,5919345.422836749
ssp370,6037442.053239651
ssp585,5999525.414746297
historical_percentage_change_cf_historical,0.0
ssp126_percentage_change_cf_historical,1.9245513821309086
ssp370_percentage_change_cf_historical,3.95804414420537
ssp585_percentage_change_cf_historical,3.305161757338087
