Key,Value
historical,11346571.943848474
ssp126,11431588.07312214
ssp370,11439412.273715714
ssp585,11449089.752644658
historical_percentage_change_cf_historical,0.0
ssp126_percentage_change_cf_historical,0.7492670887241625
ssp370_percentage_change_cf_historical,0.8182236038046125
ssp585_percentage_change_cf_historical,0.9035134955607805
