Key,Value
historical,11032663.460639069
ssp126,11113352.974453226
ssp370,11093156.96132541
ssp585,11132680.518704697
historical_percentage_change_cf_historical,0.0
ssp126_percentage_change_cf_historical,0.731369302635131
ssp370_percentage_change_cf_historical,0.5483127524206907
ssp585_percentage_change_cf_historical,0.9065540558039928
