Key,Value
historical,5738878.847407817
ssp126,5770630.569830747
ssp370,5821979.869283691
ssp585,5786963.405957764
historical_percentage_change_cf_historical,0.0
ssp126_percentage_change_cf_historical,0.5532739628624899
ssp370_percentage_change_cf_historical,1.4480358286951795
ssp585_percentage_change_cf_historical,0.8378737350705064
