Key,Value
historical,11526376.915173579
ssp126,11581430.910840465
ssp370,11584929.733641699
ssp585,11649876.056818862
historical_percentage_change_cf_historical,0.0
ssp126_percentage_change_cf_historical,0.47763487236315727
ssp370_percentage_change_cf_historical,0.5079897950503399
ssp585_percentage_change_cf_historical,1.0714480582593606
