Key,Value
historical,11071394.981962768
ssp126,11091173.252645465
ssp370,11120846.820658252
ssp585,11160993.038649494
historical_percentage_change_cf_historical,0.0
ssp126_percentage_change_cf_historical,0.1786429868586434
ssp370_percentage_change_cf_historical,0.44666312398797936
ssp585_percentage_change_cf_historical,0.8092752253234241
