Key,Value
historical,8724713.057271615
ssp126,8857882.117415123
ssp370,8880746.070571316
ssp585,9029210.539362378
historical_percentage_change_cf_historical,0.0
ssp126_percentage_change_cf_historical,1.526343150420497
ssp370_percentage_change_cf_historical,1.7884028079256542
ssp585_percentage_change_cf_historical,3.4900572671210113
