Key,Value
historical,11338660.46221945
ssp126,11385435.795251796
ssp370,11432289.16511482
ssp585,11445376.389304738
historical_percentage_change_cf_historical,0.0
ssp126_percentage_change_cf_historical,0.4125296210094778
ssp370_percentage_change_cf_historical,0.8257474787902973
ssp585_percentage_change_cf_historical,0.9411687336512684
