Key,Value
historical,11291944.046651425
ssp126,11373569.237276653
ssp370,11398573.459043767
ssp585,11428897.66237036
historical_percentage_change_cf_historical,0.0
ssp126_percentage_change_cf_historical,0.7228621598548708
ssp370_percentage_change_cf_historical,0.9442963226864637
ssp585_percentage_change_cf_historical,1.2128435560176873
