Key,Value
historical,11296435.94407834
ssp126,11368976.276956245
ssp370,11380343.647991972
ssp585,11367991.897230193
historical_percentage_change_cf_historical,0.0
ssp126_percentage_change_cf_historical,0.642152385380737
ssp370_percentage_change_cf_historical,0.7427803276095919
ssp585_percentage_change_cf_historical,0.6334383119249556
