Key,Value
historical,8164135.2492240295
ssp126,8271518.291111847
ssp370,8254758.108527312
ssp585,8283090.668265708
historical_percentage_change_cf_historical,0.0
ssp126_percentage_change_cf_historical,1.315302093972834
ssp370_percentage_change_cf_historical,1.11001173470143
ssp585_percentage_change_cf_historical,1.4570486084608236
