Key,Value
historical,5741554.5752415005
ssp126,5804505.529263912
ssp370,5853044.720308887
ssp585,5853526.006286994
historical_percentage_change_cf_historical,0.0
ssp126_percentage_change_cf_historical,1.09640957335607
ssp370_percentage_change_cf_historical,1.9418111176396307
ssp585_percentage_change_cf_historical,1.9501936205279975
