Key,Value
historical,8475370.456039736
ssp126,8512468.290967867
ssp370,8498915.187345142
ssp585,8559147.682163429
historical_percentage_change_cf_historical,0.0
ssp126_percentage_change_cf_historical,0.4377134323573313
ssp370_percentage_change_cf_historical,0.27780179553835316
ssp585_percentage_change_cf_historical,0.9884786341580027
