Key,Value
historical,5770974.889295187
ssp126,5833904.017001558
ssp370,5844522.177916375
ssp585,5818271.070596037
historical_percentage_change_cf_historical,0.0
ssp126_percentage_change_cf_historical,1.0904418909030607
ssp370_percentage_change_cf_historical,1.2744343898916275
ssp585_percentage_change_cf_historical,0.8195527135039553
