Key,Value
historical,11326548.734126318
ssp126,11420016.972979417
ssp370,11429807.31602861
ssp585,11446450.091255493
historical_percentage_change_cf_historical,0.0
ssp126_percentage_change_cf_historical,0.8252137614654299
ssp370_percentage_change_cf_historical,0.911650886127199
ssp585_percentage_change_cf_historical,1.058586864751824
