Key,Value
historical,11326733.950809691
ssp126,11410543.520200353
ssp370,11419405.918711714
ssp585,11454430.01540672
historical_percentage_change_cf_historical,0.0
ssp126_percentage_change_cf_historical,0.7399270588912428
ssp370_percentage_change_cf_historical,0.8181702537067068
ssp585_percentage_change_cf_historical,1.1273864571340169
