Key,Value
historical,11298358.374937948
ssp126,11364681.62268518
ssp370,11350226.89711639
ssp585,11366049.436753528
historical_percentage_change_cf_historical,0.0
ssp126_percentage_change_cf_historical,0.5870166757530872
ssp370_percentage_change_cf_historical,0.4590801641900137
ssp585_percentage_change_cf_historical,0.5991229837932285
