Key,Value
historical,4563561.411361201
ssp126,4620320.631080612
ssp370,4628362.60044576
ssp585,4624039.715501924
historical_percentage_change_cf_historical,0.0
ssp126_percentage_change_cf_historical,1.2437483492192332
ssp370_percentage_change_cf_historical,1.4199696956686958
ssp585_percentage_change_cf_historical,1.3252435694227698
