Key,Value
historical,10353841.61681255
ssp126,10356229.102130521
ssp370,10374282.865662217
ssp585,10370885.09106889
historical_percentage_change_cf_historical,0.0
ssp126_percentage_change_cf_historical,0.023058932194739805
ssp370_percentage_change_cf_historical,0.19742670987428612
ssp585_percentage_change_cf_historical,0.16461015038770974
