Key,Value
historical,11557642.159196373
ssp126,11672835.622404512
ssp370,11678842.95561619
ssp585,11723601.434280634
historical_percentage_change_cf_historical,0.0
ssp126_percentage_change_cf_historical,0.9966865353802282
ssp370_percentage_change_cf_historical,1.048663687198319
ssp585_percentage_change_cf_historical,1.435926746981067
