Key,Value
historical,11268337.237944202
ssp126,11302005.303931504
ssp370,11299954.156867145
ssp585,11321174.687279021
historical_percentage_change_cf_historical,0.0
ssp126_percentage_change_cf_historical,0.29878468558724464
ssp370_percentage_change_cf_historical,0.2805819372930866
ssp585_percentage_change_cf_historical,0.4689019171071467
