Key,Value
historical,11062590.39290069
ssp126,11072017.882228564
ssp370,11043016.396146603
ssp585,11060456.196737863
historical_percentage_change_cf_historical,0.0
ssp126_percentage_change_cf_historical,0.08521954617359813
ssp370_percentage_change_cf_historical,-0.1769386378677541
ssp585_percentage_change_cf_historical,-0.019292011066385614
