Key,Value
historical,5744687.740245865
ssp126,5815912.626852771
ssp370,5827993.032096006
ssp585,5833889.724791944
historical_percentage_change_cf_historical,0.0
ssp126_percentage_change_cf_historical,1.239839131863035
ssp370_percentage_change_cf_historical,1.450127415395008
ssp585_percentage_change_cf_historical,1.5527734244135187
