Key,Value
historical,8918899.01687045
ssp126,8982805.491613153
ssp370,8982068.812596913
ssp585,8994859.624190558
historical_percentage_change_cf_historical,0.0
ssp126_percentage_change_cf_historical,0.7165287399467302
ssp370_percentage_change_cf_historical,0.7082689870910639
ssp585_percentage_change_cf_historical,0.8516814370969448
