Key,Value
historical,11319724.490089368
ssp126,11397987.532329269
ssp370,11402283.567708123
ssp585,11477879.35547162
historical_percentage_change_cf_historical,0.0
ssp126_percentage_change_cf_historical,0.6913864582872264
ssp370_percentage_change_cf_historical,0.7293382245392759
ssp585_percentage_change_cf_historical,1.3971617906488785
