Key,Value
historical,11284284.292384304
ssp126,11378088.239516996
ssp370,11371062.827177502
ssp585,11416272.539286694
historical_percentage_change_cf_historical,0.0
ssp126_percentage_change_cf_historical,0.8312795450926336
ssp370_percentage_change_cf_historical,0.7690211673571927
ssp585_percentage_change_cf_historical,1.1696643179352326
