Key,Value
historical,8425203.097545017
ssp126,8477504.911287904
ssp370,8492455.694865057
ssp585,8518411.411612272
historical_percentage_change_cf_historical,0.0
ssp126_percentage_change_cf_historical,0.6207780766510806
ssp370_percentage_change_cf_historical,0.7982311707077676
ssp585_percentage_change_cf_historical,1.1063034681551507
