Key,Value
historical,8167525.961022347
ssp126,8197281.305828407
ssp370,8201819.654471795
ssp585,8237955.134533437
historical_percentage_change_cf_historical,0.0
ssp126_percentage_change_cf_historical,0.3643128279978636
ssp370_percentage_change_cf_historical,0.41987859742481
ssp585_percentage_change_cf_historical,0.8623073112616588
