Key,Value
historical,11250877.553221855
ssp126,11312400.44502832
ssp370,11333089.219766878
ssp585,11367041.540452978
historical_percentage_change_cf_historical,0.0
ssp126_percentage_change_cf_historical,0.5468274942592958
ssp370_percentage_change_cf_historical,0.7307133701893302
ssp585_percentage_change_cf_historical,1.0324882364207852
