Key,Value
historical,5503471.481411584
ssp126,5529403.758019186
ssp370,5560211.365964469
ssp585,5555353.817106981
historical_percentage_change_cf_historical,0.0
ssp126_percentage_change_cf_historical,0.4711985279689419
ssp370_percentage_change_cf_historical,1.030983530023338
ssp585_percentage_change_cf_historical,0.9427201698170665
