Key,Value
historical,11395626.690254135
ssp126,11481246.075965984
ssp370,11488783.736973315
ssp585,11507126.94047562
historical_percentage_change_cf_historical,0.0
ssp126_percentage_change_cf_historical,0.7513354731519318
ssp370_percentage_change_cf_historical,0.817480681416591
ssp585_percentage_change_cf_historical,0.9784477260635737
