Key,Value
historical,5450195.963128032
ssp126,5497892.264292868
ssp370,5513343.1897820905
ssp585,5522807.874386821
historical_percentage_change_cf_historical,0.0
ssp126_percentage_change_cf_historical,0.8751300226177803
ssp370_percentage_change_cf_historical,1.158623049175946
ssp585_percentage_change_cf_historical,1.332280742748094
