Key,Value
historical,11322894.176823776
ssp126,11441727.78422954
ssp370,11440951.958087094
ssp585,11503086.16109507
historical_percentage_change_cf_historical,0.0
ssp126_percentage_change_cf_historical,1.049498525288678
ssp370_percentage_change_cf_historical,1.042646689262221
ssp585_percentage_change_cf_historical,1.5913951102724144
