Key,Value
historical,11260360.458873905
ssp126,11342736.578374527
ssp370,11355072.459959673
ssp585,11356889.496183373
historical_percentage_change_cf_historical,0.0
ssp126_percentage_change_cf_historical,0.7315584594426047
ssp370_percentage_change_cf_historical,0.84110985107167
ssp585_percentage_change_cf_historical,0.8572464235227617
