Key,Value
historical,8005797.1184453275
ssp126,8026232.540039872
ssp370,8057882.029412365
ssp585,8057294.051449563
historical_percentage_change_cf_historical,0.0
ssp126_percentage_change_cf_historical,0.25525779996923953
ssp370_percentage_change_cf_historical,0.6505899437175798
ssp585_percentage_change_cf_historical,0.6432455412289565
