Key,Value
historical,11352638.30962333
ssp126,11429569.883372005
ssp370,11470285.736219551
ssp585,11484391.486090494
historical_percentage_change_cf_historical,0.0
ssp126_percentage_change_cf_historical,0.6776537017255397
ssp370_percentage_change_cf_historical,1.0363003152887729
ssp585_percentage_change_cf_historical,1.1605511677006375
