Key,Value
historical,11481065.136169698
ssp126,11584665.255302344
ssp370,11602978.319647983
ssp585,11610412.439821906
historical_percentage_change_cf_historical,0.0
ssp126_percentage_change_cf_historical,0.9023563397986992
ssp370_percentage_change_cf_historical,1.0618630068930799
ssp585_percentage_change_cf_historical,1.1266141435319914
