Key,Value
historical,11313154.850510724
ssp126,11349011.120709337
ssp370,11370712.398257468
ssp585,11373522.721771551
historical_percentage_change_cf_historical,0.0
ssp126_percentage_change_cf_historical,0.3169431575224545
ssp370_percentage_change_cf_historical,0.5087665510398773
ssp585_percentage_change_cf_historical,0.533607751847418
