Key,Value
historical,11519639.219375268
ssp126,11612827.832561739
ssp370,11650964.170746528
ssp585,11659253.57284619
historical_percentage_change_cf_historical,0.0
ssp126_percentage_change_cf_historical,0.8089542685480471
ssp370_percentage_change_cf_historical,1.1400092387475134
ssp585_percentage_change_cf_historical,1.2119681077867392
