Key,Value
historical,9467316.90081969
ssp126,9589816.770659462
ssp370,9613884.70539086
ssp585,9605489.546821639
historical_percentage_change_cf_historical,0.0
ssp126_percentage_change_cf_historical,1.293923834208661
ssp370_percentage_change_cf_historical,1.5481451197485372
ssp585_percentage_change_cf_historical,1.459469958061559
