Key,Value
historical,11375114.134324424
ssp126,11407710.943481252
ssp370,11434830.874759723
ssp585,11399856.267976848
historical_percentage_change_cf_historical,0.0
ssp126_percentage_change_cf_historical,0.2865624799180406
ssp370_percentage_change_cf_historical,0.5249770659891946
ssp585_percentage_change_cf_historical,0.2175110804186572
