Key,Value
historical,11038624.888321891
ssp126,11171785.769323979
ssp370,11107909.078876277
ssp585,11250869.27682826
historical_percentage_change_cf_historical,0.0
ssp126_percentage_change_cf_historical,1.2063176559515327
ssp370_percentage_change_cf_historical,0.6276523684366151
ssp585_percentage_change_cf_historical,1.9227430105982477
