Key,Value
historical,11522884.015216863
ssp126,11620751.216632435
ssp370,11627147.735859506
ssp585,11663465.222436607
historical_percentage_change_cf_historical,0.0
ssp126_percentage_change_cf_historical,0.8493290506641487
ssp370_percentage_change_cf_historical,0.9048404939679573
ssp585_percentage_change_cf_historical,1.2200175497218901
