Key,Value
historical,5729129.283013847
ssp126,5780146.557497855
ssp370,5793813.262009937
ssp585,5794080.144702352
historical_percentage_change_cf_historical,0.0
ssp126_percentage_change_cf_historical,0.8904891470204451
ssp370_percentage_change_cf_historical,1.1290368186989692
ssp585_percentage_change_cf_historical,1.1336951651811407
