Key,Value
historical,11376305.625307718
ssp126,11474842.501858456
ssp370,11612940.864131363
ssp585,11588378.206119124
historical_percentage_change_cf_historical,0.0
ssp126_percentage_change_cf_historical,0.8661588374659409
ssp370_percentage_change_cf_historical,2.0800710407887277
ssp585_percentage_change_cf_historical,1.8641603680163894
