Key,Value
historical,8252020.206698479
ssp126,8368804.758914451
ssp370,8472228.210530475
ssp585,8483081.006782608
historical_percentage_change_cf_historical,0.0
ssp126_percentage_change_cf_historical,1.4152237790350237
ssp370_percentage_change_cf_historical,2.6685344717557093
ssp585_percentage_change_cf_historical,2.8000513122419175
