Key,Value
historical,10640523.598758548
ssp126,10729436.976954637
ssp370,10686345.436464883
ssp585,10717733.018263662
historical_percentage_change_cf_historical,0.0
ssp126_percentage_change_cf_historical,0.835610929958957
ssp370_percentage_change_cf_historical,0.4306351776869422
ssp585_percentage_change_cf_historical,0.7256167310612601
