Key,Value
historical,5532531.44139226
ssp126,5575071.962788677
ssp370,5583545.332408901
ssp585,5570937.307124067
historical_percentage_change_cf_historical,0.0
ssp126_percentage_change_cf_historical,0.7689160350385982
ssp370_percentage_change_cf_historical,0.9220714162593896
ssp585_percentage_change_cf_historical,0.6941825119053024
