Key,Value
historical,11511134.277570225
ssp126,11628973.430736985
ssp370,11664799.287977312
ssp585,11684845.076377857
historical_percentage_change_cf_historical,0.0
ssp126_percentage_change_cf_historical,1.0236971468256844
ssp370_percentage_change_cf_historical,1.3349250100097183
ssp585_percentage_change_cf_historical,1.5090676089680635
