Key,Value
historical,11519639.219375268
ssp126,11664591.591379559
ssp370,11676196.440992622
ssp585,11679865.122961521
historical_percentage_change_cf_historical,0.0
ssp126_percentage_change_cf_historical,1.2583065254378
ssp370_percentage_change_cf_historical,1.3590462221597637
ssp585_percentage_change_cf_historical,1.3908934171893528
