Key,Value
historical,11294524.64977125
ssp126,11399825.21944352
ssp370,11447120.536639806
ssp585,11451339.20561546
historical_percentage_change_cf_historical,0.0
ssp126_percentage_change_cf_historical,0.9323151964115853
ssp370_percentage_change_cf_historical,1.3510607272139217
ssp585_percentage_change_cf_historical,1.3884121794128457
