Key,Value
historical,11352080.57914858
ssp126,11483486.775372222
ssp370,11477729.539059676
ssp585,11575312.238436606
historical_percentage_change_cf_historical,0.0
ssp126_percentage_change_cf_historical,1.1575516515008593
ssp370_percentage_change_cf_historical,1.106836399152134
ssp585_percentage_change_cf_historical,1.9664382905989648
