Key,Value
historical,5726077.672669796
ssp126,5767966.8318596585
ssp370,5780112.117752622
ssp585,5778453.698442073
historical_percentage_change_cf_historical,0.0
ssp126_percentage_change_cf_historical,0.7315506632017321
ssp370_percentage_change_cf_historical,0.943655468397304
ssp585_percentage_change_cf_historical,0.9146928974132462
