Key,Value
historical,11339794.225204036
ssp126,11418944.987607818
ssp370,11438608.466758154
ssp585,11462803.98336949
historical_percentage_change_cf_historical,0.0
ssp126_percentage_change_cf_historical,0.6979911701383479
ssp370_percentage_change_cf_historical,0.8713936037260036
ssp585_percentage_change_cf_historical,1.084761819505073
