Key,Value
historical,11334730.68199994
ssp126,11409250.787188046
ssp370,11421781.201749993
ssp585,11436490.76758525
historical_percentage_change_cf_historical,0.0
ssp126_percentage_change_cf_historical,0.6574492793767612
ssp370_percentage_change_cf_historical,0.7679981306330743
ssp585_percentage_change_cf_historical,0.8977724168330595
