Key,Value
historical,5732376.3595956685
ssp126,5780563.97200345
ssp370,5776220.258987875
ssp585,5780845.353195906
historical_percentage_change_cf_historical,0.0
ssp126_percentage_change_cf_historical,0.840621923351524
ssp370_percentage_change_cf_historical,0.7648468391091254
ssp585_percentage_change_cf_historical,0.8455305541671714
