Key,Value
historical,11247293.850394841
ssp126,11312381.806668624
ssp370,11300503.409549125
ssp585,11307519.423971884
historical_percentage_change_cf_historical,0.0
ssp126_percentage_change_cf_historical,0.578698815373247
ssp370_percentage_change_cf_historical,0.4730876587919441
ssp585_percentage_change_cf_historical,0.5354672366360235
