Key,Value
historical,11397528.737452194
ssp126,11442821.155255485
ssp370,11443608.995739406
ssp585,11484952.28271655
historical_percentage_change_cf_historical,0.0
ssp126_percentage_change_cf_historical,0.3973880553111543
ssp370_percentage_change_cf_historical,0.40430043519690806
ssp585_percentage_change_cf_historical,0.7670394809103023
