Key,Value
historical,8404372.216813004
ssp126,8475750.050171923
ssp370,8478871.075508306
ssp585,8531413.566199353
historical_percentage_change_cf_historical,0.0
ssp126_percentage_change_cf_historical,0.8492940521616523
ssp370_percentage_change_cf_historical,0.8864297864659859
ssp585_percentage_change_cf_historical,1.5116102203589012
