Key,Value
historical,8196253.817125473
ssp126,8258632.168336248
ssp370,8263245.86999894
ssp585,8256639.783294406
historical_percentage_change_cf_historical,0.0
ssp126_percentage_change_cf_historical,0.7610592912635263
ssp370_percentage_change_cf_historical,0.8173496620308671
ssp585_percentage_change_cf_historical,0.7367508073354263
