Key,Value
historical,11396610.05288368
ssp126,11444849.481034612
ssp370,11466444.467127858
ssp585,11485504.96166777
historical_percentage_change_cf_historical,0.0
ssp126_percentage_change_cf_historical,0.423278746285834
ssp370_percentage_change_cf_historical,0.6127647951463131
ssp585_percentage_change_cf_historical,0.7800118488883153
