Key,Value
historical,10776647.313147925
ssp126,10864637.121947972
ssp370,10922093.776625853
ssp585,10916536.27876116
historical_percentage_change_cf_historical,0.0
ssp126_percentage_change_cf_historical,0.8164859277958955
ssp370_percentage_change_cf_historical,1.3496448315653597
ssp585_percentage_change_cf_historical,1.2980750093079956
