Key,Value
historical,11326600.972620068
ssp126,11406348.452705849
ssp370,11428718.359418316
ssp585,11477225.637402872
historical_percentage_change_cf_historical,0.0
ssp126_percentage_change_cf_historical,0.7040724775116154
ssp370_percentage_change_cf_historical,0.9015713279305708
ssp585_percentage_change_cf_historical,1.3298311218600387
