Key,Value
historical,11003641.28878254
ssp126,11087536.318630343
ssp370,11056226.72420625
ssp585,11094572.270544041
historical_percentage_change_cf_historical,0.0
ssp126_percentage_change_cf_historical,0.7624297052769963
ssp370_percentage_change_cf_historical,0.47789121840346344
ssp585_percentage_change_cf_historical,0.8263717380009302
