Key,Value
historical,8217240.212336505
ssp126,8263835.562636151
ssp370,8267449.516297718
ssp585,8278382.704037397
historical_percentage_change_cf_historical,0.0
ssp126_percentage_change_cf_historical,0.5670437895887814
ssp370_percentage_change_cf_historical,0.6110239285184064
ssp585_percentage_change_cf_historical,0.7440757495332727
