Key,Value
historical,5524235.685543545
ssp126,5570331.24390944
ssp370,5579264.444778636
ssp585,5572430.076664303
historical_percentage_change_cf_historical,0.0
ssp126_percentage_change_cf_historical,0.8344241808242102
ssp370_percentage_change_cf_historical,0.9961334448328678
ssp585_percentage_change_cf_historical,0.8724173598689764
