Key,Value
historical,11245100.980160695
ssp126,11382141.2883852
ssp370,11371362.500277977
ssp585,11461656.645303633
historical_percentage_change_cf_historical,0.0
ssp126_percentage_change_cf_historical,1.2186667640093214
ssp370_percentage_change_cf_historical,1.1228135731287898
ssp585_percentage_change_cf_historical,1.9257778611770533
