Key,Value
historical,5509880.883958645
ssp126,5563450.175555897
ssp370,5576135.546593304
ssp585,5593983.805149636
historical_percentage_change_cf_historical,0.0
ssp126_percentage_change_cf_historical,0.9722404662723712
ssp370_percentage_change_cf_historical,1.2024699631447768
ssp585_percentage_change_cf_historical,1.526401803636928
