Key,Value
historical,11044982.864334095
ssp126,11088634.628413755
ssp370,11090950.225319002
ssp585,11099259.998791035
historical_percentage_change_cf_historical,0.0
ssp126_percentage_change_cf_historical,0.39521803352559526
ssp370_percentage_change_cf_historical,0.4161831806307464
ssp585_percentage_change_cf_historical,0.49141891050106556
