Key,Value
historical,11298904.663144484
ssp126,11321993.995597363
ssp370,11331513.461372282
ssp585,11316631.060403164
historical_percentage_change_cf_historical,0.0
ssp126_percentage_change_cf_historical,0.20435018385625175
ssp370_percentage_change_cf_historical,0.2886014104903791
ssp585_percentage_change_cf_historical,0.15688597954544614
