Key,Value
historical,11233158.252694698
ssp126,11296498.393222142
ssp370,11307124.80538258
ssp585,11301730.060220405
historical_percentage_change_cf_historical,0.0
ssp126_percentage_change_cf_historical,0.5638676060870899
ssp370_percentage_change_cf_historical,0.6584662213775706
ssp585_percentage_change_cf_historical,0.6104410352205077
