Key,Value
historical,11547301.009529214
ssp126,11665616.340501186
ssp370,11675781.341595631
ssp585,11718296.863073124
historical_percentage_change_cf_historical,0.0
ssp126_percentage_change_cf_historical,1.0246145906678403
ssp370_percentage_change_cf_historical,1.112643828721452
ssp585_percentage_change_cf_historical,1.480829618997529
