Key,Value
historical,11325642.99591041
ssp126,11397563.443852257
ssp370,11456806.36928358
ssp585,11506773.867949057
historical_percentage_change_cf_historical,0.0
ssp126_percentage_change_cf_historical,0.6350230884711533
ssp370_percentage_change_cf_historical,1.1581097286973587
ssp585_percentage_change_cf_historical,1.5992987956979776
