Key,Value
historical,11249386.170181904
ssp126,11335500.551010318
ssp370,11337383.614875559
ssp585,11347656.83602238
historical_percentage_change_cf_historical,0.0
ssp126_percentage_change_cf_historical,0.7655029307881039
ssp370_percentage_change_cf_historical,0.7822421895952376
ssp585_percentage_change_cf_historical,0.8735646936981959
