Key,Value
historical,11246409.110818647
ssp126,11292130.195389759
ssp370,11281044.822656132
ssp585,11308934.317095472
historical_percentage_change_cf_historical,0.0
ssp126_percentage_change_cf_historical,0.40653940400522937
ssp370_percentage_change_cf_historical,0.30797129551482444
ssp585_percentage_change_cf_historical,0.5559570673689762
