Key,Value
historical,11399280.724118741
ssp126,11490496.078303417
ssp370,11528258.421352757
ssp585,11600421.781100014
historical_percentage_change_cf_historical,0.0
ssp126_percentage_change_cf_historical,0.8001851730143058
ssp370_percentage_change_cf_historical,1.1314546974979156
ssp585_percentage_change_cf_historical,1.764506567117838
