Key,Value
historical,5760808.162141733
ssp126,5819744.139943209
ssp370,5858872.327599286
ssp585,5865271.323332289
historical_percentage_change_cf_historical,0.0
ssp126_percentage_change_cf_historical,1.0230505190015677
ssp370_percentage_change_cf_historical,1.7022640347929114
ssp585_percentage_change_cf_historical,1.8133421257985343
