Key,Value
historical,11405293.028341733
ssp126,11461395.302324925
ssp370,11487190.17654109
ssp585,11505028.351941701
historical_percentage_change_cf_historical,0.0
ssp126_percentage_change_cf_historical,0.4918968223243332
ssp370_percentage_change_cf_historical,0.7180626398273652
ssp585_percentage_change_cf_historical,0.874465244795811
