Key,Value
historical,11551673.174440319
ssp126,11624594.178546643
ssp370,11648842.220073113
ssp585,11652246.920618495
historical_percentage_change_cf_historical,0.0
ssp126_percentage_change_cf_historical,0.6312592384250623
ssp370_percentage_change_cf_historical,0.8411685836801072
ssp585_percentage_change_cf_historical,0.8706422408202271
