Key,Value
historical,5456930.520437643
ssp126,5510404.226959944
ssp370,5526545.164613539
ssp585,5529428.638067312
historical_percentage_change_cf_historical,0.0
ssp126_percentage_change_cf_historical,0.9799228031588036
ssp370_percentage_change_cf_historical,1.2757106566625913
ssp585_percentage_change_cf_historical,1.3285512314687555
