Key,Value
historical,8203630.62609438
ssp126,8309898.408852372
ssp370,8308294.035010211
ssp585,8349460.183958466
historical_percentage_change_cf_historical,0.0
ssp126_percentage_change_cf_historical,1.2953750309036567
ssp370_percentage_change_cf_historical,1.2758181552313428
ssp585_percentage_change_cf_historical,1.777622183527209
