Key,Value
historical,11318089.886883318
ssp126,11370816.362694448
ssp370,11411325.026526336
ssp585,11414501.025864743
historical_percentage_change_cf_historical,0.0
ssp126_percentage_change_cf_historical,0.46586019671247564
ssp370_percentage_change_cf_historical,0.8237709770362278
ssp585_percentage_change_cf_historical,0.8518322432936003
