Key,Value
historical,5738271.43923997
ssp126,5805425.498112621
ssp370,5831872.509394955
ssp585,5826069.02664778
historical_percentage_change_cf_historical,0.0
ssp126_percentage_change_cf_historical,1.1702837619954918
ssp370_percentage_change_cf_historical,1.6311718806976108
ssp585_percentage_change_cf_historical,1.5300354529662752
