Key,Value
historical,11107152.034163333
ssp126,11140399.034043133
ssp370,11138169.276666624
ssp585,11149387.637988808
historical_percentage_change_cf_historical,0.0
ssp126_percentage_change_cf_historical,0.29932965514056886
ssp370_percentage_change_cf_historical,0.2792546857006034
ssp585_percentage_change_cf_historical,0.38025592605166525
