Key,Value
historical,5013659.124332348
ssp126,5072474.988798815
ssp370,5096723.086919048
ssp585,5097685.335273157
historical_percentage_change_cf_historical,0.0
ssp126_percentage_change_cf_historical,1.1731125512905556
ssp370_percentage_change_cf_historical,1.6567532918935992
ssp585_percentage_change_cf_historical,1.6759458283274988
