Key,Value
historical,5763016.074703661
ssp126,5783716.023876791
ssp370,5782706.243083512
ssp585,5803946.289518067
historical_percentage_change_cf_historical,0.0
ssp126_percentage_change_cf_historical,0.3591860391295977
ssp370_percentage_change_cf_historical,0.34166429738553356
ssp585_percentage_change_cf_historical,0.71022211779117
