Key,Value
historical,11394683.054236729
ssp126,11449530.095831448
ssp370,11439904.86320154
ssp585,11438969.346411468
historical_percentage_change_cf_historical,0.0
ssp126_percentage_change_cf_historical,0.4813388958135741
ssp370_percentage_change_cf_historical,0.39686763334761704
ssp585_percentage_change_cf_historical,0.38865751652717884
