Key,Value
historical,11220870.615596294
ssp126,11288519.322406298
ssp370,11289324.318535142
ssp585,11294409.59777799
historical_percentage_change_cf_historical,0.0
ssp126_percentage_change_cf_historical,0.6028828700330593
ssp370_percentage_change_cf_historical,0.6100569669139663
ssp585_percentage_change_cf_historical,0.655376794733572
