Key,Value
historical,11289591.717850959
ssp126,11324871.625551078
ssp370,11323494.726230573
ssp585,11320608.093807338
historical_percentage_change_cf_historical,0.0
ssp126_percentage_change_cf_historical,0.3124994116867433
ssp370_percentage_change_cf_historical,0.30030322820272565
ssp585_percentage_change_cf_historical,0.2747342572835134
