Key,Value
historical,11280240.022997258
ssp126,11350013.303384991
ssp370,11368206.088506643
ssp585,11388352.423602719
historical_percentage_change_cf_historical,0.0
ssp126_percentage_change_cf_historical,0.6185442884680193
ssp370_percentage_change_cf_historical,0.7798244126902111
ssp585_percentage_change_cf_historical,0.9584228738488689
