Key,Value
historical,11047340.355639338
ssp126,11094401.861962665
ssp370,11077600.803661473
ssp585,11093838.997534612
historical_percentage_change_cf_historical,0.0
ssp126_percentage_change_cf_historical,0.42599851917572973
ssp370_percentage_change_cf_historical,0.27391613771261736
ssp585_percentage_change_cf_historical,0.42090349711672936
