Key,Value
historical,11105931.92056201
ssp126,11124326.56969417
ssp370,11126271.866526539
ssp585,11124196.13048419
historical_percentage_change_cf_historical,0.0
ssp126_percentage_change_cf_historical,0.16562904638469653
ssp370_percentage_change_cf_historical,0.18314488248275662
ssp585_percentage_change_cf_historical,0.16445454602836543
