Key,Value
historical,11109011.261846278
ssp126,11200871.833632242
ssp370,11236272.12890638
ssp585,11185069.379966255
historical_percentage_change_cf_historical,0.0
ssp126_percentage_change_cf_historical,0.8269014192240289
ssp370_percentage_change_cf_historical,1.1455642996526427
ssp585_percentage_change_cf_historical,0.6846524531053255
