Key,Value
historical,11328381.456329584
ssp126,11422425.168671919
ssp370,11432002.924151696
ssp585,11452098.273084387
historical_percentage_change_cf_historical,0.0
ssp126_percentage_change_cf_historical,0.8301601840021835
ssp370_percentage_change_cf_historical,0.9147067321273421
ssp585_percentage_change_cf_historical,1.0920961412866081
