Key,Value
historical,11268055.56594643
ssp126,11300707.004646184
ssp370,11315047.790141512
ssp585,11328139.055243475
historical_percentage_change_cf_historical,0.0
ssp126_percentage_change_cf_historical,0.28976994751810564
ssp370_percentage_change_cf_historical,0.41703933673435656
ssp585_percentage_change_cf_historical,0.5332196752616816
