Key,Value
historical,11234785.206517544
ssp126,11340467.537407283
ssp370,11342882.463519663
ssp585,11364150.335554328
historical_percentage_change_cf_historical,0.0
ssp126_percentage_change_cf_historical,0.94067068437081
ssp370_percentage_change_cf_historical,0.9621657647661069
ssp585_percentage_change_cf_historical,1.1514695355433822
