Key,Value
historical,11556372.476852302
ssp126,11655899.318928834
ssp370,11665791.515329918
ssp585,11677303.322313488
historical_percentage_change_cf_historical,0.0
ssp126_percentage_change_cf_historical,0.8612290948209506
ssp370_percentage_change_cf_historical,0.9468285891337044
ssp585_percentage_change_cf_historical,1.0464429534736224
