Key,Value
historical,8157408.056991875
ssp126,8240888.618421762
ssp370,8246742.160177676
ssp585,8261735.604488297
historical_percentage_change_cf_historical,0.0
ssp126_percentage_change_cf_historical,1.0233711596459152
ssp370_percentage_change_cf_historical,1.0951285330054172
ssp585_percentage_change_cf_historical,1.2789301058318518
