Key,Value
historical,8478592.083569657
ssp126,8509644.486378906
ssp370,8526934.777095996
ssp585,8636724.624626435
historical_percentage_change_cf_historical,0.0
ssp126_percentage_change_cf_historical,0.36624480224051015
ssp370_percentage_change_cf_historical,0.5701735978078278
ssp585_percentage_change_cf_historical,1.8650801866410975
