Key,Value
historical,11401328.347411186
ssp126,11449930.938811664
ssp370,11465149.99767838
ssp585,11507902.646371143
historical_percentage_change_cf_historical,0.0
ssp126_percentage_change_cf_historical,0.4262888491542642
ssp370_percentage_change_cf_historical,0.5597738116338563
ssp585_percentage_change_cf_historical,0.9347533525262998
