Key,Value
historical,10689465.114538372
ssp126,10800184.077727858
ssp370,10800136.42369833
ssp585,10869786.392345501
historical_percentage_change_cf_historical,0.0
ssp126_percentage_change_cf_historical,1.0357764584394535
ssp370_percentage_change_cf_historical,1.0353306547531411
ssp585_percentage_change_cf_historical,1.6869064623437597
