Key,Value
historical,8203630.62609438
ssp126,8277181.3598235
ssp370,8266744.94834987
ssp585,8279912.845489182
historical_percentage_change_cf_historical,0.0
ssp126_percentage_change_cf_historical,0.8965632057490107
ssp370_percentage_change_cf_historical,0.7693462215952689
ssp585_percentage_change_cf_historical,0.9298592644110544
