Key,Value
historical,11334766.863215145
ssp126,11407685.958121013
ssp370,11426538.632761912
ssp585,11415994.857900674
historical_percentage_change_cf_historical,0.0
ssp126_percentage_change_cf_historical,0.6433224060612432
ssp370_percentage_change_cf_historical,0.8096484970025781
ssp585_percentage_change_cf_historical,0.7166269555057104
