Key,Value
historical,11276970.936411768
ssp126,11394562.04931179
ssp370,11468620.70637333
ssp585,11438666.935330015
historical_percentage_change_cf_historical,0.0
ssp126_percentage_change_cf_historical,1.0427544201638146
ssp370_percentage_change_cf_historical,1.699479151291874
ssp585_percentage_change_cf_historical,1.4338602079407035
