Key,Value
historical,10982527.72179382
ssp126,11026099.559610154
ssp370,11066846.575919522
ssp585,11052105.699933067
historical_percentage_change_cf_historical,0.0
ssp126_percentage_change_cf_historical,0.39673779042570456
ssp370_percentage_change_cf_historical,0.7677545303016146
ssp585_percentage_change_cf_historical,0.6335333713856841
