Key,Value
historical,11269088.20573003
ssp126,11296830.682448266
ssp370,11300892.475741401
ssp585,11297984.810891544
historical_percentage_change_cf_historical,0.0
ssp126_percentage_change_cf_historical,0.24618208866383223
ssp370_percentage_change_cf_historical,0.2822257615766942
ssp585_percentage_change_cf_historical,0.256423631033618
