Key,Value
historical,5503458.412157374
ssp126,5548902.781798717
ssp370,5562916.176793265
ssp585,5589416.932106521
historical_percentage_change_cf_historical,0.0
ssp126_percentage_change_cf_historical,0.8257420377876145
ssp370_percentage_change_cf_historical,1.080370926480447
ssp585_percentage_change_cf_historical,1.561900054686713
