Key,Value
historical,11276686.814256676
ssp126,11385607.389989085
ssp370,11423663.071739107
ssp585,11483279.719152296
historical_percentage_change_cf_historical,0.0
ssp126_percentage_change_cf_historical,0.9658916446513874
ssp370_percentage_change_cf_historical,1.3033638328645918
ssp585_percentage_change_cf_historical,1.8320354932127143
