Key,Value
historical,11285782.16364917
ssp126,11365201.424699936
ssp370,11369972.59053405
ssp585,11380667.993623476
historical_percentage_change_cf_historical,0.0
ssp126_percentage_change_cf_historical,0.7037107388672718
ssp370_percentage_change_cf_historical,0.7459866375593588
ssp585_percentage_change_cf_historical,0.8407554620354832
