Key,Value
historical,10689465.114538372
ssp126,10743549.272463555
ssp370,10752208.564934388
ssp585,10790797.396595094
historical_percentage_change_cf_historical,0.0
ssp126_percentage_change_cf_historical,0.5059575698659137
ssp370_percentage_change_cf_historical,0.5869652945560488
ssp585_percentage_change_cf_historical,0.9479640091523781
