Key,Value
historical,9101853.489006136
ssp126,9149946.052151065
ssp370,9145629.98568264
ssp585,9142149.182729851
historical_percentage_change_cf_historical,0.0
ssp126_percentage_change_cf_historical,0.5283820839680546
ssp370_percentage_change_cf_historical,0.4809624405554426
ssp585_percentage_change_cf_historical,0.4427196479528905
