Key,Value
historical,11519851.410688601
ssp126,11603325.048466844
ssp370,11622191.132982932
ssp585,11629540.255822511
historical_percentage_change_cf_historical,0.0
ssp126_percentage_change_cf_historical,0.7246068964118123
ssp370_percentage_change_cf_historical,0.8883771035395085
ssp585_percentage_change_cf_historical,0.9521723954888518
