Key,Value
historical,11249386.170181904
ssp126,11364538.496871442
ssp370,11363767.79180218
ssp585,11449490.453675177
historical_percentage_change_cf_historical,0.0
ssp126_percentage_change_cf_historical,1.023632089320262
ssp370_percentage_change_cf_historical,1.0167810037801146
ssp585_percentage_change_cf_historical,1.7788017983032514
