Key,Value
historical,11288071.762872858
ssp126,11433995.905352063
ssp370,11488398.436092854
ssp585,11483972.850534089
historical_percentage_change_cf_historical,0.0
ssp126_percentage_change_cf_historical,1.2927286922391716
ssp370_percentage_change_cf_historical,1.774675758873911
ssp585_percentage_change_cf_historical,1.7354698993459743
