Key,Value
historical,11266082.70691597
ssp126,11361589.312173417
ssp370,11368728.23370812
ssp585,11462426.537607526
historical_percentage_change_cf_historical,0.0
ssp126_percentage_change_cf_historical,0.8477357014148031
ssp370_percentage_change_cf_historical,0.9111021946353939
ssp585_percentage_change_cf_historical,1.7427870520693487
