Key,Value
historical,10978115.385666326
ssp126,10990234.32275744
ssp370,11025595.223581547
ssp585,11003209.35370018
historical_percentage_change_cf_historical,0.0
ssp126_percentage_change_cf_historical,0.11039178096941117
ssp370_percentage_change_cf_historical,0.432495344120847
ssp585_percentage_change_cf_historical,0.2285817478892423
