Key,Value
historical,11318076.294553202
ssp126,11441820.927198332
ssp370,11497668.165907502
ssp585,11525995.380699193
historical_percentage_change_cf_historical,0.0
ssp126_percentage_change_cf_historical,1.0933362651450051
ssp370_percentage_change_cf_historical,1.5867702839282742
ssp585_percentage_change_cf_historical,1.837053230026838
