Key,Value
historical,11324970.189709585
ssp126,11386881.7360496
ssp370,11389252.941197827
ssp585,11412996.8892605
historical_percentage_change_cf_historical,0.0
ssp126_percentage_change_cf_historical,0.5466817598890512
ssp370_percentage_change_cf_historical,0.5676196088061469
ssp585_percentage_change_cf_historical,0.7772797462275072
