Key,Value
historical,11508197.19949852
ssp126,11596948.439847127
ssp370,11612763.244047567
ssp585,11676064.9503696
historical_percentage_change_cf_historical,0.0
ssp126_percentage_change_cf_historical,0.771200204602635
ssp370_percentage_change_cf_historical,0.908622286674098
ssp585_percentage_change_cf_historical,1.4586798258757323
