Key,Value
historical,11244095.548321579
ssp126,11314906.010591418
ssp370,11357412.818062548
ssp585,11375301.829804974
historical_percentage_change_cf_historical,0.0
ssp126_percentage_change_cf_historical,0.629756852968124
ssp370_percentage_change_cf_historical,1.0077935504370912
ssp585_percentage_change_cf_historical,1.1668904886083111
