Key,Value
historical,10991338.159892175
ssp126,11091194.813539755
ssp370,11071039.472080834
ssp585,11004787.065667834
historical_percentage_change_cf_historical,0.0
ssp126_percentage_change_cf_historical,0.9085031521635837
ssp370_percentage_change_cf_historical,0.7251283786308393
ssp585_percentage_change_cf_historical,0.12235913025344239
