Key,Value
historical,11268055.56594643
ssp126,11376764.09241728
ssp370,11368963.459909722
ssp585,11367992.682304138
historical_percentage_change_cf_historical,0.0
ssp126_percentage_change_cf_historical,0.9647496485496663
ssp370_percentage_change_cf_historical,0.8955217994154145
ssp585_percentage_change_cf_historical,0.8869064921878063
