Key,Value
historical,8166581.193412795
ssp126,8244961.224334143
ssp370,8252540.850608552
ssp585,8252216.90699248
historical_percentage_change_cf_historical,0.0
ssp126_percentage_change_cf_historical,0.9597655256837475
ssp370_percentage_change_cf_historical,1.0525782473710374
ssp585_percentage_change_cf_historical,1.0486115493318013
