Key,Value
historical,5806399.192933485
ssp126,5914441.981268335
ssp370,5872673.748869918
ssp585,5927299.659055103
historical_percentage_change_cf_historical,0.0
ssp126_percentage_change_cf_historical,1.860753708879346
ssp370_percentage_change_cf_historical,1.141405434491844
ssp585_percentage_change_cf_historical,2.0821934921173906
