Key,Value
historical,10959995.185728183
ssp126,11039247.691475488
ssp370,11055244.563804623
ssp585,11016667.283966694
historical_percentage_change_cf_historical,0.0
ssp126_percentage_change_cf_historical,0.7231071218945949
ssp370_percentage_change_cf_historical,0.8690640503243191
ssp585_percentage_change_cf_historical,0.5170814154399257
