Key,Value
historical,8406844.008625643
ssp126,8499460.321668748
ssp370,8514739.569836047
ssp585,8520738.602139967
historical_percentage_change_cf_historical,0.0
ssp126_percentage_change_cf_historical,1.1016775492453257
ssp370_percentage_change_cf_historical,1.2834252794473116
ssp585_percentage_change_cf_historical,1.3547841900892224
