Key,Value
historical,11365618.6767453
ssp126,11500905.698205866
ssp370,11586629.004385464
ssp585,11608101.50857055
historical_percentage_change_cf_historical,0.0
ssp126_percentage_change_cf_historical,1.1903181455257827
ssp370_percentage_change_cf_historical,1.9445516687302231
ssp585_percentage_change_cf_historical,2.133476748796653
