Key,Value
historical,11507007.630985886
ssp126,11547659.443992056
ssp370,11599076.638833154
ssp585,11597794.647802241
historical_percentage_change_cf_historical,0.0
ssp126_percentage_change_cf_historical,0.35327875247691276
ssp370_percentage_change_cf_historical,0.8001125123037738
ssp585_percentage_change_cf_historical,0.7889715530550746
