Key,Value
historical,11071398.138793219
ssp126,11128094.606545601
ssp370,11145625.24216079
ssp585,11112292.630939651
historical_percentage_change_cf_historical,0.0
ssp126_percentage_change_cf_historical,0.5120985357190132
ssp370_percentage_change_cf_historical,0.6704401958726915
ssp585_percentage_change_cf_historical,0.36937062179293906
