Key,Value
historical,11078844.903409814
ssp126,11116294.777420217
ssp370,11108841.175746858
ssp585,11183954.056809824
historical_percentage_change_cf_historical,0.0
ssp126_percentage_change_cf_historical,0.338030492681385
ssp370_percentage_change_cf_historical,0.2707527057068151
ssp585_percentage_change_cf_historical,0.9487374750382083
