Key,Value
historical,11294622.771740697
ssp126,11341446.126279704
ssp370,11353755.299757266
ssp585,11340805.138779575
historical_percentage_change_cf_historical,0.0
ssp126_percentage_change_cf_historical,0.4145632438133271
ssp370_percentage_change_cf_historical,0.5235458431114627
ssp585_percentage_change_cf_historical,0.408888087474923
