Key,Value
historical,7951917.256317545
ssp126,8063539.276127136
ssp370,8064843.343224938
ssp585,8063191.421834253
historical_percentage_change_cf_historical,0.0
ssp126_percentage_change_cf_historical,1.403712038388119
ssp370_percentage_change_cf_historical,1.42011144315765
ssp585_percentage_change_cf_historical,1.399337567657715
