Key,Value
historical,11275364.01405378
ssp126,11366698.1826973
ssp370,11424414.31095276
ssp585,11435584.674645722
historical_percentage_change_cf_historical,0.0
ssp126_percentage_change_cf_historical,0.810032993433108
ssp370_percentage_change_cf_historical,1.3219111747807095
ssp585_percentage_change_cf_historical,1.4209799381398234
