Key,Value
historical,11232725.490213372
ssp126,11297001.961101888
ssp370,11347435.701759845
ssp585,11341411.873064654
historical_percentage_change_cf_historical,0.0
ssp126_percentage_change_cf_historical,0.5722250663431371
ssp370_percentage_change_cf_historical,1.0212144118220967
ssp585_percentage_change_cf_historical,0.9675869222120336
