Key,Value
historical,11297381.930491231
ssp126,11352788.855626527
ssp370,11360232.2206972
ssp585,11365778.94396016
historical_percentage_change_cf_historical,0.0
ssp126_percentage_change_cf_historical,0.4904404000519317
ssp370_percentage_change_cf_historical,0.5563261523126686
ssp585_percentage_change_cf_historical,0.6054235741497552
