Key,Value
historical,11048946.29827074
ssp126,11136929.403301705
ssp370,11126914.514882721
ssp585,11194065.449533798
historical_percentage_change_cf_historical,0.0
ssp126_percentage_change_cf_historical,0.7963031284235242
ssp370_percentage_change_cf_historical,0.7056620107220914
ssp585_percentage_change_cf_historical,1.31342073122186
