Key,Value
historical,10575853.341116846
ssp126,10641531.441583456
ssp370,10647835.553876193
ssp585,10652995.318684695
historical_percentage_change_cf_historical,0.0
ssp126_percentage_change_cf_historical,0.621019395298035
ssp370_percentage_change_cf_historical,0.6806279402485177
ssp585_percentage_change_cf_historical,0.7294161055348298
