Key,Value
historical,11519529.095647797
ssp126,11628161.870203596
ssp370,11655512.616696214
ssp585,11676372.067499537
historical_percentage_change_cf_historical,0.0
ssp126_percentage_change_cf_historical,0.9430313830870158
ssp370_percentage_change_cf_historical,1.180460762929913
ssp585_percentage_change_cf_historical,1.3615397864744057
