Key,Value
historical,11296604.183802031
ssp126,11383780.173290562
ssp370,11382383.322688952
ssp585,11393975.607500227
historical_percentage_change_cf_historical,0.0
ssp126_percentage_change_cf_historical,0.7717008409795465
ssp370_percentage_change_cf_historical,0.759335615298605
ssp585_percentage_change_cf_historical,0.8619530445956057
