Key,Value
historical,11408449.858932082
ssp126,11444564.12019663
ssp370,11455516.770711016
ssp585,11474419.679429507
historical_percentage_change_cf_historical,0.0
ssp126_percentage_change_cf_historical,0.3165571283663272
ssp370_percentage_change_cf_historical,0.4125618498650273
ssp585_percentage_change_cf_historical,0.578254024982852
