Key,Value
historical,5718437.144015491
ssp126,5791350.745667685
ssp370,5752799.229233883
ssp585,5832490.047573913
historical_percentage_change_cf_historical,0.0
ssp126_percentage_change_cf_historical,1.2750616963325372
ssp370_percentage_change_cf_historical,0.6008999373955386
ssp585_percentage_change_cf_historical,1.994476824455114
