Key,Value
historical,11053058.505709484
ssp126,11078491.661424182
ssp370,11151159.62127915
ssp585,11120990.476946214
historical_percentage_change_cf_historical,0.0
ssp126_percentage_change_cf_historical,0.23010061605627596
ssp370_percentage_change_cf_historical,0.8875472387936033
ssp585_percentage_change_cf_historical,0.6145988569737468
