Key,Value
historical,11319657.101194
ssp126,11488280.128903285
ssp370,11534392.37071411
ssp585,11554019.755065605
historical_percentage_change_cf_historical,0.0
ssp126_percentage_change_cf_historical,1.4896478418193286
ssp370_percentage_change_cf_historical,1.8970121409195269
ssp585_percentage_change_cf_historical,2.0704041807669644
