Key,Value
historical,8411855.981292345
ssp126,8489533.831918025
ssp370,8482451.661456432
ssp585,8503736.107506737
historical_percentage_change_cf_historical,0.0
ssp126_percentage_change_cf_historical,0.9234329593663209
ssp370_percentage_change_cf_historical,0.8392402380769444
ssp585_percentage_change_cf_historical,1.0922693685998721
