Key,Value
historical,11082997.682724562
ssp126,11200682.170539215
ssp370,11215123.160016865
ssp585,11246459.642996704
historical_percentage_change_cf_historical,0.0
ssp126_percentage_change_cf_historical,1.0618470849100006
ssp370_percentage_change_cf_historical,1.1921456728106277
ssp585_percentage_change_cf_historical,1.4748894202778395
