Key,Value
historical,5758937.845438875
ssp126,5835708.494625917
ssp370,5802427.649434309
ssp585,5829670.840076078
historical_percentage_change_cf_historical,0.0
ssp126_percentage_change_cf_historical,1.3330695910851758
ssp370_percentage_change_cf_historical,0.755170574203687
ssp585_percentage_change_cf_historical,1.22822986695756
