Key,Value
historical,11242001.428439066
ssp126,11344830.448826518
ssp370,11365646.3104406
ssp585,11405903.114026887
historical_percentage_change_cf_historical,0.0
ssp126_percentage_change_cf_historical,0.9146860640608345
ssp370_percentage_change_cf_historical,1.099847591984357
ssp585_percentage_change_cf_historical,1.4579404444229733
