Key,Value
historical,11287004.879339896
ssp126,11379443.500644436
ssp370,11435240.56426205
ssp585,11480088.033264052
historical_percentage_change_cf_historical,0.0
ssp126_percentage_change_cf_historical,0.8189827353910571
ssp370_percentage_change_cf_historical,1.3133305647230524
ssp585_percentage_change_cf_historical,1.7106677633991434
