Key,Value
historical,11376305.625307718
ssp126,11453336.189416189
ssp370,11512526.905711146
ssp585,11480268.755488958
historical_percentage_change_cf_historical,0.0
ssp126_percentage_change_cf_historical,0.6771140530640135
ssp370_percentage_change_cf_historical,1.1974122785554395
ssp585_percentage_change_cf_historical,0.9138566913143018
