Key,Value
historical,11517233.204057673
ssp126,11621267.834985934
ssp370,11612889.168666188
ssp585,11648295.041162398
historical_percentage_change_cf_historical,0.0
ssp126_percentage_change_cf_historical,0.9032953408602374
ssp370_percentage_change_cf_historical,0.8305463900376162
ssp585_percentage_change_cf_historical,1.1379628664508583
