Key,Value
historical,11485296.172614861
ssp126,11519940.506402194
ssp370,11528728.419397758
ssp585,11484216.345508669
historical_percentage_change_cf_historical,0.0
ssp126_percentage_change_cf_historical,0.30164075237291627
ssp370_percentage_change_cf_historical,0.37815521802960006
ssp585_percentage_change_cf_historical,-0.009401822033700881
