Key,Value
historical,11243945.191065155
ssp126,11270677.882028319
ssp370,11309026.682757303
ssp585,11307296.319410432
historical_percentage_change_cf_historical,0.0
ssp126_percentage_change_cf_historical,0.23775187897933486
ssp370_percentage_change_cf_historical,0.5788136689234686
ssp585_percentage_change_cf_historical,0.5634243787991625
