Key,Value
historical,10637591.675763402
ssp126,10708523.22651804
ssp370,10732097.826134121
ssp585,10723299.327946294
historical_percentage_change_cf_historical,0.0
ssp126_percentage_change_cf_historical,0.6668008409859182
ssp370_percentage_change_cf_historical,0.8884167887929081
ssp585_percentage_change_cf_historical,0.8057054152413798
