Key,Value
historical,5763859.571489051
ssp126,5855425.922169056
ssp370,5892010.688206202
ssp585,5903060.442232089
historical_percentage_change_cf_historical,0.0
ssp126_percentage_change_cf_historical,1.5886291042366478
ssp370_percentage_change_cf_historical,2.2233559844353468
ssp585_percentage_change_cf_historical,2.4150635354059573
