Key,Value
historical,11358267.702913858
ssp126,11424675.745681243
ssp370,11468275.342892393
ssp585,11475575.351729106
historical_percentage_change_cf_historical,0.0
ssp126_percentage_change_cf_historical,0.5846669976826541
ssp370_percentage_change_cf_historical,0.9685248037455046
ssp585_percentage_change_cf_historical,1.0327952455738825
