Key,Value
historical,11333806.537727462
ssp126,11401601.439602695
ssp370,11386173.162056675
ssp585,11421806.949582022
historical_percentage_change_cf_historical,0.0
ssp126_percentage_change_cf_historical,0.5981653352698467
ssp370_percentage_change_cf_historical,0.4620391582907067
ssp585_percentage_change_cf_historical,0.7764418032161372
