Key,Value
historical,11196949.168324603
ssp126,11286169.951987483
ssp370,11285698.02081523
ssp585,11304764.71286963
historical_percentage_change_cf_historical,0.0
ssp126_percentage_change_cf_historical,0.7968311932260913
ssp370_percentage_change_cf_historical,0.7926163739466865
ssp585_percentage_change_cf_historical,0.9629010806803449
