Key,Value
historical,11236202.437477956
ssp126,11284844.3276357
ssp370,11282387.90936958
ssp585,11283734.295346705
historical_percentage_change_cf_historical,0.0
ssp126_percentage_change_cf_historical,0.43290329120006765
ssp370_percentage_change_cf_historical,0.41104164995795056
ssp585_percentage_change_cf_historical,0.4230242213348597
