Key,Value
historical,11249815.42523129
ssp126,11303518.393240672
ssp370,11321429.661889521
ssp585,11348567.086478198
historical_percentage_change_cf_historical,0.0
ssp126_percentage_change_cf_historical,0.47736754763937284
ssp370_percentage_change_cf_historical,0.6365814366839707
ssp585_percentage_change_cf_historical,0.877806946284886
