Key,Value
historical,11320976.038039688
ssp126,11384104.676060827
ssp370,11425033.00604586
ssp585,11417448.348791234
historical_percentage_change_cf_historical,0.0
ssp126_percentage_change_cf_historical,0.5576254009285107
ssp370_percentage_change_cf_historical,0.9191519146099132
ssp585_percentage_change_cf_historical,0.852155418644019
