Key,Value
historical,11553643.594890947
ssp126,11650266.32708019
ssp370,11641237.963784773
ssp585,11621162.631546443
historical_percentage_change_cf_historical,0.0
ssp126_percentage_change_cf_historical,0.8362966314104625
ssp370_percentage_change_cf_historical,0.7581536350364906
ssp585_percentage_change_cf_historical,0.5843960487525677
