Key,Value
historical,11276958.20663596
ssp126,11345349.202855246
ssp370,11346058.748157077
ssp585,11341796.704567786
historical_percentage_change_cf_historical,0.0
ssp126_percentage_change_cf_historical,0.6064666993182772
ssp370_percentage_change_cf_historical,0.6127586912617506
ssp585_percentage_change_cf_historical,0.5749644251911162
