Key,Value
historical,11246994.274179805
ssp126,11295674.425385065
ssp370,11297225.574609995
ssp585,11304401.821908385
historical_percentage_change_cf_historical,0.0
ssp126_percentage_change_cf_historical,0.432828096276508
ssp370_percentage_change_cf_historical,0.44661977418720583
ssp585_percentage_change_cf_historical,0.5104256864464882
