Key,Value
historical,11305960.817353418
ssp126,11341044.173302652
ssp370,11355597.538606856
ssp585,11363357.412274074
historical_percentage_change_cf_historical,0.0
ssp126_percentage_change_cf_historical,0.3103084869654341
ssp370_percentage_change_cf_historical,0.4390314282466906
ssp585_percentage_change_cf_historical,0.5076666711294293
