Key,Value
historical,11554966.238340646
ssp126,11643905.041073214
ssp370,11636838.350997964
ssp585,11641562.974842459
historical_percentage_change_cf_historical,0.0
ssp126_percentage_change_cf_historical,0.7697019696817419
ssp370_percentage_change_cf_historical,0.7085448020233692
ssp585_percentage_change_cf_historical,0.7494330551522985
