Key,Value
historical,11355471.451803211
ssp126,11407075.912974449
ssp370,11419914.7398214
ssp585,11438062.095941244
historical_percentage_change_cf_historical,0.0
ssp126_percentage_change_cf_historical,0.4544457831651114
ssp370_percentage_change_cf_historical,0.5675086965055598
ssp585_percentage_change_cf_historical,0.7273202569226437
