Key,Value
historical,8724647.45782104
ssp126,8808359.831358466
ssp370,8823977.569750981
ssp585,8846723.413605582
historical_percentage_change_cf_historical,0.0
ssp126_percentage_change_cf_historical,0.959492907216377
ssp370_percentage_change_cf_historical,1.138500007136671
ssp585_percentage_change_cf_historical,1.3992078920634194
