Key,Value
historical,11252697.534440588
ssp126,11276352.277959812
ssp370,11294659.60782126
ssp585,11292085.73825171
historical_percentage_change_cf_historical,0.0
ssp126_percentage_change_cf_historical,0.21021398155264812
ssp370_percentage_change_cf_historical,0.37290679192469317
ssp585_percentage_change_cf_historical,0.3500334358989792
