Key,Value
historical,11567148.11706664
ssp126,11618444.497605862
ssp370,11632941.344330097
ssp585,11658581.364635043
historical_percentage_change_cf_historical,0.0
ssp126_percentage_change_cf_historical,0.4434660991635174
ssp370_percentage_change_cf_historical,0.5687938513243572
ssp585_percentage_change_cf_historical,0.7904562701457771
