Key,Value
historical,11519156.36196687
ssp126,11574933.06840301
ssp370,11579160.277673177
ssp585,11649685.671357501
historical_percentage_change_cf_historical,0.0
ssp126_percentage_change_cf_historical,0.4842082586906985
ssp370_percentage_change_cf_historical,0.5209054710327863
ssp585_percentage_change_cf_historical,1.1331499051580107
