Key,Value
historical,11564800.921050305
ssp126,11666176.537374528
ssp370,11656783.151293503
ssp585,11724173.352465011
historical_percentage_change_cf_historical,0.0
ssp126_percentage_change_cf_historical,0.8765876474336813
ssp370_percentage_change_cf_historical,0.7953637150447794
ssp585_percentage_change_cf_historical,1.378081927243695
