Key,Value
historical,9502826.114401424
ssp126,9599047.368859522
ssp370,9597301.140121067
ssp585,9594509.09372688
historical_percentage_change_cf_historical,0.0
ssp126_percentage_change_cf_historical,1.0125540896962804
ssp370_percentage_change_cf_historical,0.9941782011192104
ssp585_percentage_change_cf_historical,0.9647969795691834
