Key,Value
historical,5458975.535486012
ssp126,5501436.297548876
ssp370,5535162.648029983
ssp585,5536676.349259265
historical_percentage_change_cf_historical,0.0
ssp126_percentage_change_cf_historical,0.7778155770592604
ssp370_percentage_change_cf_historical,1.3956302249152386
ssp585_percentage_change_cf_historical,1.4233588934070083
