Key,Value
historical,9093264.712268885
ssp126,9144046.105076328
ssp370,9155630.188643534
ssp585,9177880.065159742
historical_percentage_change_cf_historical,0.0
ssp126_percentage_change_cf_historical,0.5584506160799105
ssp370_percentage_change_cf_historical,0.6858425257377945
ssp585_percentage_change_cf_historical,0.9305277649807245
