Key,Value
historical,8727943.118802045
ssp126,8767151.780864663
ssp370,8784988.566552524
ssp585,8780828.148032572
historical_percentage_change_cf_historical,0.0
ssp126_percentage_change_cf_historical,0.44923141144394246
ssp370_percentage_change_cf_historical,0.6535955490771893
ssp585_percentage_change_cf_historical,0.6059277485046938
