Key,Value
historical,5511980.653132702
ssp126,5575743.044047227
ssp370,5586755.66748897
ssp585,5612159.50497107
historical_percentage_change_cf_historical,0.0
ssp126_percentage_change_cf_historical,1.1567963483015116
ssp370_percentage_change_cf_historical,1.3565906533755647
ssp585_percentage_change_cf_historical,1.8174746636933845
