Key,Value
historical,5505914.827006903
ssp126,5564020.823703127
ssp370,5575632.357002285
ssp585,5583090.479697135
historical_percentage_change_cf_historical,0.0
ssp126_percentage_change_cf_historical,1.0553377326363715
ssp370_percentage_change_cf_historical,1.2662297217787195
ssp585_percentage_change_cf_historical,1.401686279484032
