Key,Value
historical,11008125.940679554
ssp126,11112807.394446276
ssp370,11085277.251532767
ssp585,11107494.840096328
historical_percentage_change_cf_historical,0.0
ssp126_percentage_change_cf_historical,0.9509470942722521
ssp370_percentage_change_cf_historical,0.7008578142089312
ssp585_percentage_change_cf_historical,0.9026867965742066
