Key,Value
historical,11275547.966219518
ssp126,11350271.742284043
ssp370,11364612.893434726
ssp585,11375025.506172117
historical_percentage_change_cf_historical,0.0
ssp126_percentage_change_cf_historical,0.6627063827708404
ssp370_percentage_change_cf_historical,0.7898944466560518
ssp585_percentage_change_cf_historical,0.8822412910718298
