Key,Value
historical,11288041.869967498
ssp126,11349119.107999956
ssp370,11360738.42053388
ssp585,11379779.189335018
historical_percentage_change_cf_historical,0.0
ssp126_percentage_change_cf_historical,0.5410791236960056
ssp370_percentage_change_cf_historical,0.6440138281183753
ssp585_percentage_change_cf_historical,0.8126947120172638
