Key,Value
historical,5793594.528366276
ssp126,5839539.879069079
ssp370,5815046.234048148
ssp585,5833726.444623137
historical_percentage_change_cf_historical,0.0
ssp126_percentage_change_cf_historical,0.793037042510441
ssp370_percentage_change_cf_historical,0.37026591310180534
ssp585_percentage_change_cf_historical,0.692694596771817
