Key,Value
historical,11046655.249880433
ssp126,11110195.353175094
ssp370,11107841.509209823
ssp585,11118805.08630583
historical_percentage_change_cf_historical,0.0
ssp126_percentage_change_cf_historical,0.5751976671431746
ssp370_percentage_change_cf_historical,0.5538894619713244
ssp585_percentage_change_cf_historical,0.6531373958300951
