Key,Value
historical,11298972.973453607
ssp126,11365331.53327167
ssp370,11361733.304057382
ssp585,11404015.100675194
historical_percentage_change_cf_historical,0.0
ssp126_percentage_change_cf_historical,0.5872972700613514
ssp370_percentage_change_cf_historical,0.5554516392881637
ssp585_percentage_change_cf_historical,0.9296608414621188
