Key,Value
historical,5532526.441103682
ssp126,5548847.405193511
ssp370,5557817.95504056
ssp585,5574663.123245196
historical_percentage_change_cf_historical,0.0
ssp126_percentage_change_cf_historical,0.2950002004251354
ssp370_percentage_change_cf_historical,0.4571422153354009
ssp585_percentage_change_cf_historical,0.7616173657745531
