Key,Value
historical,5763859.571489051
ssp126,5818936.227866883
ssp370,5851462.588336553
ssp585,5896726.257308556
historical_percentage_change_cf_historical,0.0
ssp126_percentage_change_cf_historical,0.9555516697573491
ssp370_percentage_change_cf_historical,1.5198673000437246
ssp585_percentage_change_cf_historical,2.305168683788381
