Key,Value
historical,10626620.66288071
ssp126,10679336.982173972
ssp370,10683959.824587088
ssp585,10702164.963791275
historical_percentage_change_cf_historical,0.0
ssp126_percentage_change_cf_historical,0.49607792510560805
ssp370_percentage_change_cf_historical,0.539580394609051
ssp585_percentage_change_cf_historical,0.7108967498430224
