Key,Value
historical,11326885.247261852
ssp126,11402308.240552854
ssp370,11412854.08888198
ssp585,11415376.660145229
historical_percentage_change_cf_historical,0.0
ssp126_percentage_change_cf_historical,0.6658758488723494
ssp370_percentage_change_cf_historical,0.7589804235097253
ssp585_percentage_change_cf_historical,0.7812510761046909
