Key,Value
historical,11407317.180858709
ssp126,11415439.48957964
ssp370,11423621.415782483
ssp585,11435510.418589683
historical_percentage_change_cf_historical,0.0
ssp126_percentage_change_cf_historical,0.07120262014420456
ssp370_percentage_change_cf_historical,0.1429278652050862
ssp585_percentage_change_cf_historical,0.2471504674059745
