Key,Value
historical,11235802.180001762
ssp126,11305017.597816851
ssp370,11299420.68706927
ssp585,11289854.934726268
historical_percentage_change_cf_historical,0.0
ssp126_percentage_change_cf_historical,0.6160256001861931
ssp370_percentage_change_cf_historical,0.5662124167755597
ssp585_percentage_change_cf_historical,0.48107606255931623
