Key,Value
historical,11286710.15092704
ssp126,11413572.375202034
ssp370,11465582.88584071
ssp585,11470329.614578474
historical_percentage_change_cf_historical,0.0
ssp126_percentage_change_cf_historical,1.123996475311037
ssp370_percentage_change_cf_historical,1.5848084386128911
ssp585_percentage_change_cf_historical,1.6268643492749912
