Key,Value
historical,11615907.51917807
ssp126,11688747.3611588
ssp370,11713491.902908185
ssp585,11685560.789960854
historical_percentage_change_cf_historical,0.0
ssp126_percentage_change_cf_historical,0.627069747761588
ssp370_percentage_change_cf_historical,0.8400926364901048
ssp585_percentage_change_cf_historical,0.599636926066989
