Key,Value
historical,4345617.632231298
ssp126,4388460.706169855
ssp370,4403771.047950877
ssp585,4390623.893128192
historical_percentage_change_cf_historical,0.0
ssp126_percentage_change_cf_historical,0.9858914788266535
ssp370_percentage_change_cf_historical,1.3382082972108975
ssp585_percentage_change_cf_historical,1.0356700636310991
