Key,Value
historical,5525464.232099102
ssp126,5612953.595318245
ssp370,5627185.939302516
ssp585,5667314.325391989
historical_percentage_change_cf_historical,0.0
ssp126_percentage_change_cf_historical,1.583384844134735
ssp370_percentage_change_cf_historical,1.8409621876200366
ssp585_percentage_change_cf_historical,2.5672067962875773
