Key,Value
historical,11578840.949758163
ssp126,11664476.364347307
ssp370,11669081.780111443
ssp585,11725057.110568576
historical_percentage_change_cf_historical,0.0
ssp126_percentage_change_cf_historical,0.7395853778519419
ssp370_percentage_change_cf_historical,0.7793597886424488
ssp585_percentage_change_cf_historical,1.2627875401766075
