Key,Value
historical,11077651.004926661
ssp126,11084904.399178818
ssp370,11122450.96334081
ssp585,11113105.246717922
historical_percentage_change_cf_historical,0.0
ssp126_percentage_change_cf_historical,0.06547772852684178
ssp370_percentage_change_cf_historical,0.40441749242889363
ssp585_percentage_change_cf_historical,0.3200519837237469
