Key,Value
historical,11292123.230143469
ssp126,11292495.68869273
ssp370,11321924.96347926
ssp585,11320614.991114337
historical_percentage_change_cf_historical,0.0
ssp126_percentage_change_cf_historical,0.0032983925314137843
ssp370_percentage_change_cf_historical,0.26391611859351377
ssp585_percentage_change_cf_historical,0.25231535637878594
