Key,Value
historical,11355471.451803211
ssp126,11386703.858955493
ssp370,11389835.830671381
ssp585,11409704.284112852
historical_percentage_change_cf_historical,0.0
ssp126_percentage_change_cf_historical,0.2750428045620464
ssp370_percentage_change_cf_historical,0.30262397306906297
ssp585_percentage_change_cf_historical,0.4775920800807345
