Key,Value
historical,8764816.04944857
ssp126,8912530.602029955
ssp370,8990648.641825253
ssp585,9060039.520132514
historical_percentage_change_cf_historical,0.0
ssp126_percentage_change_cf_historical,1.6853126380293868
ssp370_percentage_change_cf_historical,2.576581083990815
ssp585_percentage_change_cf_historical,3.368279140353632
