Key,Value
historical,5763317.109940661
ssp126,5809066.740331625
ssp370,5842160.675443447
ssp585,5834976.3049529055
historical_percentage_change_cf_historical,0.0
ssp126_percentage_change_cf_historical,0.7938072731075968
ssp370_percentage_change_cf_historical,1.3680240736154434
ssp585_percentage_change_cf_historical,1.2433672075521487
