Key,Value
historical,5711003.168548131
ssp126,5724643.531135124
ssp370,5741993.012001744
ssp585,5735019.457286705
historical_percentage_change_cf_historical,0.0
ssp126_percentage_change_cf_historical,0.23884354787462825
ssp370_percentage_change_cf_historical,0.5426339740849857
ssp585_percentage_change_cf_historical,0.42052662255271334
