Key,Value
historical,5511985.545938594
ssp126,5588277.074578673
ssp370,5615994.936657343
ssp585,5652013.391223952
historical_percentage_change_cf_historical,0.0
ssp126_percentage_change_cf_historical,1.3841024800272272
ssp370_percentage_change_cf_historical,1.8869677696340514
ssp585_percentage_change_cf_historical,2.540424754715383
