Key,Value
historical,11505583.214862121
ssp126,11603587.487637382
ssp370,11590633.29506747
ssp585,11645683.832972206
historical_percentage_change_cf_historical,0.0
ssp126_percentage_change_cf_historical,0.851797522516421
ssp370_percentage_change_cf_historical,0.7392070320736753
ssp585_percentage_change_cf_historical,1.2176750669111023
