Key,Value
historical,5543477.542136242
ssp126,5573360.2505525295
ssp370,5593687.53766623
ssp585,5598074.022626981
historical_percentage_change_cf_historical,0.0
ssp126_percentage_change_cf_historical,0.5390606923027624
ssp370_percentage_change_cf_historical,0.905749056406203
ssp585_percentage_change_cf_historical,0.9848778149771322
