Key,Value
historical,5530140.230531475
ssp126,5525787.884969534
ssp370,5527993.053187624
ssp585,5543555.748304615
historical_percentage_change_cf_historical,0.0
ssp126_percentage_change_cf_historical,-0.0787022639663143
ssp370_percentage_change_cf_historical,-0.0388268154936932
ssp585_percentage_change_cf_historical,0.2425891064945187
