Key,Value
historical,8201816.213797128
ssp126,8353606.843672383
ssp370,8469833.73510861
ssp585,8505495.10773694
historical_percentage_change_cf_historical,0.0
ssp126_percentage_change_cf_historical,1.8506953328204554
ssp370_percentage_change_cf_historical,3.2677825779687955
ssp585_percentage_change_cf_historical,3.702581062825596
