Key,Value
historical,5514884.360464186
ssp126,5565487.143346569
ssp370,5576075.793073922
ssp585,5596570.884548476
historical_percentage_change_cf_historical,0.0
ssp126_percentage_change_cf_historical,0.9175674334198176
ssp370_percentage_change_cf_historical,1.109568734539803
ssp585_percentage_change_cf_historical,1.4812010324258915
