Key,Value
historical,11506861.942375327
ssp126,11601449.139140617
ssp370,11626272.9690565
ssp585,11634122.654167531
historical_percentage_change_cf_historical,0.0
ssp126_percentage_change_cf_historical,0.822006879364412
ssp370_percentage_change_cf_historical,1.0377375454677953
ssp585_percentage_change_cf_historical,1.1059549721679767
