Key,Value
historical,11373800.804145005
ssp126,11429769.410654452
ssp370,11449652.677226048
ssp585,11438712.312784512
historical_percentage_change_cf_historical,0.0
ssp126_percentage_change_cf_historical,0.4920835829044079
ssp370_percentage_change_cf_historical,0.6668999605954091
ssp585_percentage_change_cf_historical,0.5707107919091655
