Key,Value
historical,11367477.178424183
ssp126,11392332.498932173
ssp370,11415278.733930847
ssp585,11408899.398397345
historical_percentage_change_cf_historical,0.0
ssp126_percentage_change_cf_historical,0.2186529175986942
ssp370_percentage_change_cf_historical,0.42051155904136933
ssp585_percentage_change_cf_historical,0.3643923741653289
