Key,Value
historical,11251239.282157108
ssp126,11251621.44121619
ssp370,11262335.23567113
ssp585,11249693.441478392
historical_percentage_change_cf_historical,0.0
ssp126_percentage_change_cf_historical,0.00339659525050967
ssp370_percentage_change_cf_historical,0.09861983409789818
ssp585_percentage_change_cf_historical,-0.01373929253435722
