Key,Value
historical,11295498.496257886
ssp126,11369339.001875352
ssp370,11364970.046176735
ssp585,11402901.61971495
historical_percentage_change_cf_historical,0.0
ssp126_percentage_change_cf_historical,0.653716218384949
ssp370_percentage_change_cf_historical,0.6150374854360294
ssp585_percentage_change_cf_historical,0.9508489022653124
