Key,Value
historical,11401728.526591294
ssp126,11464703.789526995
ssp370,11459732.631745905
ssp585,11466776.109392852
historical_percentage_change_cf_historical,0.0
ssp126_percentage_change_cf_historical,0.5523308399145782
ssp370_percentage_change_cf_historical,0.5087308035736254
ssp585_percentage_change_cf_historical,0.570506328490922
