Key,Value
historical,5765251.577493098
ssp126,5805264.620568027
ssp370,5844308.600719293
ssp585,5825112.573786223
historical_percentage_change_cf_historical,0.0
ssp126_percentage_change_cf_historical,0.6940381098222259
ssp370_percentage_change_cf_historical,1.3712675355716455
ssp585_percentage_change_cf_historical,1.038306750165359
