Key,Value
historical,11273698.773276439
ssp126,11295438.710086709
ssp370,11313413.522720594
ssp585,11313472.724189179
historical_percentage_change_cf_historical,0.0
ssp126_percentage_change_cf_historical,0.19283765911683787
ssp370_percentage_change_cf_historical,0.35227790136007736
ssp585_percentage_change_cf_historical,0.3528030304217602
