Key,Value
historical,11210971.939352531
ssp126,11261756.969002482
ssp370,11264880.03776323
ssp585,11276288.515702765
historical_percentage_change_cf_historical,0.0
ssp126_percentage_change_cf_historical,0.4529939948532559
ssp370_percentage_change_cf_historical,0.48085124735235824
ssp585_percentage_change_cf_historical,0.5826129679351127
