Key,Value
historical,11251239.282157108
ssp126,11299696.01986928
ssp370,11310929.393577997
ssp585,11292702.361841403
historical_percentage_change_cf_historical,0.0
ssp126_percentage_change_cf_historical,0.4306791145133366
ssp370_percentage_change_cf_historical,0.5305203269078866
ssp585_percentage_change_cf_historical,0.3685201127137115
