Key,Value
historical,11398855.074528353
ssp126,11478531.323977873
ssp370,11521189.923976334
ssp585,11528532.688606694
historical_percentage_change_cf_historical,0.0
ssp126_percentage_change_cf_historical,0.698984669324925
ssp370_percentage_change_cf_historical,1.073220500200476
ssp585_percentage_change_cf_historical,1.137637185756629
