Key,Value
historical,5821134.604887877
ssp126,5835152.9718247345
ssp370,5852157.415200071
ssp585,5844945.40765391
historical_percentage_change_cf_historical,0.0
ssp126_percentage_change_cf_historical,0.2408184638968304
ssp370_percentage_change_cf_historical,0.5329340827498747
ssp585_percentage_change_cf_historical,0.4090405802683218
