Key,Value
historical,10626557.48252948
ssp126,10694770.400240924
ssp370,10721144.303491028
ssp585,10716223.368902188
historical_percentage_change_cf_historical,0.0
ssp126_percentage_change_cf_historical,0.6419098360272288
ssp370_percentage_change_cf_historical,0.8900984266734814
ssp585_percentage_change_cf_historical,0.843790536306065
