Key,Value
historical,5535764.855086472
ssp126,5589396.969499828
ssp370,5609695.865574852
ssp585,5588495.436777493
historical_percentage_change_cf_historical,0.0
ssp126_percentage_change_cf_historical,0.9688293454892176
ssp370_percentage_change_cf_historical,1.3355157313166781
ssp585_percentage_change_cf_historical,0.9525437418565609
