Key,Value
historical,11554966.238340646
ssp126,11658069.044927195
ssp370,11656639.037133731
ssp585,11692978.276767168
historical_percentage_change_cf_historical,0.0
ssp126_percentage_change_cf_historical,0.8922813313330354
ssp370_percentage_change_cf_historical,0.8799056327462335
ssp585_percentage_change_cf_historical,1.1943958604446898
