Key,Value
historical,11384803.696508236
ssp126,11505803.91161234
ssp370,11541058.21806581
ssp585,11489850.991402611
historical_percentage_change_cf_historical,0.0
ssp126_percentage_change_cf_historical,1.062822147220811
ssp370_percentage_change_cf_historical,1.3724832304793897
ssp585_percentage_change_cf_historical,0.9226974631683226
