Key,Value
historical,9144480.238060035
ssp126,9184120.564741934
ssp370,9187308.220974863
ssp585,9183392.21113352
historical_percentage_change_cf_historical,0.0
ssp126_percentage_change_cf_historical,0.433489117477807
ssp370_percentage_change_cf_historical,0.46834791918051705
ssp585_percentage_change_cf_historical,0.425524163872428
