Key,Value
historical,11515973.234938044
ssp126,11629742.104745802
ssp370,11640733.311872236
ssp585,11657451.5336591
historical_percentage_change_cf_historical,0.0
ssp126_percentage_change_cf_historical,0.9879223187372188
ssp370_percentage_change_cf_historical,1.0833654645504527
ssp585_percentage_change_cf_historical,1.2285396625604228
