Key,Value
historical,11281287.593636312
ssp126,11323949.461817428
ssp370,11344067.534907497
ssp585,11347043.179859176
historical_percentage_change_cf_historical,0.0
ssp126_percentage_change_cf_historical,0.3781648843451355
ssp370_percentage_change_cf_historical,0.5564962399026114
ssp585_percentage_change_cf_historical,0.5828730601634242
