Key,Value
historical,5543220.061714603
ssp126,5612420.407497104
ssp370,5611101.29930513
ssp585,5630010.718592109
historical_percentage_change_cf_historical,0.0
ssp126_percentage_change_cf_historical,1.2483781089704185
ssp370_percentage_change_cf_historical,1.2245813233965397
ssp585_percentage_change_cf_historical,1.5657083051229406
