Key,Value
historical,10942948.826600254
ssp126,11068839.953323543
ssp370,11125316.835886523
ssp585,11109957.531404763
historical_percentage_change_cf_historical,0.0
ssp126_percentage_change_cf_historical,1.150431467039961
ssp370_percentage_change_cf_historical,1.6665344248249354
ssp585_percentage_change_cf_historical,1.5261764214645972
