Key,Value
historical,8261435.930929796
ssp126,8346532.462091739
ssp370,8370052.261681558
ssp585,8348537.726227422
historical_percentage_change_cf_historical,0.0
ssp126_percentage_change_cf_historical,1.0300452835729506
ssp370_percentage_change_cf_historical,1.3147391284015855
ssp585_percentage_change_cf_historical,1.0543178695065352
