Key,Value
historical,11266501.925516296
ssp126,11342465.74071519
ssp370,11355113.69780527
ssp585,11395011.633675145
historical_percentage_change_cf_historical,0.0
ssp126_percentage_change_cf_historical,0.674244904950065
ssp370_percentage_change_cf_historical,0.7865065206112205
ssp585_percentage_change_cf_historical,1.140635389834718
