Key,Value
historical,11319387.27800336
ssp126,11341470.5170491
ssp370,11392583.186794966
ssp585,11399298.280135348
historical_percentage_change_cf_historical,0.0
ssp126_percentage_change_cf_historical,0.1950921768411861
ssp370_percentage_change_cf_historical,0.6466419691624719
ssp585_percentage_change_cf_historical,0.7059657927534468
