Key,Value
historical,11277038.689944154
ssp126,11353334.402613364
ssp370,11344621.210580537
ssp585,11323566.320917575
historical_percentage_change_cf_historical,0.0
ssp126_percentage_change_cf_historical,0.6765580465485513
ssp370_percentage_change_cf_historical,0.5992931521698817
ssp585_percentage_change_cf_historical,0.4125873135019939
