Key,Value
historical,5541165.994072819
ssp126,5553638.770291731
ssp370,5583440.899663215
ssp585,5580547.465985644
historical_percentage_change_cf_historical,0.0
ssp126_percentage_change_cf_historical,0.22509299003591124
ssp370_percentage_change_cf_historical,0.7629243671027965
ssp585_percentage_change_cf_historical,0.7107073124131177
