Key,Value
historical,11564333.394747721
ssp126,11627332.32512755
ssp370,11671553.967733566
ssp585,11657873.071121482
historical_percentage_change_cf_historical,0.0
ssp126_percentage_change_cf_historical,0.5447692333778723
ssp370_percentage_change_cf_historical,0.927166048624489
ssp585_percentage_change_cf_historical,0.8088635391318355
