Key,Value
historical,11332434.398145966
ssp126,11372324.795709902
ssp370,11409092.543791037
ssp585,11371153.311673366
historical_percentage_change_cf_historical,0.0
ssp126_percentage_change_cf_historical,0.35200201618164606
ssp370_percentage_change_cf_historical,0.676449057208859
ssp585_percentage_change_cf_historical,0.34166457238644043
