Key,Value
historical,11535333.395181889
ssp126,11576023.852304759
ssp370,11585413.931807442
ssp585,11625751.69626037
historical_percentage_change_cf_historical,0.0
ssp126_percentage_change_cf_historical,0.3527462599378835
ssp370_percentage_change_cf_historical,0.43414901771691056
ssp585_percentage_change_cf_historical,0.7838377789431537
