Key,Value
historical,11292363.150216702
ssp126,11364887.582236232
ssp370,11389677.036205105
ssp585,11385274.111087289
historical_percentage_change_cf_historical,0.0
ssp126_percentage_change_cf_historical,0.6422431784629429
ssp370_percentage_change_cf_historical,0.8617672376798797
ssp585_percentage_change_cf_historical,0.82277694787741
