Key,Value
historical,11302423.65726459
ssp126,11337394.2208178
ssp370,11362551.953977915
ssp585,11363737.915465768
historical_percentage_change_cf_historical,0.0
ssp126_percentage_change_cf_historical,0.3094076510813957
ssp370_percentage_change_cf_historical,0.5319947166789932
ssp585_percentage_change_cf_historical,0.5424877005187171
