Key,Value
historical,10995051.055906877
ssp126,11054682.883231744
ssp370,11066137.882185988
ssp585,10999576.216855858
historical_percentage_change_cf_historical,0.0
ssp126_percentage_change_cf_historical,0.5423515272612691
ssp370_percentage_change_cf_historical,0.6465347538420133
ssp585_percentage_change_cf_historical,0.041156343212699724
