Key,Value
historical,11373800.804145005
ssp126,11435016.504738886
ssp370,11497863.477266105
ssp585,11503535.514164556
historical_percentage_change_cf_historical,0.0
ssp126_percentage_change_cf_historical,0.5382167460816809
ssp370_percentage_change_cf_historical,1.0907758563512697
ssp585_percentage_change_cf_historical,1.1406451744105754
