Key,Value
historical,11327092.974256657
ssp126,11400516.046185995
ssp370,11422724.304361202
ssp585,11425465.085283935
historical_percentage_change_cf_historical,0.0
ssp126_percentage_change_cf_historical,0.6482075506593594
ssp370_percentage_change_cf_historical,0.8442707261420761
ssp585_percentage_change_cf_historical,0.868467410401332
