Key,Value
historical,11383600.545306195
ssp126,11428448.282200808
ssp370,11488520.564059533
ssp585,11485769.782291804
historical_percentage_change_cf_historical,0.0
ssp126_percentage_change_cf_historical,0.3939679428852168
ssp370_percentage_change_cf_historical,0.9216769187899897
ssp585_percentage_change_cf_historical,0.8975124924577261
