Key,Value
historical,11245015.219050275
ssp126,11313078.26532128
ssp370,11312851.121095834
ssp585,11343504.983286478
historical_percentage_change_cf_historical,0.0
ssp126_percentage_change_cf_historical,0.6052730471693757
ssp370_percentage_change_cf_historical,0.6032530923625409
ssp585_percentage_change_cf_historical,0.8758526539772941
