Key,Value
historical,5543480.349994351
ssp126,5587246.104239403
ssp370,5605767.837151334
ssp585,5605358.165394512
historical_percentage_change_cf_historical,0.0
ssp126_percentage_change_cf_historical,0.7894995829668038
ssp370_percentage_change_cf_historical,1.1236169919326224
ssp585_percentage_change_cf_historical,1.1162268375358073
