Key,Value
historical,11542509.653603673
ssp126,11637720.89203786
ssp370,11616212.64831131
ssp585,11619372.831182752
historical_percentage_change_cf_historical,0.0
ssp126_percentage_change_cf_historical,0.8248746701672492
ssp370_percentage_change_cf_historical,0.6385352658953662
ssp585_percentage_change_cf_historical,0.6659139120154988
