Key,Value
historical,7968051.204595604
ssp126,7952392.232587969
ssp370,7972348.02344401
ssp585,7958938.7605583845
historical_percentage_change_cf_historical,0.0
ssp126_percentage_change_cf_historical,-0.19652198016252304
ssp370_percentage_change_cf_historical,0.05392559282158927
ssp585_percentage_change_cf_historical,-0.11436226755124106
