Key,Value
historical,5526189.632614925
ssp126,5606136.97552032
ssp370,5597544.05567893
ssp585,5593174.363879336
historical_percentage_change_cf_historical,0.0
ssp126_percentage_change_cf_historical,1.446699230760302
ssp370_percentage_change_cf_historical,1.291204750609355
ssp585_percentage_change_cf_historical,1.2121323319973571
