Key,Value
historical,11257233.521779943
ssp126,11287970.051113656
ssp370,11287910.019154267
ssp585,11295182.036343819
historical_percentage_change_cf_historical,0.0
ssp126_percentage_change_cf_historical,0.2730380361591061
ssp370_percentage_change_cf_historical,0.27250476162702625
ssp585_percentage_change_cf_historical,0.3371033788226419
