Key,Value
historical,11466018.053236028
ssp126,11617599.974074464
ssp370,11662564.513496751
ssp585,11672069.85592023
historical_percentage_change_cf_historical,0.0
ssp126_percentage_change_cf_historical,1.3220101358174252
ssp370_percentage_change_cf_historical,1.7141649293431205
ssp585_percentage_change_cf_historical,1.7970650467103302
