Key,Value
historical,11430043.127964035
ssp126,11522599.608330611
ssp370,11534000.616301522
ssp585,11543979.474533625
historical_percentage_change_cf_historical,0.0
ssp126_percentage_change_cf_historical,0.8097649267843401
ssp370_percentage_change_cf_historical,0.9095109018718489
ssp585_percentage_change_cf_historical,0.9968146689739138
