Key,Value
historical,11320229.800438266
ssp126,11484465.746587353
ssp370,11577341.085118065
ssp585,11607575.822611382
historical_percentage_change_cf_historical,0.0
ssp126_percentage_change_cf_historical,1.4508181286454815
ssp370_percentage_change_cf_historical,2.27125499404477
ssp585_percentage_change_cf_historical,2.538340892708656
