Key,Value
historical,11337863.409145525
ssp126,11625270.581461841
ssp370,11706252.758801706
ssp585,11747543.737534892
historical_percentage_change_cf_historical,0.0
ssp126_percentage_change_cf_historical,2.53493239373905
ssp370_percentage_change_cf_historical,3.2491955173760996
ssp585_percentage_change_cf_historical,3.6133821127083285
