Key,Value
historical,10633230.95465186
ssp126,10738861.820517913
ssp370,10728835.746208668
ssp585,10722348.579171946
historical_percentage_change_cf_historical,0.0
ssp126_percentage_change_cf_historical,0.9934032874536619
ssp370_percentage_change_cf_historical,0.899113279534117
ssp585_percentage_change_cf_historical,0.8381048516687986
