Key,Value
historical,8211112.060748121
ssp126,8267401.368949654
ssp370,8279255.24559299
ssp585,8293403.225298885
historical_percentage_change_cf_historical,0.0
ssp126_percentage_change_cf_historical,0.6855260016559103
ssp370_percentage_change_cf_historical,0.8298898412386374
ssp585_percentage_change_cf_historical,1.0021926864711048
