Key,Value
historical,11337942.163247798
ssp126,11409056.127535984
ssp370,11399903.748493826
ssp585,11416163.839399632
historical_percentage_change_cf_historical,0.0
ssp126_percentage_change_cf_historical,0.6272210888383595
ssp370_percentage_change_cf_historical,0.5464976302920145
ssp585_percentage_change_cf_historical,0.6899107000685875
