Key,Value
historical,11212004.21342496
ssp126,11240998.663546123
ssp370,11241805.386662748
ssp585,11250633.072033748
historical_percentage_change_cf_historical,0.0
ssp126_percentage_change_cf_historical,0.25860184824444915
ssp370_percentage_change_cf_historical,0.2657970213934135
ssp585_percentage_change_cf_historical,0.3445312530522839
