Key,Value
historical,10639526.918213584
ssp126,10755808.575861912
ssp370,10765417.46550169
ssp585,10788888.656374915
historical_percentage_change_cf_historical,0.0
ssp126_percentage_change_cf_historical,1.0929213163535358
ssp370_percentage_change_cf_historical,1.1832344450635053
ssp585_percentage_change_cf_historical,1.4038381528566068
