Key,Value
historical,11322403.825025758
ssp126,11414822.67529238
ssp370,11455099.365813643
ssp585,11446021.631040875
historical_percentage_change_cf_historical,0.0
ssp126_percentage_change_cf_historical,0.8162476069114424
ssp370_percentage_change_cf_historical,1.1719732208684326
ssp585_percentage_change_cf_historical,1.0917982428950848
