Key,Value
historical,11397494.415723909
ssp126,11463442.912593182
ssp370,11446691.701879922
ssp585,11435471.350918673
historical_percentage_change_cf_historical,0.0
ssp126_percentage_change_cf_historical,0.5786227609665803
ssp370_percentage_change_cf_historical,0.4316500132532757
ssp585_percentage_change_cf_historical,0.3332042448063985
