Key,Value
historical,11586520.747852772
ssp126,11680106.08589743
ssp370,11668083.916495785
ssp585,11642848.041535597
historical_percentage_change_cf_historical,0.0
ssp126_percentage_change_cf_historical,0.8077087167172392
ssp370_percentage_change_cf_historical,0.7039487557826885
ssp585_percentage_change_cf_historical,0.4861450206548283
