Key,Value
historical,5541149.728467164
ssp126,5559572.379751081
ssp370,5580373.558978934
ssp585,5598702.175651739
historical_percentage_change_cf_historical,0.0
ssp126_percentage_change_cf_historical,0.3324698336388978
ssp370_percentage_change_cf_historical,0.7078644763966812
ssp585_percentage_change_cf_historical,1.0386372865707842
