Key,Value
historical,5718952.9377375515
ssp126,5760180.425267336
ssp370,5789396.673432913
ssp585,5762393.79684994
historical_percentage_change_cf_historical,0.0
ssp126_percentage_change_cf_historical,0.7208922328725135
ssp370_percentage_change_cf_historical,1.2317593178731259
ssp585_percentage_change_cf_historical,0.7595946248435801
