Key,Value
historical,10690159.445427991
ssp126,10739786.648992728
ssp370,10748392.984020278
ssp585,10759732.753222648
historical_percentage_change_cf_historical,0.0
ssp126_percentage_change_cf_historical,0.46423258528629097
ssp370_percentage_change_cf_historical,0.5447396635154207
ssp585_percentage_change_cf_historical,0.6508163713536751
