Key,Value
historical,11067003.977558969
ssp126,11151872.7525583
ssp370,11150231.20839311
ssp585,11178817.821588162
historical_percentage_change_cf_historical,0.0
ssp126_percentage_change_cf_historical,0.7668631471663305
ssp370_percentage_change_cf_historical,0.7520303688595824
ssp585_percentage_change_cf_historical,1.0103352655869953
