Key,Value
historical,11549766.201589368
ssp126,11599179.993927578
ssp370,11622103.32783831
ssp585,11652423.351160698
historical_percentage_change_cf_historical,0.0
ssp126_percentage_change_cf_historical,0.42783370222168976
ssp370_percentage_change_cf_historical,0.6263081432677527
ssp585_percentage_change_cf_historical,0.8888244816349845
