Key,Value
historical,5802999.538095826
ssp126,5914291.784786185
ssp370,5841512.974004857
ssp585,5878002.016384767
historical_percentage_change_cf_historical,0.0
ssp126_percentage_change_cf_historical,1.917840006013131
ssp370_percentage_change_cf_historical,0.6636815263588425
ssp585_percentage_change_cf_historical,1.2924777573487816
