Key,Value
historical,11016660.048364416
ssp126,11115388.350838296
ssp370,11106283.501244161
ssp585,11094711.296054062
historical_percentage_change_cf_historical,0.0
ssp126_percentage_change_cf_historical,0.8961727242236
ssp370_percentage_change_cf_historical,0.813526536048931
ssp585_percentage_change_cf_historical,0.7084837632003865
