Key,Value
historical,11294849.847716447
ssp126,11375148.169319712
ssp370,11414821.86330098
ssp585,11417354.190303816
historical_percentage_change_cf_historical,0.0
ssp126_percentage_change_cf_historical,0.7109286328361336
ssp370_percentage_change_cf_historical,1.0621833596910337
ssp585_percentage_change_cf_historical,1.084603551521635
