Key,Value
historical,11316881.231005136
ssp126,11420515.293295797
ssp370,11424592.001973566
ssp585,11399410.701605484
historical_percentage_change_cf_historical,0.0
ssp126_percentage_change_cf_historical,0.9157475471840445
ssp370_percentage_change_cf_historical,0.9517707994790289
ssp585_percentage_change_cf_historical,0.7292598456740887
