Key,Value
historical,11498405.257946407
ssp126,11565210.081317516
ssp370,11581249.57329172
ssp585,11578542.29065028
historical_percentage_change_cf_historical,0.0
ssp126_percentage_change_cf_historical,0.58099207561797
ssp370_percentage_change_cf_historical,0.7204852628416512
ssp585_percentage_change_cf_historical,0.6969404096145511
