Key,Value
historical,11562823.59274101
ssp126,11658368.028391322
ssp370,11656980.42852068
ssp585,11722805.974531455
historical_percentage_change_cf_historical,0.0
ssp126_percentage_change_cf_historical,0.8263071289117734
ssp370_percentage_change_cf_historical,0.8143066010172393
ssp585_percentage_change_cf_historical,1.3835926883021816
