Key,Value
historical,5806399.192933485
ssp126,5845584.2700857
ssp370,5882801.154058799
ssp585,5927299.659055103
historical_percentage_change_cf_historical,0.0
ssp126_percentage_change_cf_historical,0.6748601990697444
ssp370_percentage_change_cf_historical,1.3158234318146278
ssp585_percentage_change_cf_historical,2.0821934921173906
