Key,Value
historical,11504288.14813742
ssp126,11554480.491343133
ssp370,11568620.777423473
ssp585,11596181.647853155
historical_percentage_change_cf_historical,0.0
ssp126_percentage_change_cf_historical,0.43629247250590664
ssp370_percentage_change_cf_historical,0.5592056497339065
ssp585_percentage_change_cf_historical,0.7987760609995858
