Key,Value
historical,11505071.616415936
ssp126,11646847.697435508
ssp370,11657117.109197155
ssp585,11679795.223662939
historical_percentage_change_cf_historical,0.0
ssp126_percentage_change_cf_historical,1.232292033865124
ssp370_percentage_change_cf_historical,1.3215519020696318
ssp585_percentage_change_cf_historical,1.5186659681257366
