Key,Value
historical,5760133.522689485
ssp126,5800606.972064367
ssp370,5812476.375666912
ssp585,5832523.809071141
historical_percentage_change_cf_historical,0.0
ssp126_percentage_change_cf_historical,0.702647763553647
ssp370_percentage_change_cf_historical,0.9087090216094006
ssp585_percentage_change_cf_historical,1.2567466725642202
