Key,Value
historical,11227239.413736206
ssp126,11267324.944720944
ssp370,11281335.489487827
ssp585,11314764.77679921
historical_percentage_change_cf_historical,0.0
ssp126_percentage_change_cf_historical,0.3570381774855121
ssp370_percentage_change_cf_historical,0.48182882503989605
ssp585_percentage_change_cf_historical,0.7795804457141895
