Key,Value
historical,11334841.303871458
ssp126,11369641.052601613
ssp370,11369004.782731194
ssp585,11377351.444207013
historical_percentage_change_cf_historical,0.0
ssp126_percentage_change_cf_historical,0.30701575608534304
ssp370_percentage_change_cf_historical,0.3014023570675576
ssp585_percentage_change_cf_historical,0.37503957219969863
