Key,Value
historical,8201736.68693153
ssp126,8238022.76475009
ssp370,8246623.503757073
ssp585,8251122.5008686865
historical_percentage_change_cf_historical,0.0
ssp126_percentage_change_cf_historical,0.44241944363293034
ssp370_percentage_change_cf_historical,0.5472842952525443
ssp585_percentage_change_cf_historical,0.6021384960559237
