Key,Value
historical,4562449.929906133
ssp126,4631175.6136605665
ssp370,4606059.678420337
ssp585,4605261.796806121
historical_percentage_change_cf_historical,0.0
ssp126_percentage_change_cf_historical,1.5063328871610835
ssp370_percentage_change_cf_historical,0.9558405940709471
ssp585_percentage_change_cf_historical,0.9383525859508867
