Key,Value
historical,11174879.758487007
ssp126,11278322.120609354
ssp370,11326673.277826313
ssp585,11303672.033398962
historical_percentage_change_cf_historical,0.0
ssp126_percentage_change_cf_historical,0.9256686815246135
ssp370_percentage_change_cf_historical,1.3583458848765095
ssp585_percentage_change_cf_historical,1.1525159795490496
