Key,Value
historical,8217251.450513076
ssp126,8240424.439488146
ssp370,8250392.592521041
ssp585,8235155.176066251
historical_percentage_change_cf_historical,0.0
ssp126_percentage_change_cf_historical,0.282004136232481
ssp370_percentage_change_cf_historical,0.40331176680610603
ssp585_percentage_change_cf_historical,0.2178797333998659
