Key,Value
historical,11564333.394747721
ssp126,11655673.146278571
ssp370,11702576.37115271
ssp585,11704845.644188084
historical_percentage_change_cf_historical,0.0
ssp126_percentage_change_cf_historical,0.7898401785297448
ssp370_percentage_change_cf_historical,1.1954253797955723
ssp585_percentage_change_cf_historical,1.2150484134622097
