Key,Value
historical,8680023.932573145
ssp126,8718719.789754556
ssp370,8725878.916319855
ssp585,8729380.149041856
historical_percentage_change_cf_historical,0.0
ssp126_percentage_change_cf_historical,0.44580357706387175
ssp370_percentage_change_cf_historical,0.5282817663051748
ssp585_percentage_change_cf_historical,0.5686184376000801
