Key,Value
historical,5739624.904422011
ssp126,5771455.611180332
ssp370,5770986.8220396675
ssp585,5773250.399577495
historical_percentage_change_cf_historical,0.0
ssp126_percentage_change_cf_historical,0.5545781699740835
ssp370_percentage_change_cf_historical,0.5464105780413273
ssp585_percentage_change_cf_historical,0.5858483039471308
