Key,Value
historical,11302229.412474018
ssp126,11350530.584111918
ssp370,11383365.842762083
ssp585,11394055.562057644
historical_percentage_change_cf_historical,0.0
ssp126_percentage_change_cf_historical,0.4273596816623741
ssp370_percentage_change_cf_historical,0.717879874200012
ssp585_percentage_change_cf_historical,0.8124604998928802
