Key,Value
historical,11324054.75096248
ssp126,11408527.70294195
ssp370,11416127.386634035
ssp585,11435672.509117354
historical_percentage_change_cf_historical,0.0
ssp126_percentage_change_cf_historical,0.7459602928208183
ssp370_percentage_change_cf_historical,0.8130712690498823
ssp585_percentage_change_cf_historical,0.9856695380723581
