Key,Value
historical,11507423.905534219
ssp126,11644856.731321536
ssp370,11701021.464487627
ssp585,11728791.247173209
historical_percentage_change_cf_historical,0.0
ssp126_percentage_change_cf_historical,1.1942970634915255
ssp370_percentage_change_cf_historical,1.682370968017456
ssp585_percentage_change_cf_historical,1.923691553002827
