Key,Value
historical,11306765.53622567
ssp126,11385546.103572365
ssp370,11394189.937120669
ssp585,11429650.069053974
historical_percentage_change_cf_historical,0.0
ssp126_percentage_change_cf_historical,0.6967560005935498
ssp370_percentage_change_cf_historical,0.7732043316446341
ssp585_percentage_change_cf_historical,1.0868230391317129
