Key,Value
historical,11118836.005395886
ssp126,11173750.158448804
ssp370,11147915.354666062
ssp585,11177587.852159703
historical_percentage_change_cf_historical,0.0
ssp126_percentage_change_cf_historical,0.49388400931778464
ssp370_percentage_change_cf_historical,0.26153231557749534
ssp585_percentage_change_cf_historical,0.5283992563187889
