Key,Value
historical,11369684.127739731
ssp126,11406050.715774903
ssp370,11449955.987096455
ssp585,11466382.726961534
historical_percentage_change_cf_historical,0.0
ssp126_percentage_change_cf_historical,0.31985574644457115
ssp370_percentage_change_cf_historical,0.7060166180067977
ssp585_percentage_change_cf_historical,0.8504950369366745
