Key,Value
historical,5702822.658152424
ssp126,5743658.606768491
ssp370,5751247.800928429
ssp585,5745932.720455205
historical_percentage_change_cf_historical,0.0
ssp126_percentage_change_cf_historical,0.7160655532167084
ssp370_percentage_change_cf_historical,0.849143409830204
ssp585_percentage_change_cf_historical,0.7559425373530356
