Key,Value
historical,11088360.180150393
ssp126,11179507.333255988
ssp370,11182012.983973641
ssp585,11126821.7984497
historical_percentage_change_cf_historical,0.0
ssp126_percentage_change_cf_historical,0.8220075071944315
ssp370_percentage_change_cf_historical,0.8446046331620635
ssp585_percentage_change_cf_historical,0.3468647994331804
