Key,Value
historical,10991338.159892175
ssp126,11062634.566141626
ssp370,11079579.53368777
ssp585,11115006.506133966
historical_percentage_change_cf_historical,0.0
ssp126_percentage_change_cf_historical,0.6486599285027359
ssp370_percentage_change_cf_historical,0.802826484927843
ssp585_percentage_change_cf_historical,1.1251436762546478
