Key,Value
historical,11263407.614681296
ssp126,11376318.584480613
ssp370,11363698.009071108
ssp585,11401011.64613331
historical_percentage_change_cf_historical,0.0
ssp126_percentage_change_cf_historical,1.0024583470826676
ssp370_percentage_change_cf_historical,0.8904089936254134
ssp585_percentage_change_cf_historical,1.2216909496612118
