Key,Value
historical,11232748.603533113
ssp126,11285879.100905342
ssp370,11301663.289703947
ssp585,11305245.827226728
historical_percentage_change_cf_historical,0.0
ssp126_percentage_change_cf_historical,0.47299640762473
ssp370_percentage_change_cf_historical,0.6135157885502484
ssp585_percentage_change_cf_historical,0.6454094741407439
