Key,Value
historical,11249000.119504204
ssp126,11301292.369440263
ssp370,11292226.796086676
ssp585,11271075.32569653
historical_percentage_change_cf_historical,0.0
ssp126_percentage_change_cf_historical,0.46486131549942483
ssp370_percentage_change_cf_historical,0.3842712785425555
ssp585_percentage_change_cf_historical,0.1962414966468927
