Key,Value
historical,5698718.252658228
ssp126,5728668.087909063
ssp370,5759753.199394555
ssp585,5769055.7465626355
historical_percentage_change_cf_historical,0.0
ssp126_percentage_change_cf_historical,0.5255538863825127
ssp370_percentage_change_cf_historical,1.0710293794197676
ssp585_percentage_change_cf_historical,1.2342686686010045
