Key,Value
historical,8242160.212755689
ssp126,8319576.870964482
ssp370,8315158.481149051
ssp585,8344450.7588920565
historical_percentage_change_cf_historical,0.0
ssp126_percentage_change_cf_historical,0.939276308764077
ssp370_percentage_change_cf_historical,0.885669126892107
ssp585_percentage_change_cf_historical,1.2410647633136367
