Key,Value
historical,11202837.89866461
ssp126,11278631.279596
ssp370,11276816.876447853
ssp585,11327136.266919024
historical_percentage_change_cf_historical,0.0
ssp126_percentage_change_cf_historical,0.6765551873282493
ssp370_percentage_change_cf_historical,0.6603592630047839
ssp585_percentage_change_cf_historical,1.1095257235600124
