Key,Value
historical,11516781.191888684
ssp126,11588971.580803731
ssp370,11629142.738588192
ssp585,11646842.794035086
historical_percentage_change_cf_historical,0.0
ssp126_percentage_change_cf_historical,0.6268278237837065
ssp370_percentage_change_cf_historical,0.9756332505356954
ssp585_percentage_change_cf_historical,1.129322507559707
