Key,Value
historical,11117780.732203437
ssp126,11146753.58694474
ssp370,11143281.291474316
ssp585,11116399.425231032
historical_percentage_change_cf_historical,0.0
ssp126_percentage_change_cf_historical,0.2605992638205333
ssp370_percentage_change_cf_historical,0.2293673520382992
ssp585_percentage_change_cf_historical,-0.012424304865123746
