Key,Value
historical,5813577.18635916
ssp126,5838437.199916724
ssp370,5865449.9908117615
ssp585,5843927.272949053
historical_percentage_change_cf_historical,0.0
ssp126_percentage_change_cf_historical,0.4276199104381965
ssp370_percentage_change_cf_historical,0.8922699878194607
ssp585_percentage_change_cf_historical,0.522055278823958
