Key,Value
historical,10929272.250076933
ssp126,11044826.907870844
ssp370,10981209.695135698
ssp585,10977043.401570927
historical_percentage_change_cf_historical,0.0
ssp126_percentage_change_cf_historical,1.0572950801284848
ssp370_percentage_change_cf_historical,0.4752141210353626
ssp585_percentage_change_cf_historical,0.43709361795483
