Key,Value
historical,5766689.359468853
ssp126,5884508.10013663
ssp370,5825918.118811049
ssp585,5820393.494313033
historical_percentage_change_cf_historical,0.0
ssp126_percentage_change_cf_historical,2.0430915092438573
ssp370_percentage_change_cf_historical,1.0270842705432426
ssp585_percentage_change_cf_historical,0.9312819105818225
