Key,Value
historical,11334546.920851836
ssp126,11378564.581535097
ssp370,11381290.050736098
ssp585,11361622.479840958
historical_percentage_change_cf_historical,0.0
ssp126_percentage_change_cf_historical,0.3883495387211572
ssp370_percentage_change_cf_historical,0.41239522153523106
ssp585_percentage_change_cf_historical,0.23887641189532147
