Key,Value
historical,11334772.108112045
ssp126,11374855.868891008
ssp370,11375726.649121724
ssp585,11372285.394621966
historical_percentage_change_cf_historical,0.0
ssp126_percentage_change_cf_historical,0.35363534790678774
ssp370_percentage_change_cf_historical,0.3613177276000916
ssp585_percentage_change_cf_historical,0.3309575715516534
