Key,Value
historical,11292030.043421887
ssp126,11430693.12875844
ssp370,11421696.499894358
ssp585,11564070.615386225
historical_percentage_change_cf_historical,0.0
ssp126_percentage_change_cf_historical,1.2279730465057557
ssp370_percentage_change_cf_historical,1.148300668470218
ssp585_percentage_change_cf_historical,2.409137869083285
