Key,Value
historical,11002478.572530102
ssp126,11074014.191607267
ssp370,11087533.629869139
ssp585,11044451.399573449
historical_percentage_change_cf_historical,0.0
ssp126_percentage_change_cf_historical,0.6501773087363035
ssp370_percentage_change_cf_historical,0.7730536058610818
ssp585_percentage_change_cf_historical,0.38148519687319055
