Key,Value
historical,10690813.072901057
ssp126,10784421.205089826
ssp370,10834959.522643449
ssp585,10837200.05086618
historical_percentage_change_cf_historical,0.0
ssp126_percentage_change_cf_historical,0.8755941344259943
ssp370_percentage_change_cf_historical,1.3483207381838185
ssp585_percentage_change_cf_historical,1.3692782482202595
