Key,Value
historical,11210865.116732415
ssp126,11339551.660597678
ssp370,11350487.358400956
ssp585,11420714.462362297
historical_percentage_change_cf_historical,0.0
ssp126_percentage_change_cf_historical,1.1478734471008532
ssp370_percentage_change_cf_historical,1.2454189771684285
ssp585_percentage_change_cf_historical,1.8718390012263924
