Key,Value
historical,8165926.898972331
ssp126,8211659.662040938
ssp370,8193001.713997385
ssp585,8226563.407092318
historical_percentage_change_cf_historical,0.0
ssp126_percentage_change_cf_historical,0.5600437480570941
ssp370_percentage_change_cf_historical,0.33155838106341823
ssp585_percentage_change_cf_historical,0.7425551179942395
