Key,Value
historical,11338660.46221945
ssp126,11372124.083948925
ssp370,11392562.418794362
ssp585,11396992.55166232
historical_percentage_change_cf_historical,0.0
ssp126_percentage_change_cf_historical,0.29512852810943313
ssp370_percentage_change_cf_historical,0.4753820502387668
ssp585_percentage_change_cf_historical,0.5144530929136899
