Key,Value
historical,5756258.180054065
ssp126,5805229.164628938
ssp370,5822762.911159374
ssp585,5887332.96061266
historical_percentage_change_cf_historical,0.0
ssp126_percentage_change_cf_historical,0.8507433656218153
ssp370_percentage_change_cf_historical,1.1553465641230907
ssp585_percentage_change_cf_historical,2.2770830713045664
