Key,Value
historical,5518266.24163004
ssp126,5567036.945784943
ssp370,5591914.534379205
ssp585,5598005.464474609
historical_percentage_change_cf_historical,0.0
ssp126_percentage_change_cf_historical,0.8838048404945518
ssp370_percentage_change_cf_historical,1.3346273906387247
ssp585_percentage_change_cf_historical,1.4450049952829904
