Key,Value
historical,5686913.763804274
ssp126,5759291.9467112515
ssp370,5767671.478833623
ssp585,5772844.042546913
historical_percentage_change_cf_historical,0.0
ssp126_percentage_change_cf_historical,1.2727146201450448
ssp370_percentage_change_cf_historical,1.4200622408475998
ssp585_percentage_change_cf_historical,1.5110177912238307
