Key,Value
historical,8908661.910921898
ssp126,8953291.451011535
ssp370,8933773.073558146
ssp585,8945949.197267083
historical_percentage_change_cf_historical,0.0
ssp126_percentage_change_cf_historical,0.5009679403696063
ssp370_percentage_change_cf_historical,0.2818735617911648
ssp585_percentage_change_cf_historical,0.41855091952105633
