Key,Value
historical,11245970.263216812
ssp126,11302655.857919425
ssp370,11322978.456213225
ssp585,11334844.970325392
historical_percentage_change_cf_historical,0.0
ssp126_percentage_change_cf_historical,0.5040525039268438
ssp370_percentage_change_cf_historical,0.6847625522209498
ssp585_percentage_change_cf_historical,0.7902804740580716
