Key,Value
historical,11299794.780183442
ssp126,11361260.216201521
ssp370,11388012.739762621
ssp585,11415738.282509178
historical_percentage_change_cf_historical,0.0
ssp126_percentage_change_cf_historical,0.5439517903977517
ssp370_percentage_change_cf_historical,0.7807040861829433
ssp585_percentage_change_cf_historical,1.0260673276037473
