Key,Value
historical,11248290.601276224
ssp126,11244353.532301625
ssp370,11245503.435814252
ssp585,11236904.944941267
historical_percentage_change_cf_historical,0.0
ssp126_percentage_change_cf_historical,-0.03500148701841455
ssp370_percentage_change_cf_historical,-0.024778569124593256
ssp585_percentage_change_cf_historical,-0.10122121430313419
