Key,Value
historical,5730432.554958066
ssp126,5796321.613769714
ssp370,5823133.732047917
ssp585,5817175.855254237
historical_percentage_change_cf_historical,0.0
ssp126_percentage_change_cf_historical,1.1498095157692678
ssp370_percentage_change_cf_historical,1.6176994703418113
ssp585_percentage_change_cf_historical,1.5137304115222312
