Key,Value
historical,5804042.858475765
ssp126,5871469.045990834
ssp370,5920394.417530582
ssp585,5844005.117960179
historical_percentage_change_cf_historical,0.0
ssp126_percentage_change_cf_historical,1.1617107102612954
ssp370_percentage_change_cf_historical,2.0046640228527335
ssp585_percentage_change_cf_historical,0.6885245415797764
