Key,Value
historical,11310536.795608696
ssp126,11436677.470631663
ssp370,11470372.661919534
ssp585,11503626.734091002
historical_percentage_change_cf_historical,0.0
ssp126_percentage_change_cf_historical,1.1152492344301568
ssp370_percentage_change_cf_historical,1.4131589790936778
ssp585_percentage_change_cf_historical,1.707168651423104
