Key,Value
historical,5749466.658419481
ssp126,5782132.543707978
ssp370,5786066.598268138
ssp585,5823071.535613279
historical_percentage_change_cf_historical,0.0
ssp126_percentage_change_cf_historical,0.5681550520979495
ssp370_percentage_change_cf_historical,0.6365797390104174
ssp585_percentage_change_cf_historical,1.280203566117073
