Key,Value
historical,11324697.127146643
ssp126,11374818.445209648
ssp370,11381591.599231955
ssp585,11378328.696147518
historical_percentage_change_cf_historical,0.0
ssp126_percentage_change_cf_historical,0.4425841812833922
ssp370_percentage_change_cf_historical,0.5023928803263905
ssp585_percentage_change_cf_historical,0.47358060351401665
