Key,Value
historical,11245504.742796276
ssp126,11331440.500791647
ssp370,11358014.147393022
ssp585,11343816.635930158
historical_percentage_change_cf_historical,0.0
ssp126_percentage_change_cf_historical,0.7641787537408679
ssp370_percentage_change_cf_historical,1.0004833679770402
ssp585_percentage_change_cf_historical,0.8742328190903103
