Key,Value
historical,11086481.542209428
ssp126,11139413.195661336
ssp370,11121694.086148081
ssp585,11160836.057218704
historical_percentage_change_cf_historical,0.0
ssp126_percentage_change_cf_historical,0.47744321090854963
ssp370_percentage_change_cf_historical,0.3176169446058179
ssp585_percentage_change_cf_historical,0.6706772994316322
