Key,Value
historical,11298708.273720521
ssp126,11368028.624573877
ssp370,11388579.904312683
ssp585,11378451.793089548
historical_percentage_change_cf_historical,0.0
ssp126_percentage_change_cf_historical,0.6135245655876137
ssp370_percentage_change_cf_historical,0.7954150900700103
ssp585_percentage_change_cf_historical,0.7057755403288071
