Key,Value
historical,7988287.886710481
ssp126,8027048.525338611
ssp370,8008628.795549395
ssp585,8013671.163539451
historical_percentage_change_cf_historical,0.0
ssp126_percentage_change_cf_historical,0.48521834938639397
ssp370_percentage_change_cf_historical,0.2546341484857278
ssp585_percentage_change_cf_historical,0.31775615987999245
