Key,Value
historical,5511975.939212778
ssp126,5587540.051013183
ssp370,5627878.547919756
ssp585,5627945.745164392
historical_percentage_change_cf_historical,0.0
ssp126_percentage_change_cf_historical,1.3709078674098365
ssp370_percentage_change_cf_historical,2.102741557386613
ssp585_percentage_change_cf_historical,2.103960670920069
