Key,Value
historical,9184731.33095562
ssp126,9400943.938572783
ssp370,9434464.020993989
ssp585,9406842.922606979
historical_percentage_change_cf_historical,0.0
ssp126_percentage_change_cf_historical,2.354043899884728
ssp370_percentage_change_cf_historical,2.718998314046327
ssp585_percentage_change_cf_historical,2.4182698834397827
