Key,Value
historical,11232573.552804977
ssp126,11297441.165725961
ssp370,11309735.080580356
ssp585,11348977.112124596
historical_percentage_change_cf_historical,0.0
ssp126_percentage_change_cf_historical,0.5774955544785728
ssp370_percentage_change_cf_historical,0.6869443357093377
ssp585_percentage_change_cf_historical,1.0363035574385444
