Key,Value
historical,11365618.6767453
ssp126,11463645.457716241
ssp370,11487317.559094734
ssp585,11469025.890306761
historical_percentage_change_cf_historical,0.0
ssp126_percentage_change_cf_historical,0.8624852175580251
ssp370_percentage_change_cf_historical,1.0707633769065126
ssp585_percentage_change_cf_historical,0.9098247662754978
