Key,Value
historical,11011664.362630907
ssp126,11069596.798661884
ssp370,11061201.373844163
ssp585,11040408.826680984
historical_percentage_change_cf_historical,0.0
ssp126_percentage_change_cf_historical,0.5261006340474333
ssp370_percentage_change_cf_historical,0.4498594361572119
ssp585_percentage_change_cf_historical,0.2610365073205816
