Key,Value
historical,8172964.569926869
ssp126,8253986.205967257
ssp370,8313000.707387121
ssp585,8300704.861178006
historical_percentage_change_cf_historical,0.0
ssp126_percentage_change_cf_historical,0.9913371744998601
ssp370_percentage_change_cf_historical,1.713406882681559
ssp585_percentage_change_cf_historical,1.5629615197546358
