Key,Value
historical,11246013.210724022
ssp126,11357539.448391184
ssp370,11370625.116759116
ssp585,11384350.289305856
historical_percentage_change_cf_historical,0.0
ssp126_percentage_change_cf_historical,0.9916957732257712
ssp370_percentage_change_cf_historical,1.1080540605826927
ssp585_percentage_change_cf_historical,1.2300988447169716
