Key,Value
historical,11265561.602007959
ssp126,11376836.52207627
ssp370,11375111.933864065
ssp585,11407509.080383325
historical_percentage_change_cf_historical,0.0
ssp126_percentage_change_cf_historical,0.9877441001119471
ssp370_percentage_change_cf_historical,0.972435602647447
ssp585_percentage_change_cf_historical,1.2600124466947606
