Key,Value
historical,5765322.502694955
ssp126,5789278.317965781
ssp370,5810964.40645761
ssp585,5811331.023961306
historical_percentage_change_cf_historical,0.0
ssp126_percentage_change_cf_historical,0.41551561529521136
ssp370_percentage_change_cf_historical,0.7916626301706519
ssp585_percentage_change_cf_historical,0.798021641371219
