Key,Value
historical,11276598.263662495
ssp126,11312984.61486201
ssp370,11329705.849093571
ssp585,11332621.530987851
historical_percentage_change_cf_historical,0.0
ssp126_percentage_change_cf_historical,0.3226713442188136
ssp370_percentage_change_cf_historical,0.4709539542807826
ssp585_percentage_change_cf_historical,0.4968099954920356
