Key,Value
historical,4823667.398648401
ssp126,4878164.215662222
ssp370,4874538.623885766
ssp585,4887648.040873271
historical_percentage_change_cf_historical,0.0
ssp126_percentage_change_cf_historical,1.1297797403919612
ssp370_percentage_change_cf_historical,1.0546171830093236
ssp585_percentage_change_cf_historical,1.3263900044766372
