Key,Value
historical,11262384.627445837
ssp126,11277056.235119661
ssp370,11305905.51402152
ssp585,11326556.549343355
historical_percentage_change_cf_historical,0.0
ssp126_percentage_change_cf_historical,0.13027088098261091
ssp370_percentage_change_cf_historical,0.3864269248061728
ssp585_percentage_change_cf_historical,0.569789827112936
