Key,Value
historical,10953565.569674127
ssp126,11101683.93027459
ssp370,11046248.837358462
ssp585,11181075.141578674
historical_percentage_change_cf_historical,0.0
ssp126_percentage_change_cf_historical,1.3522387724645777
ssp370_percentage_change_cf_historical,0.8461470111699185
ssp585_percentage_change_cf_historical,2.077036654935695
