Key,Value
historical,4563561.411361201
ssp126,4623098.612192642
ssp370,4640094.977493674
ssp585,4659764.448060791
historical_percentage_change_cf_historical,0.0
ssp126_percentage_change_cf_historical,1.3046214450674543
ssp370_percentage_change_cf_historical,1.6770578772521594
ssp585_percentage_change_cf_historical,2.10806929123575
