Key,Value
historical,11289591.717850959
ssp126,11333253.058541698
ssp370,11332355.438747546
ssp585,11382261.14352357
historical_percentage_change_cf_historical,0.0
ssp126_percentage_change_cf_historical,0.38673976687485245
ssp370_percentage_change_cf_historical,0.3787889054390632
ssp585_percentage_change_cf_historical,0.8208394775347235
