Key,Value
historical,11320835.900466599
ssp126,11378578.229650501
ssp370,11398486.553929774
ssp585,11401831.812262982
historical_percentage_change_cf_historical,0.0
ssp126_percentage_change_cf_historical,0.5100535834241948
ssp370_percentage_change_cf_historical,0.6859091867940165
ssp585_percentage_change_cf_historical,0.7154587568312446
