Key,Value
historical,11511223.723604351
ssp126,11656937.873780187
ssp370,11724430.852842504
ssp585,11751656.809923658
historical_percentage_change_cf_historical,0.0
ssp126_percentage_change_cf_historical,1.265844133296112
ssp370_percentage_change_cf_historical,1.852167366020007
ssp585_percentage_change_cf_historical,2.0886839843646388
