Key,Value
historical,5511978.426749537
ssp126,5587545.223593984
ssp370,5612744.842586604
ssp585,5636495.639914106
historical_percentage_change_cf_historical,0.0
ssp126_percentage_change_cf_historical,1.370955961614847
ssp370_percentage_change_cf_historical,1.8281351637381142
ssp585_percentage_change_cf_historical,2.2590293996850384
