Key,Value
historical,9063783.850857178
ssp126,9141152.008528564
ssp370,9150418.136475528
ssp585,9174666.547763659
historical_percentage_change_cf_historical,0.0
ssp126_percentage_change_cf_historical,0.853596676007113
ssp370_percentage_change_cf_historical,0.9558291221845141
ssp585_percentage_change_cf_historical,1.2233598983717442
