Key,Value
historical,11367532.07243284
ssp126,11425176.105814999
ssp370,11461744.596723923
ssp585,11452945.868276844
historical_percentage_change_cf_historical,0.0
ssp126_percentage_change_cf_historical,0.5070936507137732
ssp370_percentage_change_cf_historical,0.8287860873474551
ssp585_percentage_change_cf_historical,0.7513838122448647
