Key,Value
historical,11296026.056461086
ssp126,11338089.7893164
ssp370,11367629.532520613
ssp585,11340816.877135172
historical_percentage_change_cf_historical,0.0
ssp126_percentage_change_cf_historical,0.37237637949015556
ssp370_percentage_change_cf_historical,0.6338820015253996
ssp585_percentage_change_cf_historical,0.3965183901861362
