Key,Value
historical,11039146.145946473
ssp126,11079309.36141225
ssp370,11088523.474956404
ssp585,11093929.130407933
historical_percentage_change_cf_historical,0.0
ssp126_percentage_change_cf_historical,0.36382538046680707
ssp370_percentage_change_cf_historical,0.44729300941506855
ssp585_percentage_change_cf_historical,0.49626106708965295
