Key,Value
historical,5756492.963568631
ssp126,5785378.114757011
ssp370,5781359.330487256
ssp585,5833742.240964166
historical_percentage_change_cf_historical,0.0
ssp126_percentage_change_cf_historical,0.5017838355955059
ssp370_percentage_change_cf_historical,0.43197076893862596
ssp585_percentage_change_cf_historical,1.3419503486658657
