Key,Value
historical,5717467.725475159
ssp126,5740985.088257666
ssp370,5773568.770117781
ssp585,5787916.199866218
historical_percentage_change_cf_historical,0.0
ssp126_percentage_change_cf_historical,0.4113248016726279
ssp370_percentage_change_cf_historical,0.9812218859173398
ssp585_percentage_change_cf_historical,1.2321621699264476
