Key,Value
historical,11567994.402109735
ssp126,11634645.906397032
ssp370,11649363.120496377
ssp585,11647257.266923683
historical_percentage_change_cf_historical,0.0
ssp126_percentage_change_cf_historical,0.5761716505943434
ssp370_percentage_change_cf_historical,0.7033952088687289
ssp585_percentage_change_cf_historical,0.6851910716648716
