Key,Value
historical,5800057.11973702
ssp126,5827878.886374904
ssp370,5854097.672736374
ssp585,5831341.022822762
historical_percentage_change_cf_historical,0.0
ssp126_percentage_change_cf_historical,0.4796809076795014
ssp370_percentage_change_cf_historical,0.9317244965650306
ssp585_percentage_change_cf_historical,0.5393723275463292
