Key,Value
historical,11093085.829250235
ssp126,11151700.03400039
ssp370,11163686.83194299
ssp585,11162053.50409564
historical_percentage_change_cf_historical,0.0
ssp126_percentage_change_cf_historical,0.5283850287681027
ssp370_percentage_change_cf_historical,0.6364415076154434
ssp585_percentage_change_cf_historical,0.6217176708716257
