Key,Value
historical,5758627.790349267
ssp126,5830652.993939042
ssp370,5893421.280393045
ssp585,5904657.954376493
historical_percentage_change_cf_historical,0.0
ssp126_percentage_change_cf_historical,1.2507355261001556
ssp370_percentage_change_cf_historical,2.3407223899706597
ssp585_percentage_change_cf_historical,2.535850020936469
