Key,Value
historical,11293808.661817938
ssp126,11288578.331987526
ssp370,11298020.775908066
ssp585,11313927.425601518
historical_percentage_change_cf_historical,0.0
ssp126_percentage_change_cf_historical,-0.046311479032706646
ssp370_percentage_change_cf_historical,0.037295780513514176
ssp585_percentage_change_cf_historical,0.17813976122684924
