Key,Value
historical,4541677.331153437
ssp126,4588011.650825986
ssp370,4601085.48249899
ssp585,4609709.921430514
historical_percentage_change_cf_historical,0.0
ssp126_percentage_change_cf_historical,1.0202028082162709
ssp370_percentage_change_cf_historical,1.308066315897129
ssp585_percentage_change_cf_historical,1.4979617730746977
