Key,Value
historical,8486671.455122424
ssp126,8568012.429018453
ssp370,8516446.212911673
ssp585,8490323.634437477
historical_percentage_change_cf_historical,0.0
ssp126_percentage_change_cf_historical,0.9584555538194225
ssp370_percentage_change_cf_historical,0.35084140992964935
ssp585_percentage_change_cf_historical,0.043034296005986274
