Key,Value
historical,11402083.03919607
ssp126,11504998.876928907
ssp370,11541010.526999764
ssp585,11566935.098797407
historical_percentage_change_cf_historical,0.0
ssp126_percentage_change_cf_historical,0.9026055798668602
ssp370_percentage_change_cf_historical,1.2184395371101355
ssp585_percentage_change_cf_historical,1.4458065165341927
