Key,Value
historical,5778202.990923364
ssp126,5829857.423595905
ssp370,5834899.033025719
ssp585,5860505.18888218
historical_percentage_change_cf_historical,0.0
ssp126_percentage_change_cf_historical,0.893953236909165
ssp370_percentage_change_cf_historical,0.9812054403664247
ssp585_percentage_change_cf_historical,1.4243562936106517
