Key,Value
historical,11319400.416901033
ssp126,11346980.449578207
ssp370,11367238.193788446
ssp585,11395400.762223367
historical_percentage_change_cf_historical,0.0
ssp126_percentage_change_cf_historical,0.24365277012370531
ssp370_percentage_change_cf_historical,0.42261758684661754
ssp585_percentage_change_cf_historical,0.6714167051538958
