Key,Value
historical,11278147.236177046
ssp126,11335787.590607403
ssp370,11332656.85037053
ssp585,11330212.065364318
historical_percentage_change_cf_historical,0.0
ssp126_percentage_change_cf_historical,0.5110799958832187
ssp370_percentage_change_cf_historical,0.48332064701756206
ssp585_percentage_change_cf_historical,0.46164346055230726
