Key,Value
historical,9146673.304438535
ssp126,9210110.621358836
ssp370,9204986.743827932
ssp585,9202011.269262731
historical_percentage_change_cf_historical,0.0
ssp126_percentage_change_cf_historical,0.6935561685527482
ssp370_percentage_change_cf_historical,0.6375371399905487
ssp585_percentage_change_cf_historical,0.6050064649990563
