Key,Value
historical,11254582.850056695
ssp126,11328219.196403794
ssp370,11360179.057287063
ssp585,11416259.596106032
historical_percentage_change_cf_historical,0.0
ssp126_percentage_change_cf_historical,0.6542787709517659
ssp370_percentage_change_cf_historical,0.9382507431613664
ssp585_percentage_change_cf_historical,1.436541435638573
