Key,Value
historical,11361171.47099381
ssp126,11394140.059652425
ssp370,11411113.895419987
ssp585,11432700.955208985
historical_percentage_change_cf_historical,0.0
ssp126_percentage_change_cf_historical,0.29018652471523737
ssp370_percentage_change_cf_historical,0.43958868637521625
ssp585_percentage_change_cf_historical,0.6295960271156681
