Key,Value
historical,11564800.921050305
ssp126,11693449.75895657
ssp370,11713951.161483623
ssp585,11767291.234786006
historical_percentage_change_cf_historical,0.0
ssp126_percentage_change_cf_historical,1.1124172286623493
ssp370_percentage_change_cf_historical,1.2896913786197095
ssp585_percentage_change_cf_historical,1.7509191478352848
