Key,Value
historical,11084111.465034125
ssp126,11173658.542956019
ssp370,11177571.861703577
ssp585,11211918.893769922
historical_percentage_change_cf_historical,0.0
ssp126_percentage_change_cf_historical,0.8078868405859878
ssp370_percentage_change_cf_historical,0.8431925009440837
ssp585_percentage_change_cf_historical,1.1530687790264194
