Key,Value
historical,5514910.164214669
ssp126,5624778.348391355
ssp370,5669729.703222239
ssp585,5690232.225572309
historical_percentage_change_cf_historical,0.0
ssp126_percentage_change_cf_historical,1.992202609021676
ssp370_percentage_change_cf_historical,2.8072903165706804
ssp585_percentage_change_cf_historical,3.1790556171753486
