Key,Value
historical,11263178.749754086
ssp126,11374925.190822974
ssp370,11376242.514500711
ssp585,11423573.736448266
historical_percentage_change_cf_historical,0.0
ssp126_percentage_change_cf_historical,0.9921394621507497
ssp370_percentage_change_cf_historical,1.0038353049230755
ssp585_percentage_change_cf_historical,1.4240650020553163
