Key,Value
historical,11228309.790200522
ssp126,11315301.899475183
ssp370,11288069.936954513
ssp585,11337092.182915851
historical_percentage_change_cf_historical,0.0
ssp126_percentage_change_cf_historical,0.7747569393799885
ssp370_percentage_change_cf_historical,0.532227448926877
ssp585_percentage_change_cf_historical,0.968822509780313
