Key,Value
historical,5535749.839801931
ssp126,5572714.529767161
ssp370,5579076.636087194
ssp585,5587142.2909355
historical_percentage_change_cf_historical,0.0
ssp126_percentage_change_cf_historical,0.6677449493735254
ssp370_percentage_change_cf_historical,0.7826725834636613
ssp585_percentage_change_cf_historical,0.9283737997706846
