Key,Value
historical,11347876.468354495
ssp126,11408553.443739662
ssp370,11469484.087569896
ssp585,11419146.740623668
historical_percentage_change_cf_historical,0.0
ssp126_percentage_change_cf_historical,0.5346989417304188
ssp370_percentage_change_cf_historical,1.0716332659641181
ssp585_percentage_change_cf_historical,0.6280494193598424
