Key,Value
historical,5820237.538357753
ssp126,5890002.264510892
ssp370,5947118.315827664
ssp585,5995807.518928525
historical_percentage_change_cf_historical,0.0
ssp126_percentage_change_cf_historical,1.198657712736995
ssp370_percentage_change_cf_historical,2.1799931125441927
ssp585_percentage_change_cf_historical,3.0165432151814
