Key,Value
historical,8475370.456039736
ssp126,8529256.745104052
ssp370,8564597.360832907
ssp585,8559147.682163429
historical_percentage_change_cf_historical,0.0
ssp126_percentage_change_cf_historical,0.6357986278454121
ssp370_percentage_change_cf_historical,1.0527788166425947
ssp585_percentage_change_cf_historical,0.9884786341580027
