Key,Value
historical,11347281.348937564
ssp126,11409612.753034815
ssp370,11409381.838340523
ssp585,11437546.770831825
historical_percentage_change_cf_historical,0.0
ssp126_percentage_change_cf_historical,0.5493069412885195
ssp370_percentage_change_cf_historical,0.5472719631541836
ssp585_percentage_change_cf_historical,0.7954806011989215
