Key,Value
historical,11326517.645338614
ssp126,11395681.874668967
ssp370,11390377.082146384
ssp585,11384166.531172846
historical_percentage_change_cf_historical,0.0
ssp126_percentage_change_cf_historical,0.6106398409118952
ssp370_percentage_change_cf_historical,0.5638046821394518
ssp585_percentage_change_cf_historical,0.508972727888321
