Key,Value
historical,11247015.205469836
ssp126,11334130.595832713
ssp370,11315502.824956946
ssp585,11342934.695811214
historical_percentage_change_cf_historical,0.0
ssp126_percentage_change_cf_historical,0.774564529089549
ssp370_percentage_change_cf_historical,0.6089404009501338
ssp585_percentage_change_cf_historical,0.852843964278889
