Key,Value
historical,5770532.989594614
ssp126,5836187.058842307
ssp370,5834447.131378228
ssp585,5818202.848521756
historical_percentage_change_cf_historical,0.0
ssp126_percentage_change_cf_historical,1.137747056746401
ssp370_percentage_change_cf_historical,1.1075951198765046
ssp585_percentage_change_cf_historical,0.8260910909460156
