Key,Value
historical,11574385.899802063
ssp126,11639660.770365596
ssp370,11666232.173627432
ssp585,11646884.597511921
historical_percentage_change_cf_historical,0.0
ssp126_percentage_change_cf_historical,0.5639596876120179
ssp370_percentage_change_cf_historical,0.7935304267584552
ssp585_percentage_change_cf_historical,0.6263718726632248
