Key,Value
historical,4712119.032055927
ssp126,4785183.244347092
ssp370,4772548.993303968
ssp585,4839993.703655013
historical_percentage_change_cf_historical,0.0
ssp126_percentage_change_cf_historical,1.5505595634176064
ssp370_percentage_change_cf_historical,1.2824370699666774
ssp585_percentage_change_cf_historical,2.713740266940857
