Key,Value
historical,5755286.961472619
ssp126,5759897.597384477
ssp370,5791200.3790876595
ssp585,5802138.30073492
historical_percentage_change_cf_historical,0.0
ssp126_percentage_change_cf_historical,0.0801113123067972
ssp370_percentage_change_cf_historical,0.6240074188386073
ssp585_percentage_change_cf_historical,0.8140573975882713
