Key,Value
historical,8213687.059377519
ssp126,8282221.194915956
ssp370,8306978.986856875
ssp585,8278031.921630736
historical_percentage_change_cf_historical,0.0
ssp126_percentage_change_cf_historical,0.8343894166285705
ssp370_percentage_change_cf_historical,1.135810590358988
ssp585_percentage_change_cf_historical,0.7833858508129411
