Key,Value
historical,10935554.217117544
ssp126,11006862.694308545
ssp370,11017631.69155542
ssp585,11037563.546436
historical_percentage_change_cf_historical,0.0
ssp126_percentage_change_cf_historical,0.6520792250234673
ssp370_percentage_change_cf_historical,0.7505561474826662
ssp585_percentage_change_cf_historical,0.9328226744903337
