Key,Value
historical,5769898.190736486
ssp126,5842589.674543084
ssp370,5812426.993659726
ssp585,5809564.769227846
historical_percentage_change_cf_historical,0.0
ssp126_percentage_change_cf_historical,1.259839972970467
ssp370_percentage_change_cf_historical,0.7370806471337791
ssp585_percentage_change_cf_historical,0.6874744957379707
