Key,Value
historical,11319724.490089368
ssp126,11378375.763468944
ssp370,11382843.894143166
ssp585,11405491.814144898
historical_percentage_change_cf_historical,0.0
ssp126_percentage_change_cf_historical,0.5181334000745844
ssp370_percentage_change_cf_historical,0.5576054797893727
ssp585_percentage_change_cf_historical,0.75768031395659
