Key,Value
historical,10978115.385666326
ssp126,11032529.443492029
ssp370,10986164.5050186
ssp585,11017550.315932427
historical_percentage_change_cf_historical,0.0
ssp126_percentage_change_cf_historical,0.4956593724342648
ssp370_percentage_change_cf_historical,0.07331968256394032
ssp585_percentage_change_cf_historical,0.3592140260940369
