Key,Value
historical,5786125.372111313
ssp126,6052328.578961978
ssp370,5961198.469510916
ssp585,5887049.155186114
historical_percentage_change_cf_historical,0.0
ssp126_percentage_change_cf_historical,4.600716191421362
ssp370_percentage_change_cf_historical,3.0257397850976706
ssp585_percentage_change_cf_historical,1.7442377512462117
