Key,Value
historical,4850884.019335796
ssp126,4872920.140957596
ssp370,4871920.063804267
ssp585,4889293.434282346
historical_percentage_change_cf_historical,0.0
ssp126_percentage_change_cf_historical,0.45427022237519776
ssp370_percentage_change_cf_historical,0.43365383267504287
ssp585_percentage_change_cf_historical,0.7918023765039173
