Key,Value
historical,11386199.48152462
ssp126,11514374.356704652
ssp370,11506925.791634912
ssp585,11605978.687128447
historical_percentage_change_cf_historical,0.0
ssp126_percentage_change_cf_historical,1.125703755568398
ssp370_percentage_change_cf_historical,1.060286272923493
ssp585_percentage_change_cf_historical,1.9302244437263119
