Key,Value
historical,11522912.070668947
ssp126,11656201.892248645
ssp370,11668954.448471712
ssp585,11712776.117671508
historical_percentage_change_cf_historical,0.0
ssp126_percentage_change_cf_historical,1.1567372966333893
ssp370_percentage_change_cf_historical,1.267408593479675
ssp585_percentage_change_cf_historical,1.6477088937079696
