Key,Value
historical,11523546.177757844
ssp126,11590736.678365247
ssp370,11594983.417537328
ssp585,11580379.089160219
historical_percentage_change_cf_historical,0.0
ssp126_percentage_change_cf_historical,0.5830713876696276
ssp370_percentage_change_cf_historical,0.6199240986890651
ssp585_percentage_change_cf_historical,0.4931894273315836
