Key,Value
historical,11259903.775916975
ssp126,11334112.215274507
ssp370,11363472.470560033
ssp585,11408751.79978551
historical_percentage_change_cf_historical,0.0
ssp126_percentage_change_cf_historical,0.6590503865250736
ssp370_percentage_change_cf_historical,0.9198008855508496
ssp585_percentage_change_cf_historical,1.3219298035822953
