Key,Value
historical,11152020.377372883
ssp126,11172129.452712644
ssp370,11227709.225555092
ssp585,11267594.43018346
historical_percentage_change_cf_historical,0.0
ssp126_percentage_change_cf_historical,0.18031777793879705
ssp370_percentage_change_cf_historical,0.6787007700934554
ssp585_percentage_change_cf_historical,1.0363508037079283
