Key,Value
historical,11318954.603767337
ssp126,11384852.463578478
ssp370,11384925.14089237
ssp585,11409192.478952365
historical_percentage_change_cf_historical,0.0
ssp126_percentage_change_cf_historical,0.5821903357506809
ssp370_percentage_change_cf_historical,0.582832420788004
ssp585_percentage_change_cf_historical,0.7972279980254842
