Key,Value
historical,11276686.814256676
ssp126,11333396.83003912
ssp370,11351492.848659271
ssp585,11370876.017158456
historical_percentage_change_cf_historical,0.0
ssp126_percentage_change_cf_historical,0.502896078578218
ssp370_percentage_change_cf_historical,0.6633689099888939
ssp585_percentage_change_cf_historical,0.8352559972021292
