Key,Value
historical,11297618.338407826
ssp126,11412149.630726574
ssp370,11394904.167829636
ssp585,11410112.618400127
historical_percentage_change_cf_historical,0.0
ssp126_percentage_change_cf_historical,1.0137649271562241
ssp370_percentage_change_cf_historical,0.8611180384017231
ssp585_percentage_change_cf_historical,0.9957344691833061
