Key,Value
historical,5518110.157577879
ssp126,5600913.598464311
ssp370,5625693.92205436
ssp585,5657098.583508814
historical_percentage_change_cf_historical,0.0
ssp126_percentage_change_cf_historical,1.5005760762626397
ssp370_percentage_change_cf_historical,1.9496487276307608
ssp585_percentage_change_cf_historical,2.518768599428298
