Key,Value
historical,11269026.34798759
ssp126,11364586.131898873
ssp370,11443965.817778897
ssp585,11423232.877175782
historical_percentage_change_cf_historical,0.0
ssp126_percentage_change_cf_historical,0.8479861610080196
ssp370_percentage_change_cf_historical,1.5523920557923505
ssp585_percentage_change_cf_historical,1.3684104058886113
