Key,Value
historical,11509766.585344926
ssp126,11669793.761050008
ssp370,11708499.888530802
ssp585,11644183.240852378
historical_percentage_change_cf_historical,0.0
ssp126_percentage_change_cf_historical,1.3903598697547959
ssp370_percentage_change_cf_historical,1.7266492913845726
ssp585_percentage_change_cf_historical,1.1678486658330836
