Key,Value
historical,11347281.348937564
ssp126,11445499.356026463
ssp370,11490696.628705012
ssp585,11548249.721927745
historical_percentage_change_cf_historical,0.0
ssp126_percentage_change_cf_historical,0.8655642181472454
ssp370_percentage_change_cf_historical,1.263873480856945
ssp585_percentage_change_cf_historical,1.7710706803704852
