Key,Value
historical,11361292.713892244
ssp126,11394227.22968372
ssp370,11421493.133532692
ssp585,11422969.797778413
historical_percentage_change_cf_historical,0.0
ssp126_percentage_change_cf_historical,0.28988352488449176
ssp370_percentage_change_cf_historical,0.5298729744621111
ssp585_percentage_change_cf_historical,0.5428703004082628
