Key,Value
historical,5527932.120430293
ssp126,5567660.233534098
ssp370,5575429.689741199
ssp585,5574421.267416837
historical_percentage_change_cf_historical,0.0
ssp126_percentage_change_cf_historical,0.7186794670827594
ssp370_percentage_change_cf_historical,0.8592285193836489
ssp585_percentage_change_cf_historical,0.8409862128141586
