Key,Value
historical,11351754.936767744
ssp126,11424052.320666922
ssp370,11424179.926903652
ssp585,11470961.16784086
historical_percentage_change_cf_historical,0.0
ssp126_percentage_change_cf_historical,0.6368828811218509
ssp370_percentage_change_cf_historical,0.6380069913360035
ssp585_percentage_change_cf_historical,1.0501127952208877
