Key,Value
historical,11255154.318980997
ssp126,11322729.749042215
ssp370,11335332.154738218
ssp585,11395239.143706728
historical_percentage_change_cf_historical,0.0
ssp126_percentage_change_cf_historical,0.6003954112584343
ssp370_percentage_change_cf_historical,0.7123654948205027
ssp585_percentage_change_cf_historical,1.2446282010499625
