Key,Value
historical,11312604.460059006
ssp126,11346633.548643507
ssp370,11350947.05261647
ssp585,11372335.565571107
historical_percentage_change_cf_historical,0.0
ssp126_percentage_change_cf_historical,0.30080684518447137
ssp370_percentage_change_cf_historical,0.33893691495038625
ssp585_percentage_change_cf_historical,0.5280048968651879
