Key,Value
historical,8681491.502842247
ssp126,8737396.12035636
ssp370,8773790.421366965
ssp585,8806660.599723145
historical_percentage_change_cf_historical,0.0
ssp126_percentage_change_cf_historical,0.643951762157577
ssp370_percentage_change_cf_historical,1.0631689093343006
ssp585_percentage_change_cf_historical,1.4417925403707252
