Key,Value
historical,11326351.620403558
ssp126,11344984.346380517
ssp370,11400504.055673935
ssp585,11414727.442816522
historical_percentage_change_cf_historical,0.0
ssp126_percentage_change_cf_historical,0.16450774796178355
ssp370_percentage_change_cf_historical,0.6546895042247899
ssp585_percentage_change_cf_historical,0.7802673391647286
