Key,Value
historical,7970534.302059947
ssp126,8070924.55752467
ssp370,8110935.99205723
ssp585,7985191.503171143
historical_percentage_change_cf_historical,0.0
ssp126_percentage_change_cf_historical,1.2595172627107063
ssp370_percentage_change_cf_historical,1.761509136984676
ssp585_percentage_change_cf_historical,0.18389232836509412
