Key,Value
historical,5826668.893360369
ssp126,5850984.252429724
ssp370,5878581.878539503
ssp585,5857738.348410323
historical_percentage_change_cf_historical,0.0
ssp126_percentage_change_cf_historical,0.41731149503042425
ssp370_percentage_change_cf_historical,0.8909547827282553
ssp585_percentage_change_cf_historical,0.5332284298041846
