Key,Value
historical,8678082.42974751
ssp126,8733774.380232137
ssp370,8744937.941790782
ssp585,8728649.905855425
historical_percentage_change_cf_historical,0.0
ssp126_percentage_change_cf_historical,0.6417541079550031
ssp370_percentage_change_cf_historical,0.7703949874236949
ssp585_percentage_change_cf_historical,0.5827033393295996
