Key,Value
historical,11395626.690254135
ssp126,11522448.235955345
ssp370,11552028.182834113
ssp585,11630908.545270007
historical_percentage_change_cf_historical,0.0
ssp126_percentage_change_cf_historical,1.1128966326149563
ssp370_percentage_change_cf_historical,1.3724694291164958
ssp585_percentage_change_cf_historical,2.0646679766817195
