Key,Value
historical,11298972.973453607
ssp126,11334608.439329825
ssp370,11322193.956890078
ssp585,11344580.035345336
historical_percentage_change_cf_historical,0.0
ssp126_percentage_change_cf_historical,0.3153867697528062
ssp370_percentage_change_cf_historical,0.20551410726468178
ssp585_percentage_change_cf_historical,0.4036390032871183
