Key,Value
historical,5712922.911996819
ssp126,5745657.021865928
ssp370,5753850.428541886
ssp585,5775704.305761861
historical_percentage_change_cf_historical,0.0
ssp126_percentage_change_cf_historical,0.5729835737914253
ssp370_percentage_change_cf_historical,0.7164023946327214
ssp585_percentage_change_cf_historical,1.09893647668874
