Key,Value
historical,11293855.372848941
ssp126,11323745.210422538
ssp370,11330482.2834869
ssp585,11356823.84519431
historical_percentage_change_cf_historical,0.0
ssp126_percentage_change_cf_historical,0.26465574940382225
ssp370_percentage_change_cf_historical,0.32430830242445796
ssp585_percentage_change_cf_historical,0.5575462963404743
