Key,Value
historical,10994520.982793981
ssp126,11130411.47244754
ssp370,11123147.851486016
ssp585,11125161.48106175
historical_percentage_change_cf_historical,0.0
ssp126_percentage_change_cf_historical,1.2359837219486234
ssp370_percentage_change_cf_historical,1.1699178972265472
ssp585_percentage_change_cf_historical,1.188232743129196
