Key,Value
historical,11021949.665242147
ssp126,11052723.018883044
ssp370,11019120.2157323
ssp585,11013686.277918085
historical_percentage_change_cf_historical,0.0
ssp126_percentage_change_cf_historical,0.2792006366890002
ssp370_percentage_change_cf_historical,-0.02567104365182097
ssp585_percentage_change_cf_historical,-0.07497210180627062
