Key,Value
historical,11294878.811980974
ssp126,11416342.75715604
ssp370,11500486.765249249
ssp585,11532452.004756428
historical_percentage_change_cf_historical,0.0
ssp126_percentage_change_cf_historical,1.0753895388963752
ssp370_percentage_change_cf_historical,1.8203644031149522
ssp585_percentage_change_cf_historical,2.103370888082925
