Key,Value
historical,11277991.822902812
ssp126,11329598.60987271
ssp370,11341426.147400133
ssp585,11318877.139486361
historical_percentage_change_cf_historical,0.0
ssp126_percentage_change_cf_historical,0.45758844110081415
ssp370_percentage_change_cf_historical,0.5624611676743922
ssp585_percentage_change_cf_historical,0.36252302028204736
