Key,Value
historical,5753651.085862312
ssp126,5865825.527466142
ssp370,5845295.970825241
ssp585,5885689.282376369
historical_percentage_change_cf_historical,0.0
ssp126_percentage_change_cf_historical,1.9496218997266195
ssp370_percentage_change_cf_historical,1.5928126957179645
ssp585_percentage_change_cf_historical,2.2948592909726133
