Key,Value
historical,11300291.745886985
ssp126,11383900.118393121
ssp370,11446224.267118214
ssp585,11460798.869659305
historical_percentage_change_cf_historical,0.0
ssp126_percentage_change_cf_historical,0.7398779994911845
ssp370_percentage_change_cf_historical,1.2914048992084135
ssp585_percentage_change_cf_historical,1.4203803528412429
