Key,Value
historical,11334788.732049508
ssp126,11408457.114397785
ssp370,11421628.330911992
ssp585,11441910.918975575
historical_percentage_change_cf_historical,0.0
ssp126_percentage_change_cf_historical,0.6499316757442225
ssp370_percentage_change_cf_historical,0.7661333697110924
ssp585_percentage_change_cf_historical,0.9450744028706524
