Key,Value
historical,5532530.4458381105
ssp126,5565341.968688094
ssp370,5570993.7879184205
ssp585,5562510.877315551
historical_percentage_change_cf_historical,0.0
ssp126_percentage_change_cf_historical,0.5930653824899647
ssp370_percentage_change_cf_historical,0.6952215167517847
ssp585_percentage_change_cf_historical,0.5418936555512954
