Key,Value
historical,9200693.919116072
ssp126,9303765.401731573
ssp370,9405288.910467463
ssp585,9482165.196120339
historical_percentage_change_cf_historical,0.0
ssp126_percentage_change_cf_historical,1.1202577057949012
ssp370_percentage_change_cf_historical,2.2236908775577016
ssp585_percentage_change_cf_historical,3.0592396560378963
