Key,Value
historical,11447250.987846423
ssp126,11532548.228323903
ssp370,11522168.982766123
ssp585,11578820.421495274
historical_percentage_change_cf_historical,0.0
ssp126_percentage_change_cf_historical,0.7451329630846768
ssp370_percentage_change_cf_historical,0.6544627614022019
ssp585_percentage_change_cf_historical,1.1493539696870314
