Key,Value
historical,11351769.486627977
ssp126,11459420.561536618
ssp370,11420488.74418939
ssp585,11400294.515625987
historical_percentage_change_cf_historical,0.0
ssp126_percentage_change_cf_historical,0.9483197754803758
ssp370_percentage_change_cf_historical,0.6053616367242364
ssp585_percentage_change_cf_historical,0.4274666522710032
