Key,Value
historical,11354427.069537487
ssp126,11375071.27955904
ssp370,11392088.765110504
ssp585,11368502.824756198
historical_percentage_change_cf_historical,0.0
ssp126_percentage_change_cf_historical,0.18181639544754666
ssp370_percentage_change_cf_historical,0.3316917299513829
ssp585_percentage_change_cf_historical,0.12396711108809927
