Key,Value
historical,5516499.832461383
ssp126,5582209.79505587
ssp370,5611475.905822468
ssp585,5626383.20315808
historical_percentage_change_cf_historical,0.0
ssp126_percentage_change_cf_historical,1.1911531694032145
ssp370_percentage_change_cf_historical,1.7216727317239457
ssp585_percentage_change_cf_historical,1.991903816439854
