Key,Value
historical,5777135.4252403155
ssp126,5857847.093711862
ssp370,5851257.860363172
ssp585,5829571.589151593
historical_percentage_change_cf_historical,0.0
ssp126_percentage_change_cf_historical,1.3970880467665239
ssp370_percentage_change_cf_historical,1.2830309429655362
ssp585_percentage_change_cf_historical,0.9076499000211027
