Key,Value
historical,5511983.215255953
ssp126,5610396.15747921
ssp370,5609288.217317137
ssp585,5667389.532865077
historical_percentage_change_cf_historical,0.0
ssp126_percentage_change_cf_historical,1.7854361738778728
ssp370_percentage_change_cf_historical,1.7653356017461153
ssp585_percentage_change_cf_historical,2.8194265392353426
