Key,Value
historical,5505898.956119945
ssp126,5561925.434870316
ssp370,5609294.108051617
ssp585,5606381.616408421
historical_percentage_change_cf_historical,0.0
ssp126_percentage_change_cf_historical,1.0175718660455184
ssp370_percentage_change_cf_historical,1.8778977376027781
ssp585_percentage_change_cf_historical,1.825000078811589
