Key,Value
historical,11290002.062565397
ssp126,11374552.26817587
ssp370,11428740.33101324
ssp585,11429301.028839622
historical_percentage_change_cf_historical,0.0
ssp126_percentage_change_cf_historical,0.7488945098674374
ssp370_percentage_change_cf_historical,1.2288595491745846
ssp585_percentage_change_cf_historical,1.2338258709101748
