Key,Value
historical,11543844.457779843
ssp126,11599406.077074394
ssp370,11625412.028154418
ssp585,11619972.1443464
historical_percentage_change_cf_historical,0.0
ssp126_percentage_change_cf_historical,0.48130949353796204
ssp370_percentage_change_cf_historical,0.7065893054337108
ssp585_percentage_change_cf_historical,0.659465629885982
