Key,Value
historical,8721924.099538669
ssp126,8806835.03105935
ssp370,8979455.171065088
ssp585,8961029.661550889
historical_percentage_change_cf_historical,0.0
ssp126_percentage_change_cf_historical,0.9735344008000831
ssp370_percentage_change_cf_historical,2.9526864552747143
ssp585_percentage_change_cf_historical,2.741431354864311
