Key,Value
historical,11487306.50918791
ssp126,11555129.460928384
ssp370,11560568.355617207
ssp585,11553635.349086102
historical_percentage_change_cf_historical,0.0
ssp126_percentage_change_cf_historical,0.5904164887236757
ssp370_percentage_change_cf_historical,0.6377634859024498
ssp585_percentage_change_cf_historical,0.577409855348941
