Key,Value
historical,11334846.391506257
ssp126,11378200.070558704
ssp370,11368295.746215066
ssp585,11356006.202119116
historical_percentage_change_cf_historical,0.0
ssp126_percentage_change_cf_historical,0.38248139899747463
ssp370_percentage_change_cf_historical,0.29510196745034506
ssp585_percentage_change_cf_historical,0.18667928864669278
