Key,Value
historical,5782114.10095093
ssp126,5847449.685582062
ssp370,5877972.676767798
ssp585,5873264.924070068
historical_percentage_change_cf_historical,0.0
ssp126_percentage_change_cf_historical,1.1299601407102435
ssp370_percentage_change_cf_historical,1.657846492532946
ssp585_percentage_change_cf_historical,1.5764272639335621
