Key,Value
historical,11561956.839109952
ssp126,11690696.062101785
ssp370,11717075.752241453
ssp585,11749407.20251683
historical_percentage_change_cf_historical,0.0
ssp126_percentage_change_cf_historical,1.1134726135316027
ssp370_percentage_change_cf_historical,1.3416320030428577
ssp585_percentage_change_cf_historical,1.6212684930011212
