Key,Value
historical,11396610.05288368
ssp126,11476274.057200793
ssp370,11542635.909344316
ssp585,11561751.179860413
historical_percentage_change_cf_historical,0.0
ssp126_percentage_change_cf_historical,0.6990149171327916
ssp370_percentage_change_cf_historical,1.2813095805071066
ssp585_percentage_change_cf_historical,1.4490372681914
