Key,Value
historical,11335326.906141492
ssp126,11439955.052429367
ssp370,11443661.24450216
ssp585,11464177.816692667
historical_percentage_change_cf_historical,0.0
ssp126_percentage_change_cf_historical,0.9230271623766547
ssp370_percentage_change_cf_historical,0.9557231058062687
ssp585_percentage_change_cf_historical,1.1367198460007706
