Key,Value
historical,11309496.920879751
ssp126,11402207.183256885
ssp370,11414495.863327742
ssp585,11420258.013272645
historical_percentage_change_cf_historical,0.0
ssp126_percentage_change_cf_historical,0.8197558479013387
ssp370_percentage_change_cf_historical,0.9284139089700768
ssp585_percentage_change_cf_historical,0.9793635664589538
