Key,Value
historical,8724665.751819536
ssp126,8774084.88500959
ssp370,8795540.332423309
ssp585,8813970.637289505
historical_percentage_change_cf_historical,0.0
ssp126_percentage_change_cf_historical,0.5664301028351493
ssp370_percentage_change_cf_historical,0.8123472304826329
ssp585_percentage_change_cf_historical,1.0235909089278836
