Key,Value
historical,5740513.338225565
ssp126,5764580.800844823
ssp370,5800560.441125687
ssp585,5793101.97092574
historical_percentage_change_cf_historical,0.0
ssp126_percentage_change_cf_historical,0.41925627903335766
ssp370_percentage_change_cf_historical,1.0460232275792132
ssp585_percentage_change_cf_historical,0.9160963419419662
