Key,Value
historical,11227781.831236437
ssp126,11279015.142151013
ssp370,11302664.425319726
ssp585,11313428.846569128
historical_percentage_change_cf_historical,0.0
ssp126_percentage_change_cf_historical,0.45630839363160375
ssp370_percentage_change_cf_historical,0.6669402310166048
ssp585_percentage_change_cf_historical,0.7628133198528642
