Key,Value
historical,11346457.639898293
ssp126,11399406.293008495
ssp370,11405707.531443743
ssp585,11449523.072322743
historical_percentage_change_cf_historical,0.0
ssp126_percentage_change_cf_historical,0.46665360053886407
ssp370_percentage_change_cf_historical,0.5221884523422186
ssp585_percentage_change_cf_historical,0.9083489816419404
