Key,Value
historical,11319239.089733671
ssp126,11371968.781711908
ssp370,11363623.550623389
ssp585,11372306.012170156
historical_percentage_change_cf_historical,0.0
ssp126_percentage_change_cf_historical,0.4658413128322509
ssp370_percentage_change_cf_historical,0.39211523440628976
ssp585_percentage_change_cf_historical,0.4688205807457122
