Key,Value
historical,11333534.517276227
ssp126,11418922.840078935
ssp370,11446450.859126661
ssp585,11462006.205775676
historical_percentage_change_cf_historical,0.0
ssp126_percentage_change_cf_historical,0.7534130034416555
ssp370_percentage_change_cf_historical,0.9963029774895901
ssp585_percentage_change_cf_historical,1.133553599749606
