Key,Value
historical,11374291.884297455
ssp126,11471556.088886099
ssp370,11472242.106214529
ssp585,11577922.823860634
historical_percentage_change_cf_historical,0.0
ssp126_percentage_change_cf_historical,0.8551231635168456
ssp370_percentage_change_cf_historical,0.8611544605453403
ssp585_percentage_change_cf_historical,1.7902735540337056
