Key,Value
historical,8241088.30512226
ssp126,8414348.888648473
ssp370,8414454.410432914
ssp585,8461539.725302985
historical_percentage_change_cf_historical,0.0
ssp126_percentage_change_cf_historical,2.1023993083355554
ssp370_percentage_change_cf_historical,2.103679743401103
ssp585_percentage_change_cf_historical,2.675028006236786
