Key,Value
historical,11318876.75903761
ssp126,11477007.550296435
ssp370,11452462.658845175
ssp585,11386546.37088821
historical_percentage_change_cf_historical,0.0
ssp126_percentage_change_cf_historical,1.3970537415080937
ssp370_percentage_change_cf_historical,1.180204561383731
ssp585_percentage_change_cf_historical,0.5978474126999357
