Key,Value
historical,8197105.2124362225
ssp126,8269820.355695296
ssp370,8295943.7425092235
ssp585,8317365.473016498
historical_percentage_change_cf_historical,0.0
ssp126_percentage_change_cf_historical,0.8870832004053574
ssp370_percentage_change_cf_historical,1.2057735933784084
ssp585_percentage_change_cf_historical,1.4671064658023736
