Key,Value
historical,5770078.954598503
ssp126,5861712.336961918
ssp370,5876654.481337345
ssp585,5932759.275281534
historical_percentage_change_cf_historical,0.0
ssp126_percentage_change_cf_historical,1.588078483577535
ssp370_percentage_change_cf_historical,1.8470375808966346
ssp585_percentage_change_cf_historical,2.8193777236510993
