Key,Value
historical,11508432.137941986
ssp126,11591151.968383852
ssp370,11629844.990516372
ssp585,11655258.903187826
historical_percentage_change_cf_historical,0.0
ssp126_percentage_change_cf_historical,0.718775845835231
ssp370_percentage_change_cf_historical,1.054990385476588
ssp585_percentage_change_cf_historical,1.2758190124071624
