Key,Value
historical,8262550.158698082
ssp126,8362037.180119859
ssp370,8354708.526168001
ssp585,8438566.546555102
historical_percentage_change_cf_historical,0.0
ssp126_percentage_change_cf_historical,1.2040716184584483
ssp370_percentage_change_cf_historical,1.1153743783679515
ssp585_percentage_change_cf_historical,2.130291308086347
