Key,Value
historical,11266661.902092373
ssp126,11351270.826465588
ssp370,11372075.922207475
ssp585,11381580.457434649
historical_percentage_change_cf_historical,0.0
ssp126_percentage_change_cf_historical,0.7509671019550346
ssp370_percentage_change_cf_historical,0.935627793140086
ssp585_percentage_change_cf_historical,1.019987608937956
