Key,Value
historical,9098638.438286476
ssp126,9128240.61247071
ssp370,9159515.811106857
ssp585,9189888.96288285
historical_percentage_change_cf_historical,0.0
ssp126_percentage_change_cf_historical,0.3253472965764943
ssp370_percentage_change_cf_historical,0.6690822284377524
ssp585_percentage_change_cf_historical,1.00290307407313
