Key,Value
historical,11237416.04558891
ssp126,11269624.862889115
ssp370,11303559.485973917
ssp585,11304728.279460793
historical_percentage_change_cf_historical,0.0
ssp126_percentage_change_cf_historical,0.2866212051732952
ssp370_percentage_change_cf_historical,0.5886000849009239
ssp585_percentage_change_cf_historical,0.5990009945240503
