Key,Value
historical,11394393.386623256
ssp126,11472022.415916212
ssp370,11482689.124364141
ssp585,11522244.181234809
historical_percentage_change_cf_historical,0.0
ssp126_percentage_change_cf_historical,0.6812914620280761
ssp370_percentage_change_cf_historical,0.7749051199561229
ssp585_percentage_change_cf_historical,1.1220500317432123
