Key,Value
historical,11308701.815317908
ssp126,11355969.383368986
ssp370,11354385.030518886
ssp585,11372674.699205715
historical_percentage_change_cf_historical,0.0
ssp126_percentage_change_cf_historical,0.4179751913438231
ssp370_percentage_change_cf_historical,0.40396515839774283
ssp585_percentage_change_cf_historical,0.5656960890166376
