Key,Value
historical,11281489.971124075
ssp126,11379867.30624768
ssp370,11372511.356408512
ssp585,11345360.981643954
historical_percentage_change_cf_historical,0.0
ssp126_percentage_change_cf_historical,0.8720243104005699
ssp370_percentage_change_cf_historical,0.8068206018656559
ssp585_percentage_change_cf_historical,0.5661575792148216
