Key,Value
historical,10693678.349166742
ssp126,10780714.736957457
ssp370,10756881.43728697
ssp585,10795037.940475266
historical_percentage_change_cf_historical,0.0
ssp126_percentage_change_cf_historical,0.8139050469710196
ssp370_percentage_change_cf_historical,0.5910322534168283
ssp585_percentage_change_cf_historical,0.9478458954810703
