Key,Value
historical,11566894.003353018
ssp126,11660026.472280953
ssp370,11645744.09068355
ssp585,11612932.206692353
historical_percentage_change_cf_historical,0.0
ssp126_percentage_change_cf_historical,0.8051640215682573
ssp370_percentage_change_cf_historical,0.6816876449950542
ssp585_percentage_change_cf_historical,0.39801698991958423
