Key,Value
historical,11274181.312486468
ssp126,11345852.95484374
ssp370,11355501.590077601
ssp585,11361248.414091488
historical_percentage_change_cf_historical,0.0
ssp126_percentage_change_cf_historical,0.6357148281613557
ssp370_percentage_change_cf_historical,0.7212965211147441
ssp585_percentage_change_cf_historical,0.7722698366451783
