Key,Value
historical,11514722.818292331
ssp126,11682048.841711
ssp370,11640370.232405528
ssp585,11627907.76281865
historical_percentage_change_cf_historical,0.0
ssp126_percentage_change_cf_historical,1.4531485130745303
ssp370_percentage_change_cf_historical,1.091189220061759
ssp585_percentage_change_cf_historical,0.9829584811760508
