Key,Value
historical,11352080.57914858
ssp126,11429560.614743527
ssp370,11450127.497917797
ssp585,11472891.748770928
historical_percentage_change_cf_historical,0.0
ssp126_percentage_change_cf_historical,0.6825183723348689
ssp370_percentage_change_cf_historical,0.8636911805339887
ssp585_percentage_change_cf_historical,1.0642205081265341
