Key,Value
historical,11524633.695579309
ssp126,11591813.530781336
ssp370,11608197.545377927
ssp585,11621102.914177932
historical_percentage_change_cf_historical,0.0
ssp126_percentage_change_cf_historical,0.582923821932808
ssp370_percentage_change_cf_historical,0.7250889876931345
ssp585_percentage_change_cf_historical,0.8370697164598567
