Key,Value
historical,11489022.63005604
ssp126,11556905.95407987
ssp370,11589713.521388944
ssp585,11633043.907270193
historical_percentage_change_cf_historical,0.0
ssp126_percentage_change_cf_historical,0.5908537759012026
ssp370_percentage_change_cf_historical,0.8764095482716682
ssp585_percentage_change_cf_historical,1.2535555186163843
