Key,Value
historical,11563103.832023563
ssp126,11623994.519457933
ssp370,11611773.166559663
ssp585,11681442.688686807
historical_percentage_change_cf_historical,0.0
ssp126_percentage_change_cf_historical,0.526594661078242
ssp370_percentage_change_cf_historical,0.42090199347092255
ssp585_percentage_change_cf_historical,1.0234177465008054
