Key,Value
historical,11344858.020561961
ssp126,11465453.738056475
ssp370,11528672.877350815
ssp585,11551564.221553078
historical_percentage_change_cf_historical,0.0
ssp126_percentage_change_cf_historical,1.062998913480807
ssp370_percentage_change_cf_historical,1.6202481904638946
ssp585_percentage_change_cf_historical,1.822025455201575
