Key,Value
historical,5767465.579097339
ssp126,5832948.7048928
ssp370,5842476.193304421
ssp585,5872046.303943762
historical_percentage_change_cf_historical,0.0
ssp126_percentage_change_cf_historical,1.1353882376478777
ssp370_percentage_change_cf_historical,1.3005819138121717
ssp585_percentage_change_cf_historical,1.8132873688132267
