Key,Value
historical,5727322.570855591
ssp126,5777638.875351369
ssp370,5804316.186261047
ssp585,5785514.120025795
historical_percentage_change_cf_historical,0.0
ssp126_percentage_change_cf_historical,0.8785310042046628
ssp370_percentage_change_cf_historical,1.3443212679734455
ssp585_percentage_change_cf_historical,1.0160340796294698
