Key,Value
historical,5514952.6637864355
ssp126,5611335.269706518
ssp370,5620480.808956142
ssp585,5666876.907080398
historical_percentage_change_cf_historical,0.0
ssp126_percentage_change_cf_historical,1.7476597134363958
ssp370_percentage_change_cf_historical,1.9134914042444922
ssp585_percentage_change_cf_historical,2.7547696699477173
