Key,Value
historical,11417664.041463802
ssp126,11504132.046075713
ssp370,11538270.852390513
ssp585,11562120.245305039
historical_percentage_change_cf_historical,0.0
ssp126_percentage_change_cf_historical,0.7573178217356763
ssp370_percentage_change_cf_historical,1.0563177414287344
ssp585_percentage_change_cf_historical,1.2651992852183915
