Key,Value
historical,11364209.544401757
ssp126,11449055.368972015
ssp370,11459116.561133323
ssp585,11452342.060178442
historical_percentage_change_cf_historical,0.0
ssp126_percentage_change_cf_historical,0.746605597501095
ssp370_percentage_change_cf_historical,0.8351396228725734
ssp585_percentage_change_cf_historical,0.7755270213237171
