Key,Value
historical,5543218.679194602
ssp126,5619692.557185292
ssp370,5622750.475360481
ssp585,5650351.98109664
historical_percentage_change_cf_historical,0.0
ssp126_percentage_change_cf_historical,1.3795933809669092
ssp370_percentage_change_cf_historical,1.4347584096652382
ssp585_percentage_change_cf_historical,1.9326912413566173
