Key,Value
historical,11523546.177757844
ssp126,11601457.374115597
ssp370,11614146.379225425
ssp585,11612766.83888425
historical_percentage_change_cf_historical,0.0
ssp126_percentage_change_cf_historical,0.6761043445821678
ssp370_percentage_change_cf_historical,0.7862180623049262
ssp585_percentage_change_cf_historical,0.7742465708916421
