Key,Value
historical,10636183.728161994
ssp126,10745178.694631288
ssp370,10782737.104001582
ssp585,10824680.979207914
historical_percentage_change_cf_historical,0.0
ssp126_percentage_change_cf_historical,1.0247563341793509
ssp370_percentage_change_cf_historical,1.3778755574854358
ssp585_percentage_change_cf_historical,1.7722263535823068
