Key,Value
historical,11241507.500957465
ssp126,11301940.232091507
ssp370,11337239.529485738
ssp585,11373537.33186175
historical_percentage_change_cf_historical,0.0
ssp126_percentage_change_cf_historical,0.5375856496906216
ssp370_percentage_change_cf_historical,0.8515942236405517
ssp585_percentage_change_cf_historical,1.1744851025811192
