Key,Value
historical,11356249.44843722
ssp126,11443341.376774378
ssp370,11459337.291697267
ssp585,11434253.896595381
historical_percentage_change_cf_historical,0.0
ssp126_percentage_change_cf_historical,0.7669074964634888
ssp370_percentage_change_cf_historical,0.9077631107709976
ssp585_percentage_change_cf_historical,0.6868856528058762
