Key,Value
historical,11017939.702677272
ssp126,11024172.175124131
ssp370,11059014.458194356
ssp585,11110246.830145556
historical_percentage_change_cf_historical,0.0
ssp126_percentage_change_cf_historical,0.05656658699397712
ssp370_percentage_change_cf_historical,0.3727988773355087
ssp585_percentage_change_cf_historical,0.837789368604498
