Key,Value
historical,11324681.908865051
ssp126,11362320.904863026
ssp370,11364755.497582577
ssp585,11378621.97476504
historical_percentage_change_cf_historical,0.0
ssp126_percentage_change_cf_historical,0.3323625007825654
ssp370_percentage_change_cf_historical,0.35386061206854647
ssp585_percentage_change_cf_historical,0.47630535086167786
