Key,Value
historical,11204941.380488606
ssp126,11287327.998786181
ssp370,11319585.19842162
ssp585,11334598.153890721
historical_percentage_change_cf_historical,0.0
ssp126_percentage_change_cf_historical,0.7352704088308445
ssp370_percentage_change_cf_historical,1.0231541071035435
ssp585_percentage_change_cf_historical,1.1571392388351922
