Key,Value
historical,11084900.934411656
ssp126,11101868.166583493
ssp370,11130827.620609771
ssp585,11130419.594425883
historical_percentage_change_cf_historical,0.0
ssp126_percentage_change_cf_historical,0.15306615974496118
ssp370_percentage_change_cf_historical,0.4143175159603081
ssp585_percentage_change_cf_historical,0.4106365973278135
