Key,Value
historical,11515561.500350673
ssp126,11662714.526854811
ssp370,11772184.143937744
ssp585,11756511.84807907
historical_percentage_change_cf_historical,0.0
ssp126_percentage_change_cf_historical,1.2778623647631717
ssp370_percentage_change_cf_historical,2.2284857197736883
ssp585_percentage_change_cf_historical,2.0923890486891175
