Key,Value
historical,9201260.23250697
ssp126,9313587.105717354
ssp370,9316199.284251114
ssp585,9316069.054613143
historical_percentage_change_cf_historical,0.0
ssp126_percentage_change_cf_historical,1.2207770497952657
ssp370_percentage_change_cf_historical,1.2491664059025118
ssp585_percentage_change_cf_historical,1.2477510602359358
