Key,Value
historical,11521164.136103217
ssp126,11600680.323317222
ssp370,11620710.43335304
ssp585,11635603.188001143
historical_percentage_change_cf_historical,0.0
ssp126_percentage_change_cf_historical,0.6901749360972159
ssp370_percentage_change_cf_historical,0.8640298504027144
ssp585_percentage_change_cf_historical,0.9932941718911469
