Key,Value
historical,11284718.147638693
ssp126,11385388.744933397
ssp370,11412444.08018627
ssp585,11500198.590852685
historical_percentage_change_cf_historical,0.0
ssp126_percentage_change_cf_historical,0.8920966919831158
ssp370_percentage_change_cf_historical,1.131848672483709
ssp585_percentage_change_cf_historical,1.9094889247108109
