Key,Value
historical,11262692.224107023
ssp126,11331947.628528357
ssp370,11341566.055931397
ssp585,11334450.787432715
historical_percentage_change_cf_historical,0.0
ssp126_percentage_change_cf_historical,0.6149098549731898
ssp370_percentage_change_cf_historical,0.7003106384772675
ssp585_percentage_change_cf_historical,0.6371350818954075
