Key,Value
historical,5505910.8893435
ssp126,5570883.943736902
ssp370,5581676.720448681
ssp585,5587353.566645574
historical_percentage_change_cf_historical,0.0
ssp126_percentage_change_cf_historical,1.1800600427289043
ssp370_percentage_change_cf_historical,1.3760816807228602
ssp585_percentage_change_cf_historical,1.4791862588932045
