Key,Value
historical,11041829.802653268
ssp126,11052791.469108187
ssp370,11089410.839176543
ssp585,11154315.010391869
historical_percentage_change_cf_historical,0.0
ssp126_percentage_change_cf_historical,0.09927400304870374
ssp370_percentage_change_cf_historical,0.43091622832152077
ssp585_percentage_change_cf_historical,1.0187189057340056
