Key,Value
historical,8213334.907199513
ssp126,8290222.808321192
ssp370,8291767.832482666
ssp585,8332799.40541116
historical_percentage_change_cf_historical,0.0
ssp126_percentage_change_cf_historical,0.9361349803754088
ssp370_percentage_change_cf_historical,0.954946147567916
ssp585_percentage_change_cf_historical,1.4545187741818268
