Key,Value
historical,11358259.64391785
ssp126,11382892.839026324
ssp370,11407569.542392116
ssp585,11422366.494242912
historical_percentage_change_cf_historical,0.0
ssp126_percentage_change_cf_historical,0.21687473152337922
ssp370_percentage_change_cf_historical,0.4341325169536105
ssp585_percentage_change_cf_historical,0.5644073329437488
