Key,Value
historical,11270257.007034449
ssp126,11319549.316121416
ssp370,11326762.185162794
ssp585,11310169.25252332
historical_percentage_change_cf_historical,0.0
ssp126_percentage_change_cf_historical,0.43736632675014375
ssp370_percentage_change_cf_historical,0.5013654798916887
ssp585_percentage_change_cf_historical,0.35413784675858984
