Key,Value
historical,8260130.440960349
ssp126,8431711.80189141
ssp370,8448926.707669618
ssp585,8480175.83187722
historical_percentage_change_cf_historical,0.0
ssp126_percentage_change_cf_historical,2.0772233823357587
ssp370_percentage_change_cf_historical,2.285632994039244
ssp585_percentage_change_cf_historical,2.6639457147760086
