Key,Value
historical,5774273.912835942
ssp126,5828394.070990219
ssp370,5887036.522130465
ssp585,5841261.955758298
historical_percentage_change_cf_historical,0.0
ssp126_percentage_change_cf_historical,0.9372634372950432
ssp370_percentage_change_cf_historical,1.952844825110521
ssp585_percentage_change_cf_historical,1.1601119713674282
