Key,Value
historical,11173549.31257817
ssp126,11187376.398787074
ssp370,11200240.725062918
ssp585,11274727.87204187
historical_percentage_change_cf_historical,0.0
ssp126_percentage_change_cf_historical,0.12374837951749924
ssp370_percentage_change_cf_historical,0.23888033907633555
ssp585_percentage_change_cf_historical,0.9055185298175811
