Key,Value
historical,4557444.6799560925
ssp126,4617339.296906038
ssp370,4647461.961768067
ssp585,4637384.374093781
historical_percentage_change_cf_historical,0.0
ssp126_percentage_change_cf_historical,1.314214897952919
ssp370_percentage_change_cf_historical,1.9751700378915449
ssp585_percentage_change_cf_historical,1.7540463955441559
