Key,Value
historical,11254420.484502167
ssp126,11335818.51474915
ssp370,11393458.352386322
ssp585,11383551.481506748
historical_percentage_change_cf_historical,0.0
ssp126_percentage_change_cf_historical,0.7232538570872921
ssp370_percentage_change_cf_historical,1.2354067281884185
ssp585_percentage_change_cf_historical,1.1473802421226458
