Key,Value
historical,8427639.47446186
ssp126,8480957.804812856
ssp370,8505683.273380375
ssp585,8524919.336349884
historical_percentage_change_cf_historical,0.0
ssp126_percentage_change_cf_historical,0.6326603138704096
ssp370_percentage_change_cf_historical,0.9260457706456277
ssp585_percentage_change_cf_historical,1.1542954843145647
