Key,Value
historical,11504917.528058272
ssp126,11645198.651258979
ssp370,11667493.336084802
ssp585,11722748.294290895
historical_percentage_change_cf_historical,0.0
ssp126_percentage_change_cf_historical,1.2193144614777862
ssp370_percentage_change_cf_historical,1.4130984218708118
ssp585_percentage_change_cf_historical,1.8933709494342366
