Key,Value
historical,5777325.491919141
ssp126,5861247.565547085
ssp370,5864810.339517519
ssp585,5900482.610197512
historical_percentage_change_cf_historical,0.0
ssp126_percentage_change_cf_historical,1.4526111389314582
ssp370_percentage_change_cf_historical,1.5142793619771708
ssp585_percentage_change_cf_historical,2.131732381196688
