Key,Value
historical,11084048.45773931
ssp126,11081722.626395416
ssp370,11098764.095512003
ssp585,11119593.859225756
historical_percentage_change_cf_historical,0.0
ssp126_percentage_change_cf_historical,-0.020983590542414485
ssp370_percentage_change_cf_historical,0.13276410536095537
ssp585_percentage_change_cf_historical,0.3206896976494725
