Key,Value
historical,11334891.540861193
ssp126,11364168.19422037
ssp370,11386188.678551987
ssp585,11411937.562605489
historical_percentage_change_cf_historical,0.0
ssp126_percentage_change_cf_historical,0.2582879002735674
ssp370_percentage_change_cf_historical,0.45255958123527235
ssp585_percentage_change_cf_historical,0.6797243843626775
