Key,Value
historical,5513326.91623386
ssp126,5572360.843634622
ssp370,5579224.346630745
ssp585,5593994.681677694
historical_percentage_change_cf_historical,0.0
ssp126_percentage_change_cf_historical,1.0707496271795207
ssp370_percentage_change_cf_historical,1.1952389437102173
ssp585_percentage_change_cf_historical,1.463141342232222
