Key,Value
historical,11074809.322007963
ssp126,11155850.434432708
ssp370,11134123.138394924
ssp585,11100251.428252865
historical_percentage_change_cf_historical,0.0
ssp126_percentage_change_cf_historical,0.731760792158278
ssp370_percentage_change_cf_historical,0.5355741544831069
ssp585_percentage_change_cf_historical,0.2297295195353152
