Key,Value
historical,11354304.63791735
ssp126,11433727.63761955
ssp370,11428981.848426789
ssp585,11424693.515397955
historical_percentage_change_cf_historical,0.0
ssp126_percentage_change_cf_historical,0.6994968184750798
ssp370_percentage_change_cf_historical,0.6576995500020115
ssp585_percentage_change_cf_historical,0.6199312042900816
