Key,Value
historical,11239271.978043798
ssp126,11298667.086362485
ssp370,11271513.404536
ssp585,11300506.219889574
historical_percentage_change_cf_historical,0.0
ssp126_percentage_change_cf_historical,0.5284604593137022
ssp370_percentage_change_cf_historical,0.2868640117899594
ssp585_percentage_change_cf_historical,0.5448239171131194
