Key,Value
historical,11023769.374839824
ssp126,11118427.425225794
ssp370,11082874.992064632
ssp585,11073451.10919381
historical_percentage_change_cf_historical,0.0
ssp126_percentage_change_cf_historical,0.8586722668746507
ssp370_percentage_change_cf_historical,0.5361652191283037
ssp585_percentage_change_cf_historical,0.45067828130890586
