Key,Value
historical,5526185.347121986
ssp126,5594100.951381928
ssp370,5597134.603758015
ssp585,5616556.538872834
historical_percentage_change_cf_historical,0.0
ssp126_percentage_change_cf_historical,1.2289780380839528
ssp370_percentage_change_cf_historical,1.2838739958836014
ssp585_percentage_change_cf_historical,1.6353268316979923
