Key,Value
historical,9063783.850857178
ssp126,9127851.433749331
ssp370,9119044.54497331
ssp585,9139680.478663834
historical_percentage_change_cf_historical,0.0
ssp126_percentage_change_cf_historical,0.7068525016303696
ssp370_percentage_change_cf_historical,0.6096868043792354
ssp585_percentage_change_cf_historical,0.8373614050767373
