Key,Value
historical,5503466.574895448
ssp126,5536278.473890099
ssp370,5532609.607797186
ssp585,5564669.259295463
historical_percentage_change_cf_historical,0.0
ssp126_percentage_change_cf_historical,0.5962042023535691
ssp370_percentage_change_cf_historical,0.5295395639300577
ssp585_percentage_change_cf_historical,1.1120751542163636
