Key,Value
historical,5503486.668637492
ssp126,5562773.029091707
ssp370,5605991.162780766
ssp585,5610519.760760086
historical_percentage_change_cf_historical,0.0
ssp126_percentage_change_cf_historical,1.0772509142625633
ssp370_percentage_change_cf_historical,1.8625373388730646
ssp585_percentage_change_cf_historical,1.9448233195973612
