Key,Value
historical,5783309.089084547
ssp126,5903743.262483176
ssp370,5887509.172554594
ssp585,5922344.63325553
historical_percentage_change_cf_historical,0.0
ssp126_percentage_change_cf_historical,2.082444004695115
ssp370_percentage_change_cf_historical,1.8017381029610768
ssp585_percentage_change_cf_historical,2.4040828880026432
