Key,Value
historical,11254896.792278212
ssp126,11324402.27312611
ssp370,11339584.793129789
ssp585,11330912.539485805
historical_percentage_change_cf_historical,0.0
ssp126_percentage_change_cf_historical,0.617557691826951
ssp370_percentage_change_cf_historical,0.7524547085112332
ssp585_percentage_change_cf_historical,0.6754015484153195
