Key,Value
historical,8197684.132499688
ssp126,8266203.575383776
ssp370,8276929.5674754195
ssp585,8280671.63161562
historical_percentage_change_cf_historical,0.0
ssp126_percentage_change_cf_historical,0.8358390220531001
ssp370_percentage_change_cf_historical,0.9666807563560902
ssp585_percentage_change_cf_historical,1.0123285768834172
