Key,Value
historical,5738217.60955468
ssp126,5780175.757452445
ssp370,5809798.029512072
ssp585,5824649.899969773
historical_percentage_change_cf_historical,0.0
ssp126_percentage_change_cf_historical,0.731205240942775
ssp370_percentage_change_cf_historical,1.2474329979783911
ssp585_percentage_change_cf_historical,1.506256755951104
