Key,Value
historical,5782178.690422729
ssp126,5771109.333826755
ssp370,5758351.266098356
ssp585,5797017.7931719925
historical_percentage_change_cf_historical,0.0
ssp126_percentage_change_cf_historical,-0.1914391994544917
ssp370_percentage_change_cf_historical,-0.4120838459011855
ssp585_percentage_change_cf_historical,0.2566351464343797
