Key,Value
historical,11344587.285203075
ssp126,11404753.173406418
ssp370,11402661.333062392
ssp585,11409800.631654546
historical_percentage_change_cf_historical,0.0
ssp126_percentage_change_cf_historical,0.5303488499913849
ssp370_percentage_change_cf_historical,0.5119097451439559
ssp585_percentage_change_cf_historical,0.5748410657171233
