Key,Value
historical,11267538.192690687
ssp126,11290651.482334618
ssp370,11305095.879219986
ssp585,11323225.898164343
historical_percentage_change_cf_historical,0.0
ssp126_percentage_change_cf_historical,0.20513167338473268
ssp370_percentage_change_cf_historical,0.33332646303930985
ssp585_percentage_change_cf_historical,0.4942313442503416
