Key,Value
historical,5786454.667837765
ssp126,5815570.672551952
ssp370,5842608.801635487
ssp585,5867480.4005231615
historical_percentage_change_cf_historical,0.0
ssp126_percentage_change_cf_historical,0.5031751976909044
ssp370_percentage_change_cf_historical,0.970441090808807
ssp585_percentage_change_cf_historical,1.4002655742859813
