Key,Value
historical,11246995.560899304
ssp126,11334096.981223352
ssp370,11362494.34978748
ssp585,11356535.415361835
historical_percentage_change_cf_historical,0.0
ssp126_percentage_change_cf_historical,0.7744416706881267
ssp370_percentage_change_cf_historical,1.0269301544824279
ssp585_percentage_change_cf_historical,0.9739476989157068
