Key,Value
historical,5002834.071827804
ssp126,5073274.634586323
ssp370,5090271.71366399
ssp585,5103435.563302291
historical_percentage_change_cf_historical,0.0
ssp126_percentage_change_cf_historical,1.4080131730769874
ssp370_percentage_change_cf_historical,1.7477621800125038
ssp585_percentage_change_cf_historical,2.0108900281342286
