Key,Value
historical,5503466.910296057
ssp126,5558375.773541562
ssp370,5574300.423428461
ssp585,5575733.170649158
historical_percentage_change_cf_historical,0.0
ssp126_percentage_change_cf_historical,0.9977140617086241
ssp370_percentage_change_cf_historical,1.287070755343074
ssp585_percentage_change_cf_historical,1.3131042946383944
