Key,Value
historical,11086497.676995937
ssp126,11147461.666437374
ssp370,11183692.19763529
ssp585,11149895.181273192
historical_percentage_change_cf_historical,0.0
ssp126_percentage_change_cf_historical,0.5498940352275148
ssp370_percentage_change_cf_historical,0.8766927434714342
ssp585_percentage_change_cf_historical,0.5718442931603441
