Key,Value
historical,11337167.744894022
ssp126,11400111.689042162
ssp370,11402673.690168697
ssp585,11395855.641379807
historical_percentage_change_cf_historical,0.0
ssp126_percentage_change_cf_historical,0.5551999014611776
ssp370_percentage_change_cf_historical,0.5777981480795987
ssp585_percentage_change_cf_historical,0.5176592408824204
