Key,Value
historical,9028337.05561715
ssp126,9123927.107682195
ssp370,9160191.843746535
ssp585,9168160.355868125
historical_percentage_change_cf_historical,0.0
ssp126_percentage_change_cf_historical,1.0587780615209919
ssp370_percentage_change_cf_historical,1.4604548691206607
ssp585_percentage_change_cf_historical,1.5487159970836681
