Key,Value
historical,8727929.079758981
ssp126,8796479.519924186
ssp370,8833638.595851881
ssp585,8851724.54023409
historical_percentage_change_cf_historical,0.0
ssp126_percentage_change_cf_historical,0.7854147248306689
ssp370_percentage_change_cf_historical,1.2111637838356417
ssp585_percentage_change_cf_historical,1.4183829788695772
