Key,Value
historical,11503213.931030327
ssp126,11624457.413898658
ssp370,11646360.194096189
ssp585,11679231.79066325
historical_percentage_change_cf_historical,0.0
ssp126_percentage_change_cf_historical,1.0539965925633352
ssp370_percentage_change_cf_historical,1.2444023376781632
ssp585_percentage_change_cf_historical,1.5301624458022807
