Key,Value
historical,5765096.259485932
ssp126,5789900.9010826945
ssp370,5780210.828931412
ssp585,5819668.2084950935
historical_percentage_change_cf_historical,0.0
ssp126_percentage_change_cf_historical,0.4302554628805846
ssp370_percentage_change_cf_historical,0.262173756780037
ssp585_percentage_change_cf_historical,0.9465921565380344
