Key,Value
historical,11246804.722891502
ssp126,11335795.180178933
ssp370,11348433.087638173
ssp585,11350385.92650383
historical_percentage_change_cf_historical,0.0
ssp126_percentage_change_cf_historical,0.7912510217795595
ssp370_percentage_change_cf_historical,0.9036198924999471
ssp585_percentage_change_cf_historical,0.9209833918561833
