Key,Value
historical,11075758.594593601
ssp126,11132824.93966671
ssp370,11126173.734712608
ssp585,11094643.604392061
historical_percentage_change_cf_historical,0.0
ssp126_percentage_change_cf_historical,0.5152364471086002
ssp370_percentage_change_cf_historical,0.45518453375840046
ssp585_percentage_change_cf_historical,0.17050759672279267
