Key,Value
historical,11542407.006088786
ssp126,11617137.882928032
ssp370,11603335.95354973
ssp585,11630070.25124594
historical_percentage_change_cf_historical,0.0
ssp126_percentage_change_cf_historical,0.6474462111743676
ssp370_percentage_change_cf_historical,0.5278703777193348
ssp585_percentage_change_cf_historical,0.7594884248225752
