Key,Value
historical,11241882.948630242
ssp126,11320252.400588823
ssp370,11339110.542939115
ssp585,11346712.848137252
historical_percentage_change_cf_historical,0.0
ssp126_percentage_change_cf_historical,0.6971203339928981
ssp370_percentage_change_cf_historical,0.8648692995039613
ssp585_percentage_change_cf_historical,0.932494138090837
