Key,Value
historical,11280486.846364778
ssp126,11354878.738798143
ssp370,11356903.210857289
ssp585,11377669.876302484
historical_percentage_change_cf_historical,0.0
ssp126_percentage_change_cf_historical,0.6594741294994653
ssp370_percentage_change_cf_historical,0.6774208022514305
ssp585_percentage_change_cf_historical,0.8615145007595559
