Key,Value
historical,9139388.316620205
ssp126,9168804.948233133
ssp370,9171581.075546853
ssp585,9177255.423424147
historical_percentage_change_cf_historical,0.0
ssp126_percentage_change_cf_historical,0.3218665253497732
ssp370_percentage_change_cf_historical,0.3522419423639689
ssp585_percentage_change_cf_historical,0.41432867815759833
