Key,Value
historical,11325768.269257111
ssp126,11408178.622314706
ssp370,11388891.152031474
ssp585,11431969.962398384
historical_percentage_change_cf_historical,0.0
ssp126_percentage_change_cf_historical,0.727635875098127
ssp370_percentage_change_cf_historical,0.557338639407839
ssp585_percentage_change_cf_historical,0.9376996828510809
