Key,Value
historical,5017757.184868009
ssp126,5057877.282829847
ssp370,5056611.959595336
ssp585,5096200.612895355
historical_percentage_change_cf_historical,0.0
ssp126_percentage_change_cf_historical,0.7995623638949302
ssp370_percentage_change_cf_historical,0.7743454554656551
ssp585_percentage_change_cf_historical,1.5633165403839533
