Key,Value
historical,11334985.513106352
ssp126,11378516.02271898
ssp370,11387861.530807821
ssp585,11387281.14246736
historical_percentage_change_cf_historical,0.0
ssp126_percentage_change_cf_historical,0.38403674678098165
ssp370_percentage_change_cf_historical,0.46648509290400225
ssp585_percentage_change_cf_historical,0.4613647657558916
