Key,Value
historical,11274642.606396498
ssp126,11327172.875344438
ssp370,11299999.78577875
ssp585,11301614.802030005
historical_percentage_change_cf_historical,0.0
ssp126_percentage_change_cf_historical,0.46591515830522257
ssp370_percentage_change_cf_historical,0.2249045071093035
ssp585_percentage_change_cf_historical,0.23922883035072112
