Key,Value
historical,5788451.9201681465
ssp126,5882599.996564858
ssp370,5889315.019603312
ssp585,5887337.669443615
historical_percentage_change_cf_historical,0.0
ssp126_percentage_change_cf_historical,1.6264810988354257
ssp370_percentage_change_cf_historical,1.7424883341215625
ssp585_percentage_change_cf_historical,1.7083280752653431
