Key,Value
historical,5711003.168548131
ssp126,5727913.25229413
ssp370,5753950.6305415295
ssp585,5744083.2406293005
historical_percentage_change_cf_historical,0.0
ssp126_percentage_change_cf_historical,0.2960965568908494
ssp370_percentage_change_cf_historical,0.7520125751272587
ssp585_percentage_change_cf_historical,0.5792339997874459
