Key,Value
historical,8164154.878636951
ssp126,8212511.335788522
ssp370,8213700.832639702
ssp585,8229553.9200036265
historical_percentage_change_cf_historical,0.0
ssp126_percentage_change_cf_historical,0.5923020553922252
ssp370_percentage_change_cf_historical,0.6068718041152963
ssp585_percentage_change_cf_historical,0.8010509641090321
