Key,Value
historical,11227002.691422028
ssp126,11270573.6544478
ssp370,11286904.933372643
ssp585,11312379.343219876
historical_percentage_change_cf_historical,0.0
ssp126_percentage_change_cf_historical,0.3880907863241308
ssp370_percentage_change_cf_historical,0.5335550689444707
ssp585_percentage_change_cf_historical,0.7604581039521768
