Key,Value
historical,11273061.148512062
ssp126,11329759.929470818
ssp370,11327106.194740819
ssp585,11309367.801025037
historical_percentage_change_cf_historical,0.0
ssp126_percentage_change_cf_historical,0.5029581602707842
ssp370_percentage_change_cf_historical,0.47941766230808186
ssp585_percentage_change_cf_historical,0.3220656043169532
