Key,Value
historical,11358291.194870062
ssp126,11363435.72713681
ssp370,11376206.356433108
ssp585,11359700.812539348
historical_percentage_change_cf_historical,0.0
ssp126_percentage_change_cf_historical,0.045293188724292596
ssp370_percentage_change_cf_historical,0.1577276128572721
ssp585_percentage_change_cf_historical,0.012410473064142395
