Key,Value
historical,11308631.777345264
ssp126,11349562.752373986
ssp370,11349922.08232243
ssp585,11363885.44396504
historical_percentage_change_cf_historical,0.0
ssp126_percentage_change_cf_historical,0.3619445378946655
ssp370_percentage_change_cf_historical,0.36512202174522085
ssp585_percentage_change_cf_historical,0.4885972742561681
