Key,Value
historical,5514901.790373139
ssp126,5576374.35448036
ssp370,5594909.006890418
ssp585,5609432.430180242
historical_percentage_change_cf_historical,0.0
ssp126_percentage_change_cf_historical,1.114662897796796
ssp370_percentage_change_cf_historical,1.450745988930215
ssp585_percentage_change_cf_historical,1.714094709213439
