Key,Value
historical,11302944.154651986
ssp126,11325724.433589075
ssp370,11356216.663202781
ssp585,11389633.674388263
historical_percentage_change_cf_historical,0.0
ssp126_percentage_change_cf_historical,0.201542877903299
ssp370_percentage_change_cf_historical,0.47131533007591897
ssp585_percentage_change_cf_historical,0.7669640630808379
