Key,Value
historical,8773280.193498082
ssp126,8856857.96850516
ssp370,8864580.65553752
ssp585,8863278.498876097
historical_percentage_change_cf_historical,0.0
ssp126_percentage_change_cf_historical,0.9526399837203227
ssp370_percentage_change_cf_historical,1.040665065126956
ssp585_percentage_change_cf_historical,1.0258227640411208
