Key,Value
historical,11347926.624053344
ssp126,11396446.016667403
ssp370,11407661.03822052
ssp585,11421546.024382725
historical_percentage_change_cf_historical,0.0
ssp126_percentage_change_cf_historical,0.4275617407607858
ssp370_percentage_change_cf_historical,0.5263905570252855
ssp585_percentage_change_cf_historical,0.6487475885976892
