Key,Value
historical,9033489.799565887
ssp126,9155086.2562952
ssp370,9225803.59059677
ssp585,9221263.236826677
historical_percentage_change_cf_historical,0.0
ssp126_percentage_change_cf_historical,1.3460629217199847
ssp370_percentage_change_cf_historical,2.128898081449382
ssp585_percentage_change_cf_historical,2.07863673316832
