Key,Value
historical,5762454.6719970545
ssp126,5781154.585337843
ssp370,5823984.880144827
ssp585,5796296.201732246
historical_percentage_change_cf_historical,0.0
ssp126_percentage_change_cf_historical,0.324512979367309
ssp370_percentage_change_cf_historical,1.0677777379626396
ssp585_percentage_change_cf_historical,0.5872762852200188
