Key,Value
historical,9504606.515099272
ssp126,9609167.112488333
ssp370,9692677.473412909
ssp585,9701777.978415858
historical_percentage_change_cf_historical,0.0
ssp126_percentage_change_cf_historical,1.100104430656369
ssp370_percentage_change_cf_historical,1.9787348167950132
ssp585_percentage_change_cf_historical,2.0744831782710205
