Key,Value
historical,11428625.708817434
ssp126,11522993.803619392
ssp370,11569545.598229708
ssp585,11584329.503351213
historical_percentage_change_cf_historical,0.0
ssp126_percentage_change_cf_historical,0.8257169077569109
ssp370_percentage_change_cf_historical,1.2330431759922964
ssp585_percentage_change_cf_historical,1.362401731414224
