Key,Value
historical,8423113.080090186
ssp126,8490573.26936163
ssp370,8526962.80594642
ssp585,8520396.947631773
historical_percentage_change_cf_historical,0.0
ssp126_percentage_change_cf_historical,0.800893786299758
ssp370_percentage_change_cf_historical,1.2329138273319173
ssp585_percentage_change_cf_historical,1.1549633326369324
