Key,Value
historical,11339002.209599111
ssp126,11428302.713964334
ssp370,11504230.861778978
ssp585,11521104.312325496
historical_percentage_change_cf_historical,0.0
ssp126_percentage_change_cf_historical,0.7875516973585609
ssp370_percentage_change_cf_historical,1.457171002577207
ssp585_percentage_change_cf_historical,1.6059799562630404
