Key,Value
historical,11347197.148731522
ssp126,11405142.12274815
ssp370,11407441.34118358
ssp585,11412882.98847013
historical_percentage_change_cf_historical,0.0
ssp126_percentage_change_cf_historical,0.5106545101589677
ssp370_percentage_change_cf_historical,0.5309169450606819
ssp585_percentage_change_cf_historical,0.5788728165875772
