Key,Value
historical,5760453.35853252
ssp126,5784387.643101975
ssp370,5803451.09411225
ssp585,5814726.801264122
historical_percentage_change_cf_historical,0.0
ssp126_percentage_change_cf_historical,0.4154930711139824
ssp370_percentage_change_cf_historical,0.7464297148772283
ssp585_percentage_change_cf_historical,0.9421731130104718
