Key,Value
historical,10639336.817941047
ssp126,10741503.454366969
ssp370,10746901.638493769
ssp585,10817139.336667184
historical_percentage_change_cf_historical,0.0
ssp126_percentage_change_cf_historical,0.9602726013301763
ssp370_percentage_change_cf_historical,1.011010577006414
ssp585_percentage_change_cf_historical,1.6711804670598382
