Key,Value
historical,11548211.830354284
ssp126,11624484.579259362
ssp370,11659731.269653998
ssp585,11687623.010218615
historical_percentage_change_cf_historical,0.0
ssp126_percentage_change_cf_historical,0.6604723746458816
ssp370_percentage_change_cf_historical,0.9656857783521671
ssp585_percentage_change_cf_historical,1.207210102415079
