Key,Value
historical,5465093.933370068
ssp126,5521628.854579358
ssp370,5543595.847988268
ssp585,5551515.550827498
historical_percentage_change_cf_historical,0.0
ssp126_percentage_change_cf_historical,1.0344730008039986
ssp370_percentage_change_cf_historical,1.4364238853949975
ssp585_percentage_change_cf_historical,1.5813381894451302
