Key,Value
historical,8240190.40674774
ssp126,8285170.235693243
ssp370,8304003.276091086
ssp585,8305866.492133845
historical_percentage_change_cf_historical,0.0
ssp126_percentage_change_cf_historical,0.5458590970018171
ssp370_percentage_change_cf_historical,0.7744101312403024
ssp585_percentage_change_cf_historical,0.7970214539256757
