Key,Value
historical,11481290.847221082
ssp126,11569907.939988296
ssp370,11586526.017170135
ssp585,11644697.810311005
historical_percentage_change_cf_historical,0.0
ssp126_percentage_change_cf_historical,0.771839107173765
ssp370_percentage_change_cf_historical,0.9165796019750153
ssp585_percentage_change_cf_historical,1.4232455676312152
