Key,Value
historical,11208466.970265495
ssp126,11300224.895679558
ssp370,11301796.43179074
ssp585,11342142.852147067
historical_percentage_change_cf_historical,0.0
ssp126_percentage_change_cf_historical,0.8186483098668538
ssp370_percentage_change_cf_historical,0.8326692827202393
ssp585_percentage_change_cf_historical,1.192633053531726
