Key,Value
historical,11286710.15092704
ssp126,11381183.035687566
ssp370,11377856.322927773
ssp585,11385926.532479273
historical_percentage_change_cf_historical,0.0
ssp126_percentage_change_cf_historical,0.8370276501941134
ssp370_percentage_change_cf_historical,0.8075530493998371
ssp585_percentage_change_cf_historical,0.8790549258862933
