Key,Value
historical,11266661.902092373
ssp126,11295161.673864523
ssp370,11284151.241632216
ssp585,11300604.547055911
historical_percentage_change_cf_historical,0.0
ssp126_percentage_change_cf_historical,0.2529566611638284
ssp370_percentage_change_cf_historical,0.1552308899639091
ssp585_percentage_change_cf_historical,0.30126620696086265
