Key,Value
historical,10795253.670141112
ssp126,10904835.115983527
ssp370,10935830.370581405
ssp585,10942846.762623418
historical_percentage_change_cf_historical,0.0
ssp126_percentage_change_cf_historical,1.015089123338615
ssp370_percentage_change_cf_historical,1.3022084032088854
ssp585_percentage_change_cf_historical,1.3672035599361398
