Key,Value
historical,8236786.70004314
ssp126,8316718.889342798
ssp370,8336894.710627248
ssp585,8323479.426123011
historical_percentage_change_cf_historical,0.0
ssp126_percentage_change_cf_historical,0.9704292730955302
ssp370_percentage_change_cf_historical,1.2153769938413397
ssp585_percentage_change_cf_historical,1.052506629550294
