Key,Value
historical,5747790.188066344
ssp126,5794233.562964804
ssp370,5796316.517676951
ssp585,5811894.817487473
historical_percentage_change_cf_historical,0.0
ssp126_percentage_change_cf_historical,0.8080214026407273
ssp370_percentage_change_cf_historical,0.8442606292651175
ssp585_percentage_change_cf_historical,1.1152917438466
