Key,Value
historical,11095252.37205984
ssp126,11145809.22256722
ssp370,11131793.806750078
ssp585,11150236.463887405
historical_percentage_change_cf_historical,0.0
ssp126_percentage_change_cf_historical,0.4556620148153752
ssp370_percentage_change_cf_historical,0.3293429790047498
ssp585_percentage_change_cf_historical,0.4955641384600259
