Key,Value
historical,11274224.962710667
ssp126,11354277.76418884
ssp370,11352532.904752001
ssp585,11341436.39361791
historical_percentage_change_cf_historical,0.0
ssp126_percentage_change_cf_historical,0.7100514824118304
ssp370_percentage_change_cf_historical,0.6945749468396819
ssp585_percentage_change_cf_historical,0.596151231056173
