Key,Value
historical,11043115.592088444
ssp126,11148531.261055663
ssp370,11133938.732542047
ssp585,11138815.493208181
historical_percentage_change_cf_historical,0.0
ssp126_percentage_change_cf_historical,0.954582681745552
ssp370_percentage_change_cf_historical,0.8224412729924789
ssp585_percentage_change_cf_historical,0.8666023670738235
