Key,Value
historical,11279644.577394545
ssp126,11354171.698432831
ssp370,11359847.476744685
ssp585,11373258.51797884
historical_percentage_change_cf_historical,0.0
ssp126_percentage_change_cf_historical,0.6607222464052217
ssp370_percentage_change_cf_historical,0.7110410155198887
ssp585_percentage_change_cf_historical,0.8299369713466462
