Key,Value
historical,11312497.408856586
ssp126,11467743.345272072
ssp370,11491149.408876065
ssp585,11537361.049562791
historical_percentage_change_cf_historical,0.0
ssp126_percentage_change_cf_historical,1.3723400837550122
ssp370_percentage_change_cf_historical,1.5792445607953236
ssp585_percentage_change_cf_historical,1.9877453455163612
