Key,Value
historical,7979589.432133932
ssp126,8018475.511130476
ssp370,8022147.345258202
ssp585,7961331.0074333735
historical_percentage_change_cf_historical,0.0
ssp126_percentage_change_cf_historical,0.4873192954007114
ssp370_percentage_change_cf_historical,0.5333346218652473
ssp585_percentage_change_cf_historical,-0.228814086938248
