Key,Value
historical,11506497.65688753
ssp126,11594494.289332865
ssp370,11592965.061856657
ssp585,11614891.725877084
historical_percentage_change_cf_historical,0.0
ssp126_percentage_change_cf_historical,0.7647560106411927
ssp370_percentage_change_cf_historical,0.7514658895130475
ssp585_percentage_change_cf_historical,0.9420248647482423
