Key,Value
historical,11337542.520419942
ssp126,11422388.237122608
ssp370,11439545.925070696
ssp585,11415665.466831103
historical_percentage_change_cf_historical,0.0
ssp126_percentage_change_cf_historical,0.748360736463403
ssp370_percentage_change_cf_historical,0.8996958950057827
ssp585_percentage_change_cf_historical,0.6890641977346875
