Key,Value
historical,5765960.421346791
ssp126,5798496.906498326
ssp370,5796090.979050595
ssp585,5796507.725936769
historical_percentage_change_cf_historical,0.0
ssp126_percentage_change_cf_historical,0.5642856137388322
ssp370_percentage_change_cf_historical,0.5225592182744544
ssp585_percentage_change_cf_historical,0.5297869280698664
