Key,Value
historical,11502271.112015242
ssp126,11566142.749195118
ssp370,11566023.944192272
ssp585,11576904.69137723
historical_percentage_change_cf_historical,0.0
ssp126_percentage_change_cf_historical,0.555295876421793
ssp370_percentage_change_cf_historical,0.554262993422524
ssp585_percentage_change_cf_historical,0.6488595046592686
