Key,Value
historical,11339002.209599111
ssp126,11402223.098453576
ssp370,11430907.15239469
ssp585,11425562.679522257
historical_percentage_change_cf_historical,0.0
ssp126_percentage_change_cf_historical,0.5575524872986128
ssp370_percentage_change_cf_historical,0.8105205475467288
ssp585_percentage_change_cf_historical,0.7633870099246273
