Key,Value
historical,11203939.726181382
ssp126,11315089.599154
ssp370,11317249.463123884
ssp585,11364347.6589237
historical_percentage_change_cf_historical,0.0
ssp126_percentage_change_cf_historical,0.9920606116157671
ssp370_percentage_change_cf_historical,1.0113383301921857
ssp585_percentage_change_cf_historical,1.4317100650539618
