Key,Value
historical,8167525.961022347
ssp126,8239129.439203702
ssp370,8243410.92034431
ssp585,8280577.283420946
historical_percentage_change_cf_historical,0.0
ssp126_percentage_change_cf_historical,0.8766850393015702
ssp370_percentage_change_cf_historical,0.9291058232824273
ssp585_percentage_change_cf_historical,1.3841562663909592
