Key,Value
historical,11501073.295161005
ssp126,11587664.590908356
ssp370,11627935.684087286
ssp585,11641808.541635837
historical_percentage_change_cf_historical,0.0
ssp126_percentage_change_cf_historical,0.7528975211712073
ssp370_percentage_change_cf_historical,1.1030482605450147
ssp585_percentage_change_cf_historical,1.2236705467658018
