Key,Value
historical,5727169.448474327
ssp126,5765353.384992402
ssp370,5780654.224722082
ssp585,5785669.26331225
historical_percentage_change_cf_historical,0.0
ssp126_percentage_change_cf_historical,0.6667156762446909
ssp370_percentage_change_cf_historical,0.9338780130209455
ssp585_percentage_change_cf_historical,1.0214437579371283
