Key,Value
historical,11300004.183967354
ssp126,11388908.067610757
ssp370,11427466.585616708
ssp585,11410255.605703177
historical_percentage_change_cf_historical,0.0
ssp126_percentage_change_cf_historical,0.7867597409348047
ssp370_percentage_change_cf_historical,1.1279854376531997
ssp585_percentage_change_cf_historical,0.9756759372908005
