Key,Value
historical,11246097.891904838
ssp126,11331546.910233608
ssp370,11358608.030750928
ssp585,11375202.34015423
historical_percentage_change_cf_historical,0.0
ssp126_percentage_change_cf_historical,0.7598103728963359
ssp370_percentage_change_cf_historical,1.0004371287491376
ssp585_percentage_change_cf_historical,1.1479932816726068
