Key,Value
historical,11113259.06540386
ssp126,11140724.908517122
ssp370,11125818.836110123
ssp585,11157161.287784005
historical_percentage_change_cf_historical,0.0
ssp126_percentage_change_cf_historical,0.24714481100116503
ssp370_percentage_change_cf_historical,0.1130160885510322
ssp585_percentage_change_cf_historical,0.3950436332112005
