Key,Value
historical,8240190.40674774
ssp126,8404251.634723997
ssp370,8439703.88310676
ssp585,8476626.821329566
historical_percentage_change_cf_historical,0.0
ssp126_percentage_change_cf_historical,1.9909883131087633
ssp370_percentage_change_cf_historical,2.42122410418627
ssp585_percentage_change_cf_historical,2.86930766051489
