Key,Value
historical,5768611.733966788
ssp126,5863913.759063456
ssp370,5908485.612436917
ssp585,5900833.46413753
historical_percentage_change_cf_historical,0.0
ssp126_percentage_change_cf_historical,1.6520790355071004
ssp370_percentage_change_cf_historical,2.424740733485699
ssp585_percentage_change_cf_historical,2.2920892628670533
