Key,Value
historical,5751798.952672297
ssp126,5816497.9150000755
ssp370,5824600.286601318
ssp585,5818102.649888003
historical_percentage_change_cf_historical,0.0
ssp126_percentage_change_cf_historical,1.1248474235650932
ssp370_percentage_change_cf_historical,1.2657141622656556
ssp585_percentage_change_cf_historical,1.1527471276599695
