Key,Value
historical,11422301.995876458
ssp126,11479754.495052686
ssp370,11493483.033577519
ssp585,11509449.895966811
historical_percentage_change_cf_historical,0.0
ssp126_percentage_change_cf_historical,0.5029852931306599
ssp370_percentage_change_cf_historical,0.6231759388497863
ssp585_percentage_change_cf_historical,0.7629626683116473
