Key,Value
historical,8031858.446929669
ssp126,8059394.910157916
ssp370,8055468.835591913
ssp585,8020880.234198383
historical_percentage_change_cf_historical,0.0
ssp126_percentage_change_cf_historical,0.3428404946401099
ssp370_percentage_change_cf_historical,0.2939592227409052
ssp585_percentage_change_cf_historical,-0.13668334425742504
