Key,Value
historical,11241955.805969223
ssp126,11380630.492829982
ssp370,11428248.255375117
ssp585,11481171.293754091
historical_percentage_change_cf_historical,0.0
ssp126_percentage_change_cf_historical,1.2335459172248808
ssp370_percentage_change_cf_historical,1.6571177882319785
ssp585_percentage_change_cf_historical,2.127881410615848
