Key,Value
historical,11574385.899802063
ssp126,11628889.381971637
ssp370,11611992.900997588
ssp585,11645120.5225024
historical_percentage_change_cf_historical,0.0
ssp126_percentage_change_cf_historical,0.4708973991484611
ssp370_percentage_change_cf_historical,0.32491573653310524
ssp585_percentage_change_cf_historical,0.6111306752053859
