Key,Value
historical,5509879.958341632
ssp126,5607929.269020237
ssp370,5621366.893604677
ssp585,5655041.868541794
historical_percentage_change_cf_historical,0.0
ssp126_percentage_change_cf_historical,1.7795180914996913
ssp370_percentage_change_cf_historical,2.0234004389562155
ssp585_percentage_change_cf_historical,2.63457482372906
