Key,Value
historical,10915677.862217564
ssp126,11042789.026422165
ssp370,10980420.366256125
ssp585,10998622.129703294
historical_percentage_change_cf_historical,0.0
ssp126_percentage_change_cf_historical,1.1644825526096831
ssp370_percentage_change_cf_historical,0.5931148285591531
ssp585_percentage_change_cf_historical,0.7598636432174802
