Key,Value
historical,5738271.43923997
ssp126,5835035.925722108
ssp370,5861511.5830828855
ssp585,5878307.97926476
historical_percentage_change_cf_historical,0.0
ssp126_percentage_change_cf_historical,1.6863002649270666
ssp370_percentage_change_cf_historical,2.1476875945631138
ssp585_percentage_change_cf_historical,2.440395884153882
