Key,Value
historical,11309496.920879751
ssp126,11429361.07734508
ssp370,11479433.380806942
ssp585,11509568.809575658
historical_percentage_change_cf_historical,0.0
ssp126_percentage_change_cf_historical,1.0598540085725152
ssp370_percentage_change_cf_historical,1.5025996391886454
ssp585_percentage_change_cf_historical,1.769060906029616
