Key,Value
historical,11253859.95664223
ssp126,11349312.328568708
ssp370,11460834.095951624
ssp585,11450397.11774296
historical_percentage_change_cf_historical,0.0
ssp126_percentage_change_cf_historical,0.8481745134045439
ssp370_percentage_change_cf_historical,1.8391391052208292
ssp585_percentage_change_cf_historical,1.7463977858079756
