Key,Value
historical,11592215.776260313
ssp126,11715090.781815208
ssp370,11724016.689461801
ssp585,11707935.48248569
historical_percentage_change_cf_historical,0.0
ssp126_percentage_change_cf_historical,1.059978591897258
ssp370_percentage_change_cf_historical,1.1369777421793987
ssp585_percentage_change_cf_historical,0.9982535561696396
