Key,Value
historical,11354245.853166357
ssp126,11443355.06441078
ssp370,11480113.134601604
ssp585,11452654.662806759
historical_percentage_change_cf_historical,0.0
ssp126_percentage_change_cf_historical,0.7848095980727163
ssp370_percentage_change_cf_historical,1.1085481419283072
ssp585_percentage_change_cf_historical,0.8667137466726488
