Key,Value
historical,11101053.439194866
ssp126,11118486.316949971
ssp370,11146734.31481106
ssp585,11187250.393554151
historical_percentage_change_cf_historical,0.0
ssp126_percentage_change_cf_historical,0.15703804914184671
ssp370_percentage_change_cf_historical,0.41150036675715534
ssp585_percentage_change_cf_historical,0.7764754474106667
