Key,Value
historical,11058270.137991458
ssp126,11145603.121983575
ssp370,11156455.041004546
ssp585,11164378.263031846
historical_percentage_change_cf_historical,0.0
ssp126_percentage_change_cf_historical,0.7897526729074736
ssp370_percentage_change_cf_historical,0.8878866385780062
ssp585_percentage_change_cf_historical,0.9595363806120623
