Key,Value
historical,5755409.392464355
ssp126,5850016.122269303
ssp370,5867347.440282255
ssp585,5919462.185314961
historical_percentage_change_cf_historical,0.0
ssp126_percentage_change_cf_historical,1.6437880149554263
ssp370_percentage_change_cf_historical,1.9449189481544609
ssp585_percentage_change_cf_historical,2.8504104862705852
