Key,Value
historical,5505911.613693835
ssp126,5579291.660686977
ssp370,5600190.613065295
ssp585,5635130.5623003775
historical_percentage_change_cf_historical,0.0
ssp126_percentage_change_cf_historical,1.3327501809262134
ssp370_percentage_change_cf_historical,1.7123231534806513
ssp585_percentage_change_cf_historical,2.3469128760650633
