Key,Value
historical,8725565.518900985
ssp126,8786750.456041856
ssp370,8795866.433879113
ssp585,8779059.414392216
historical_percentage_change_cf_historical,0.0
ssp126_percentage_change_cf_historical,0.7012145746695087
ssp370_percentage_change_cf_historical,0.8056889244123465
ssp585_percentage_change_cf_historical,0.6130708132940474
