Key,Value
historical,11301060.916660745
ssp126,11364458.412017345
ssp370,11360261.982728302
ssp585,11337406.93406371
historical_percentage_change_cf_historical,0.0
ssp126_percentage_change_cf_historical,0.5609871128394335
ssp370_percentage_change_cf_historical,0.5238540567485995
ssp585_percentage_change_cf_historical,0.32161597633176153
