Key,Value
historical,11088360.180150393
ssp126,11146703.971432324
ssp370,11198764.849904414
ssp585,11210997.988383964
historical_percentage_change_cf_historical,0.0
ssp126_percentage_change_cf_historical,0.5261715017733106
ssp370_percentage_change_cf_historical,0.9956807675823841
ssp585_percentage_change_cf_historical,1.1060049118273405
