Key,Value
historical,5752847.9455325
ssp126,5795395.2267169
ssp370,5796472.554497621
ssp585,5856017.124780391
historical_percentage_change_cf_historical,0.0
ssp126_percentage_change_cf_historical,0.7395864028953079
ssp370_percentage_change_cf_historical,0.7583132628944045
ssp585_percentage_change_cf_historical,1.7933583544131357
