Key,Value
historical,11402189.99894927
ssp126,11504508.388384623
ssp370,11505778.107134104
ssp585,11533580.301448911
historical_percentage_change_cf_historical,0.0
ssp126_percentage_change_cf_historical,0.8973573449028789
ssp370_percentage_change_cf_historical,0.9084930894361423
ssp585_percentage_change_cf_historical,1.1523251455356256
