Key,Value
historical,5720590.763125803
ssp126,5752302.625529757
ssp370,5767010.006954209
ssp585,5782190.63828191
historical_percentage_change_cf_historical,0.0
ssp126_percentage_change_cf_historical,0.5543459358841758
ssp370_percentage_change_cf_historical,0.8114414358673957
ssp585_percentage_change_cf_historical,1.0768096811464183
