Key,Value
historical,11357982.803262163
ssp126,11387873.425860649
ssp370,11392581.969295448
ssp585,11415606.38048495
historical_percentage_change_cf_historical,0.0
ssp126_percentage_change_cf_historical,0.26316840865352464
ssp370_percentage_change_cf_historical,0.30462421569565507
ssp585_percentage_change_cf_historical,0.5073398879089391
