Key,Value
historical,10359480.797237037
ssp126,10381362.591887664
ssp370,10368212.912136456
ssp585,10375168.251861371
historical_percentage_change_cf_historical,0.0
ssp126_percentage_change_cf_historical,0.21122481984293426
ssp370_percentage_change_cf_historical,0.08429104769177408
ssp585_percentage_change_cf_historical,0.15143089631015416
