Key,Value
historical,5750910.36563771
ssp126,5804591.756443039
ssp370,5831673.111396275
ssp585,5834869.713276409
historical_percentage_change_cf_historical,0.0
ssp126_percentage_change_cf_historical,0.9334416186710225
ssp370_percentage_change_cf_historical,1.404347148951077
ssp585_percentage_change_cf_historical,1.4599314247769215
