Key,Value
historical,8200615.142122721
ssp126,8239455.206583911
ssp370,8241108.914898977
ssp585,8251241.303428746
historical_percentage_change_cf_historical,0.0
ssp126_percentage_change_cf_historical,0.4736237927041118
ssp370_percentage_change_cf_historical,0.4937894545039411
ssp585_percentage_change_cf_historical,0.6173458994067609
