Key,Value
historical,11211160.731036164
ssp126,11246228.815434206
ssp370,11279698.232321944
ssp585,11266040.466758795
historical_percentage_change_cf_historical,0.0
ssp126_percentage_change_cf_historical,0.3127961969268933
ssp370_percentage_change_cf_historical,0.6113327864085114
ssp585_percentage_change_cf_historical,0.48950984683241705
