Key,Value
historical,9089836.653437853
ssp126,9143431.298122961
ssp370,9155530.923794044
ssp585,9161336.734467404
historical_percentage_change_cf_historical,0.0
ssp126_percentage_change_cf_historical,0.5896106467968075
ssp370_percentage_change_cf_historical,0.7227222321024349
ssp585_percentage_change_cf_historical,0.7865936843046477
