Key,Value
historical,5514899.42783758
ssp126,5576745.365551926
ssp370,5585167.0172263365
ssp585,5604168.039041515
historical_percentage_change_cf_historical,0.0
ssp126_percentage_change_cf_historical,1.1214336457735885
ssp370_percentage_change_cf_historical,1.2741409033511306
ssp585_percentage_change_cf_historical,1.6186806735465287
