Key,Value
historical,11281931.846676033
ssp126,11346500.128734209
ssp370,11382657.934964376
ssp585,11353350.04078557
historical_percentage_change_cf_historical,0.0
ssp126_percentage_change_cf_historical,0.5723158315053928
ssp370_percentage_change_cf_historical,0.8928088704774373
ssp585_percentage_change_cf_historical,0.6330316038079814
