Key,Value
historical,5532533.601893015
ssp126,5558060.252125427
ssp370,5584765.461943088
ssp585,5594539.22529312
historical_percentage_change_cf_historical,0.0
ssp126_percentage_change_cf_historical,0.46139168903877437
ssp370_percentage_change_cf_historical,0.9440857265141817
ssp585_percentage_change_cf_historical,1.1207455365275918
