Key,Value
historical,11064264.192782545
ssp126,11184976.632195694
ssp370,11105867.485144995
ssp585,11168164.18394475
historical_percentage_change_cf_historical,0.0
ssp126_percentage_change_cf_historical,1.0910119038181698
ssp370_percentage_change_cf_historical,0.37601499419715956
ssp585_percentage_change_cf_historical,0.9390592031414189
