Key,Value
historical,8427639.47446186
ssp126,8559364.11155967
ssp370,8511373.368211508
ssp585,8546434.812827874
historical_percentage_change_cf_historical,0.0
ssp126_percentage_change_cf_historical,1.563007500462904
ssp370_percentage_change_cf_historical,0.9935628357547351
ssp585_percentage_change_cf_historical,1.4095920776630098
