Key,Value
historical,5750268.811187688
ssp126,5817561.33533071
ssp370,5854166.496373011
ssp585,5822836.1503078025
historical_percentage_change_cf_historical,0.0
ssp126_percentage_change_cf_historical,1.1702500587815585
ssp370_percentage_change_cf_historical,1.8068317951185138
ssp585_percentage_change_cf_historical,1.2619816829941521
