Key,Value
historical,11294468.028962806
ssp126,11325395.747852685
ssp370,11345358.83434497
ssp585,11341505.41767782
historical_percentage_change_cf_historical,0.0
ssp126_percentage_change_cf_historical,0.2738306825126249
ssp370_percentage_change_cf_historical,0.45058169407946524
ssp585_percentage_change_cf_historical,0.4164639591204669
