Key,Value
historical,11354245.853166357
ssp126,11464434.277878094
ssp370,11583833.757459976
ssp585,11580207.761055332
historical_percentage_change_cf_historical,0.0
ssp126_percentage_change_cf_historical,0.9704600916406048
ssp370_percentage_change_cf_historical,2.0220445044317406
ssp585_percentage_change_cf_historical,1.9901093459761665
