Key,Value
historical,11315577.188114783
ssp126,11355018.500311166
ssp370,11359007.416193249
ssp585,11346372.839230582
historical_percentage_change_cf_historical,0.0
ssp126_percentage_change_cf_historical,0.348557670021553
ssp370_percentage_change_cf_historical,0.3838092158841218
ssp585_percentage_change_cf_historical,0.27215272012942715
