Key,Value
historical,11265294.483579563
ssp126,11287084.776167497
ssp370,11330253.525726667
ssp585,11333737.46589416
historical_percentage_change_cf_historical,0.0
ssp126_percentage_change_cf_historical,0.19342852172835667
ssp370_percentage_change_cf_historical,0.5766297742308363
ssp585_percentage_change_cf_historical,0.607556086655002
