Key,Value
historical,11329964.06473836
ssp126,11407749.917585272
ssp370,11426928.547553055
ssp585,11424691.250128724
historical_percentage_change_cf_historical,0.0
ssp126_percentage_change_cf_historical,0.6865498637281806
ssp370_percentage_change_cf_historical,0.8558233923836798
ssp585_percentage_change_cf_historical,0.836076662283323
