Key,Value
historical,11335939.507828347
ssp126,11398693.508768145
ssp370,11388411.347171862
ssp585,11394594.71066615
historical_percentage_change_cf_historical,0.0
ssp126_percentage_change_cf_historical,0.5535844726099773
ssp370_percentage_change_cf_historical,0.46288037535202453
ssp585_percentage_change_cf_historical,0.5174269216706431
