Key,Value
historical,5525468.747230323
ssp126,5553638.4871410765
ssp370,5572505.179951691
ssp585,5573660.702886417
historical_percentage_change_cf_historical,0.0
ssp126_percentage_change_cf_historical,0.509816292506834
ssp370_percentage_change_cf_historical,0.8512659264419032
ssp585_percentage_change_cf_historical,0.8721785944450429
