Key,Value
historical,11561956.839109952
ssp126,11605578.470064044
ssp370,11660378.212993797
ssp585,11656180.463309834
historical_percentage_change_cf_historical,0.0
ssp126_percentage_change_cf_historical,0.37728588301364385
ssp370_percentage_change_cf_historical,0.8512518707120674
ssp585_percentage_change_cf_historical,0.8149453030403767
