Key,Value
historical,8471577.916226894
ssp126,8499029.399774803
ssp370,8501471.314951386
ssp585,8472893.046999753
historical_percentage_change_cf_historical,0.0
ssp126_percentage_change_cf_historical,0.32404215388643487
ssp370_percentage_change_cf_historical,0.3528669513531038
ssp585_percentage_change_cf_historical,0.015524035614897543
