Key,Value
historical,11298254.892057449
ssp126,11401661.88669375
ssp370,11412935.471166335
ssp585,11437197.353148008
historical_percentage_change_cf_historical,0.0
ssp126_percentage_change_cf_historical,0.9152474928583436
ssp370_percentage_change_cf_historical,1.0150291368404658
ssp585_percentage_change_cf_historical,1.2297692202734265
