Key,Value
historical,11325749.141660456
ssp126,11427785.56077598
ssp370,11446689.63492924
ssp585,11438854.5168745
historical_percentage_change_cf_historical,0.0
ssp126_percentage_change_cf_historical,0.9009242376753305
ssp370_percentage_change_cf_historical,1.0678365886095653
ssp585_percentage_change_cf_historical,0.9986568994186795
