Key,Value
historical,11384803.696508236
ssp126,11472785.59970481
ssp370,11468245.789430553
ssp585,11444166.01127906
historical_percentage_change_cf_historical,0.0
ssp126_percentage_change_cf_historical,0.7728012317292537
ssp370_percentage_change_cf_historical,0.7329251794469577
ssp585_percentage_change_cf_historical,0.5214171131385427
