Key,Value
historical,11357823.218349386
ssp126,11399263.25256718
ssp370,11417906.296235258
ssp585,11433051.12049921
historical_percentage_change_cf_historical,0.0
ssp126_percentage_change_cf_historical,0.3648589471866767
ssp370_percentage_change_cf_historical,0.5290016998046174
ssp585_percentage_change_cf_historical,0.6623443656728897
