Key,Value
historical,11354260.771105133
ssp126,11415656.556684796
ssp370,11420616.156020375
ssp585,11424387.016678318
historical_percentage_change_cf_historical,0.0
ssp126_percentage_change_cf_historical,0.5407290427564048
ssp370_percentage_change_cf_historical,0.5844095556102281
ssp585_percentage_change_cf_historical,0.6176205301858665
