Key,Value
historical,11329782.1870124
ssp126,11470809.927842123
ssp370,11497935.258514278
ssp585,11497781.359490562
historical_percentage_change_cf_historical,0.0
ssp126_percentage_change_cf_historical,1.2447524453858116
ssp370_percentage_change_cf_historical,1.4841686161860643
ssp585_percentage_change_cf_historical,1.4828102580007514
