Key,Value
historical,4858685.197633701
ssp126,4889135.293322249
ssp370,4880876.02464768
ssp585,4908411.461346708
historical_percentage_change_cf_historical,0.0
ssp126_percentage_change_cf_historical,0.6267147273377144
ssp370_percentage_change_cf_historical,0.45672493918285156
ssp585_percentage_change_cf_historical,1.0234510302751199
