Key,Value
historical,11064391.311521795
ssp126,11099112.825645756
ssp370,11084947.668229697
ssp585,11103266.254075153
historical_percentage_change_cf_historical,0.0
ssp126_percentage_change_cf_historical,0.3138131429589301
ssp370_percentage_change_cf_historical,0.1857884101269671
ssp585_percentage_change_cf_historical,0.351351840863366
