Key,Value
historical,11261017.218964523
ssp126,11372413.28749352
ssp370,11376107.850860601
ssp585,11361276.043537391
historical_percentage_change_cf_historical,0.0
ssp126_percentage_change_cf_historical,0.9892185258485904
ssp370_percentage_change_cf_historical,1.022026959538398
ssp585_percentage_change_cf_historical,0.8903176562417838
