Key,Value
historical,11247002.433828816
ssp126,11333934.299771763
ssp370,11360603.790284827
ssp585,11389014.17127429
historical_percentage_change_cf_historical,0.0
ssp126_percentage_change_cf_historical,0.7729336456927693
ssp370_percentage_change_cf_historical,1.0100589657055692
ssp585_percentage_change_cf_historical,1.262662992037147
