Key,Value
historical,11469817.501450544
ssp126,11568388.303884763
ssp370,11584517.489054026
ssp585,11585119.201374799
historical_percentage_change_cf_historical,0.0
ssp126_percentage_change_cf_historical,0.8593929451951017
ssp370_percentage_change_cf_historical,1.0000158031195892
ssp585_percentage_change_cf_historical,1.0052618527685642
