Key,Value
historical,11214818.282063372
ssp126,11276598.013908163
ssp370,11287105.811850153
ssp585,11293308.830205176
historical_percentage_change_cf_historical,0.0
ssp126_percentage_change_cf_historical,0.550875906242715
ssp370_percentage_change_cf_historical,0.6445715656614327
ssp585_percentage_change_cf_historical,0.6998824784110761
