Key,Value
historical,4586911.179200532
ssp126,4656292.773090811
ssp370,4753073.243511206
ssp585,4718937.085790401
historical_percentage_change_cf_historical,0.0
ssp126_percentage_change_cf_historical,1.5125994635538655
ssp370_percentage_change_cf_historical,3.6225263106061405
ssp585_percentage_change_cf_historical,2.8783183591726025
