Key,Value
historical,11025985.398504809
ssp126,11181082.956781104
ssp370,11131698.127675809
ssp585,11142861.144549448
historical_percentage_change_cf_historical,0.0
ssp126_percentage_change_cf_historical,1.4066548491650266
ssp370_percentage_change_cf_historical,0.9587599234925135
ssp585_percentage_change_cf_historical,1.060002728286658
