Key,Value
historical,11297523.693239778
ssp126,11361533.688315853
ssp370,11373081.233430712
ssp585,11373696.512492798
historical_percentage_change_cf_historical,0.0
ssp126_percentage_change_cf_historical,0.5665842959406897
ssp370_percentage_change_cf_historical,0.6687973598687423
ssp585_percentage_change_cf_historical,0.6742435008000943
