Key,Value
historical,11296026.056461086
ssp126,11327865.643570991
ssp370,11326109.965808306
ssp585,11316997.48375127
historical_percentage_change_cf_historical,0.0
ssp126_percentage_change_cf_historical,0.2818653830184215
ssp370_percentage_change_cf_historical,0.2663229457585399
ssp585_percentage_change_cf_historical,0.18565314195773489
