Key,Value
historical,11398529.686224869
ssp126,11476604.778361626
ssp370,11480707.8320909
ssp585,11482898.443313785
historical_percentage_change_cf_historical,0.0
ssp126_percentage_change_cf_historical,0.6849575715990042
ssp370_percentage_change_cf_historical,0.7209539136029375
ssp585_percentage_change_cf_historical,0.7401722802097545
