Key,Value
historical,11296022.035318471
ssp126,11292416.551752288
ssp370,11291807.602130827
ssp585,11292580.931441523
historical_percentage_change_cf_historical,0.0
ssp126_percentage_change_cf_historical,-0.03191817044009464
ssp370_percentage_change_cf_historical,-0.03730900289029146
ssp585_percentage_change_cf_historical,-0.030462970647448285
