Key,Value
historical,11296085.84595857
ssp126,11328404.513046732
ssp370,11367966.795902263
ssp585,11379832.656333398
historical_percentage_change_cf_historical,0.0
ssp126_percentage_change_cf_historical,0.28610500600723465
ssp370_percentage_change_cf_historical,0.6363350183763908
ssp585_percentage_change_cf_historical,0.7413790185101184
