Key,Value
historical,11552704.547268385
ssp126,11656579.253693707
ssp370,11614766.48619817
ssp585,11610235.326185178
historical_percentage_change_cf_historical,0.0
ssp126_percentage_change_cf_historical,0.8991375655831447
ssp370_percentage_change_cf_historical,0.5372070122269289
ssp585_percentage_change_cf_historical,0.4979853737400043
