Key,Value
historical,11497104.808381066
ssp126,11562584.789742038
ssp370,11606289.706963979
ssp585,11639835.817905195
historical_percentage_change_cf_historical,0.0
ssp126_percentage_change_cf_historical,0.5695345258854982
ssp370_percentage_change_cf_historical,0.9496729863967167
ssp585_percentage_change_cf_historical,1.2414517559245215
