Key,Value
historical,10994520.982793981
ssp126,11135376.834119158
ssp370,11160950.693457015
ssp585,11125161.48106175
historical_percentage_change_cf_historical,0.0
ssp126_percentage_change_cf_historical,1.2811458684340213
ssp370_percentage_change_cf_historical,1.5137513578216821
ssp585_percentage_change_cf_historical,1.188232743129196
