Key,Value
historical,11301720.761406224
ssp126,11334263.983218439
ssp370,11345188.047231149
ssp585,11347617.509323377
historical_percentage_change_cf_historical,0.0
ssp126_percentage_change_cf_historical,0.28794926453452285
ssp370_percentage_change_cf_historical,0.38460767826930686
ssp585_percentage_change_cf_historical,0.40610406933680254
