Key,Value
historical,11218796.108472683
ssp126,11264669.177654762
ssp370,11247519.879898826
ssp585,11258773.690101895
historical_percentage_change_cf_historical,0.0
ssp126_percentage_change_cf_historical,0.4088947578558356
ssp370_percentage_change_cf_historical,0.25603256488858284
ssp585_percentage_change_cf_historical,0.35634466695602923
