Key,Value
historical,11276537.148930054
ssp126,11361511.978184968
ssp370,11330758.646169517
ssp585,11366022.090489447
historical_percentage_change_cf_historical,0.0
ssp126_percentage_change_cf_historical,0.7535542882770239
ssp370_percentage_change_cf_historical,0.48083464385702573
ssp585_percentage_change_cf_historical,0.7935498316332289
