Key,Value
historical,11535852.561736587
ssp126,11645236.992521707
ssp370,11654779.211855073
ssp585,11688367.724413898
historical_percentage_change_cf_historical,0.0
ssp126_percentage_change_cf_historical,0.9482128017823157
ssp370_percentage_change_cf_historical,1.0309307394665772
ssp585_percentage_change_cf_historical,1.3220970176334417
