Key,Value
historical,11484109.333651964
ssp126,11540278.832451053
ssp370,11570527.545589343
ssp585,11586436.015429594
historical_percentage_change_cf_historical,0.0
ssp126_percentage_change_cf_historical,0.4891062699524767
ssp370_percentage_change_cf_historical,0.752502518276687
ssp585_percentage_change_cf_historical,0.8910284533584284
