Key,Value
historical,11358267.702913858
ssp126,11512335.053429594
ssp370,11544060.366342861
ssp585,11600657.26216611
historical_percentage_change_cf_historical,0.0
ssp126_percentage_change_cf_historical,1.356433520898717
ssp370_percentage_change_cf_historical,1.63574823457753
ssp585_percentage_change_cf_historical,2.1340363301181045
