Key,Value
historical,11249457.57931099
ssp126,11298472.400992054
ssp370,11300412.239365608
ssp585,11307145.067294138
historical_percentage_change_cf_historical,0.0
ssp126_percentage_change_cf_historical,0.4357083115830167
ssp370_percentage_change_cf_historical,0.45295215076261053
ssp585_percentage_change_cf_historical,0.5128023958172029
