Key,Value
historical,5710271.135071706
ssp126,5746514.227854056
ssp370,5778082.48360868
ssp585,5799092.13839554
historical_percentage_change_cf_historical,0.0
ssp126_percentage_change_cf_historical,0.6347000330641067
ssp370_percentage_change_cf_historical,1.1875329022554773
ssp585_percentage_change_cf_historical,1.555460348954499
