Key,Value
historical,5011125.216634627
ssp126,5069843.252025166
ssp370,5095084.408785703
ssp585,5103206.590669525
historical_percentage_change_cf_historical,0.0
ssp126_percentage_change_cf_historical,1.1717535054925656
ssp370_percentage_change_cf_historical,1.6754558810937188
ssp585_percentage_change_cf_historical,1.8375388770815322
