Key,Value
historical,5543231.507414499
ssp126,5600778.189751357
ssp370,5638115.958491726
ssp585,5626906.773950372
historical_percentage_change_cf_historical,0.0
ssp126_percentage_change_cf_historical,1.0381432249380964
ssp370_percentage_change_cf_historical,1.7117172708791122
ssp585_percentage_change_cf_historical,1.509503372246865
