Key,Value
historical,8426259.990735479
ssp126,8525469.19131533
ssp370,8538301.402705815
ssp585,8545632.975579428
historical_percentage_change_cf_historical,0.0
ssp126_percentage_change_cf_historical,1.1773811950845405
ssp370_percentage_change_cf_historical,1.3296695342123732
ssp585_percentage_change_cf_historical,1.416678158224376
