Key,Value
historical,11551496.642671727
ssp126,11636363.422209874
ssp370,11627953.644750822
ssp585,11681868.895696344
historical_percentage_change_cf_historical,0.0
ssp126_percentage_change_cf_historical,0.7346821123130107
ssp370_percentage_change_cf_historical,0.6618796199676865
ssp585_percentage_change_cf_historical,1.1286178497686308
