Key,Value
historical,10971676.652042728
ssp126,11026781.204663474
ssp370,11067912.033605067
ssp585,10991545.347700907
historical_percentage_change_cf_historical,0.0
ssp126_percentage_change_cf_historical,0.5022436804176754
ssp370_percentage_change_cf_historical,0.8771255717276525
ssp585_percentage_change_cf_historical,0.18109078756417604
