Key,Value
historical,5758465.85523721
ssp126,5797125.612909211
ssp370,5821552.005369487
ssp585,5838318.70646085
historical_percentage_change_cf_historical,0.0
ssp126_percentage_change_cf_historical,0.67135516027833
ssp370_percentage_change_cf_historical,1.0955374524779278
ssp585_percentage_change_cf_historical,1.3867035636065388
