Key,Value
historical,5792594.6488456
ssp126,5825435.86834581
ssp370,5856147.132037137
ssp585,5857343.834469617
historical_percentage_change_cf_historical,0.0
ssp126_percentage_change_cf_historical,0.5669517977881471
ssp370_percentage_change_cf_historical,1.0971332717748867
ssp585_percentage_change_cf_historical,1.1177924496567557
