Key,Value
historical,11388027.419182893
ssp126,11494058.742728464
ssp370,11509564.811534967
ssp585,11506065.8373709
historical_percentage_change_cf_historical,0.0
ssp126_percentage_change_cf_historical,0.9310771711610377
ssp370_percentage_change_cf_historical,1.0672383186165078
ssp585_percentage_change_cf_historical,1.0365132945603408
