Key,Value
historical,11067003.977558969
ssp126,11168329.289442366
ssp370,11198846.58785516
ssp585,11230384.520216681
historical_percentage_change_cf_historical,0.0
ssp126_percentage_change_cf_historical,0.9155622613749756
ssp370_percentage_change_cf_historical,1.1913125771304904
ssp585_percentage_change_cf_historical,1.4762852077130006
