Key,Value
historical,11297611.032335903
ssp126,11358580.88196871
ssp370,11398597.535135126
ssp585,11414561.654429559
historical_percentage_change_cf_historical,0.0
ssp126_percentage_change_cf_historical,0.5396702847911812
ssp370_percentage_change_cf_historical,0.8938748423023215
ssp585_percentage_change_cf_historical,1.03518010806816
