Key,Value
historical,10578588.944458041
ssp126,10617785.464241035
ssp370,10656547.370527165
ssp585,10654712.025724338
historical_percentage_change_cf_historical,0.0
ssp126_percentage_change_cf_historical,0.37052691988309455
ssp370_percentage_change_cf_historical,0.736945413782855
ssp585_percentage_change_cf_historical,0.7195957954881754
