Key,Value
historical,10915201.615683287
ssp126,10982555.7802325
ssp370,11041768.439419352
ssp585,11079070.316394534
historical_percentage_change_cf_historical,0.0
ssp126_percentage_change_cf_historical,0.6170675258296322
ssp370_percentage_change_cf_historical,1.159546366548183
ssp585_percentage_change_cf_historical,1.5012888124374646
