Key,Value
historical,5527921.50911822
ssp126,5584664.926475859
ssp370,5637252.46854305
ssp585,5629536.040125914
historical_percentage_change_cf_historical,0.0
ssp126_percentage_change_cf_historical,1.0264873924863447
ssp370_percentage_change_cf_historical,1.977795076223321
ssp585_percentage_change_cf_historical,1.8382050258869
