Key,Value
historical,5752575.263746025
ssp126,5817276.214878693
ssp370,5840108.909365211
ssp585,5869301.784712043
historical_percentage_change_cf_historical,0.0
ssp126_percentage_change_cf_historical,1.1247301976286619
ssp370_percentage_change_cf_historical,1.5216427705143056
ssp585_percentage_change_cf_historical,2.0291176666849267
