Key,Value
historical,11290691.389209878
ssp126,11358205.595021883
ssp370,11364743.874905251
ssp585,11364004.528591841
historical_percentage_change_cf_historical,0.0
ssp126_percentage_change_cf_historical,0.5979634327489131
ssp370_percentage_change_cf_historical,0.6558720200796796
ssp585_percentage_change_cf_historical,0.6493237380664446
