Key,Value
historical,11350706.350610822
ssp126,11426235.654036853
ssp370,11472561.165812364
ssp585,11433355.356831515
historical_percentage_change_cf_historical,0.0
ssp126_percentage_change_cf_historical,0.6654150067230531
ssp370_percentage_change_cf_historical,1.0735438961909534
ssp585_percentage_change_cf_historical,0.7281397621236596
