Key,Value
historical,5523305.329241155
ssp126,5567746.298172307
ssp370,5591021.8858765215
ssp585,5591144.543366235
historical_percentage_change_cf_historical,0.0
ssp126_percentage_change_cf_historical,0.8046082242796854
ssp370_percentage_change_cf_historical,1.2260150869600814
ssp585_percentage_change_cf_historical,1.2282358131810982
