Key,Value
historical,5775251.17879749
ssp126,5840265.77052892
ssp370,5853592.350022629
ssp585,5893781.813153058
historical_percentage_change_cf_historical,0.0
ssp126_percentage_change_cf_historical,1.125744832884779
ssp370_percentage_change_cf_historical,1.356498077741633
ssp585_percentage_change_cf_historical,2.0523892500247674
