Key,Value
historical,8486671.455122424
ssp126,8512208.688613297
ssp370,8516446.212911673
ssp585,8543648.680251652
historical_percentage_change_cf_historical,0.0
ssp126_percentage_change_cf_historical,0.3009098870613077
ssp370_percentage_change_cf_historical,0.35084140992964935
ssp585_percentage_change_cf_historical,0.6713730516201085
