Key,Value
historical,11350110.550028438
ssp126,11428197.60934108
ssp370,11445704.99572138
ssp585,11426461.698678121
historical_percentage_change_cf_historical,0.0
ssp126_percentage_change_cf_historical,0.6879850109693071
ssp370_percentage_change_cf_historical,0.8422336088409468
ssp585_percentage_change_cf_historical,0.6726907928618538
