Key,Value
historical,11213449.191648122
ssp126,11293653.16001771
ssp370,11313657.956354544
ssp585,11299828.493174732
historical_percentage_change_cf_historical,0.0
ssp126_percentage_change_cf_historical,0.7152479758799362
ssp370_percentage_change_cf_historical,0.8936480024456529
ssp585_percentage_change_cf_historical,0.7703187489443114
