Key,Value
historical,5541662.558335231
ssp126,5557972.249065321
ssp370,5588728.518739495
ssp585,5594946.242833719
historical_percentage_change_cf_historical,0.0
ssp126_percentage_change_cf_historical,0.2943104268512127
ssp370_percentage_change_cf_historical,0.8493111933254163
ssp585_percentage_change_cf_historical,0.9615108090322791
