Key,Value
historical,5782114.10095093
ssp126,5864997.476130899
ssp370,5887658.774630118
ssp585,5887518.536580645
historical_percentage_change_cf_historical,0.0
ssp126_percentage_change_cf_historical,1.4334441301726946
ssp370_percentage_change_cf_historical,1.825364768603061
ssp585_percentage_change_cf_historical,1.8229393918805477
