Key,Value
historical,11503865.421554241
ssp126,11610961.717139903
ssp370,11645555.576621018
ssp585,11673231.8152517
historical_percentage_change_cf_historical,0.0
ssp126_percentage_change_cf_historical,0.9309592181511523
ssp370_percentage_change_cf_historical,1.231674310108835
ssp585_percentage_change_cf_historical,1.4722563894056475
