Key,Value
historical,11345583.758572455
ssp126,11392749.225186039
ssp370,11398979.492174413
ssp585,11396951.878965832
historical_percentage_change_cf_historical,0.0
ssp126_percentage_change_cf_historical,0.41571652563003775
ssp370_percentage_change_cf_historical,0.47063011245774816
ssp585_percentage_change_cf_historical,0.45275872521380184
