Key,Value
historical,11170976.245778635
ssp126,11278720.10634316
ssp370,11325806.75092592
ssp585,11395141.95344353
historical_percentage_change_cf_historical,0.0
ssp126_percentage_change_cf_historical,0.9644981619689621
ssp370_percentage_change_cf_historical,1.3860069320780641
ssp585_percentage_change_cf_historical,2.0066796556800774
