Key,Value
historical,11346569.161533851
ssp126,11408175.427788794
ssp370,11399852.738832247
ssp585,11385428.07571382
historical_percentage_change_cf_historical,0.0
ssp126_percentage_change_cf_historical,0.5429506080463076
ssp370_percentage_change_cf_historical,0.4696007801109843
ssp585_percentage_change_cf_historical,0.3424728094171909
