Key,Value
historical,11552971.160386957
ssp126,11760986.727266446
ssp370,11831511.618706439
ssp585,11838389.431166511
historical_percentage_change_cf_historical,0.0
ssp126_percentage_change_cf_historical,1.800537402817521
ssp370_percentage_change_cf_historical,2.410985489815349
ssp585_percentage_change_cf_historical,2.470518335215804
