Key,Value
historical,11297708.817021674
ssp126,11389865.677417602
ssp370,11415156.909178149
ssp585,11422084.253504021
historical_percentage_change_cf_historical,0.0
ssp126_percentage_change_cf_historical,0.8157128307031676
ssp370_percentage_change_cf_historical,1.0395744310520947
ssp585_percentage_change_cf_historical,1.1008907956182896
