Key,Value
historical,11343287.193132874
ssp126,11447239.118837513
ssp370,11539195.578309372
ssp585,11568402.847121352
historical_percentage_change_cf_historical,0.0
ssp126_percentage_change_cf_historical,0.9164180006618452
ssp370_percentage_change_cf_historical,1.7270865300413063
ssp585_percentage_change_cf_historical,1.984571581020727
