Key,Value
historical,5282220.88647505
ssp126,5351261.2955538565
ssp370,5364738.656991929
ssp585,5369884.5950881485
historical_percentage_change_cf_historical,0.0
ssp126_percentage_change_cf_historical,1.3070337375625902
ssp370_percentage_change_cf_historical,1.5621794750795621
ssp585_percentage_change_cf_historical,1.6595994468455229
