Key,Value
historical,11535852.561736587
ssp126,11672394.949511979
ssp370,11700472.237760924
ssp585,11780986.796615534
historical_percentage_change_cf_historical,0.0
ssp126_percentage_change_cf_historical,1.1836349939864044
ssp370_percentage_change_cf_historical,1.427026525723512
ssp585_percentage_change_cf_historical,2.124977183672015
