Key,Value
historical,11395670.700959984
ssp126,11420235.538769227
ssp370,11428025.51648045
ssp585,11419361.419479854
historical_percentage_change_cf_historical,0.0
ssp126_percentage_change_cf_historical,0.2155628962424558
ssp370_percentage_change_cf_historical,0.28392199432140286
ssp585_percentage_change_cf_historical,0.20789227015724893
