Key,Value
historical,11285251.731342636
ssp126,11317797.263537884
ssp370,11342067.259278374
ssp585,11370850.657965306
historical_percentage_change_cf_historical,0.0
ssp126_percentage_change_cf_historical,0.2883899532773265
ssp370_percentage_change_cf_historical,0.5034493628347115
ssp585_percentage_change_cf_historical,0.7585025895783559
