Key,Value
historical,11078844.903409814
ssp126,11180384.248863634
ssp370,11196840.086107096
ssp585,11246141.492416793
historical_percentage_change_cf_historical,0.0
ssp126_percentage_change_cf_historical,0.9165156326231065
ssp370_percentage_change_cf_historical,1.0650495040413919
ssp585_percentage_change_cf_historical,1.5100544367715534
