Key,Value
historical,5786429.198619494
ssp126,5833448.272234421
ssp370,5847454.944720963
ssp585,5851913.0324985515
historical_percentage_change_cf_historical,0.0
ssp126_percentage_change_cf_historical,0.812574940451093
ssp370_percentage_change_cf_historical,1.0546356657405938
ssp585_percentage_change_cf_historical,1.1316795147978347
