Key,Value
historical,10626333.18093442
ssp126,10676688.765794726
ssp370,10686528.681986261
ssp585,10691224.63793176
historical_percentage_change_cf_historical,0.0
ssp126_percentage_change_cf_historical,0.473875456405351
ssp370_percentage_change_cf_historical,0.5664748133424145
ssp585_percentage_change_cf_historical,0.6106665007809811
