Key,Value
historical,5793902.837835601
ssp126,5807766.431759901
ssp370,5848811.993585169
ssp585,5868011.990650229
historical_percentage_change_cf_historical,0.0
ssp126_percentage_change_cf_historical,0.23927901989947245
ssp370_percentage_change_cf_historical,0.9477058433047673
ssp585_percentage_change_cf_historical,1.2790886366039431
