Key,Value
historical,5757494.959091211
ssp126,5871207.464161311
ssp370,5876817.079914619
ssp585,5942806.791517955
historical_percentage_change_cf_historical,0.0
ssp126_percentage_change_cf_historical,1.975034383496003
ssp370_percentage_change_cf_historical,2.0724659191406887
ssp585_percentage_change_cf_historical,3.2186190998592727
