Key,Value
historical,11015266.450677797
ssp126,11051475.57929678
ssp370,11040993.62780517
ssp585,11121959.134551998
historical_percentage_change_cf_historical,0.0
ssp126_percentage_change_cf_historical,0.32871768269169294
ssp370_percentage_change_cf_historical,0.2335592810448032
ssp585_percentage_change_cf_historical,0.9685892243454172
