Key,Value
historical,11546809.827864125
ssp126,11650414.896147497
ssp370,11622665.81038664
ssp585,11635714.111897131
historical_percentage_change_cf_historical,0.0
ssp126_percentage_change_cf_historical,0.8972614066385468
ssp370_percentage_change_cf_historical,0.6569432046889889
ssp585_percentage_change_cf_historical,0.7699467243191893
