Key,Value
historical,11304263.280273907
ssp126,11333771.428892469
ssp370,11348303.338257432
ssp585,11362773.188195804
historical_percentage_change_cf_historical,0.0
ssp126_percentage_change_cf_historical,0.2610355746937907
ssp370_percentage_change_cf_historical,0.38958804206529407
ssp585_percentage_change_cf_historical,0.5175915180956359
