Key,Value
historical,11276553.142565733
ssp126,11317263.518815031
ssp370,11317080.138136478
ssp585,11341087.519949192
historical_percentage_change_cf_historical,0.0
ssp126_percentage_change_cf_historical,0.36101790799556055
ssp370_percentage_change_cf_historical,0.3593916958344976
ssp585_percentage_change_cf_historical,0.5722881501782732
