Key,Value
historical,10995619.016055465
ssp126,11082279.216175504
ssp370,11050015.408911606
ssp585,11026121.790166883
historical_percentage_change_cf_historical,0.0
ssp126_percentage_change_cf_historical,0.7881338921756085
ssp370_percentage_change_cf_historical,0.49470969098432394
ssp585_percentage_change_cf_historical,0.27740843027462886
