Key,Value
historical,11042945.271509252
ssp126,11164872.370719181
ssp370,11083275.054823084
ssp585,11112672.240515508
historical_percentage_change_cf_historical,0.0
ssp126_percentage_change_cf_historical,1.1041175720077165
ssp370_percentage_change_cf_historical,0.3652085772613758
ssp585_percentage_change_cf_historical,0.6314164137546758
