Key,Value
historical,11396633.296760282
ssp126,11426488.184160516
ssp370,11451902.555678183
ssp585,11480094.962477904
historical_percentage_change_cf_historical,0.0
ssp126_percentage_change_cf_historical,0.2619623411829962
ssp370_percentage_change_cf_historical,0.48496128179901205
ssp585_percentage_change_cf_historical,0.7323361517769278
