Key,Value
historical,11314975.535228785
ssp126,11385928.253980767
ssp370,11424156.121272117
ssp585,11424344.338426016
historical_percentage_change_cf_historical,0.0
ssp126_percentage_change_cf_historical,0.6270691309148041
ssp370_percentage_change_cf_historical,0.9649210968543572
ssp585_percentage_change_cf_historical,0.9665845308875407
