Key,Value
historical,8213126.185775732
ssp126,8234766.098019713
ssp370,8245151.598180813
ssp585,8231637.315296378
historical_percentage_change_cf_historical,0.0
ssp126_percentage_change_cf_historical,0.26347960270547116
ssp370_percentage_change_cf_historical,0.3899296282643962
ssp585_percentage_change_cf_historical,0.22538469642297254
