Key,Value
historical,4345609.565805213
ssp126,4374762.414160614
ssp370,4370753.842550281
ssp585,4384306.143105734
historical_percentage_change_cf_historical,0.0
ssp126_percentage_change_cf_historical,0.6708575152448026
ssp370_percentage_change_cf_historical,0.5786133421401785
ssp585_percentage_change_cf_historical,0.8904752420700115
