Key,Value
historical,8723798.876573911
ssp126,8791174.254051255
ssp370,8837799.162257431
ssp585,8869937.122896083
historical_percentage_change_cf_historical,0.0
ssp126_percentage_change_cf_historical,0.7723169507984393
ssp370_percentage_change_cf_historical,1.3067734285993922
ssp585_percentage_change_cf_historical,1.6751675318260488
