Key,Value
historical,10899298.018440686
ssp126,10987767.266083445
ssp370,11004310.030125288
ssp585,10938502.97119398
historical_percentage_change_cf_historical,0.0
ssp126_percentage_change_cf_historical,0.811696748662866
ssp370_percentage_change_cf_historical,0.963475000930617
ssp585_percentage_change_cf_historical,0.35970163112305775
