Key,Value
historical,11348331.607270535
ssp126,11396916.072435604
ssp370,11436210.916006194
ssp585,11451015.70797495
historical_percentage_change_cf_historical,0.0
ssp126_percentage_change_cf_historical,0.4281198932708551
ssp370_percentage_change_cf_historical,0.7743808673986731
ssp585_percentage_change_cf_historical,0.9048387398076044
