Key,Value
historical,11596658.312985783
ssp126,11555886.377338897
ssp370,11554770.115494588
ssp585,11578102.622001141
historical_percentage_change_cf_historical,0.0
ssp126_percentage_change_cf_historical,-0.35158348678110257
ssp370_percentage_change_cf_historical,-0.3612092066581733
ssp585_percentage_change_cf_historical,-0.1600089481283045
