Key,Value
historical,11245960.976581536
ssp126,11349549.867481437
ssp370,11390398.172178011
ssp585,11399856.911786519
historical_percentage_change_cf_historical,0.0
ssp126_percentage_change_cf_historical,0.9211208461029938
ssp370_percentage_change_cf_historical,1.2843472949732757
ssp585_percentage_change_cf_historical,1.3684551771560824
