Key,Value
historical,11295353.514248118
ssp126,11334644.433150573
ssp370,11367329.310687954
ssp585,11380841.883373559
historical_percentage_change_cf_historical,0.0
ssp126_percentage_change_cf_historical,0.34785028067419743
ssp370_percentage_change_cf_historical,0.6372159698148847
ssp585_percentage_change_cf_historical,0.7568454499242054
