Key,Value
historical,11281931.846676033
ssp126,11370799.200902551
ssp370,11436789.808338707
ssp585,11539045.209291859
historical_percentage_change_cf_historical,0.0
ssp126_percentage_change_cf_historical,0.7876962512648149
ssp370_percentage_change_cf_historical,1.3726191911742467
ssp585_percentage_change_cf_historical,2.2789834765007755
