Key,Value
historical,8219244.637586172
ssp126,8298506.772881677
ssp370,8303870.4455901645
ssp585,8378043.049257238
historical_percentage_change_cf_historical,0.0
ssp126_percentage_change_cf_historical,0.9643481705489587
ssp370_percentage_change_cf_historical,1.0296056600749346
ssp585_percentage_change_cf_historical,1.9320316972303015
