Key,Value
historical,11383242.054017778
ssp126,11415091.203481149
ssp370,11431175.150519684
ssp585,11450005.645946898
historical_percentage_change_cf_historical,0.0
ssp126_percentage_change_cf_historical,0.2797897937356881
ssp370_percentage_change_cf_historical,0.42108475137790136
ssp585_percentage_change_cf_historical,0.5865077067877555
