Key,Value
historical,10693678.349166742
ssp126,10819952.141486745
ssp370,10882696.541676352
ssp585,10917665.120779574
historical_percentage_change_cf_historical,0.0
ssp126_percentage_change_cf_historical,1.1808265425324211
ssp370_percentage_change_cf_historical,1.767569458682462
ssp585_percentage_change_cf_historical,2.0945718049419875
