Key,Value
historical,5720389.599654504
ssp126,5767983.8345180955
ssp370,5816170.212953756
ssp585,5828793.367167288
historical_percentage_change_cf_historical,0.0
ssp126_percentage_change_cf_historical,0.8320103733225783
ssp370_percentage_change_cf_historical,1.6743722019394696
ssp585_percentage_change_cf_historical,1.8950416859601946
