Key,Value
historical,11339110.054676026
ssp126,11426870.869098619
ssp370,11440976.722569631
ssp585,11487208.44834067
historical_percentage_change_cf_historical,0.0
ssp126_percentage_change_cf_historical,0.7739656286906016
ssp370_percentage_change_cf_historical,0.898365633655681
ssp585_percentage_change_cf_historical,1.306084806925128
