Key,Value
historical,8397174.72034721
ssp126,8473803.072344288
ssp370,8457997.868987441
ssp585,8526258.807781897
historical_percentage_change_cf_historical,0.0
ssp126_percentage_change_cf_historical,0.9125492150520479
ssp370_percentage_change_cf_historical,0.7243287256230313
ssp585_percentage_change_cf_historical,1.53723236366516
