Key,Value
historical,11170041.515284708
ssp126,11220343.981752368
ssp370,11276157.931097137
ssp585,11267725.00996513
historical_percentage_change_cf_historical,0.0
ssp126_percentage_change_cf_historical,0.4503337467352088
ssp370_percentage_change_cf_historical,0.9500091442562941
ssp585_percentage_change_cf_historical,0.8745132643128912
