Key,Value
historical,5008322.958483367
ssp126,5072255.504582064
ssp370,5087486.990491419
ssp585,5064184.5329589965
historical_percentage_change_cf_historical,0.0
ssp126_percentage_change_cf_historical,1.2765260273482286
ssp370_percentage_change_cf_historical,1.5806495041211264
ssp585_percentage_change_cf_historical,1.1153748458055788
