Key,Value
historical,11319419.892945372
ssp126,11441605.666426701
ssp370,11450944.703222057
ssp585,11505637.041224297
historical_percentage_change_cf_historical,0.0
ssp126_percentage_change_cf_historical,1.0794349413389994
ssp370_percentage_change_cf_historical,1.161939494431652
ssp585_percentage_change_cf_historical,1.6451121174061414
