Key,Value
historical,11348504.476391599
ssp126,11394447.669040067
ssp370,11428705.521330997
ssp585,11440411.192104071
historical_percentage_change_cf_historical,0.0
ssp126_percentage_change_cf_historical,0.40483918162119603
ssp370_percentage_change_cf_historical,0.7067102551375096
ssp585_percentage_change_cf_historical,0.8098575094512869
