Key,Value
historical,11422301.995876458
ssp126,11513254.410836201
ssp370,11584450.176810902
ssp585,11622141.38012002
historical_percentage_change_cf_historical,0.0
ssp126_percentage_change_cf_historical,0.796270445244559
ssp370_percentage_change_cf_historical,1.4195753272237144
ssp585_percentage_change_cf_historical,1.7495543745534519
