Key,Value
historical,11324090.03018375
ssp126,11359719.66450018
ssp370,11368161.883602023
ssp585,11389892.787312102
historical_percentage_change_cf_historical,0.0
ssp126_percentage_change_cf_historical,0.31463573869037154
ssp370_percentage_change_cf_historical,0.389186709932566
ssp585_percentage_change_cf_historical,0.5810864886534689
