Key,Value
historical,10951364.645274088
ssp126,11001543.984067038
ssp370,11006440.755188225
ssp585,11006727.38242124
historical_percentage_change_cf_historical,0.0
ssp126_percentage_change_cf_historical,0.4582016983116723
ssp370_percentage_change_cf_historical,0.5029154968180554
ssp585_percentage_change_cf_historical,0.5055327709414138
