Key,Value
historical,11498960.369291196
ssp126,11576571.09691509
ssp370,11593708.201272607
ssp585,11588417.455656778
historical_percentage_change_cf_historical,0.0
ssp126_percentage_change_cf_historical,0.6749369084805255
ssp370_percentage_change_cf_historical,0.8239686801116572
ssp585_percentage_change_cf_historical,0.7779580370107547
