Key,Value
historical,11537196.159320137
ssp126,11630936.053059256
ssp370,11631302.644553363
ssp585,11651958.996023877
historical_percentage_change_cf_historical,0.0
ssp126_percentage_change_cf_historical,0.8125015163531992
ssp370_percentage_change_cf_historical,0.8156789910970214
ssp585_percentage_change_cf_historical,0.9947203386243093
