Key,Value
historical,5733593.686374771
ssp126,5759606.791661094
ssp370,5754520.975143345
ssp585,5777117.630793172
historical_percentage_change_cf_historical,0.0
ssp126_percentage_change_cf_historical,0.4536963501292339
ssp370_percentage_change_cf_historical,0.36499427607339824
ssp585_percentage_change_cf_historical,0.7591040942058763
