Key,Value
historical,11311969.733844353
ssp126,11388733.513803557
ssp370,11372886.145131035
ssp585,11348286.62541423
historical_percentage_change_cf_historical,0.0
ssp126_percentage_change_cf_historical,0.6786066597184541
ssp370_percentage_change_cf_historical,0.538512856027414
ssp585_percentage_change_cf_historical,0.32104834457981535
