Key,Value
historical,11280487.486884601
ssp126,11460511.449253663
ssp370,11547316.1995558
ssp585,11596129.887070522
historical_percentage_change_cf_historical,0.0
ssp126_percentage_change_cf_historical,1.5958881438268433
ssp370_percentage_change_cf_historical,2.365400546575932
ssp585_percentage_change_cf_historical,2.7981273021481194
