Key,Value
historical,11319964.71465794
ssp126,11417156.431559602
ssp370,11445390.343953995
ssp585,11464626.962348465
historical_percentage_change_cf_historical,0.0
ssp126_percentage_change_cf_historical,0.8585867478527622
ssp370_percentage_change_cf_historical,1.108003712534939
ssp585_percentage_change_cf_historical,1.277939033707458
