Key,Value
historical,11256168.49438307
ssp126,11293538.293064283
ssp370,11286359.10430254
ssp585,11306406.73117624
historical_percentage_change_cf_historical,0.0
ssp126_percentage_change_cf_historical,0.33199395247024294
ssp370_percentage_change_cf_historical,0.26821391252747495
ssp585_percentage_change_cf_historical,0.4463173842701367
