Key,Value
historical,11401328.347411186
ssp126,11464600.359208498
ssp370,11439171.568925004
ssp585,11445616.689327866
historical_percentage_change_cf_historical,0.0
ssp126_percentage_change_cf_historical,0.554952983278298
ssp370_percentage_change_cf_historical,0.331919407640003
ssp585_percentage_change_cf_historical,0.3884489646045196
