Key,Value
historical,8170569.663797974
ssp126,8220437.945575334
ssp370,8240736.910771942
ssp585,8263284.396736835
historical_percentage_change_cf_historical,0.0
ssp126_percentage_change_cf_historical,0.6103403291243699
ssp370_percentage_change_cf_historical,0.8587803526706834
ssp585_percentage_change_cf_historical,1.1347401313969625
