Key,Value
historical,11247922.510737786
ssp126,11324959.272296017
ssp370,11350792.242276702
ssp585,11358765.612973936
historical_percentage_change_cf_historical,0.0
ssp126_percentage_change_cf_historical,0.684897690970827
ssp370_percentage_change_cf_historical,0.9145665027538358
ssp585_percentage_change_cf_historical,0.9854539994415314
