Key,Value
historical,11302229.412474018
ssp126,11350009.5335139
ssp370,11362104.703012334
ssp585,11360001.992728714
historical_percentage_change_cf_historical,0.0
ssp126_percentage_change_cf_historical,0.4227495239757605
ssp370_percentage_change_cf_historical,0.5297653087118686
ssp585_percentage_change_cf_historical,0.5111609236221485
