Key,Value
historical,8680023.932573145
ssp126,8756404.080754258
ssp370,8749407.169815458
ssp585,8793613.060284892
historical_percentage_change_cf_historical,0.0
ssp126_percentage_change_cf_historical,0.8799531979915868
ssp370_percentage_change_cf_historical,0.7993438472207626
ssp585_percentage_change_cf_historical,1.3086268954338467
