Key,Value
historical,11513360.372922905
ssp126,11577084.778123584
ssp370,11586589.701658627
ssp585,11612888.805495374
historical_percentage_change_cf_historical,0.0
ssp126_percentage_change_cf_historical,0.5534822426869029
ssp370_percentage_change_cf_historical,0.6360378409412321
ssp585_percentage_change_cf_historical,0.864460325645151
