Key,Value
historical,11128691.465109468
ssp126,11114455.25799616
ssp370,11143416.765506458
ssp585,11152290.949210875
historical_percentage_change_cf_historical,0.0
ssp126_percentage_change_cf_historical,-0.12792345944660383
ssp370_percentage_change_cf_historical,0.132318345271379
ssp585_percentage_change_cf_historical,0.2120598290948764
