Key,Value
historical,11327394.706880046
ssp126,11421468.368988328
ssp370,11421598.235018125
ssp585,11395707.635780184
historical_percentage_change_cf_historical,0.0
ssp126_percentage_change_cf_historical,0.8304969019146393
ssp370_percentage_change_cf_historical,0.8316433793982768
ssp585_percentage_change_cf_historical,0.6030771476396559
