Key,Value
historical,11086481.542209428
ssp126,11153452.588900283
ssp370,11174350.827970475
ssp585,11185476.752774429
historical_percentage_change_cf_historical,0.0
ssp126_percentage_change_cf_historical,0.6040784574968814
ssp370_percentage_change_cf_historical,0.7925804541910206
ssp585_percentage_change_cf_historical,0.892936232185996
