Key,Value
historical,5744682.028340586
ssp126,5773445.520655873
ssp370,5793761.633350227
ssp585,5790146.013887938
historical_percentage_change_cf_historical,0.0
ssp126_percentage_change_cf_historical,0.5006977265823608
ssp370_percentage_change_cf_historical,0.8543485047129361
ssp585_percentage_change_cf_historical,0.7914099566009297
