Key,Value
historical,5730432.554958066
ssp126,5828493.021148443
ssp370,5854679.827535163
ssp585,5871417.054068219
historical_percentage_change_cf_historical,0.0
ssp126_percentage_change_cf_historical,1.7112227611078625
ssp370_percentage_change_cf_historical,2.1682005919360465
ssp585_percentage_change_cf_historical,2.4602767375417547
