Key,Value
historical,8239733.737567641
ssp126,8330030.034094715
ssp370,8341483.199209214
ssp585,8363937.507545479
historical_percentage_change_cf_historical,0.0
ssp126_percentage_change_cf_historical,1.0958642524500928
ssp370_percentage_change_cf_historical,1.234863466250909
ssp585_percentage_change_cf_historical,1.5073760140033676
