Key,Value
historical,11298418.559399787
ssp126,11341183.572098041
ssp370,11352863.974632692
ssp585,11355787.046334567
historical_percentage_change_cf_historical,0.0
ssp126_percentage_change_cf_historical,0.37850441168755433
ssp370_percentage_change_cf_historical,0.48188527400242276
ssp585_percentage_change_cf_historical,0.5077567859003697
