Key,Value
historical,11228789.03900854
ssp126,11258199.042939948
ssp370,11272043.489318538
ssp585,11273140.274610184
historical_percentage_change_cf_historical,0.0
ssp126_percentage_change_cf_historical,0.2619160786549566
ssp370_percentage_change_cf_historical,0.3852102854522815
ssp585_percentage_change_cf_historical,0.39497790409606814
