Key,Value
historical,8202890.233125069
ssp126,8277540.146690694
ssp370,8272206.999062588
ssp585,8291360.747833066
historical_percentage_change_cf_historical,0.0
ssp126_percentage_change_cf_historical,0.9100440386751951
ssp370_percentage_change_cf_historical,0.8450285688037487
ssp585_percentage_change_cf_historical,1.078528569731839
