Key,Value
historical,11581467.659212107
ssp126,11651146.979491835
ssp370,11682733.46490148
ssp585,11660961.671568708
historical_percentage_change_cf_historical,0.0
ssp126_percentage_change_cf_historical,0.6016449929323461
ssp370_percentage_change_cf_historical,0.8743780034547292
ssp585_percentage_change_cf_historical,0.6863897970079007
