Key,Value
historical,11260975.993140923
ssp126,11366742.014853295
ssp370,11405652.69119072
ssp585,11412216.561967231
historical_percentage_change_cf_historical,0.0
ssp126_percentage_change_cf_historical,0.9392260651012339
ssp370_percentage_change_cf_historical,1.2847616240183757
ssp585_percentage_change_cf_historical,1.3430502730707297
