Key,Value
historical,11288799.34894484
ssp126,11314160.150249263
ssp370,11322026.376311105
ssp585,11317849.38972677
historical_percentage_change_cf_historical,0.0
ssp126_percentage_change_cf_historical,0.22465454935023405
ssp370_percentage_change_cf_historical,0.29433623841822804
ssp585_percentage_change_cf_historical,0.2573350795241603
