Key,Value
historical,11281207.109295517
ssp126,11325437.031509366
ssp370,11345050.30794476
ssp585,11330278.175571905
historical_percentage_change_cf_historical,0.0
ssp126_percentage_change_cf_historical,0.39206728309600836
ssp370_percentage_change_cf_historical,0.5659252421368707
ssp585_percentage_change_cf_historical,0.43498063461625963
