Key,Value
historical,11170976.245778635
ssp126,11234444.286534576
ssp370,11248760.535311574
ssp585,11249619.769494228
historical_percentage_change_cf_historical,0.0
ssp126_percentage_change_cf_historical,0.5681512462254527
ssp370_percentage_change_cf_historical,0.6963069996888824
ssp585_percentage_change_cf_historical,0.7039986656968434
