Key,Value
historical,5532526.289257668
ssp126,5561510.635260209
ssp370,5557469.291656544
ssp585,5571154.923708215
historical_percentage_change_cf_historical,0.0
ssp126_percentage_change_cf_historical,0.5238898920158676
ssp370_percentage_change_cf_historical,0.45084290782869874
ssp585_percentage_change_cf_historical,0.6982096863335544
