Key,Value
historical,11248755.009902535
ssp126,11274986.85579202
ssp370,11290743.194835681
ssp585,11276349.48825517
historical_percentage_change_cf_historical,0.0
ssp126_percentage_change_cf_historical,0.23319777047675072
ssp370_percentage_change_cf_historical,0.3732696186927647
ssp585_percentage_change_cf_historical,0.24531139960237547
