Key,Value
historical,11354427.069537487
ssp126,11376523.527690668
ssp370,11432234.419747584
ssp585,11418332.270598393
historical_percentage_change_cf_historical,0.0
ssp126_percentage_change_cf_historical,0.19460654437125077
ssp370_percentage_change_cf_historical,0.6852600288291438
ssp585_percentage_change_cf_historical,0.5628218902594896
