Key,Value
historical,11222600.215764187
ssp126,11300563.321007928
ssp370,11322245.681969125
ssp585,11323251.208348878
historical_percentage_change_cf_historical,0.0
ssp126_percentage_change_cf_historical,0.6946973405880325
ssp370_percentage_change_cf_historical,0.8878999901018245
ssp585_percentage_change_cf_historical,0.896859824368579
