Key,Value
historical,10569019.591697874
ssp126,10655383.300914325
ssp370,10682098.95971175
ssp585,10709454.63237047
historical_percentage_change_cf_historical,0.0
ssp126_percentage_change_cf_historical,0.8171402131214829
ssp370_percentage_change_cf_historical,1.069913505531782
ssp585_percentage_change_cf_historical,1.328742363037253
