Key,Value
historical,5738598.723171955
ssp126,5791622.541816006
ssp370,5801013.489525311
ssp585,5811512.895944279
historical_percentage_change_cf_historical,0.0
ssp126_percentage_change_cf_historical,0.9239854745365962
ssp370_percentage_change_cf_historical,1.0876307852181823
ssp585_percentage_change_cf_historical,1.2705919387236944
