Key,Value
historical,5681720.500595443
ssp126,5760710.364543026
ssp370,5750716.561631732
ssp585,5750848.680277275
historical_percentage_change_cf_historical,0.0
ssp126_percentage_change_cf_historical,1.3902455064325188
ssp370_percentage_change_cf_historical,1.2143515512432892
ssp585_percentage_change_cf_historical,1.2166768793816478
