Key,Value
historical,11214033.511331175
ssp126,11276638.692298837
ssp370,11275854.636663597
ssp585,11356525.528632423
historical_percentage_change_cf_historical,0.0
ssp126_percentage_change_cf_historical,0.5582753155178584
ssp370_percentage_change_cf_historical,0.5512835793646921
ssp585_percentage_change_cf_historical,1.2706580300234336
