Key,Value
historical,11537111.391835019
ssp126,11639637.679733045
ssp370,11663077.799687056
ssp585,11684966.871089537
historical_percentage_change_cf_historical,0.0
ssp126_percentage_change_cf_historical,0.888665146897912
ssp370_percentage_change_cf_historical,1.091836626810981
ssp585_percentage_change_cf_historical,1.281564112825999
