Key,Value
historical,11134500.007882632
ssp126,11172277.452128239
ssp370,11194922.475802992
ssp585,11144301.09314974
historical_percentage_change_cf_historical,0.0
ssp126_percentage_change_cf_historical,0.33928280765963664
ssp370_percentage_change_cf_historical,0.5426599117839448
ssp585_percentage_change_cf_historical,0.08802447581992266
