Key,Value
historical,11273919.89651445
ssp126,11313808.430797424
ssp370,11350461.74243042
ssp585,11349774.050997963
historical_percentage_change_cf_historical,0.0
ssp126_percentage_change_cf_historical,0.3538124685035878
ssp370_percentage_change_cf_historical,0.6789284172547271
ssp585_percentage_change_cf_historical,0.6728285740877553
