Key,Value
historical,11333941.203828879
ssp126,11399263.048510825
ssp370,11441820.837377707
ssp585,11481918.392575933
historical_percentage_change_cf_historical,0.0
ssp126_percentage_change_cf_historical,0.5763383055126425
ssp370_percentage_change_cf_historical,0.9518280676485555
ssp585_percentage_change_cf_historical,1.3056110499061324
