Key,Value
historical,8466295.599186053
ssp126,8586383.21094597
ssp370,8608789.63651306
ssp585,8576093.118556632
historical_percentage_change_cf_historical,0.0
ssp126_percentage_change_cf_historical,1.4184197841079529
ssp370_percentage_change_cf_historical,1.6830742047408052
ssp585_percentage_change_cf_historical,1.2968779330257985
