Key,Value
historical,11278750.16581228
ssp126,11331847.075083539
ssp370,11311564.226820156
ssp585,11293204.215018187
historical_percentage_change_cf_historical,0.0
ssp126_percentage_change_cf_historical,0.4707694424529786
ssp370_percentage_change_cf_historical,0.2909370322550515
ssp585_percentage_change_cf_historical,0.1281529335556989
