Key,Value
historical,11268469.309966352
ssp126,11325081.490779072
ssp370,11331111.130985336
ssp585,11342536.14187147
historical_percentage_change_cf_historical,0.0
ssp126_percentage_change_cf_historical,0.5023945955343713
ssp370_percentage_change_cf_historical,0.5559035508361481
ssp585_percentage_change_cf_historical,0.6572927508406945
