Key,Value
historical,8201225.528154742
ssp126,8319595.159084329
ssp370,8408983.693576416
ssp585,8421626.172068588
historical_percentage_change_cf_historical,0.0
ssp126_percentage_change_cf_historical,1.4433163741592694
ssp370_percentage_change_cf_historical,2.5332575565498336
ssp585_percentage_change_cf_historical,2.6874110845655057
