Key,Value
historical,11249815.42523129
ssp126,11256098.163428457
ssp370,11283794.31101924
ssp585,11295891.845583677
historical_percentage_change_cf_historical,0.0
ssp126_percentage_change_cf_historical,0.05584747802241534
ssp370_percentage_change_cf_historical,0.3020394957924587
ssp585_percentage_change_cf_historical,0.40957490066056684
