Key,Value
historical,5511974.234042021
ssp126,5594872.909759995
ssp370,5611129.6899874415
ssp585,5615146.99891318
historical_percentage_change_cf_historical,0.0
ssp126_percentage_change_cf_historical,1.5039742966501892
ssp370_percentage_change_cf_historical,1.7989100045685036
ssp585_percentage_change_cf_historical,1.8717933083569651
