Key,Value
historical,11200082.83607523
ssp126,11258747.702923317
ssp370,11259183.77065821
ssp585,11267703.613594018
historical_percentage_change_cf_historical,0.0
ssp126_percentage_change_cf_historical,0.5237895800121106
ssp370_percentage_change_cf_historical,0.5276830131346663
ssp585_percentage_change_cf_historical,0.6037524767315404
