Key,Value
historical,5812946.463030057
ssp126,5994314.078384369
ssp370,6075776.831501756
ssp585,5992466.351639137
historical_percentage_change_cf_historical,0.0
ssp126_percentage_change_cf_historical,3.1200634051560137
ssp370_percentage_change_cf_historical,4.521465493330827
ssp585_percentage_change_cf_historical,3.0882769994668604
