Key,Value
historical,5514976.299517467
ssp126,5557533.231071575
ssp370,5570999.02555937
ssp585,5583011.993565083
historical_percentage_change_cf_historical,0.0
ssp126_percentage_change_cf_historical,0.77166118660984
ssp370_percentage_change_cf_historical,1.0158289537310512
ssp585_percentage_change_cf_historical,1.2336534257376348
