Key,Value
historical,11021611.380925536
ssp126,11179958.271632135
ssp370,11082883.871647008
ssp585,11234910.635444088
historical_percentage_change_cf_historical,0.0
ssp126_percentage_change_cf_historical,1.4366945561212632
ssp370_percentage_change_cf_historical,0.5559304225470365
ssp585_percentage_change_cf_historical,1.93528193969619
