Key,Value
historical,11558641.740074348
ssp126,11671873.619091153
ssp370,11729429.209347233
ssp585,11711376.985340385
historical_percentage_change_cf_historical,0.0
ssp126_percentage_change_cf_historical,0.9796296274520323
ssp370_percentage_change_cf_historical,1.4775738630323438
ssp585_percentage_change_cf_historical,1.3213944051617836
