Key,Value
historical,11014442.404226068
ssp126,11047172.054915648
ssp370,11079303.24004994
ssp585,11070185.150705758
historical_percentage_change_cf_historical,0.0
ssp126_percentage_change_cf_historical,0.2971521343379279
ssp370_percentage_change_cf_historical,0.5888708065601679
ssp585_percentage_change_cf_historical,0.5060877748863842
