Key,Value
historical,5703094.231742471
ssp126,5731765.328435447
ssp370,5760482.99559919
ssp585,5762421.116869109
historical_percentage_change_cf_historical,0.0
ssp126_percentage_change_cf_historical,0.5027287912129711
ssp370_percentage_change_cf_historical,1.0062741649489504
ssp585_percentage_change_cf_historical,1.0402578445299702
