Key,Value
historical,11392398.938053466
ssp126,11451150.537492981
ssp370,11453462.852017496
ssp585,11511600.463780407
historical_percentage_change_cf_historical,0.0
ssp126_percentage_change_cf_historical,0.5157087612449186
ssp370_percentage_change_cf_historical,0.5360057552063124
ssp585_percentage_change_cf_historical,1.0463250661700192
