Key,Value
historical,11082479.25864257
ssp126,11085778.59718744
ssp370,11086665.701624993
ssp585,11120054.64078638
historical_percentage_change_cf_historical,0.0
ssp126_percentage_change_cf_historical,0.029770762190226518
ssp370_percentage_change_cf_historical,0.03777532882959642
ssp585_percentage_change_cf_historical,0.3390521314489046
