Key,Value
historical,11299735.258473106
ssp126,11390306.056703392
ssp370,11494157.497208443
ssp585,11458179.747457962
historical_percentage_change_cf_historical,0.0
ssp126_percentage_change_cf_historical,0.8015302673783633
ssp370_percentage_change_cf_historical,1.7205910960573108
ssp585_percentage_change_cf_historical,1.4021964706301164
