Key,Value
historical,8931981.130046122
ssp126,9011291.958020981
ssp370,9008972.456301652
ssp585,8985714.51136187
historical_percentage_change_cf_historical,0.0
ssp126_percentage_change_cf_historical,0.8879421801291926
ssp370_percentage_change_cf_historical,0.8619736778948228
ssp585_percentage_change_cf_historical,0.6015841338378609
