Key,Value
historical,8219883.5165501945
ssp126,8240640.696313127
ssp370,8255576.203860017
ssp585,8263006.509391746
historical_percentage_change_cf_historical,0.0
ssp126_percentage_change_cf_historical,0.25252401352329695
ssp370_percentage_change_cf_historical,0.43422376044571914
ssp585_percentage_change_cf_historical,0.5246180527342726
