Key,Value
historical,11278498.106265355
ssp126,11416754.876203924
ssp370,11431300.689775407
ssp585,11457384.7460354
historical_percentage_change_cf_historical,0.0
ssp126_percentage_change_cf_historical,1.225843801505504
ssp370_percentage_change_cf_historical,1.354813221320386
ssp585_percentage_change_cf_historical,1.5860856479700252
