Key,Value
historical,5458975.535486012
ssp126,5512948.259823555
ssp370,5545115.984307235
ssp585,5546159.386932854
historical_percentage_change_cf_historical,0.0
ssp126_percentage_change_cf_historical,0.9886969448149062
ssp370_percentage_change_cf_historical,1.5779599718164752
ssp585_percentage_change_cf_historical,1.5970734963017172
