Key,Value
historical,11390063.29760746
ssp126,11431141.220830373
ssp370,11424650.425887158
ssp585,11455011.245033663
historical_percentage_change_cf_historical,0.0
ssp126_percentage_change_cf_historical,0.3606470144160039
ssp370_percentage_change_cf_historical,0.3036605449503008
ssp585_percentage_change_cf_historical,0.5702158603442203
