Key,Value
historical,11199530.6014244
ssp126,11253708.562309988
ssp370,11291604.959944904
ssp585,11286060.239032201
historical_percentage_change_cf_historical,0.0
ssp126_percentage_change_cf_historical,0.48375206795450443
ssp370_percentage_change_cf_historical,0.8221269426130566
ssp585_percentage_change_cf_historical,0.7726184309617095
