Key,Value
historical,11296657.09973083
ssp126,11412199.481221534
ssp370,11459703.775955664
ssp585,11468541.497201327
historical_percentage_change_cf_historical,0.0
ssp126_percentage_change_cf_historical,1.0228015285465002
ssp370_percentage_change_cf_historical,1.4433179194995511
ssp585_percentage_change_cf_historical,1.521550985862819
