Key,Value
historical,11427059.416088153
ssp126,11421866.663210534
ssp370,11444725.204897985
ssp585,11448180.787659705
historical_percentage_change_cf_historical,0.0
ssp126_percentage_change_cf_historical,-0.04544259978475514
ssp370_percentage_change_cf_historical,0.15459610531962867
ssp585_percentage_change_cf_historical,0.18483645531601275
