Key,Value
historical,11042860.412034372
ssp126,11108778.520794053
ssp370,11096155.688961215
ssp585,11083872.430256695
historical_percentage_change_cf_historical,0.0
ssp126_percentage_change_cf_historical,0.5969296568110561
ssp370_percentage_change_cf_historical,0.4826220285168408
ssp585_percentage_change_cf_historical,0.37138944704605975
