Key,Value
historical,5791052.129373293
ssp126,5822579.846460499
ssp370,5866248.536901524
ssp585,5865542.037783926
historical_percentage_change_cf_historical,0.0
ssp126_percentage_change_cf_historical,0.5444212274880251
ssp370_percentage_change_cf_historical,1.2984930173019986
ssp585_percentage_change_cf_historical,1.286293176896238
