Key,Value
historical,9097284.475141894
ssp126,9118995.19598466
ssp370,9144622.055771226
ssp585,9145124.811687563
historical_percentage_change_cf_historical,0.0
ssp126_percentage_change_cf_historical,0.23865056547467167
ssp370_percentage_change_cf_historical,0.5203484705648237
ssp585_percentage_change_cf_historical,0.5258749099952967
