Key,Value
historical,11245015.219050275
ssp126,11302440.984469315
ssp370,11306656.86370193
ssp585,11310740.078844355
historical_percentage_change_cf_historical,0.0
ssp126_percentage_change_cf_historical,0.5106775251113436
ssp370_percentage_change_cf_historical,0.5481686191693852
ssp585_percentage_change_cf_historical,0.5844799541287878
