Key,Value
historical,11297688.744303113
ssp126,11351112.6471986
ssp370,11374653.151439942
ssp585,11380058.472111646
historical_percentage_change_cf_historical,0.0
ssp126_percentage_change_cf_historical,0.47287462156741555
ssp370_percentage_change_cf_historical,0.6812402862102133
ssp585_percentage_change_cf_historical,0.7290847683343052
