Key,Value
historical,11357913.671499679
ssp126,11400349.051371606
ssp370,11419152.412197167
ssp585,11434006.867461389
historical_percentage_change_cf_historical,0.0
ssp126_percentage_change_cf_historical,0.37361949649617393
ssp370_percentage_change_cf_historical,0.5391724437134442
ssp585_percentage_change_cf_historical,0.6699575129951032
