Key,Value
historical,5747748.571562959
ssp126,5805855.830988584
ssp370,5859835.379014567
ssp585,5919550.057909433
historical_percentage_change_cf_historical,0.0
ssp126_percentage_change_cf_historical,1.0109568764561383
ssp370_percentage_change_cf_historical,1.950099348572034
ssp585_percentage_change_cf_historical,2.9890222964251327
