Key,Value
historical,11233977.185427686
ssp126,11332890.668380544
ssp370,11372577.216268282
ssp585,11385774.482769746
historical_percentage_change_cf_historical,0.0
ssp126_percentage_change_cf_historical,0.8804849904908515
ssp370_percentage_change_cf_historical,1.2337574534189297
ssp585_percentage_change_cf_historical,1.3512338047024537
