Key,Value
historical,11347143.963685133
ssp126,11406201.539551448
ssp370,11419612.855485532
ssp585,11439087.924079737
historical_percentage_change_cf_historical,0.0
ssp126_percentage_change_cf_historical,0.5204620304044842
ssp370_percentage_change_cf_historical,0.6386531450762052
ssp585_percentage_change_cf_historical,0.8102828402358979
