Key,Value
historical,11245100.980160695
ssp126,11320851.629343577
ssp370,11337334.925324414
ssp585,11341331.366910188
historical_percentage_change_cf_historical,0.0
ssp126_percentage_change_cf_historical,0.6736324495131361
ssp370_percentage_change_cf_historical,0.820214467850882
ssp585_percentage_change_cf_historical,0.8557538693451361
