Key,Value
historical,11384998.673683526
ssp126,11458773.214758445
ssp370,11466935.727354154
ssp585,11486086.260786336
historical_percentage_change_cf_historical,0.0
ssp126_percentage_change_cf_historical,0.6479978012245953
ssp370_percentage_change_cf_historical,0.7196931332106858
ssp585_percentage_change_cf_historical,0.8879016151005299
