Key,Value
historical,11295728.981498946
ssp126,11305001.9921419
ssp370,11296559.605713293
ssp585,11296664.022696294
historical_percentage_change_cf_historical,0.0
ssp126_percentage_change_cf_historical,0.08209306949682631
ssp370_percentage_change_cf_historical,0.007353436114728984
ssp585_percentage_change_cf_historical,0.008277829601612005
