Key,Value
historical,11235704.375072982
ssp126,11277576.167557895
ssp370,11321445.816646667
ssp585,11322692.918750107
historical_percentage_change_cf_historical,0.0
ssp126_percentage_change_cf_historical,0.37266726755296137
ssp370_percentage_change_cf_historical,0.7631158555925257
ssp585_percentage_change_cf_historical,0.7742153119488789
