Key,Value
historical,11422961.314071272
ssp126,11561071.262685888
ssp370,11641514.119176906
ssp585,11617191.95875227
historical_percentage_change_cf_historical,0.0
ssp126_percentage_change_cf_historical,1.209055557637987
ssp370_percentage_change_cf_historical,1.9132762433188997
ssp585_percentage_change_cf_historical,1.7003528186840478
