Key,Value
historical,11281720.397392826
ssp126,11339552.369483478
ssp370,11343037.934828348
ssp585,11427439.304166358
historical_percentage_change_cf_historical,0.0
ssp126_percentage_change_cf_historical,0.5126166050349645
ssp370_percentage_change_cf_historical,0.5435122948951351
ssp585_percentage_change_cf_historical,1.2916372826187665
