Key,Value
historical,5282206.107988735
ssp126,5350393.295405382
ssp370,5348088.956800313
ssp585,5386926.98771053
historical_percentage_change_cf_historical,0.0
ssp126_percentage_change_cf_historical,1.290884642186192
ssp370_percentage_change_cf_historical,1.247260092936126
ssp585_percentage_change_cf_historical,1.9825216506303458
