Key,Value
historical,8202537.697006175
ssp126,8273534.199420621
ssp370,8270973.147871731
ssp585,8277620.267498705
historical_percentage_change_cf_historical,0.0
ssp126_percentage_change_cf_historical,0.8655431408789287
ssp370_percentage_change_cf_historical,0.8343204675613213
ssp585_percentage_change_cf_historical,0.9153578229812162
