Key,Value
historical,11257178.478770643
ssp126,11283851.350726586
ssp370,11301955.14718474
ssp585,11310526.127637872
historical_percentage_change_cf_historical,0.0
ssp126_percentage_change_cf_historical,0.23694100618768207
ssp370_percentage_change_cf_historical,0.3977610242081476
ssp585_percentage_change_cf_historical,0.4738989345139609
