Key,Value
historical,11529649.874362225
ssp126,11672787.896822559
ssp370,11657812.09512394
ssp585,11735747.082140291
historical_percentage_change_cf_historical,0.0
ssp126_percentage_change_cf_historical,1.241477616580719
ssp370_percentage_change_cf_historical,1.11158814151591
ssp585_percentage_change_cf_historical,1.787540905611992
