Key,Value
historical,11092297.159795247
ssp126,11086390.510429345
ssp370,11128048.718339313
ssp585,11114617.141330797
historical_percentage_change_cf_historical,0.0
ssp126_percentage_change_cf_historical,-0.05325001017202264
ssp370_percentage_change_cf_historical,0.32230977974201463
ssp585_percentage_change_cf_historical,0.20122055164957564
