Key,Value
historical,8919578.83170501
ssp126,8963384.105624575
ssp370,8988871.400099479
ssp585,8969451.51450384
historical_percentage_change_cf_historical,0.0
ssp126_percentage_change_cf_historical,0.49111370330466675
ssp370_percentage_change_cf_historical,0.7768591959540266
ssp585_percentage_change_cf_historical,0.5591371940293447
