Key,Value
historical,5725173.287696179
ssp126,5794069.601586461
ssp370,5818930.185116628
ssp585,5819807.5443361625
historical_percentage_change_cf_historical,0.0
ssp126_percentage_change_cf_historical,1.2033926385834528
ssp370_percentage_change_cf_historical,1.637625495492681
ssp585_percentage_change_cf_historical,1.6529500835085555
