Key,Value
historical,11321924.187977007
ssp126,11333012.051934006
ssp370,11373394.801413296
ssp585,11395273.686642313
historical_percentage_change_cf_historical,0.0
ssp126_percentage_change_cf_historical,0.09793268152045634
ssp370_percentage_change_cf_historical,0.4546101226410514
ssp585_percentage_change_cf_historical,0.647853646142571
