Key,Value
historical,11394683.054236729
ssp126,11495680.439294335
ssp370,11501132.835392216
ssp585,11488190.642947339
historical_percentage_change_cf_historical,0.0
ssp126_percentage_change_cf_historical,0.8863553692268196
ssp370_percentage_change_cf_historical,0.9342057225181684
ssp585_percentage_change_cf_historical,0.8206247445894704
