Key,Value
historical,9093264.712268885
ssp126,9155380.84571635
ssp370,9146469.557754915
ssp585,9144036.119881276
historical_percentage_change_cf_historical,0.0
ssp126_percentage_change_cf_historical,0.6831004640572681
ssp370_percentage_change_cf_historical,0.5851016897621437
ssp585_percentage_change_cf_historical,0.558340807387787
