Key,Value
historical,11535670.084915426
ssp126,11625061.498772472
ssp370,11621044.632830791
ssp585,11619816.731665133
historical_percentage_change_cf_historical,0.0
ssp126_percentage_change_cf_historical,0.7749130583574755
ssp370_percentage_change_cf_historical,0.7400917960284357
ssp585_percentage_change_cf_historical,0.7294474107727905
