Key,Value
historical,11296435.94407834
ssp126,11387873.72798291
ssp370,11415934.281072553
ssp585,11412171.734625218
historical_percentage_change_cf_historical,0.0
ssp126_percentage_change_cf_historical,0.8094392280647006
ssp370_percentage_change_cf_historical,1.0578410534594829
ssp585_percentage_change_cf_historical,1.0245336769917115
