Key,Value
historical,11223391.407633519
ssp126,11259094.642084833
ssp370,11265361.873109985
ssp585,11267989.132888466
historical_percentage_change_cf_historical,0.0
ssp126_percentage_change_cf_historical,0.31811449101767136
ssp370_percentage_change_cf_historical,0.37395528634883385
ssp585_percentage_change_cf_historical,0.3973640732569877
