Key,Value
historical,11559878.248181026
ssp126,11652334.5391476
ssp370,11681293.072151318
ssp585,11670693.335648421
historical_percentage_change_cf_historical,0.0
ssp126_percentage_change_cf_historical,0.7998033282151765
ssp370_percentage_change_cf_historical,1.050312307479507
ssp585_percentage_change_cf_historical,0.958618119397856
