Key,Value
historical,11331390.354670351
ssp126,11341178.936206855
ssp370,11363666.51674397
ssp585,11370080.427489543
historical_percentage_change_cf_historical,0.0
ssp126_percentage_change_cf_historical,0.08638464680963923
ssp370_percentage_change_cf_historical,0.28483849786637033
ssp585_percentage_change_cf_historical,0.3414415319585689
