Key,Value
historical,9141694.45360234
ssp126,9203116.862917028
ssp370,9242521.32402888
ssp585,9222000.352696994
historical_percentage_change_cf_historical,0.0
ssp126_percentage_change_cf_historical,0.6718930459383755
ssp370_percentage_change_cf_historical,1.1029341544751354
ssp585_percentage_change_cf_historical,0.8784574840281303
