Key,Value
historical,11333803.23974562
ssp126,11449204.996815626
ssp370,11563845.674446441
ssp585,11593736.799884355
historical_percentage_change_cf_historical,0.0
ssp126_percentage_change_cf_historical,1.0182085803758407
ssp370_percentage_change_cf_historical,2.0297020323601784
ssp585_percentage_change_cf_historical,2.2934363217740854
