Key,Value
historical,10793459.815549972
ssp126,10868550.825871397
ssp370,10888278.437492415
ssp585,10871117.936850134
historical_percentage_change_cf_historical,0.0
ssp126_percentage_change_cf_historical,0.6957084345952056
ssp370_percentage_change_cf_historical,0.8784821879434808
ssp585_percentage_change_cf_historical,0.7194923836032806
