Key,Value
historical,11433990.87855896
ssp126,11568162.433443278
ssp370,11616338.920790287
ssp585,11639772.317021765
historical_percentage_change_cf_historical,0.0
ssp126_percentage_change_cf_historical,1.1734446555831788
ssp370_percentage_change_cf_historical,1.5947891175360853
ssp585_percentage_change_cf_historical,1.7997341492434347
