Key,Value
historical,10966495.983804338
ssp126,10984663.208948497
ssp370,10988948.756096514
ssp585,11013767.420745052
historical_percentage_change_cf_historical,0.0
ssp126_percentage_change_cf_historical,0.16566116625573904
ssp370_percentage_change_cf_historical,0.20473971198580856
ssp585_percentage_change_cf_historical,0.43105324627416675
