Key,Value
historical,11257847.718600314
ssp126,11310689.55357059
ssp370,11308053.08573974
ssp585,11255505.488345392
historical_percentage_change_cf_historical,0.0
ssp126_percentage_change_cf_historical,0.46937777354166077
ssp370_percentage_change_cf_historical,0.4459588403960678
ssp585_percentage_change_cf_historical,-0.0208053112234962
