Key,Value
historical,11565670.99453736
ssp126,11726017.98046916
ssp370,11768408.340922011
ssp585,11693148.952340312
historical_percentage_change_cf_historical,0.0
ssp126_percentage_change_cf_historical,1.3864045242816865
ssp370_percentage_change_cf_historical,1.75292334081099
ssp585_percentage_change_cf_historical,1.102209788460721
