Key,Value
historical,8724713.057271615
ssp126,8785498.896520074
ssp370,8805127.853657085
ssp585,8814351.867319884
historical_percentage_change_cf_historical,0.0
ssp126_percentage_change_cf_historical,0.6967087496109435
ssp370_percentage_change_cf_historical,0.9216898694272706
ssp585_percentage_change_cf_historical,1.0274127006797045
