Key,Value
historical,5527597.163379802
ssp126,5572577.689776851
ssp370,5572263.673206389
ssp585,5572416.787165072
historical_percentage_change_cf_historical,0.0
ssp126_percentage_change_cf_historical,0.8137446537356846
ssp370_percentage_change_cf_historical,0.8080637663413884
ssp585_percentage_change_cf_historical,0.8108337576080683
