Key,Value
historical,11247746.853938423
ssp126,11300480.54000482
ssp370,11307258.52276608
ssp585,11321523.375135612
historical_percentage_change_cf_historical,0.0
ssp126_percentage_change_cf_historical,0.46883777481115446
ssp370_percentage_change_cf_historical,0.5290985794796628
ssp585_percentage_change_cf_historical,0.6559226674927844
