Key,Value
historical,11217978.864854347
ssp126,11291740.96524822
ssp370,11294431.264408913
ssp585,11293762.151464846
historical_percentage_change_cf_historical,0.0
ssp126_percentage_change_cf_historical,0.6575346707504287
ssp370_percentage_change_cf_historical,0.6815167016768863
ssp585_percentage_change_cf_historical,0.6755520537476337
