Key,Value
historical,11319400.416901033
ssp126,11399959.034188261
ssp370,11422591.010814229
ssp585,11470466.914590362
historical_percentage_change_cf_historical,0.0
ssp126_percentage_change_cf_historical,0.7116862582840126
ssp370_percentage_change_cf_historical,0.9116259705692665
ssp585_percentage_change_cf_historical,1.334580385227571
