Key,Value
historical,11254682.378684174
ssp126,11299777.459746748
ssp370,11312880.20379338
ssp585,11312733.787692921
historical_percentage_change_cf_historical,0.0
ssp126_percentage_change_cf_historical,0.400678398068184
ssp370_percentage_change_cf_historical,0.5170987785442086
ssp585_percentage_change_cf_historical,0.515797843559704
