Key,Value
historical,11272149.516588872
ssp126,11400166.22218005
ssp370,11435698.784493648
ssp585,11434581.549103368
historical_percentage_change_cf_historical,0.0
ssp126_percentage_change_cf_historical,1.135690272762789
ssp370_percentage_change_cf_historical,1.4509146428911792
ssp585_percentage_change_cf_historical,1.4410031757957928
