Key,Value
historical,11257178.478770643
ssp126,11341030.286058834
ssp370,11354607.952126753
ssp585,11400776.557744537
historical_percentage_change_cf_historical,0.0
ssp126_percentage_change_cf_historical,0.7448741036337154
ssp370_percentage_change_cf_historical,0.865487506837051
ssp585_percentage_change_cf_historical,1.2756134163165096
