Key,Value
historical,11003641.28878254
ssp126,11025955.944478802
ssp370,11056226.72420625
ssp585,11064669.755610999
historical_percentage_change_cf_historical,0.0
ssp126_percentage_change_cf_historical,0.20279337639813777
ssp370_percentage_change_cf_historical,0.47789121840346344
ssp585_percentage_change_cf_historical,0.5546206498995233
