Key,Value
historical,11235460.27423774
ssp126,11264002.472141888
ssp370,11276887.87826666
ssp585,11280928.05239809
historical_percentage_change_cf_historical,0.0
ssp126_percentage_change_cf_historical,0.25403674800571197
ssp370_percentage_change_cf_historical,0.36872191274540667
ssp585_percentage_change_cf_historical,0.404681045996874
