Key,Value
historical,9139388.316620205
ssp126,9200358.331992159
ssp370,9212518.245944425
ssp585,9206880.6523212
historical_percentage_change_cf_historical,0.0
ssp126_percentage_change_cf_historical,0.6671126475836308
ssp370_percentage_change_cf_historical,0.8001621858131608
ssp585_percentage_change_cf_historical,0.7384776022511237
