Key,Value
historical,11218715.271353815
ssp126,11289608.607066121
ssp370,11346457.714052921
ssp585,11356243.647946596
historical_percentage_change_cf_historical,0.0
ssp126_percentage_change_cf_historical,0.6319202689217656
ssp370_percentage_change_cf_historical,1.1386548246329735
ssp585_percentage_change_cf_historical,1.2258834747678307
