Key,Value
historical,11304438.659041557
ssp126,11542953.071263468
ssp370,11535189.53375734
ssp585,11650009.655717868
historical_percentage_change_cf_historical,0.0
ssp126_percentage_change_cf_historical,2.109918231376672
ssp370_percentage_change_cf_historical,2.041241336041243
ssp585_percentage_change_cf_historical,3.0569496380956083
