Key,Value
historical,11332554.843950901
ssp126,11398697.619824959
ssp370,11411094.879047975
ssp585,11411825.418110149
historical_percentage_change_cf_historical,0.0
ssp126_percentage_change_cf_historical,0.5836528195525434
ssp370_percentage_change_cf_historical,0.6930479153074377
ssp585_percentage_change_cf_historical,0.6994942910120652
