Key,Value
historical,5750268.811187688
ssp126,5782940.343533002
ssp370,5797587.278648954
ssp585,5777433.052921515
historical_percentage_change_cf_historical,0.0
ssp126_percentage_change_cf_historical,0.5681740005223416
ssp370_percentage_change_cf_historical,0.8228913989064841
ssp585_percentage_change_cf_historical,0.47239951080158393
