Key,Value
historical,11276152.19051458
ssp126,11310669.214725677
ssp370,11333535.00536146
ssp585,11328541.053229772
historical_percentage_change_cf_historical,0.0
ssp126_percentage_change_cf_historical,0.30610640604986683
ssp370_percentage_change_cf_historical,0.5088864878495588
ssp585_percentage_change_cf_historical,0.46459875523196015
