Key,Value
historical,11330232.251174036
ssp126,11449615.281901106
ssp370,11480042.45985157
ssp585,11547022.181488138
historical_percentage_change_cf_historical,0.0
ssp126_percentage_change_cf_historical,1.0536679926812567
ssp370_percentage_change_cf_historical,1.3222165738218712
ssp585_percentage_change_cf_historical,1.9133758735760915
