Key,Value
historical,9456536.50498171
ssp126,9570293.811796252
ssp370,9568663.487281837
ssp585,9596005.12548127
historical_percentage_change_cf_historical,0.0
ssp126_percentage_change_cf_historical,1.2029489523422727
ssp370_percentage_change_cf_historical,1.1857087660060146
ssp585_percentage_change_cf_historical,1.4748382817122152
