Key,Value
historical,5686491.451572886
ssp126,5738087.8815349955
ssp370,5773034.429233646
ssp585,5770233.760007769
historical_percentage_change_cf_historical,0.0
ssp126_percentage_change_cf_historical,0.9073508753422672
ssp370_percentage_change_cf_historical,1.5219046471409443
ssp585_percentage_change_cf_historical,1.47265337771184
