Key,Value
historical,10946755.19296149
ssp126,11048623.665620893
ssp370,11073172.550794981
ssp585,11059322.226288797
historical_percentage_change_cf_historical,0.0
ssp126_percentage_change_cf_historical,0.9305814450377271
ssp370_percentage_change_cf_historical,1.1548386312208303
ssp585_percentage_change_cf_historical,1.0283141565062637
