Key,Value
historical,11346282.436697703
ssp126,11374846.643174618
ssp370,11363579.513360769
ssp585,11374904.689089421
historical_percentage_change_cf_historical,0.0
ssp126_percentage_change_cf_historical,0.25174947509264667
ssp370_percentage_change_cf_historical,0.15244708352333206
ssp585_percentage_change_cf_historical,0.252261060408159
