Key,Value
historical,11596658.312985783
ssp126,11576357.129831223
ssp370,11576689.250725647
ssp585,11620199.106049769
historical_percentage_change_cf_historical,0.0
ssp126_percentage_change_cf_historical,-0.17506063045616885
ssp370_percentage_change_cf_historical,-0.17219669426471693
ssp585_percentage_change_cf_historical,0.20299634971243843
