Key,Value
historical,8174006.121264087
ssp126,8240855.349701246
ssp370,8254374.994593662
ssp585,8314400.323075581
historical_percentage_change_cf_historical,0.0
ssp126_percentage_change_cf_historical,0.817826992608383
ssp370_percentage_change_cf_historical,0.9832250201098008
ssp585_percentage_change_cf_historical,1.7175690809218862
