Key,Value
historical,11273395.293206744
ssp126,11354528.903460857
ssp370,11412098.945862338
ssp585,11402572.706542335
historical_percentage_change_cf_historical,0.0
ssp126_percentage_change_cf_historical,0.7196909905483673
ssp370_percentage_change_cf_historical,1.2303627172478884
ssp585_percentage_change_cf_historical,1.1458607631139557
