Key,Value
historical,11291193.578599652
ssp126,11367310.448879234
ssp370,11378761.649732541
ssp585,11408445.618620535
historical_percentage_change_cf_historical,0.0
ssp126_percentage_change_cf_historical,0.6741259880961347
ssp370_percentage_change_cf_historical,0.7755430860636199
ssp585_percentage_change_cf_historical,1.0384379579065266
