Key,Value
historical,5761839.559425063
ssp126,5813196.957670035
ssp370,5819611.478105629
ssp585,5827921.190455376
historical_percentage_change_cf_historical,0.0
ssp126_percentage_change_cf_historical,0.8913368328863365
ssp370_percentage_change_cf_historical,1.0026644804099702
ssp585_percentage_change_cf_historical,1.1468842606389165
