Key,Value
historical,11406743.47877863
ssp126,11450515.087385861
ssp370,11469504.421240235
ssp585,11500229.978428591
historical_percentage_change_cf_historical,0.0
ssp126_percentage_change_cf_historical,0.38373448731151377
ssp370_percentage_change_cf_historical,0.5502091160230452
ssp585_percentage_change_cf_historical,0.8195722102796911
