Key,Value
historical,11299961.63418139
ssp126,11399716.803934293
ssp370,11447738.353687448
ssp585,11476577.590614125
historical_percentage_change_cf_historical,0.0
ssp126_percentage_change_cf_historical,0.8827921101179023
ssp370_percentage_change_cf_historical,1.3077630198234238
ssp585_percentage_change_cf_historical,1.5629783724086976
