Key,Value
historical,11550280.737212414
ssp126,11714388.455295552
ssp370,11672257.331346452
ssp585,11667390.304797664
historical_percentage_change_cf_historical,0.0
ssp126_percentage_change_cf_historical,1.4208115094070344
ssp370_percentage_change_cf_historical,1.0560487394999594
ssp585_percentage_change_cf_historical,1.013911005712178
