Key,Value
historical,11207211.216175038
ssp126,11262062.757822102
ssp370,11259932.958069496
ssp585,11253397.818736842
historical_percentage_change_cf_historical,0.0
ssp126_percentage_change_cf_historical,0.4894307833504374
ssp370_percentage_change_cf_historical,0.4704269499120865
ssp585_percentage_change_cf_historical,0.41211503621118317
