Key,Value
historical,5282202.031377473
ssp126,5352073.491910886
ssp370,5373354.796098413
ssp585,5397351.825646892
historical_percentage_change_cf_historical,0.0
ssp126_percentage_change_cf_historical,1.3227714524806293
ssp370_percentage_change_cf_historical,1.7256584314547612
ssp585_percentage_change_cf_historical,2.179958161111663
