Key,Value
historical,11051374.260227825
ssp126,11071015.708189134
ssp370,11103298.795626316
ssp585,11144402.895350209
historical_percentage_change_cf_historical,0.0
ssp126_percentage_change_cf_historical,0.17772855663747245
ssp370_percentage_change_cf_historical,0.4698468640715485
ssp585_percentage_change_cf_historical,0.8417834102060826
