Key,Value
historical,11579216.252301287
ssp126,11709123.344235683
ssp370,11719285.723789545
ssp585,11769307.660097592
historical_percentage_change_cf_historical,0.0
ssp126_percentage_change_cf_historical,1.1218988323892634
ssp370_percentage_change_cf_historical,1.209662799590776
ssp585_percentage_change_cf_historical,1.64166039958469
