Key,Value
historical,11293902.832271412
ssp126,11325984.935598236
ssp370,11330983.356027216
ssp585,11365557.56094544
historical_percentage_change_cf_historical,0.0
ssp126_percentage_change_cf_historical,0.28406569281924005
ssp370_percentage_change_cf_historical,0.3283233821513774
ssp585_percentage_change_cf_historical,0.6344549775059202
