Key,Value
historical,11200490.56100395
ssp126,11257806.669613414
ssp370,11260377.179489378
ssp585,11267924.925905101
historical_percentage_change_cf_historical,0.0
ssp126_percentage_change_cf_historical,0.5117285559707353
ssp370_percentage_change_cf_historical,0.5346785317951331
ssp585_percentage_change_cf_historical,0.6020661732079267
