Key,Value
historical,11502271.112015242
ssp126,11585154.363451943
ssp370,11586768.853367891
ssp585,11613643.362596195
historical_percentage_change_cf_historical,0.0
ssp126_percentage_change_cf_historical,0.7205816193127409
ssp370_percentage_change_cf_historical,0.7346178900650611
ssp585_percentage_change_cf_historical,0.9682631325270561
