Key,Value
historical,11276958.20663596
ssp126,11360374.421353962
ssp370,11375642.22798582
ssp585,11390270.311296573
historical_percentage_change_cf_historical,0.0
ssp126_percentage_change_cf_historical,0.7397049203296355
ssp370_percentage_change_cf_historical,0.8750943254519596
ssp585_percentage_change_cf_historical,1.0048108947848597
