Key,Value
historical,11272608.352750018
ssp126,11335357.711555455
ssp370,11352830.150645453
ssp585,11379272.677119713
historical_percentage_change_cf_historical,0.0
ssp126_percentage_change_cf_historical,0.5566534101233861
ssp370_percentage_change_cf_historical,0.7116524888036643
ssp585_percentage_change_cf_historical,0.9462257627683274
