Key,Value
historical,11335406.317519441
ssp126,11502760.594393829
ssp370,11558252.949129213
ssp585,11614781.548693944
historical_percentage_change_cf_historical,0.0
ssp126_percentage_change_cf_historical,1.4763853379982788
ssp370_percentage_change_cf_historical,1.9659342185674518
ssp585_percentage_change_cf_historical,2.4646247637609076
