Key,Value
historical,11203869.78830398
ssp126,11252535.038319796
ssp370,11296226.935048245
ssp585,11285763.513931729
historical_percentage_change_cf_historical,0.0
ssp126_percentage_change_cf_historical,0.43436108179888594
ssp370_percentage_change_cf_historical,0.8243325608860467
ssp585_percentage_change_cf_historical,0.7309414262671934
