Key,Value
historical,10907106.544881342
ssp126,10994264.364358172
ssp370,10970973.542281538
ssp585,10999900.015823692
historical_percentage_change_cf_historical,0.0
ssp126_percentage_change_cf_historical,0.7990920334204734
ssp370_percentage_change_cf_historical,0.5855539884697356
ssp585_percentage_change_cf_historical,0.850761570545927
