Key,Value
historical,11333357.682619711
ssp126,11359775.780384049
ssp370,11359790.56974767
ssp585,11375054.059997912
historical_percentage_change_cf_historical,0.0
ssp126_percentage_change_cf_historical,0.23310036181820107
ssp370_percentage_change_cf_historical,0.2332308559227283
ssp585_percentage_change_cf_historical,0.3679084217216991
