Key,Value
historical,11269409.692349942
ssp126,11352758.836273791
ssp370,11429637.93264392
ssp585,11426688.551812716
historical_percentage_change_cf_historical,0.0
ssp126_percentage_change_cf_historical,0.7396052339851402
ssp370_percentage_change_cf_historical,1.4217979882543994
ssp585_percentage_change_cf_historical,1.3956264237117908
