Key,Value
historical,11307719.530386023
ssp126,11406250.118136592
ssp370,11497315.981365524
ssp585,11497415.9808114
historical_percentage_change_cf_historical,0.0
ssp126_percentage_change_cf_historical,0.8713568415434987
ssp370_percentage_change_cf_historical,1.676699271413823
ssp585_percentage_change_cf_historical,1.6775836181258843
