Key,Value
historical,11274730.11000381
ssp126,11341197.583150312
ssp370,11354916.155798882
ssp585,11414359.866525229
historical_percentage_change_cf_historical,0.0
ssp126_percentage_change_cf_historical,0.5895260684557483
ssp370_percentage_change_cf_historical,0.7112014656911798
ssp585_percentage_change_cf_historical,1.2384310325754795
