Key,Value
historical,5535739.159812813
ssp126,5550522.149445957
ssp370,5569407.906605676
ssp585,5576633.559040543
historical_percentage_change_cf_historical,0.0
ssp126_percentage_change_cf_historical,0.26704635472101534
ssp370_percentage_change_cf_historical,0.6082068865759493
ssp585_percentage_change_cf_historical,0.7387342150187729
