Key,Value
historical,11545467.509738926
ssp126,11613636.49892906
ssp370,11603272.435148714
ssp585,11623467.42149938
historical_percentage_change_cf_historical,0.0
ssp126_percentage_change_cf_historical,0.5904394008525928
ssp370_percentage_change_cf_historical,0.500672020089513
ssp585_percentage_change_cf_historical,0.6755890282888924
