Key,Value
historical,5761666.103793664
ssp126,5834181.3117242325
ssp370,5882931.221661782
ssp585,5899457.6750880405
historical_percentage_change_cf_historical,0.0
ssp126_percentage_change_cf_historical,1.2585805325098982
ssp370_percentage_change_cf_historical,2.1046883953978726
ssp585_percentage_change_cf_historical,2.391523021503281
