Key,Value
historical,10576403.998390818
ssp126,10682765.560662214
ssp370,10705040.43334365
ssp585,10724905.5691993
historical_percentage_change_cf_historical,0.0
ssp126_percentage_change_cf_historical,1.005649578888802
ssp370_percentage_change_cf_historical,1.216258711112062
ssp585_percentage_change_cf_historical,1.40408375881893
