Key,Value
historical,5516493.595242259
ssp126,5571944.513738142
ssp370,5638640.345938755
ssp585,5628266.125062781
historical_percentage_change_cf_historical,0.0
ssp126_percentage_change_cf_historical,1.0051841362365996
ssp370_percentage_change_cf_historical,2.21420996123049
ssp585_percentage_change_cf_historical,2.0261517192174634
