Key,Value
historical,5800002.5032913815
ssp126,5923076.030687436
ssp370,5941342.348653955
ssp585,5954218.413050249
historical_percentage_change_cf_historical,0.0
ssp126_percentage_change_cf_historical,2.1219564530569297
ssp370_percentage_change_cf_historical,2.4368928337938893
ssp585_percentage_change_cf_historical,2.6588938482587436
