Key,Value
historical,11256217.328869317
ssp126,11279914.980362983
ssp370,11285012.154618643
ssp585,11277080.914113335
historical_percentage_change_cf_historical,0.0
ssp126_percentage_change_cf_historical,0.21052944165255483
ssp370_percentage_change_cf_historical,0.25581263143769567
ssp585_percentage_change_cf_historical,0.18535165619545058
