Key,Value
historical,5705813.955094285
ssp126,5719216.493785508
ssp370,5754074.569765095
ssp585,5771547.653386015
historical_percentage_change_cf_historical,0.0
ssp126_percentage_change_cf_historical,0.23489266906882872
ssp370_percentage_change_cf_historical,0.845814726008042
ssp585_percentage_change_cf_historical,1.1520476974725322
