Key,Value
historical,11032543.403969858
ssp126,11030498.465868633
ssp370,11047814.095390085
ssp585,11068202.846637663
historical_percentage_change_cf_historical,0.0
ssp126_percentage_change_cf_historical,-0.01853550923251993
ssp370_percentage_change_cf_historical,0.13841496798220085
ssp585_percentage_change_cf_historical,0.3232205064787986
