Key,Value
historical,11300027.330964468
ssp126,11447516.93645005
ssp370,11446549.360158265
ssp585,11533796.451646045
historical_percentage_change_cf_historical,0.0
ssp126_percentage_change_cf_historical,1.3052145907773878
ssp370_percentage_change_cf_historical,1.2966519894362982
ssp585_percentage_change_cf_historical,2.0687482767497345
