Key,Value
historical,11335406.317519441
ssp126,11429349.207627326
ssp370,11448167.859660327
ssp585,11453275.334920583
historical_percentage_change_cf_historical,0.0
ssp126_percentage_change_cf_historical,0.828756265778418
ssp370_percentage_change_cf_historical,0.9947728293304101
ssp585_percentage_change_cf_historical,1.0398305459855421
