Key,Value
historical,9028337.05561715
ssp126,9084703.973363189
ssp370,9116662.604947615
ssp585,9117781.90002783
historical_percentage_change_cf_historical,0.0
ssp126_percentage_change_cf_historical,0.6243333340215668
ssp370_percentage_change_cf_historical,0.9783147083051369
ssp585_percentage_change_cf_historical,0.9907122857695088
