Key,Value
historical,11052823.851499122
ssp126,11100122.029740073
ssp370,11074206.957118703
ssp585,11046550.734942192
historical_percentage_change_cf_historical,0.0
ssp126_percentage_change_cf_historical,0.4279284540894586
ssp370_percentage_change_cf_historical,0.1934628282045875
ssp585_percentage_change_cf_historical,-0.05675578151983835
