Key,Value
historical,11238871.122569483
ssp126,11294778.046752993
ssp370,11310544.561873373
ssp585,11312828.14274129
historical_percentage_change_cf_historical,0.0
ssp126_percentage_change_cf_historical,0.4974425240204066
ssp370_percentage_change_cf_historical,0.6377281002889866
ssp585_percentage_change_cf_historical,0.6580466967299797
