Key,Value
historical,11349517.443730645
ssp126,11404792.029926218
ssp370,11413101.84133793
ssp585,11487354.472055512
historical_percentage_change_cf_historical,0.0
ssp126_percentage_change_cf_historical,0.48702146562280774
ssp370_percentage_change_cf_historical,0.5602387759878628
ssp585_percentage_change_cf_historical,1.2144747916221443
