Key,Value
historical,9208700.63847769
ssp126,9331178.006932924
ssp370,9364188.163199488
ssp585,9368955.28293411
historical_percentage_change_cf_historical,0.0
ssp126_percentage_change_cf_historical,1.3300179174407394
ssp370_percentage_change_cf_historical,1.6884849538067026
ssp585_percentage_change_cf_historical,1.740252514961895
