Key,Value
historical,5837483.546762615
ssp126,5888904.341207389
ssp370,5923465.8723270595
ssp585,5956286.064785853
historical_percentage_change_cf_historical,0.0
ssp126_percentage_change_cf_historical,0.8808726231578088
ssp370_percentage_change_cf_historical,1.4729347821824463
ssp585_percentage_change_cf_historical,2.0351666445231142
