Key,Value
historical,11405350.54332548
ssp126,11491257.002539821
ssp370,11499222.178218218
ssp585,11515587.863555815
historical_percentage_change_cf_historical,0.0
ssp126_percentage_change_cf_historical,0.7532119147763869
ssp370_percentage_change_cf_historical,0.8230490990710677
ssp585_percentage_change_cf_historical,0.9665403953309171
