Key,Value
historical,11113259.06540386
ssp126,11140724.908517122
ssp370,11198820.58911035
ssp585,11177488.040138103
historical_percentage_change_cf_historical,0.0
ssp126_percentage_change_cf_historical,0.24714481100116503
ssp370_percentage_change_cf_historical,0.7699048785144184
ssp585_percentage_change_cf_historical,0.5779490458761198
