Key,Value
historical,11358717.60119918
ssp126,11368966.824716551
ssp370,11396907.137756342
ssp585,11395383.762684423
historical_percentage_change_cf_historical,0.0
ssp126_percentage_change_cf_historical,0.09023222406981309
ssp370_percentage_change_cf_historical,0.33621345206372927
ssp585_percentage_change_cf_historical,0.3228019462458738
