Key,Value
historical,5795107.026685381
ssp126,5849384.645232007
ssp370,5864960.326168045
ssp585,5892679.336351026
historical_percentage_change_cf_historical,0.0
ssp126_percentage_change_cf_historical,0.9366111496593132
ssp370_percentage_change_cf_historical,1.2053841138913008
ssp585_percentage_change_cf_historical,1.6837015988892412
