Key,Value
historical,11384732.51135896
ssp126,11448557.598352663
ssp370,11488059.561396932
ssp585,11479945.567496378
historical_percentage_change_cf_historical,0.0
ssp126_percentage_change_cf_historical,0.5606199963857124
ssp370_percentage_change_cf_historical,0.9075931290865156
ssp585_percentage_change_cf_historical,0.8363222942868518
