Key,Value
historical,11294524.64977125
ssp126,11370949.900887147
ssp370,11379011.9124602
ssp585,11387536.820932005
historical_percentage_change_cf_historical,0.0
ssp126_percentage_change_cf_historical,0.6766575264187293
ssp370_percentage_change_cf_historical,0.7480373482620256
ssp585_percentage_change_cf_historical,0.8235155887028641
