Key,Value
historical,11250665.837576568
ssp126,11323488.806309495
ssp370,11325936.393201137
ssp585,11334068.532912489
historical_percentage_change_cf_historical,0.0
ssp126_percentage_change_cf_historical,0.6472769681746526
ssp370_percentage_change_cf_historical,0.669032008516061
ssp585_percentage_change_cf_historical,0.7413134168233916
