Key,Value
historical,10580945.14155591
ssp126,10683686.077296041
ssp370,10701922.056644332
ssp585,10717263.815614624
historical_percentage_change_cf_historical,0.0
ssp126_percentage_change_cf_historical,0.9709996069880591
ssp370_percentage_change_cf_historical,1.14334696447194
ssp585_percentage_change_cf_historical,1.2883411853571674
