Key,Value
historical,11393653.049011461
ssp126,11413613.881520335
ssp370,11458127.102660902
ssp585,11450542.640925467
historical_percentage_change_cf_historical,0.0
ssp126_percentage_change_cf_historical,0.17519256048089896
ssp370_percentage_change_cf_historical,0.5658769261455993
ssp585_percentage_change_cf_historical,0.4993094986242489
