Key,Value
historical,11352638.30962333
ssp126,11454593.009381939
ssp370,11633102.608681139
ssp585,11609725.455561135
historical_percentage_change_cf_historical,0.0
ssp126_percentage_change_cf_historical,0.8980705363631958
ssp370_percentage_change_cf_historical,2.4704768302189777
ssp585_percentage_change_cf_historical,2.2645585891684594
