Key,Value
historical,11295838.891135676
ssp126,11462235.335494928
ssp370,11510144.689193215
ssp585,11554704.31818348
historical_percentage_change_cf_historical,0.0
ssp126_percentage_change_cf_historical,1.4730773514292115
ssp370_percentage_change_cf_historical,1.897210115361279
ssp585_percentage_change_cf_historical,2.2916883778410355
