Key,Value
historical,11462682.780629905
ssp126,11528775.050841412
ssp370,11578870.80079167
ssp585,11581277.21999818
historical_percentage_change_cf_historical,0.0
ssp126_percentage_change_cf_historical,0.5765864019476484
ssp370_percentage_change_cf_historical,1.0136197815585006
ssp585_percentage_change_cf_historical,1.0346132893835422
