Key,Value
historical,8669650.8345829
ssp126,8698885.056022
ssp370,8721209.42351304
ssp585,8738038.21038681
historical_percentage_change_cf_historical,0.0
ssp126_percentage_change_cf_historical,0.33720183196403675
ssp370_percentage_change_cf_historical,0.594702023344171
ssp585_percentage_change_cf_historical,0.7888134955921824
