Key,Value
historical,5690328.159115415
ssp126,5753212.771327119
ssp370,5742612.3292350955
ssp585,5745307.297913095
historical_percentage_change_cf_historical,0.0
ssp126_percentage_change_cf_historical,1.1051139838212762
ssp370_percentage_change_cf_historical,0.9188252181190241
ssp585_percentage_change_cf_historical,0.9661857323572468
