Key,Value
historical,11305960.817353418
ssp126,11396232.704215514
ssp370,11389401.109843396
ssp585,11446461.726479558
historical_percentage_change_cf_historical,0.0
ssp126_percentage_change_cf_historical,0.7984450708827677
ssp370_percentage_change_cf_historical,0.7380203579151433
ssp585_percentage_change_cf_historical,1.2427153374747824
