Key,Value
historical,11348331.607270535
ssp126,11432721.02175189
ssp370,11471786.274901595
ssp585,11533625.346828863
historical_percentage_change_cf_historical,0.0
ssp126_percentage_change_cf_historical,0.7436283799399122
ssp370_percentage_change_cf_historical,1.08786623358773
ssp585_percentage_change_cf_historical,1.6327839718713877
