Key,Value
historical,5799319.595101142
ssp126,5821785.027450116
ssp370,5825802.251356676
ssp585,5806704.404583227
historical_percentage_change_cf_historical,0.0
ssp126_percentage_change_cf_historical,0.3873804845649698
ssp370_percentage_change_cf_historical,0.4566510919298983
ssp585_percentage_change_cf_historical,0.1273392397329293
