Key,Value
historical,11581522.492085516
ssp126,11679404.354586001
ssp370,11696263.613251114
ssp585,11787927.887345985
historical_percentage_change_cf_historical,0.0
ssp126_percentage_change_cf_historical,0.8451553978967334
ssp370_percentage_change_cf_historical,0.9907257119606565
ssp585_percentage_change_cf_historical,1.782195694922837
