Key,Value
historical,11305018.238831967
ssp126,11369157.432969337
ssp370,11378344.104466815
ssp585,11380381.651921134
historical_percentage_change_cf_historical,0.0
ssp126_percentage_change_cf_historical,0.5673515317034736
ssp370_percentage_change_cf_historical,0.6486134218074774
ssp585_percentage_change_cf_historical,0.666636811166736
