Key,Value
historical,11249646.980454948
ssp126,11315460.286374172
ssp370,11320003.051614355
ssp585,11359298.480733218
historical_percentage_change_cf_historical,0.0
ssp126_percentage_change_cf_historical,0.5850255215436355
ssp370_percentage_change_cf_historical,0.6254069241607635
ssp585_percentage_change_cf_historical,0.9747105884191528
