Key,Value
historical,11516418.400679663
ssp126,11669366.943105627
ssp370,11668734.249413189
ssp585,11776196.637082782
historical_percentage_change_cf_historical,0.0
ssp126_percentage_change_cf_historical,1.328091226843039
ssp370_percentage_change_cf_historical,1.3225973860461384
ssp585_percentage_change_cf_historical,2.2557207229270824
