Key,Value
historical,11347650.936024554
ssp126,11392341.45061966
ssp370,11395066.650841162
ssp585,11438947.09923939
historical_percentage_change_cf_historical,0.0
ssp126_percentage_change_cf_historical,0.39383053679621527
ssp370_percentage_change_cf_historical,0.41784608183602423
ssp585_percentage_change_cf_historical,0.8045379940706939
