Key,Value
historical,11070988.07591582
ssp126,11088617.935951531
ssp370,11103402.88244291
ssp585,11100485.669312231
historical_percentage_change_cf_historical,0.0
ssp126_percentage_change_cf_historical,0.15924378126702707
ssp370_percentage_change_cf_historical,0.292790546831186
ssp585_percentage_change_cf_historical,0.2664404766235847
