Key,Value
historical,11344441.565358717
ssp126,11435176.153786438
ssp370,11438627.06617309
ssp585,11452490.658293597
historical_percentage_change_cf_historical,0.0
ssp126_percentage_change_cf_historical,0.7998153801134371
ssp370_percentage_change_cf_historical,0.8302347918294775
ssp585_percentage_change_cf_historical,0.9524408258650486
