Key,Value
historical,11582389.821750846
ssp126,11736018.160617638
ssp370,11719538.67632933
ssp585,11715193.113967553
historical_percentage_change_cf_historical,0.0
ssp126_percentage_change_cf_historical,1.3263958581180741
ssp370_percentage_change_cf_historical,1.1841153396592536
ssp585_percentage_change_cf_historical,1.1465966373132475
