Key,Value
historical,11316881.231005136
ssp126,11369556.238789238
ssp370,11352384.69340274
ssp585,11346098.281466592
historical_percentage_change_cf_historical,0.0
ssp126_percentage_change_cf_historical,0.46545516126640185
ssp370_percentage_change_cf_historical,0.31372126006177053
ssp585_percentage_change_cf_historical,0.2581722814357149
