Key,Value
historical,11266682.56981324
ssp126,11341203.067201724
ssp370,11352748.158868505
ssp585,11345050.490574451
historical_percentage_change_cf_historical,0.0
ssp126_percentage_change_cf_historical,0.6614235994199953
ssp370_percentage_change_cf_historical,0.7638946825914792
ssp585_percentage_change_cf_historical,0.695572279378684
