Key,Value
historical,11389986.582428817
ssp126,11463139.66313677
ssp370,11485785.932310268
ssp585,11486638.063963879
historical_percentage_change_cf_historical,0.0
ssp126_percentage_change_cf_historical,0.6422578304069706
ssp370_percentage_change_cf_historical,0.8410839572826185
ssp585_percentage_change_cf_historical,0.8485653677956493
