Key,Value
historical,11274796.007844321
ssp126,11312742.043832961
ssp370,11346543.482012384
ssp585,11319509.653509948
historical_percentage_change_cf_historical,0.0
ssp126_percentage_change_cf_historical,0.33655629744644144
ssp370_percentage_change_cf_historical,0.6363527474744968
ssp585_percentage_change_cf_historical,0.39658052912458835
