Key,Value
historical,11283665.582148347
ssp126,11323561.455419973
ssp370,11322502.291327521
ssp585,11333935.458091924
historical_percentage_change_cf_historical,0.0
ssp126_percentage_change_cf_historical,0.3535719220068337
ssp370_percentage_change_cf_historical,0.34418521974469807
ssp585_percentage_change_cf_historical,0.4455101542809621
