Key,Value
historical,11313889.766240446
ssp126,11417607.334305115
ssp370,11407855.803307232
ssp585,11415726.345159706
historical_percentage_change_cf_historical,0.0
ssp126_percentage_change_cf_historical,0.9167277586012226
ssp370_percentage_change_cf_historical,0.8305369683481556
ssp585_percentage_change_cf_historical,0.9001022727225994
