Key,Value
historical,10307876.014240231
ssp126,10386150.969640896
ssp370,10386380.245944032
ssp585,10369540.896712128
historical_percentage_change_cf_historical,0.0
ssp126_percentage_change_cf_historical,0.759370361969122
ssp370_percentage_change_cf_historical,0.7615946446712033
ssp585_percentage_change_cf_historical,0.5982307352815194
