Key,Value
historical,11102738.083076172
ssp126,11131992.870288827
ssp370,11128244.430365093
ssp585,11136252.17328204
historical_percentage_change_cf_historical,0.0
ssp126_percentage_change_cf_historical,0.26349164497762784
ssp370_percentage_change_cf_historical,0.2297302439999069
ssp585_percentage_change_cf_historical,0.301854280944932
