Key,Value
historical,11130004.427880766
ssp126,11167657.092970878
ssp370,11128377.636344908
ssp585,11183196.939103307
historical_percentage_change_cf_historical,0.0
ssp126_percentage_change_cf_historical,0.3382987431324981
ssp370_percentage_change_cf_historical,-0.014616270338428048
ssp585_percentage_change_cf_historical,0.47791994663805876
