Key,Value
historical,8426259.990735479
ssp126,8559946.942425659
ssp370,8600420.26363967
ssp585,8621227.550239306
historical_percentage_change_cf_historical,0.0
ssp126_percentage_change_cf_historical,1.5865514693015244
ssp370_percentage_change_cf_historical,2.066875139097028
ssp585_percentage_change_cf_historical,2.31380897003167
