Key,Value
historical,11562836.216784375
ssp126,11659875.26412973
ssp370,11681483.423442092
ssp585,11737159.48452097
historical_percentage_change_cf_historical,0.0
ssp126_percentage_change_cf_historical,0.8392322223201196
ssp370_percentage_change_cf_historical,1.0261081661391274
ssp585_percentage_change_cf_historical,1.5076168551410516
