Key,Value
historical,5786310.207786491
ssp126,5811826.873815224
ssp370,5851077.1448700465
ssp585,5870068.807303982
historical_percentage_change_cf_historical,0.0
ssp126_percentage_change_cf_historical,0.440983374766104
ssp370_percentage_change_cf_historical,1.1193132541770774
ssp585_percentage_change_cf_historical,1.447530403827622
