Key,Value
historical,11426091.497357054
ssp126,11541211.640714442
ssp370,11539576.000077441
ssp585,11538610.60298601
historical_percentage_change_cf_historical,0.0
ssp126_percentage_change_cf_historical,1.0075198801271361
ssp370_percentage_change_cf_historical,0.9932049182928171
ssp585_percentage_change_cf_historical,0.9847558603480698
