Key,Value
historical,11241955.805969223
ssp126,11322580.227750842
ssp370,11341990.42520015
ssp585,11337628.318437979
historical_percentage_change_cf_historical,0.0
ssp126_percentage_change_cf_historical,0.7171743349036154
ssp370_percentage_change_cf_historical,0.8898328810171086
ssp585_percentage_change_cf_historical,0.851030853705681
