Key,Value
historical,8162055.814787035
ssp126,8220568.218153098
ssp370,8202712.586467802
ssp585,8205795.754065935
historical_percentage_change_cf_historical,0.0
ssp126_percentage_change_cf_historical,0.7168831565701502
ssp370_percentage_change_cf_historical,0.4981192557775659
ssp585_percentage_change_cf_historical,0.5358936556113341
