Key,Value
historical,11319419.892945372
ssp126,11384803.196337707
ssp370,11391042.448159996
ssp585,11391532.350289626
historical_percentage_change_cf_historical,0.0
ssp126_percentage_change_cf_historical,0.5776206202323563
ssp370_percentage_change_cf_historical,0.6327405104855448
ssp585_percentage_change_cf_historical,0.6370684896069391
