Key,Value
historical,11254420.484502167
ssp126,11315718.831054322
ssp370,11323524.85217338
ssp585,11323850.544155966
historical_percentage_change_cf_historical,0.0
ssp126_percentage_change_cf_historical,0.5446601771860794
ssp370_percentage_change_cf_historical,0.6140197779741197
ssp585_percentage_change_cf_historical,0.6169136807124652
