Key,Value
historical,11402083.03919607
ssp126,11460595.025941541
ssp370,11485146.989572227
ssp585,11489613.041170064
historical_percentage_change_cf_historical,0.0
ssp126_percentage_change_cf_historical,0.5131692739329204
ssp370_percentage_change_cf_historical,0.7284980304968323
ssp585_percentage_change_cf_historical,0.7676667646876354
