Key,Value
historical,10954720.931786047
ssp126,11030426.142875835
ssp370,11016581.491254888
ssp585,11046190.410238262
historical_percentage_change_cf_historical,0.0
ssp126_percentage_change_cf_historical,0.6910738444292355
ssp370_percentage_change_cf_historical,0.5646931569872086
ssp585_percentage_change_cf_historical,0.834977714373431
