Key,Value
historical,11231671.999109147
ssp126,11336501.447273593
ssp370,11349297.700243508
ssp585,11399469.47188605
historical_percentage_change_cf_historical,0.0
ssp126_percentage_change_cf_historical,0.9333378696667863
ssp370_percentage_change_cf_historical,1.0472679503433768
ssp585_percentage_change_cf_historical,1.4939669961000632
