Key,Value
historical,5776512.944826972
ssp126,5844286.253659546
ssp370,5929791.622033864
ssp585,5903174.987237189
historical_percentage_change_cf_historical,0.0
ssp126_percentage_change_cf_historical,1.1732564174943556
ssp370_percentage_change_cf_historical,2.6534810649763685
ssp585_percentage_change_cf_historical,2.1927076701809627
