Key,Value
historical,11307237.559232332
ssp126,11388367.576125497
ssp370,11433503.383901918
ssp585,11438449.192756094
historical_percentage_change_cf_historical,0.0
ssp126_percentage_change_cf_historical,0.7175051949529683
ssp370_percentage_change_cf_historical,1.1166814529910603
ssp585_percentage_change_cf_historical,1.1604216576897535
