Key,Value
historical,11300065.825648464
ssp126,11346471.419238504
ssp370,11340389.060364306
ssp585,11364746.628655147
historical_percentage_change_cf_historical,0.0
ssp126_percentage_change_cf_historical,0.41066657757612435
ssp370_percentage_change_cf_historical,0.35684070639940474
ssp585_percentage_change_cf_historical,0.5723931524352052
