Key,Value
historical,11529649.874362225
ssp126,11709058.216632912
ssp370,11748905.462965902
ssp585,11784030.11101035
historical_percentage_change_cf_historical,0.0
ssp126_percentage_change_cf_historical,1.5560606282557334
ssp370_percentage_change_cf_historical,1.9016673619137596
ssp585_percentage_change_cf_historical,2.2063136298160737
