Key,Value
historical,11267837.396472054
ssp126,11389667.54494323
ssp370,11406061.360813186
ssp585,11441550.13403454
historical_percentage_change_cf_historical,0.0
ssp126_percentage_change_cf_historical,1.0812203281289938
ssp370_percentage_change_cf_historical,1.2267124513565464
ssp585_percentage_change_cf_historical,1.5416688353780839
