Key,Value
historical,8728330.304668995
ssp126,8802496.998775154
ssp370,8818302.910767183
ssp585,8868107.733570095
historical_percentage_change_cf_historical,0.0
ssp126_percentage_change_cf_historical,0.8497237331461457
ssp370_percentage_change_cf_historical,1.030811197074652
ssp585_percentage_change_cf_historical,1.6014223112790567
