Key,Value
historical,11267922.237808993
ssp126,11341786.770170446
ssp370,11348688.177529093
ssp585,11342766.883148165
historical_percentage_change_cf_historical,0.0
ssp126_percentage_change_cf_historical,0.6555293052485255
ssp370_percentage_change_cf_historical,0.7167775745655522
ssp585_percentage_change_cf_historical,0.664227563516853
