Key,Value
historical,11273061.148512062
ssp126,11341689.390503846
ssp370,11364530.174470002
ssp585,11344212.99578196
historical_percentage_change_cf_historical,0.0
ssp126_percentage_change_cf_historical,0.6087808900144457
ssp370_percentage_change_cf_historical,0.8113947467588536
ssp585_percentage_change_cf_historical,0.63116704799645
