Key,Value
historical,11344270.241959237
ssp126,11487069.445577603
ssp370,11512737.108792484
ssp585,11540219.669631593
historical_percentage_change_cf_historical,0.0
ssp126_percentage_change_cf_historical,1.2587782252417836
ssp370_percentage_change_cf_historical,1.4850392598206636
ssp585_percentage_change_cf_historical,1.7272986582036367
