Key,Value
historical,11346849.69365829
ssp126,11355756.3708132
ssp370,11373471.601262707
ssp585,11366368.694017693
historical_percentage_change_cf_historical,0.0
ssp126_percentage_change_cf_historical,0.07849471347001032
ssp370_percentage_change_cf_historical,0.23461937298152202
ssp585_percentage_change_cf_historical,0.1720213176906015
