Key,Value
historical,8164154.878636951
ssp126,8240033.319546869
ssp370,8279932.687113075
ssp585,8299044.895251895
historical_percentage_change_cf_historical,0.0
ssp126_percentage_change_cf_historical,0.9294096209329472
ssp370_percentage_change_cf_historical,1.4181236171679987
ssp585_percentage_change_cf_historical,1.6522226564798497
