Key,Value
historical,5746392.19146418
ssp126,5796351.532040291
ssp370,5802368.1630133875
ssp585,5817626.858263094
historical_percentage_change_cf_historical,0.0
ssp126_percentage_change_cf_historical,0.869403599885179
ssp370_percentage_change_cf_historical,0.9741063555034637
ssp585_percentage_change_cf_historical,1.239641577279174
