Key,Value
historical,11261087.87936968
ssp126,11340150.646237293
ssp370,11353217.619649895
ssp585,11362038.248747222
historical_percentage_change_cf_historical,0.0
ssp126_percentage_change_cf_historical,0.7020881793530487
ssp370_percentage_change_cf_historical,0.818124689791263
ssp585_percentage_change_cf_historical,0.8964530821438969
