Key,Value
historical,9033489.799565887
ssp126,9138470.852952674
ssp370,9175211.809268171
ssp585,9191434.551621202
historical_percentage_change_cf_historical,0.0
ssp126_percentage_change_cf_historical,1.1621317532437123
ssp370_percentage_change_cf_historical,1.568851162139957
ssp585_percentage_change_cf_historical,1.7484356052840784
