Key,Value
historical,5535744.157115104
ssp126,5574175.439555291
ssp370,5591608.425564911
ssp585,5571139.361087289
historical_percentage_change_cf_historical,0.0
ssp126_percentage_change_cf_historical,0.6942387753016296
ssp370_percentage_change_cf_historical,1.0091555329197264
ssp585_percentage_change_cf_historical,0.6393937827977744
