Key,Value
historical,11275547.966219518
ssp126,11341682.678589063
ssp370,11333470.374682546
ssp585,11344308.322973482
historical_percentage_change_cf_historical,0.0
ssp126_percentage_change_cf_historical,0.5865321363332213
ssp370_percentage_change_cf_historical,0.5136992777340615
ssp585_percentage_change_cf_historical,0.6098183162358366
