Key,Value
historical,11312604.460059006
ssp126,11339369.095097896
ssp370,11349629.32333992
ssp585,11375592.402783852
historical_percentage_change_cf_historical,0.0
ssp126_percentage_change_cf_historical,0.23659127421441148
ssp370_percentage_change_cf_historical,0.32728858691769025
ssp585_percentage_change_cf_historical,0.5567943522398888
