Key,Value
historical,11069160.13018534
ssp126,11087604.63579613
ssp370,11068284.545177238
ssp585,11075659.824455572
historical_percentage_change_cf_historical,0.0
ssp126_percentage_change_cf_historical,0.1666296755477624
ssp370_percentage_change_cf_historical,-0.007910130468831489
ssp585_percentage_change_cf_historical,0.05871894700039779
