Key,Value
historical,11058416.69605502
ssp126,11167339.536440328
ssp370,11211706.290304981
ssp585,11108105.891285146
historical_percentage_change_cf_historical,0.0
ssp126_percentage_change_cf_historical,0.9849768134001103
ssp370_percentage_change_cf_historical,1.3861803046782135
ssp585_percentage_change_cf_historical,0.4493337210547737
