Key,Value
historical,11346693.552179608
ssp126,11380151.653111193
ssp370,11406959.07392139
ssp585,11397388.857575119
historical_percentage_change_cf_historical,0.0
ssp126_percentage_change_cf_historical,0.29487093114590907
ssp370_percentage_change_cf_historical,0.5311284865907466
ssp585_percentage_change_cf_historical,0.44678482909915096
