Key,Value
historical,11298414.350014452
ssp126,11335743.547351534
ssp370,11340552.798602287
ssp585,11352652.28814785
historical_percentage_change_cf_historical,0.0
ssp126_percentage_change_cf_historical,0.330393240862457
ssp370_percentage_change_cf_historical,0.3729589593939873
ssp585_percentage_change_cf_historical,0.48004911532854777
