Key,Value
historical,11489250.566768877
ssp126,11554752.196745839
ssp370,11561083.143474417
ssp585,11611711.208239768
historical_percentage_change_cf_historical,0.0
ssp126_percentage_change_cf_historical,0.5701122940639529
ssp370_percentage_change_cf_historical,0.625215511560917
ssp585_percentage_change_cf_historical,1.0658714487878918
