Key,Value
historical,5527911.0947347
ssp126,5576922.69880547
ssp370,5591109.0426536035
ssp585,5622227.958544756
historical_percentage_change_cf_historical,0.0
ssp126_percentage_change_cf_historical,0.8866207004930463
ssp370_percentage_change_cf_historical,1.143251887301493
ssp585_percentage_change_cf_historical,1.7061935728288413
