Key,Value
historical,11339550.0173125
ssp126,11492960.294257402
ssp370,11601800.524648424
ssp585,11585400.12566185
historical_percentage_change_cf_historical,0.0
ssp126_percentage_change_cf_historical,1.3528779952527639
ssp370_percentage_change_cf_historical,2.3127064736743193
ssp585_percentage_change_cf_historical,2.168076404919076
