Key,Value
historical,5541151.2344596
ssp126,5571520.979869867
ssp370,5585452.232839274
ssp585,5597400.615781231
historical_percentage_change_cf_historical,0.0
ssp126_percentage_change_cf_historical,0.5480764578559303
ssp370_percentage_change_cf_historical,0.7994908730188133
ssp585_percentage_change_cf_historical,1.0151208465819133
