Key,Value
historical,5826668.893360369
ssp126,5863859.884710208
ssp370,5911068.400714457
ssp585,5897712.690653589
historical_percentage_change_cf_historical,0.0
ssp126_percentage_change_cf_historical,0.6382890813002728
ssp370_percentage_change_cf_historical,1.4485035772371315
ssp585_percentage_change_cf_historical,1.2192866729423368
