Key,Value
historical,8402078.30454889
ssp126,8469641.301391002
ssp370,8482355.944615923
ssp585,8455779.33100557
historical_percentage_change_cf_historical,0.0
ssp126_percentage_change_cf_historical,0.8041224372490524
ssp370_percentage_change_cf_historical,0.9554497965529685
ssp585_percentage_change_cf_historical,0.6391397998231746
