Key,Value
historical,11314823.228455905
ssp126,11470524.590822116
ssp370,11509576.471960764
ssp585,11483629.221307367
historical_percentage_change_cf_historical,0.0
ssp126_percentage_change_cf_historical,1.376083030397097
ssp370_percentage_change_cf_historical,1.7212221487921275
ssp585_percentage_change_cf_historical,1.4919012824427358
