Key,Value
historical,5518118.517375457
ssp126,5572889.457720519
ssp370,5586246.226148694
ssp585,5621341.823470366
historical_percentage_change_cf_historical,0.0
ssp126_percentage_change_cf_historical,0.9925654944271158
ssp370_percentage_change_cf_historical,1.234618440302
ssp585_percentage_change_cf_historical,1.8706250286194368
