Key,Value
historical,11257046.957303459
ssp126,11304775.934109818
ssp370,11329380.265775759
ssp585,11358322.331766771
historical_percentage_change_cf_historical,0.0
ssp126_percentage_change_cf_historical,0.42399198464205823
ssp370_percentage_change_cf_historical,0.6425602446774091
ssp585_percentage_change_cf_historical,0.8996620059189313
