Key,Value
historical,8202771.471706261
ssp126,8273940.94535312
ssp370,8281659.153037932
ssp585,8284031.607214123
historical_percentage_change_cf_historical,0.0
ssp126_percentage_change_cf_historical,0.8676271659199927
ssp370_percentage_change_cf_historical,0.9617198480266986
ssp585_percentage_change_cf_historical,0.9906424406452363
