Key,Value
historical,11300004.183967354
ssp126,11442687.249721698
ssp370,11492175.570167866
ssp585,11548697.851386363
historical_percentage_change_cf_historical,0.0
ssp126_percentage_change_cf_historical,1.2626815303023156
ssp370_percentage_change_cf_historical,1.700631106607624
ssp585_percentage_change_cf_historical,2.2008281003281387
