Key,Value
historical,11267987.047603851
ssp126,11339135.202189866
ssp370,11331135.487114798
ssp585,11333969.472720636
historical_percentage_change_cf_historical,0.0
ssp126_percentage_change_cf_historical,0.6314184981348997
ssp370_percentage_change_cf_historical,0.5604234300604355
ssp585_percentage_change_cf_historical,0.5855742009467085
