Key,Value
historical,11504917.528058272
ssp126,11609230.368484827
ssp370,11602743.394049138
ssp585,11654079.095227731
historical_percentage_change_cf_historical,0.0
ssp126_percentage_change_cf_historical,0.9066804709564934
ssp370_percentage_change_cf_historical,0.8502961081840664
ssp585_percentage_change_cf_historical,1.2965027068267398
