Key,Value
historical,11274923.227016851
ssp126,11365172.495123498
ssp370,11375244.42107413
ssp585,11399358.35708215
historical_percentage_change_cf_historical,0.0
ssp126_percentage_change_cf_historical,0.8004424180059382
ssp370_percentage_change_cf_historical,0.8897727464510778
ssp585_percentage_change_cf_historical,1.1036450320755127
