Key,Value
historical,11256281.30750587
ssp126,11309848.350078762
ssp370,11319831.76518637
ssp585,11328985.306322588
historical_percentage_change_cf_historical,0.0
ssp126_percentage_change_cf_historical,0.47588578420807565
ssp370_percentage_change_cf_historical,0.5645777317072087
ssp585_percentage_change_cf_historical,0.64589713805604
