Key,Value
historical,11315684.694603566
ssp126,11380060.930126533
ssp370,11406479.423509605
ssp585,11383081.7585268
historical_percentage_change_cf_historical,0.0
ssp126_percentage_change_cf_historical,0.5689115352751722
ssp370_percentage_change_cf_historical,0.8023794525605598
ssp585_percentage_change_cf_historical,0.5956074753070459
