Key,Value
historical,8164135.2492240295
ssp126,8230511.920178618
ssp370,8219186.594205469
ssp585,8230433.842949033
historical_percentage_change_cf_historical,0.0
ssp126_percentage_change_cf_historical,0.8130275764466011
ssp370_percentage_change_cf_historical,0.6743071164416566
ssp585_percentage_change_cf_historical,0.8120712322998904
