Key,Value
historical,11393653.049011461
ssp126,11424329.701713856
ssp370,11431795.369427042
ssp585,11421485.805479443
historical_percentage_change_cf_historical,0.0
ssp126_percentage_change_cf_historical,0.2692433460140903
ssp370_percentage_change_cf_historical,0.3347681402225071
ssp585_percentage_change_cf_historical,0.24428299113773783
