Key,Value
historical,11342964.004922912
ssp126,11453541.621922858
ssp370,11514313.985306837
ssp585,11544301.208456788
historical_percentage_change_cf_historical,0.0
ssp126_percentage_change_cf_historical,0.9748564568480974
ssp370_percentage_change_cf_historical,1.510627912682772
ssp585_percentage_change_cf_historical,1.774996406992874
