Key,Value
historical,11291193.578599652
ssp126,11355357.346952735
ssp370,11358505.49255203
ssp585,11356287.276415203
historical_percentage_change_cf_historical,0.0
ssp126_percentage_change_cf_historical,0.568263823540256
ssp370_percentage_change_cf_historical,0.5961452479209612
ssp585_percentage_change_cf_historical,0.5764997062748392
