Key,Value
historical,11299245.620496541
ssp126,11295447.79877163
ssp370,11304032.777766725
ssp585,11286889.108147684
historical_percentage_change_cf_historical,0.0
ssp126_percentage_change_cf_historical,-0.03361128567754117
ssp370_percentage_change_cf_historical,0.042367052022481984
ssp585_percentage_change_cf_historical,-0.10935696739295925
