Key,Value
historical,5769352.532751817
ssp126,5838477.702387482
ssp370,5832417.613463548
ssp585,5887821.810194267
historical_percentage_change_cf_historical,0.0
ssp126_percentage_change_cf_historical,1.1981443193712056
ssp370_percentage_change_cf_historical,1.0931049949490692
ssp585_percentage_change_cf_historical,2.0534241367625916
