Key,Value
historical,11411801.583224822
ssp126,11451856.603210777
ssp370,11495214.601003034
ssp585,11469724.600784894
historical_percentage_change_cf_historical,0.0
ssp126_percentage_change_cf_historical,0.3509964635630845
ssp370_percentage_change_cf_historical,0.7309364535467221
ssp585_percentage_change_cf_historical,0.5075711940629797
