Key,Value
historical,11338069.819115411
ssp126,11426201.816133542
ssp370,11424471.64140834
ssp585,11463448.57557293
historical_percentage_change_cf_historical,0.0
ssp126_percentage_change_cf_historical,0.7773104101859067
ssp370_percentage_change_cf_historical,0.7620505400950923
ssp585_percentage_change_cf_historical,1.1058209947352464
