Key,Value
historical,8267968.358419418
ssp126,8311251.918495142
ssp370,8306892.292426717
ssp585,8333079.25449261
historical_percentage_change_cf_historical,0.0
ssp126_percentage_change_cf_historical,0.5235090193789524
ssp370_percentage_change_cf_historical,0.4707799101294488
ssp585_percentage_change_cf_historical,0.7875078042223982
