Key,Value
historical,11276339.317228729
ssp126,11327227.922529278
ssp370,11328975.19508854
ssp585,11321158.954123583
historical_percentage_change_cf_historical,0.0
ssp126_percentage_change_cf_historical,0.4512865733190423
ssp370_percentage_change_cf_historical,0.46678160685879533
ssp585_percentage_change_cf_historical,0.39746619566844194
