Key,Value
historical,11298620.896199435
ssp126,11331393.336128252
ssp370,11341558.025369948
ssp585,11348021.18062526
historical_percentage_change_cf_historical,0.0
ssp126_percentage_change_cf_historical,0.29005699217539405
ssp370_percentage_change_cf_historical,0.38002097393103723
ssp585_percentage_change_cf_historical,0.43722401945924094
