Key,Value
historical,5525485.744916983
ssp126,5577974.7946105115
ssp370,5582141.664614258
ssp585,5579195.653450686
historical_percentage_change_cf_historical,0.0
ssp126_percentage_change_cf_historical,0.9499445318778428
ssp370_percentage_change_cf_historical,1.0253563634544605
ssp585_percentage_change_cf_historical,0.9720395819156994
