Key,Value
historical,8425203.097545017
ssp126,8441078.566725256
ssp370,8430742.856936814
ssp585,8475240.312947666
historical_percentage_change_cf_historical,0.0
ssp126_percentage_change_cf_historical,0.1884283262544169
ssp370_percentage_change_cf_historical,0.06575223561568401
ssp585_percentage_change_cf_historical,0.5938992190850549
