Key,Value
historical,5742968.93224683
ssp126,5786698.449733684
ssp370,5791254.359972466
ssp585,5834096.510267327
historical_percentage_change_cf_historical,0.0
ssp126_percentage_change_cf_historical,0.7614444375854418
ssp370_percentage_change_cf_historical,0.8407746636850547
ssp585_percentage_change_cf_historical,1.5867677345216684
