Key,Value
historical,8469669.96923381
ssp126,8466113.811832516
ssp370,8460233.08899789
ssp585,8474663.65735797
historical_percentage_change_cf_historical,0.0
ssp126_percentage_change_cf_historical,-0.04198696542147649
ssp370_percentage_change_cf_historical,-0.1114196925051529
ssp585_percentage_change_cf_historical,0.058959654181319814
