Key,Value
historical,11365741.367496261
ssp126,11383123.265815593
ssp370,11405168.04872664
ssp585,11424883.398054479
historical_percentage_change_cf_historical,0.0
ssp126_percentage_change_cf_historical,0.15293237596485054
ssp370_percentage_change_cf_historical,0.3468905367064894
ssp585_percentage_change_cf_historical,0.520353478457214
