Key,Value
historical,11326722.048319805
ssp126,11402906.435992714
ssp370,11392216.665498337
ssp585,11423812.280565582
historical_percentage_change_cf_historical,0.0
ssp126_percentage_change_cf_historical,0.6726075500741163
ssp370_percentage_change_cf_historical,0.5782309912711839
ssp585_percentage_change_cf_historical,0.857178553791554
