Key,Value
historical,5456930.520437643
ssp126,5513257.399585918
ssp370,5549446.789272712
ssp585,5550389.046277128
historical_percentage_change_cf_historical,0.0
ssp126_percentage_change_cf_historical,1.0322081055882175
ssp370_percentage_change_cf_historical,1.695390265435319
ssp585_percentage_change_cf_historical,1.7126574269080104
