Key,Value
historical,5780745.398133613
ssp126,5837524.441481389
ssp370,5862384.539087454
ssp585,5881161.862614789
historical_percentage_change_cf_historical,0.0
ssp126_percentage_change_cf_historical,0.982209722748
ssp370_percentage_change_cf_historical,1.4122597577156557
ssp585_percentage_change_cf_historical,1.7370850567747995
