Key,Value
historical,11314064.286750074
ssp126,11334999.693305232
ssp370,11346260.508113142
ssp585,11333339.515562013
historical_percentage_change_cf_historical,0.0
ssp126_percentage_change_cf_historical,0.1850387802699217
ssp370_percentage_change_cf_historical,0.2845681317258617
ssp585_percentage_change_cf_historical,0.1703652049645111
