Key,Value
historical,11078833.217207044
ssp126,11165081.056186192
ssp370,11186909.45028131
ssp585,11194941.645120282
historical_percentage_change_cf_historical,0.0
ssp126_percentage_change_cf_historical,0.77849207843649
ssp370_percentage_change_cf_historical,0.9755199934448721
ssp585_percentage_change_cf_historical,1.0480203613220211
