Key,Value
historical,5543490.366657067
ssp126,5619164.699062213
ssp370,5654202.8494157065
ssp585,5665046.211810289
historical_percentage_change_cf_historical,0.0
ssp126_percentage_change_cf_historical,1.3651026230750116
ssp370_percentage_change_cf_historical,1.9971619942654137
ssp585_percentage_change_cf_historical,2.1927673201049434
