Key,Value
historical,8765817.419819007
ssp126,8853023.458650257
ssp370,8940332.026173824
ssp585,8993575.77464583
historical_percentage_change_cf_historical,0.0
ssp126_percentage_change_cf_historical,0.9948420626932398
ssp370_percentage_change_cf_historical,1.9908537675020508
ssp585_percentage_change_cf_historical,2.5982557463708336
