Key,Value
historical,11387031.002983645
ssp126,11475527.684879282
ssp370,11492761.399945468
ssp585,11508214.602671742
historical_percentage_change_cf_historical,0.0
ssp126_percentage_change_cf_historical,0.777170817155498
ssp370_percentage_change_cf_historical,0.9285159312740914
ssp585_percentage_change_cf_historical,1.064224727730566
