Key,Value
historical,10995321.34718781
ssp126,11005204.81734514
ssp370,11027220.790221063
ssp585,10986282.964121426
historical_percentage_change_cf_historical,0.0
ssp126_percentage_change_cf_historical,0.08988796093584546
ssp370_percentage_change_cf_historical,0.2901183332983029
ssp585_percentage_change_cf_historical,-0.08220208196730694
