Key,Value
historical,11298895.991827734
ssp126,11365426.672848418
ssp370,11365605.694263346
ssp585,11389504.674549423
historical_percentage_change_cf_historical,0.0
ssp126_percentage_change_cf_historical,0.5888246167484403
ssp370_percentage_change_cf_historical,0.5904090318546386
ssp585_percentage_change_cf_historical,0.8019250977018002
