Key,Value
historical,11100689.377438763
ssp126,11153305.300103363
ssp370,11152332.671907082
ssp585,11161429.561073309
historical_percentage_change_cf_historical,0.0
ssp126_percentage_change_cf_historical,0.4739878837753718
ssp370_percentage_change_cf_historical,0.4652260117581507
ssp585_percentage_change_cf_historical,0.5471748786881208
