Key,Value
historical,11384142.694108907
ssp126,11474381.357412115
ssp370,11463100.612069681
ssp585,11484797.372436505
historical_percentage_change_cf_historical,0.0
ssp126_percentage_change_cf_historical,0.7926698191327531
ssp370_percentage_change_cf_historical,0.6935780768246473
ssp585_percentage_change_cf_historical,0.8841656419124534
