Key,Value
historical,11358701.854715839
ssp126,11445740.18678134
ssp370,11505635.778885944
ssp585,11552223.248069083
historical_percentage_change_cf_historical,0.0
ssp126_percentage_change_cf_historical,0.7662700648257992
ssp370_percentage_change_cf_historical,1.2935802528270572
ssp585_percentage_change_cf_historical,1.7037280829137988
