Key,Value
historical,11298111.81638164
ssp126,11371916.994372457
ssp370,11379955.359175839
ssp585,11374255.815281475
historical_percentage_change_cf_historical,0.0
ssp126_percentage_change_cf_historical,0.6532523238423175
ssp370_percentage_change_cf_historical,0.7244001840690686
ssp585_percentage_change_cf_historical,0.6739533130609454
