Key,Value
historical,11348090.886143746
ssp126,11374431.41061933
ssp370,11433122.334502425
ssp585,11446475.20054128
historical_percentage_change_cf_historical,0.0
ssp126_percentage_change_cf_historical,0.2321141480083327
ssp370_percentage_change_cf_historical,0.7493017919208274
ssp585_percentage_change_cf_historical,0.8669679806465389
