Key,Value
historical,11538612.151649022
ssp126,11616180.799296346
ssp370,11621338.932189483
ssp585,11607505.07536516
historical_percentage_change_cf_historical,0.0
ssp126_percentage_change_cf_historical,0.672252837931098
ssp370_percentage_change_cf_historical,0.716956072820577
ssp585_percentage_change_cf_historical,0.5970642119753672
