Key,Value
historical,11566894.003353018
ssp126,11676391.462342545
ssp370,11686465.715439549
ssp585,11645358.13404726
historical_percentage_change_cf_historical,0.0
ssp126_percentage_change_cf_historical,0.9466453047618997
ssp370_percentage_change_cf_historical,1.0337408819676992
ssp585_percentage_change_cf_historical,0.6783509096867055
