Key,Value
historical,11285977.589291751
ssp126,11323820.123647574
ssp370,11357567.769650886
ssp585,11319766.282898013
historical_percentage_change_cf_historical,0.0
ssp126_percentage_change_cf_historical,0.33530577264062905
ssp370_percentage_change_cf_historical,0.634328570943291
ssp585_percentage_change_cf_historical,0.2993865027547123
