Key,Value
historical,11489022.63005604
ssp126,11612054.151481759
ssp370,11691315.31259505
ssp585,11706449.32738384
historical_percentage_change_cf_historical,0.0
ssp126_percentage_change_cf_historical,1.0708615117865627
ssp370_percentage_change_cf_historical,1.760747533126094
ssp585_percentage_change_cf_historical,1.8924734011664102
