Key,Value
historical,11333803.23974562
ssp126,11397812.811701857
ssp370,11446968.958795479
ssp585,11419272.647212941
historical_percentage_change_cf_historical,0.0
ssp126_percentage_change_cf_historical,0.564766924237451
ssp370_percentage_change_cf_historical,0.9984796511466335
ssp585_percentage_change_cf_historical,0.7541105634125943
