Key,Value
historical,11052440.927003328
ssp126,11050036.289333124
ssp370,11061013.94942311
ssp585,11101750.855128193
historical_percentage_change_cf_historical,0.0
ssp126_percentage_change_cf_historical,-0.021756620877556847
ssp370_percentage_change_cf_historical,0.07756677892606278
ssp585_percentage_change_cf_historical,0.44614514070273364
