Key,Value
historical,11543844.457779843
ssp126,11585410.422740784
ssp370,11609742.23079336
ssp585,11605732.785815239
historical_percentage_change_cf_historical,0.0
ssp126_percentage_change_cf_historical,0.3600703830769937
ssp370_percentage_change_cf_historical,0.5708477210909249
ssp585_percentage_change_cf_historical,0.5361154012577384
