Key,Value
historical,5509873.346364564
ssp126,5571183.927444452
ssp370,5593963.8240308985
ssp585,5604821.7433916265
historical_percentage_change_cf_historical,0.0
ssp126_percentage_change_cf_historical,1.1127402977482435
ssp370_percentage_change_cf_historical,1.5261780512943637
ssp585_percentage_change_cf_historical,1.7232410086106529
