Key,Value
historical,5530144.697937932
ssp126,5557801.659415027
ssp370,5580594.875618845
ssp585,5558314.8118863795
historical_percentage_change_cf_historical,0.0
ssp126_percentage_change_cf_historical,0.500112799714046
ssp370_percentage_change_cf_historical,0.9122759066272735
ssp585_percentage_change_cf_historical,0.5093919867766143
