Key,Value
historical,11272347.36120509
ssp126,11348644.879721586
ssp370,11351693.593110658
ssp585,11363058.660736762
historical_percentage_change_cf_historical,0.0
ssp126_percentage_change_cf_historical,0.6768556368222058
ssp370_percentage_change_cf_historical,0.7039015864490336
ssp585_percentage_change_cf_historical,0.8047241326492843
