Key,Value
historical,11279470.069147184
ssp126,11379399.16599615
ssp370,11403034.197699545
ssp585,11479217.110310974
historical_percentage_change_cf_historical,0.0
ssp126_percentage_change_cf_historical,0.885937869743557
ssp370_percentage_change_cf_historical,1.0954781367818538
ssp585_percentage_change_cf_historical,1.7708902983851929
