Key,Value
historical,11592215.776260313
ssp126,11680253.53397797
ssp370,11695346.15961194
ssp585,11637676.47010413
historical_percentage_change_cf_historical,0.0
ssp126_percentage_change_cf_historical,0.759455822914807
ssp370_percentage_change_cf_historical,0.8896520332448292
ssp585_percentage_change_cf_historical,0.39216569740632545
