Key,Value
historical,11567809.662284076
ssp126,11647660.773681782
ssp370,11702829.142520482
ssp585,11768834.954322638
historical_percentage_change_cf_historical,0.0
ssp126_percentage_change_cf_historical,0.6902872171043251
ssp370_percentage_change_cf_historical,1.1672000506424807
ssp585_percentage_change_cf_historical,1.7377990985967615
