Key,Value
historical,5813830.658681512
ssp126,5902423.829392821
ssp370,5871987.204047225
ssp585,5866149.206424318
historical_percentage_change_cf_historical,0.0
ssp126_percentage_change_cf_historical,1.5238347298440285
ssp370_percentage_change_cf_historical,1.0003137136247886
ssp585_percentage_change_cf_historical,0.899898033058146
