Key,Value
historical,11375326.499208787
ssp126,11475721.303859
ssp370,11582444.440305553
ssp585,11576069.392157618
historical_percentage_change_cf_historical,0.0
ssp126_percentage_change_cf_historical,0.8825663567300216
ssp370_percentage_change_cf_historical,1.8207648027612398
ssp585_percentage_change_cf_historical,1.7647220320471082
