Key,Value
historical,5768471.762758855
ssp126,5810442.393702552
ssp370,5822749.086655594
ssp585,5822142.4756930545
historical_percentage_change_cf_historical,0.0
ssp126_percentage_change_cf_historical,0.7275866584744083
ssp370_percentage_change_cf_historical,0.9409307374468401
ssp585_percentage_change_cf_historical,0.9304147639362098
