Key,Value
historical,11316278.612150954
ssp126,11457715.03511911
ssp370,11436495.945042353
ssp585,11444017.55120917
historical_percentage_change_cf_historical,0.0
ssp126_percentage_change_cf_historical,1.2498492465207425
ssp370_percentage_change_cf_historical,1.0623398116260112
ssp585_percentage_change_cf_historical,1.128806946490832
