Key,Value
historical,11470806.206542488
ssp126,11505667.969515074
ssp370,11532773.867165495
ssp585,11517862.306883171
historical_percentage_change_cf_historical,0.0
ssp126_percentage_change_cf_historical,0.3039172865870762
ssp370_percentage_change_cf_historical,0.5402206218745345
ssp585_percentage_change_cf_historical,0.41022487428864507
