Key,Value
historical,11133261.443741174
ssp126,11163596.941659354
ssp370,11188899.950500818
ssp585,11143960.647169568
historical_percentage_change_cf_historical,0.0
ssp126_percentage_change_cf_historical,0.2724762916192279
ssp370_percentage_change_cf_historical,0.4997502936654924
ssp585_percentage_change_cf_historical,0.09610125013643724
