Key,Value
historical,11379000.667545715
ssp126,11489756.274500784
ssp370,11509752.715561084
ssp585,11515412.039946765
historical_percentage_change_cf_historical,0.0
ssp126_percentage_change_cf_historical,0.9733333373549803
ssp370_percentage_change_cf_historical,1.1490644199388242
ssp585_percentage_change_cf_historical,1.198799230147785
