Key,Value
historical,9098638.438286476
ssp126,9130474.888636457
ssp370,9138232.26138847
ssp585,9131256.215071708
historical_percentage_change_cf_historical,0.0
ssp126_percentage_change_cf_historical,0.3499034560601426
ssp370_percentage_change_cf_historical,0.43516206705593913
ssp585_percentage_change_cf_historical,0.35849074569199996
