Key,Value
historical,9467316.90081969
ssp126,9566183.445889354
ssp370,9576721.821174184
ssp585,9551710.540039826
historical_percentage_change_cf_historical,0.0
ssp126_percentage_change_cf_historical,1.044293183648504
ssp370_percentage_change_cf_historical,1.155606403594883
ssp585_percentage_change_cf_historical,0.891420875674167
