Key,Value
historical,5810149.927304372
ssp126,5875065.125584066
ssp370,5906182.703381278
ssp585,5949037.100941818
historical_percentage_change_cf_historical,0.0
ssp126_percentage_change_cf_historical,1.117272343948123
ssp370_percentage_change_cf_historical,1.6528450604278981
ssp585_percentage_change_cf_historical,2.390423231331019
