Key,Value
historical,5514895.7161744125
ssp126,5542158.248813156
ssp370,5559009.415365828
ssp585,5575219.80575753
historical_percentage_change_cf_historical,0.0
ssp126_percentage_change_cf_historical,0.4943435749616507
ssp370_percentage_change_cf_historical,0.799900876856772
ssp585_percentage_change_cf_historical,1.0938391709963882
