Key,Value
historical,11517233.204057673
ssp126,11609019.125606092
ssp370,11605866.632130075
ssp585,11613980.028008066
historical_percentage_change_cf_historical,0.0
ssp126_percentage_change_cf_historical,0.79694419590359
ssp370_percentage_change_cf_historical,0.7695722271315608
ssp585_percentage_change_cf_historical,0.8400179299687007
