Key,Value
historical,11239271.978043798
ssp126,11296798.346653458
ssp370,11333646.350037495
ssp585,11353744.739659935
historical_percentage_change_cf_historical,0.0
ssp126_percentage_change_cf_historical,0.511833584257402
ssp370_percentage_change_cf_historical,0.8396840309413192
ssp585_percentage_change_cf_historical,1.0185069089862966
