Key,Value
historical,11344559.902969666
ssp126,11416853.735257482
ssp370,11413220.595809504
ssp585,11403545.822536526
historical_percentage_change_cf_historical,0.0
ssp126_percentage_change_cf_historical,0.637255503132316
ssp370_percentage_change_cf_historical,0.6052301140555064
ssp585_percentage_change_cf_historical,0.519948945321534
