Key,Value
historical,10571584.613801466
ssp126,10619952.721655607
ssp370,10617671.67486161
ssp585,10626832.339457044
historical_percentage_change_cf_historical,0.0
ssp126_percentage_change_cf_historical,0.4575294018930251
ssp370_percentage_change_cf_historical,0.43595225071533583
ssp585_percentage_change_cf_historical,0.5226059070032963
