Key,Value
historical,11554220.300694063
ssp126,11572973.57768441
ssp370,11628277.924157172
ssp585,11611767.825522238
historical_percentage_change_cf_historical,0.0
ssp126_percentage_change_cf_historical,0.16230672864373288
ssp370_percentage_change_cf_historical,0.6409573431680239
ssp585_percentage_change_cf_historical,0.49806497825489965
