Key,Value
historical,11344434.385999128
ssp126,11394004.33886527
ssp370,11380803.163887942
ssp585,11384124.354990032
historical_percentage_change_cf_historical,0.0
ssp126_percentage_change_cf_historical,0.43695393864078386
ssp370_percentage_change_cf_historical,0.3205869649499578
ssp585_percentage_change_cf_historical,0.3498629163908534
