Key,Value
historical,8758225.671920095
ssp126,8876716.131482992
ssp370,8897030.252882458
ssp585,8963623.694748428
historical_percentage_change_cf_historical,0.0
ssp126_percentage_change_cf_historical,1.352904846272597
ssp370_percentage_change_cf_historical,1.5848481891416375
ssp585_percentage_change_cf_historical,2.345201305863394
