Key,Value
historical,11321244.787458945
ssp126,11399815.206346044
ssp370,11429980.391591415
ssp585,11489658.877568852
historical_percentage_change_cf_historical,0.0
ssp126_percentage_change_cf_historical,0.6940086568407676
ssp370_percentage_change_cf_historical,0.960456258775723
ssp585_percentage_change_cf_historical,1.4875933987088328
