Key,Value
historical,8386928.071323684
ssp126,8487902.698650843
ssp370,8528852.508065125
ssp585,8538446.833817024
historical_percentage_change_cf_historical,0.0
ssp126_percentage_change_cf_historical,1.2039524658904293
ssp370_percentage_change_cf_historical,1.6922100146143382
ssp585_percentage_change_cf_historical,1.8066061996096932
