Key,Value
historical,5799284.421325853
ssp126,5825870.074554374
ssp370,5870009.570512781
ssp585,5880436.011331487
historical_percentage_change_cf_historical,0.0
ssp126_percentage_change_cf_historical,0.45842989060438666
ssp370_percentage_change_cf_historical,1.2195495866153498
ssp585_percentage_change_cf_historical,1.3993379891355835
