Key,Value
historical,9040400.962545011
ssp126,9146018.881325599
ssp370,9179380.08802239
ssp585,9201592.033925459
historical_percentage_change_cf_historical,0.0
ssp126_percentage_change_cf_historical,1.1682879909659953
ssp370_percentage_change_cf_historical,1.537311520287419
ssp585_percentage_change_cf_historical,1.7830079887858188
