Key,Value
historical,11125344.895415287
ssp126,11105457.81022252
ssp370,11154314.35502453
ssp585,11122258.225322098
historical_percentage_change_cf_historical,0.0
ssp126_percentage_change_cf_historical,-0.17875477461344408
ssp370_percentage_change_cf_historical,0.26039156432067434
ssp585_percentage_change_cf_historical,-0.027744489022195888
