Key,Value
historical,11549191.123256385
ssp126,11655484.33937944
ssp370,11637725.272351142
ssp585,11686096.308423078
historical_percentage_change_cf_historical,0.0
ssp126_percentage_change_cf_historical,0.9203520401442936
ssp370_percentage_change_cf_historical,0.7665831152146853
ssp585_percentage_change_cf_historical,1.185409295816475
