Key,Value
historical,11403139.118861146
ssp126,11449944.270831507
ssp370,11488659.555897372
ssp585,11501058.795871938
historical_percentage_change_cf_historical,0.0
ssp126_percentage_change_cf_historical,0.4104584841286664
ssp370_percentage_change_cf_historical,0.7499727587710661
ssp585_percentage_change_cf_historical,0.8587080802059952
