Key,Value
historical,11558088.455723975
ssp126,11656267.351684973
ssp370,11691226.270463564
ssp585,11694090.503352705
historical_percentage_change_cf_historical,0.0
ssp126_percentage_change_cf_historical,0.8494388699056558
ssp370_percentage_change_cf_historical,1.1519016769044892
ssp585_percentage_change_cf_historical,1.1766828758035461
