Key,Value
historical,4824387.091109406
ssp126,4845831.8406215105
ssp370,4861266.477570314
ssp585,4867282.557638219
historical_percentage_change_cf_historical,0.0
ssp126_percentage_change_cf_historical,0.444507231843474
ssp370_percentage_change_cf_historical,0.7644367204462246
ssp585_percentage_change_cf_historical,0.889138158251482
