Key,Value
historical,11310235.797377195
ssp126,11424266.447337724
ssp370,11438613.890665872
ssp585,11470037.635827985
historical_percentage_change_cf_historical,0.0
ssp126_percentage_change_cf_historical,1.0082075387585852
ssp370_percentage_change_cf_historical,1.135061156889826
ssp585_percentage_change_cf_historical,1.4128957283794823
