Key,Value
historical,5777333.544445444
ssp126,5895142.997901071
ssp370,5905300.921718318
ssp585,5946627.1214748435
historical_percentage_change_cf_historical,0.0
ssp126_percentage_change_cf_historical,2.0391665558048593
ssp370_percentage_change_cf_historical,2.2149902941973463
ssp585_percentage_change_cf_historical,2.930306442011905
