Key,Value
historical,11330269.153269878
ssp126,11408139.561505133
ssp370,11414328.039994938
ssp585,11511619.821163123
historical_percentage_change_cf_historical,0.0
ssp126_percentage_change_cf_historical,0.6872776558249941
ssp370_percentage_change_cf_historical,0.7418966450660311
ssp585_percentage_change_cf_historical,1.6005857004809867
