Key,Value
historical,8219883.5165501945
ssp126,8265949.93833725
ssp370,8259431.318061072
ssp585,8285376.363282438
historical_percentage_change_cf_historical,0.0
ssp126_percentage_change_cf_historical,0.560426698192298
ssp370_percentage_change_cf_historical,0.48112362457753827
ssp585_percentage_change_cf_historical,0.7967612509396071
