Key,Value
historical,11346382.723621594
ssp126,11419651.03284163
ssp370,11411128.71177433
ssp585,11398344.17170988
historical_percentage_change_cf_historical,0.0
ssp126_percentage_change_cf_historical,0.6457415636747563
ssp370_percentage_change_cf_historical,0.5706310965339167
ssp585_percentage_change_cf_historical,0.45795606717998255
