Key,Value
historical,8931981.130046122
ssp126,9022661.624261972
ssp370,8985504.434874246
ssp585,9048646.36784844
historical_percentage_change_cf_historical,0.0
ssp126_percentage_change_cf_historical,1.0152338310569353
ssp370_percentage_change_cf_historical,0.599232175357806
ssp585_percentage_change_cf_historical,1.306151861537967
