Key,Value
historical,11219536.103607683
ssp126,11269122.732521815
ssp370,11289891.799619513
ssp585,11290432.51251291
historical_percentage_change_cf_historical,0.0
ssp126_percentage_change_cf_historical,0.44196683763233274
ssp370_percentage_change_cf_historical,0.6270820412013915
ssp585_percentage_change_cf_historical,0.6319014284595041
