Key,Value
historical,10571061.07365523
ssp126,10705588.736070372
ssp370,10696193.844171448
ssp585,10727753.990075462
historical_percentage_change_cf_historical,0.0
ssp126_percentage_change_cf_historical,1.2726032086826706
ssp370_percentage_change_cf_historical,1.1837295200958358
ssp585_percentage_change_cf_historical,1.4822818194734904
