Key,Value
historical,11279141.620513933
ssp126,11319139.218236351
ssp370,11331151.774912361
ssp585,11338646.028058015
historical_percentage_change_cf_historical,0.0
ssp126_percentage_change_cf_historical,0.3546156176430394
ssp370_percentage_change_cf_historical,0.4611180189796964
ssp585_percentage_change_cf_historical,0.5275614895716747
