Key,Value
historical,11560350.383327674
ssp126,11665602.327591838
ssp370,11685193.337878212
ssp585,11756520.163625944
historical_percentage_change_cf_historical,0.0
ssp126_percentage_change_cf_historical,0.9104563510112845
ssp370_percentage_change_cf_historical,1.0799236217838741
ssp585_percentage_change_cf_historical,1.6969189842306696
