Key,Value
historical,11357909.742687888
ssp126,11416682.968298117
ssp370,11419726.531255923
ssp585,11424300.061285831
historical_percentage_change_cf_historical,0.0
ssp126_percentage_change_cf_historical,0.517465158129698
ssp370_percentage_change_cf_historical,0.5442620162379069
ssp585_percentage_change_cf_historical,0.5845293729392772
