Key,Value
historical,11000140.320853185
ssp126,11024910.001580922
ssp370,11096247.64921937
ssp585,11064732.728541993
historical_percentage_change_cf_historical,0.0
ssp126_percentage_change_cf_historical,0.22517604326174503
ssp370_percentage_change_cf_historical,0.8736918399485507
ssp585_percentage_change_cf_historical,0.5871962157278902
