Key,Value
historical,5788841.096852111
ssp126,5817299.210390747
ssp370,5843405.793035366
ssp585,5864872.098693706
historical_percentage_change_cf_historical,0.0
ssp126_percentage_change_cf_historical,0.4916029488892174
ssp370_percentage_change_cf_historical,0.942584107429144
ssp585_percentage_change_cf_historical,1.3134062685351646
