Key,Value
historical,5473153.218334891
ssp126,5494315.987156073
ssp370,5523364.189523587
ssp585,5521094.531673778
historical_percentage_change_cf_historical,0.0
ssp126_percentage_change_cf_historical,0.38666501698302763
ssp370_percentage_change_cf_historical,0.9174048155730582
ssp585_percentage_change_cf_historical,0.8759358897223096
