Key,Value
historical,11291805.43664566
ssp126,11333760.917910824
ssp370,11330124.245148689
ssp585,11346158.183471683
historical_percentage_change_cf_historical,0.0
ssp126_percentage_change_cf_historical,0.3715568914161731
ssp370_percentage_change_cf_historical,0.3393505911700421
ssp585_percentage_change_cf_historical,0.4813468238624635
