Key,Value
historical,11501142.168114759
ssp126,11556311.900151294
ssp370,11628320.956639946
ssp585,11638314.600841418
historical_percentage_change_cf_historical,0.0
ssp126_percentage_change_cf_historical,0.4796891580862703
ssp370_percentage_change_cf_historical,1.1057926827282523
ssp585_percentage_change_cf_historical,1.192685306568503
