Key,Value
historical,5700439.214323321
ssp126,5749569.081479123
ssp370,5768640.408074984
ssp585,5780019.976697791
historical_percentage_change_cf_historical,0.0
ssp126_percentage_change_cf_historical,0.8618610831311799
ssp370_percentage_change_cf_historical,1.1964199807673748
ssp585_percentage_change_cf_historical,1.3960461533299018
