Key,Value
historical,5518253.556563621
ssp126,5553305.837255141
ssp370,5579143.319153568
ssp585,5587609.597990533
historical_percentage_change_cf_historical,0.0
ssp126_percentage_change_cf_historical,0.635206054455886
ssp370_percentage_change_cf_historical,1.1034245158510663
ssp585_percentage_change_cf_historical,1.2568476731993807
