Key,Value
historical,11275324.913103757
ssp126,11391714.905900098
ssp370,11377215.3219709
ssp585,11393194.090814793
historical_percentage_change_cf_historical,0.0
ssp126_percentage_change_cf_historical,1.0322540032622642
ssp370_percentage_change_cf_historical,0.9036582950148949
ssp585_percentage_change_cf_historical,1.0453727818881118
