Key,Value
historical,11329806.09069366
ssp126,11446779.16446597
ssp370,11436580.711481888
ssp585,11424838.452994227
historical_percentage_change_cf_historical,0.0
ssp126_percentage_change_cf_historical,1.032436679286077
ssp370_percentage_change_cf_historical,0.9424223144995642
ssp585_percentage_change_cf_historical,0.8387818956462744
