Key,Value
historical,7988961.663904525
ssp126,8034764.673063124
ssp370,8049129.415584374
ssp585,8046113.608654118
historical_percentage_change_cf_historical,0.0
ssp126_percentage_change_cf_historical,0.5733286888275352
ssp370_percentage_change_cf_historical,0.7531360671274331
ssp585_percentage_change_cf_historical,0.7153863938015239
