Key,Value
historical,5718952.9377375515
ssp126,5762334.351074549
ssp370,5789396.673432913
ssp585,5761910.367239967
historical_percentage_change_cf_historical,0.0
ssp126_percentage_change_cf_historical,0.7585551727613932
ssp370_percentage_change_cf_historical,1.2317593178731259
ssp585_percentage_change_cf_historical,0.7511415108691147
