Key,Value
historical,11326336.255837042
ssp126,11403187.2975933
ssp370,11431720.66799394
ssp585,11493742.214939445
historical_percentage_change_cf_historical,0.0
ssp126_percentage_change_cf_historical,0.678516335912702
ssp370_percentage_change_cf_historical,0.9304369018939248
ssp585_percentage_change_cf_historical,1.4780239198366594
