Key,Value
historical,10993799.010856973
ssp126,11000362.08551174
ssp370,11040284.815479893
ssp585,11084974.742926814
historical_percentage_change_cf_historical,0.0
ssp126_percentage_change_cf_historical,0.059697968357306674
ssp370_percentage_change_cf_historical,0.42283658794392165
ssp585_percentage_change_cf_historical,0.8293378110678545
