Key,Value
historical,11346731.538120136
ssp126,11384585.589783423
ssp370,11387253.691401012
ssp585,11399984.576556075
historical_percentage_change_cf_historical,0.0
ssp126_percentage_change_cf_historical,0.3336119439868094
ssp370_percentage_change_cf_historical,0.35712621863608546
ssp585_percentage_change_cf_historical,0.46932491755033073
