Key,Value
historical,11279542.741960742
ssp126,11335364.585457753
ssp370,11346613.736623585
ssp585,11358123.030324353
historical_percentage_change_cf_historical,0.0
ssp126_percentage_change_cf_historical,0.4948945606575911
ssp370_percentage_change_cf_historical,0.5946251208689031
ssp585_percentage_change_cf_historical,0.6966620027183086
