Key,Value
historical,11316278.612150954
ssp126,11476311.576261299
ssp370,11512231.56263164
ssp585,11580173.91532318
historical_percentage_change_cf_historical,0.0
ssp126_percentage_change_cf_historical,1.4141836693425685
ssp370_percentage_change_cf_historical,1.731602386232169
ssp585_percentage_change_cf_historical,2.3319972246783074
