Key,Value
historical,11522160.359321753
ssp126,11595754.289579377
ssp370,11589696.24571387
ssp585,11671542.07143207
historical_percentage_change_cf_historical,0.0
ssp126_percentage_change_cf_historical,0.6387164209017838
ssp370_percentage_change_cf_historical,0.5861390944579079
ssp585_percentage_change_cf_historical,1.2964731218088301
