Key,Value
historical,11278498.106265355
ssp126,11346979.935339114
ssp370,11385312.138095073
ssp585,11346118.986220062
historical_percentage_change_cf_historical,0.0
ssp126_percentage_change_cf_historical,0.607189258964509
ssp370_percentage_change_cf_historical,0.9470590039854853
ssp585_percentage_change_cf_historical,0.5995557149328472
