Key,Value
historical,11380117.856693408
ssp126,11481850.241549425
ssp370,11460569.012447324
ssp585,11509126.403430307
historical_percentage_change_cf_historical,0.0
ssp126_percentage_change_cf_historical,0.8939484295075354
ssp370_percentage_change_cf_historical,0.7069448380677132
ssp585_percentage_change_cf_historical,1.1336310252799466
