Key,Value
historical,11274002.773136206
ssp126,11317861.885255046
ssp370,11335795.711885553
ssp585,11327927.034400564
historical_percentage_change_cf_historical,0.0
ssp126_percentage_change_cf_historical,0.38902875049266533
ssp370_percentage_change_cf_historical,0.5481011491019644
ssp585_percentage_change_cf_historical,0.4783062621986303
