Key,Value
historical,11306765.53622567
ssp126,11369257.53254389
ssp370,11352201.712587664
ssp585,11345691.248210743
historical_percentage_change_cf_historical,0.0
ssp126_percentage_change_cf_historical,0.5526956061660907
ssp370_percentage_change_cf_historical,0.40184946098353386
ssp585_percentage_change_cf_historical,0.3442692064353874
