Key,Value
historical,5770584.283065954
ssp126,5850304.890661338
ssp370,5851395.984029734
ssp585,5900218.999060404
historical_percentage_change_cf_historical,0.0
ssp126_percentage_change_cf_historical,1.3814997526217219
ssp370_percentage_change_cf_historical,1.400407601721112
ssp585_percentage_change_cf_historical,2.246474700575267
