Key,Value
historical,11519524.671496924
ssp126,11585669.020360516
ssp370,11578825.368415877
ssp585,11598318.494731743
historical_percentage_change_cf_historical,0.0
ssp126_percentage_change_cf_historical,0.5741933868786717
ssp370_percentage_change_cf_historical,0.5147842346801215
ssp585_percentage_change_cf_historical,0.6840023827526547
