Key,Value
historical,11326600.972620068
ssp126,11353586.755594451
ssp370,11375376.020729106
ssp585,11401262.635646313
historical_percentage_change_cf_historical,0.0
ssp126_percentage_change_cf_historical,0.23825137867587928
ssp370_percentage_change_cf_historical,0.4306238758383237
ssp585_percentage_change_cf_historical,0.6591709481664081
