Key,Value
historical,11415900.806414977
ssp126,11481095.501990933
ssp370,11475999.73502475
ssp585,11469472.291473016
historical_percentage_change_cf_historical,0.0
ssp126_percentage_change_cf_historical,0.5710867384142053
ssp370_percentage_change_cf_historical,0.5264492888375653
ssp585_percentage_change_cf_historical,0.4692707651062965
