Key,Value
historical,11281028.054204103
ssp126,11368723.56475536
ssp370,11361711.846217882
ssp585,11373984.512677547
historical_percentage_change_cf_historical,0.0
ssp126_percentage_change_cf_historical,0.7773716201208768
ssp370_percentage_change_cf_historical,0.7152166595642038
ssp585_percentage_change_cf_historical,0.824006979034166
