Key,Value
historical,11020739.336511835
ssp126,11111726.234573152
ssp370,11123831.026682515
ssp585,11119484.268785812
historical_percentage_change_cf_historical,0.0
ssp126_percentage_change_cf_historical,0.8255970428397288
ssp370_percentage_change_cf_historical,0.9354335224056638
ssp585_percentage_change_cf_historical,0.8959919045252565
