Key,Value
historical,11076902.341759205
ssp126,11039310.796370612
ssp370,11092200.16278158
ssp585,11080794.038523115
historical_percentage_change_cf_historical,0.0
ssp126_percentage_change_cf_historical,-0.3393687533641487
ssp370_percentage_change_cf_historical,0.13810558719744923
ssp585_percentage_change_cf_historical,0.035133439330225995
