Key,Value
historical,11540589.314879835
ssp126,11597484.340871401
ssp370,11611532.684981158
ssp585,11615243.596333567
historical_percentage_change_cf_historical,0.0
ssp126_percentage_change_cf_historical,0.49299931259323987
ssp370_percentage_change_cf_historical,0.6147291803361608
ssp585_percentage_change_cf_historical,0.6468844823849424
