Key,Value
historical,5765322.502694955
ssp126,5808547.562306665
ssp370,5832877.8295753375
ssp585,5840427.45849327
historical_percentage_change_cf_historical,0.0
ssp126_percentage_change_cf_historical,0.7497422666555873
ssp370_percentage_change_cf_historical,1.1717527831063077
ssp585_percentage_change_cf_historical,1.3027017268020593
