Key,Value
historical,11243915.666870434
ssp126,11357073.756542118
ssp370,11386458.61840208
ssp585,11426929.718836855
historical_percentage_change_cf_historical,0.0
ssp126_percentage_change_cf_historical,1.0063939736323209
ssp370_percentage_change_cf_historical,1.2677340861924247
ssp585_percentage_change_cf_historical,1.6276718661779181
