Key,Value
historical,11514734.757652083
ssp126,11621552.734829094
ssp370,11658048.432660429
ssp585,11683115.65282036
historical_percentage_change_cf_historical,0.0
ssp126_percentage_change_cf_historical,0.9276633758847572
ssp370_percentage_change_cf_historical,1.2446111701627058
ssp585_percentage_change_cf_historical,1.4623080662485906
