Key,Value
historical,8397174.72034721
ssp126,8487186.837927055
ssp370,8502685.101268742
ssp585,8562792.400156531
historical_percentage_change_cf_historical,0.0
ssp126_percentage_change_cf_historical,1.071933365417958
ssp370_percentage_change_cf_historical,1.2564985776212214
ssp585_percentage_change_cf_historical,1.9723024150969752
