Key,Value
historical,11445837.426278241
ssp126,11555399.473823084
ssp370,11583169.29785074
ssp585,11609023.20725866
historical_percentage_change_cf_historical,0.0
ssp126_percentage_change_cf_historical,0.9572217694906408
ssp370_percentage_change_cf_historical,1.199841186431681
ssp585_percentage_change_cf_historical,1.4257216392552003
