Key,Value
historical,10578308.25305034
ssp126,10641573.994785955
ssp370,10669552.230178468
ssp585,10651053.11152468
historical_percentage_change_cf_historical,0.0
ssp126_percentage_change_cf_historical,0.5980705063815062
ssp370_percentage_change_cf_historical,0.8625573668815772
ssp585_percentage_change_cf_historical,0.687679511072706
