Key,Value
historical,11105931.92056201
ssp126,11120482.243403312
ssp370,11184022.61297809
ssp585,11204597.548455928
historical_percentage_change_cf_historical,0.0
ssp126_percentage_change_cf_historical,0.13101397474229473
ssp370_percentage_change_cf_historical,0.7031439862466544
ssp585_percentage_change_cf_historical,0.8884047606238553
