Key,Value
historical,11205457.155643538
ssp126,11244555.9702226
ssp370,11247516.69890086
ssp585,11258940.283334527
historical_percentage_change_cf_historical,0.0
ssp126_percentage_change_cf_historical,0.3489265456641398
ssp370_percentage_change_cf_historical,0.3753487490346542
ssp585_percentage_change_cf_historical,0.4772953655358289
