Key,Value
historical,5752529.105660278
ssp126,5804719.916935986
ssp370,5846164.527746943
ssp585,5835890.143448437
historical_percentage_change_cf_historical,0.0
ssp126_percentage_change_cf_historical,0.9072672265900177
ssp370_percentage_change_cf_historical,1.6277261769007068
ssp585_percentage_change_cf_historical,1.4491197916084262
