Key,Value
historical,11280487.486884601
ssp126,11375634.786590021
ssp370,11374939.356113726
ssp585,11395575.476898666
historical_percentage_change_cf_historical,0.0
ssp126_percentage_change_cf_historical,0.8434679779224423
ssp370_percentage_change_cf_historical,0.8373030805533936
ssp585_percentage_change_cf_historical,1.0202395078038387
