Key,Value
historical,10982527.72179382
ssp126,11028970.388514241
ssp370,11038042.115167584
ssp585,11065069.915358104
historical_percentage_change_cf_historical,0.0
ssp126_percentage_change_cf_historical,0.42287775543931266
ssp370_percentage_change_cf_historical,0.5054792009639258
ssp585_percentage_change_cf_historical,0.7515773750380541
