Key,Value
historical,5777723.964226979
ssp126,5868226.94651296
ssp370,5869747.270726963
ssp585,5897612.9639594145
historical_percentage_change_cf_historical,0.0
ssp126_percentage_change_cf_historical,1.5664123597169768
ssp370_percentage_change_cf_historical,1.592725908502211
ssp585_percentage_change_cf_historical,2.075021244952744
