Key,Value
historical,5794249.785363739
ssp126,5840364.418077575
ssp370,5853859.995816339
ssp585,5857719.718135534
historical_percentage_change_cf_historical,0.0
ssp126_percentage_change_cf_historical,0.7958689118015094
ssp370_percentage_change_cf_historical,1.0287822006426905
ssp585_percentage_change_cf_historical,1.0953951783735558
