Key,Value
historical,11275803.330423709
ssp126,11321440.680094335
ssp370,11328453.078276932
ssp585,11323037.591830835
historical_percentage_change_cf_historical,0.0
ssp126_percentage_change_cf_historical,0.404737013703407
ssp370_percentage_change_cf_historical,0.46692680166890443
ssp585_percentage_change_cf_historical,0.41889930165490763
