Key,Value
historical,11417404.437078634
ssp126,11481116.933848122
ssp370,11484706.015499631
ssp585,11513480.387762396
historical_percentage_change_cf_historical,0.0
ssp126_percentage_change_cf_historical,0.5580296040190895
ssp370_percentage_change_cf_historical,0.5894647841538413
ssp585_percentage_change_cf_historical,0.841486795122625
