Key,Value
historical,11207211.216175038
ssp126,11256986.372757934
ssp370,11269362.25045539
ssp585,11285980.335382767
historical_percentage_change_cf_historical,0.0
ssp126_percentage_change_cf_historical,0.444135080733168
ssp370_percentage_change_cf_historical,0.5545628888536653
ssp585_percentage_change_cf_historical,0.7028431755978999
