Key,Value
historical,11324769.991049673
ssp126,11509096.586210508
ssp370,11499321.136761643
ssp585,11609574.61283086
historical_percentage_change_cf_historical,0.0
ssp126_percentage_change_cf_historical,1.6276409614192047
ssp370_percentage_change_cf_historical,1.5413217738631593
ssp585_percentage_change_cf_historical,2.5148821742629415
