Key,Value
historical,11252317.513756532
ssp126,11294612.511335857
ssp370,11291027.256126983
ssp585,11300212.977414379
historical_percentage_change_cf_historical,0.0
ssp126_percentage_change_cf_historical,0.3758781026896655
ssp370_percentage_change_cf_historical,0.34401573118716416
ssp585_percentage_change_cf_historical,0.4256497703632343
