Key,Value
historical,11310235.797377195
ssp126,11403759.664041506
ssp370,11404416.840776032
ssp585,11399583.190934239
historical_percentage_change_cf_historical,0.0
ssp126_percentage_change_cf_historical,0.8268958166725293
ssp370_percentage_change_cf_historical,0.8327062767398438
ssp585_percentage_change_cf_historical,0.7899693265260049
