Key,Value
historical,7930384.398664014
ssp126,7995798.194573595
ssp370,8000315.299381028
ssp585,8006348.407799149
historical_percentage_change_cf_historical,0.0
ssp126_percentage_change_cf_historical,0.8248502546812315
ssp370_percentage_change_cf_historical,0.8818097232309996
ssp585_percentage_change_cf_historical,0.9578855868314747
