Key,Value
historical,11289627.004402924
ssp126,11332415.525207985
ssp370,11332299.527112879
ssp585,11375603.541851534
historical_percentage_change_cf_historical,0.0
ssp126_percentage_change_cf_historical,0.3790073913723939
ssp370_percentage_change_cf_historical,0.3779799163720144
ssp585_percentage_change_cf_historical,0.7615533924644157
