Key,Value
historical,11347143.963685133
ssp126,11398562.148879096
ssp370,11391437.70826004
ssp585,11377404.78979514
historical_percentage_change_cf_historical,0.0
ssp126_percentage_change_cf_historical,0.45313768256153003
ssp370_percentage_change_cf_historical,0.39035148154164423
ssp585_percentage_change_cf_historical,0.2666823141299042
