Key,Value
historical,9483127.812443469
ssp126,9601664.838140296
ssp370,9623671.6304146
ssp585,9622058.566319533
historical_percentage_change_cf_historical,0.0
ssp126_percentage_change_cf_historical,1.2499781511041796
ssp370_percentage_change_cf_historical,1.4820407438431185
ssp585_percentage_change_cf_historical,1.465030911992595
