Key,Value
historical,11405350.54332548
ssp126,11525719.924819501
ssp370,11589379.261465168
ssp585,11625480.684902541
historical_percentage_change_cf_historical,0.0
ssp126_percentage_change_cf_historical,1.0553764308845586
ssp370_percentage_change_cf_historical,1.6135296976679327
ssp585_percentage_change_cf_historical,1.9300602882906
