Key,Value
historical,11298180.822203215
ssp126,11360783.100859217
ssp370,11357699.313383117
ssp585,11345940.795452498
historical_percentage_change_cf_historical,0.0
ssp126_percentage_change_cf_historical,0.5540916687487951
ssp370_percentage_change_cf_historical,0.5267971199658639
ssp585_percentage_change_cf_historical,0.422722684305288
