Key,Value
historical,11055842.156444646
ssp126,11093085.095842943
ssp370,11059826.868408613
ssp585,11086424.3657608
historical_percentage_change_cf_historical,0.0
ssp126_percentage_change_cf_historical,0.33686207591690887
ssp370_percentage_change_cf_historical,0.03604168644578314
ssp585_percentage_change_cf_historical,0.27661582793424894
