Key,Value
historical,11294993.813074708
ssp126,11392642.226255294
ssp370,11446431.231994215
ssp585,11443800.514883133
historical_percentage_change_cf_historical,0.0
ssp126_percentage_change_cf_historical,0.8645282573554968
ssp370_percentage_change_cf_historical,1.3407481351978123
ssp585_percentage_change_cf_historical,1.3174571342940533
