Key,Value
historical,5543485.311300485
ssp126,5563713.996380247
ssp370,5580030.640886859
ssp585,5594756.210329613
historical_percentage_change_cf_historical,0.0
ssp126_percentage_change_cf_historical,0.3649091490966031
ssp370_percentage_change_cf_historical,0.6592482442746874
ssp585_percentage_change_cf_historical,0.9248856297068336
