Key,Value
historical,5543232.331516929
ssp126,5613534.981357848
ssp370,5673043.783846552
ssp585,5661181.192195697
historical_percentage_change_cf_historical,0.0
ssp126_percentage_change_cf_historical,1.2682609285777615
ssp370_percentage_change_cf_historical,2.341800678127073
ssp585_percentage_change_cf_historical,2.12779933484207
