Key,Value
historical,11238871.122569483
ssp126,11294390.851514656
ssp370,11336097.208232298
ssp585,11321281.878113545
historical_percentage_change_cf_historical,0.0
ssp126_percentage_change_cf_historical,0.49399738051698683
ssp370_percentage_change_cf_historical,0.8650876462812169
ssp585_percentage_change_cf_historical,0.7332654200346553
