Key,Value
historical,11316160.448438648
ssp126,11348551.430193689
ssp370,11348316.034617614
ssp585,11376801.86150098
historical_percentage_change_cf_historical,0.0
ssp126_percentage_change_cf_historical,0.28623650135245077
ssp370_percentage_change_cf_historical,0.28415632957380477
ssp585_percentage_change_cf_historical,0.5358832913216534
