Key,Value
historical,9014986.44055343
ssp126,9086704.922660852
ssp370,9090193.484613087
ssp585,9106525.013863482
historical_percentage_change_cf_historical,0.0
ssp126_percentage_change_cf_historical,0.7955473098084723
ssp370_percentage_change_cf_historical,0.8342446719757861
ssp585_percentage_change_cf_historical,1.0154044480673845
