Key,Value
historical,11278455.596506711
ssp126,11345331.044992285
ssp370,11368811.402356356
ssp585,11416224.90284761
historical_percentage_change_cf_historical,0.0
ssp126_percentage_change_cf_historical,0.5929486347961255
ssp370_percentage_change_cf_historical,0.8011363353474681
ssp585_percentage_change_cf_historical,1.2215263442946105
