Key,Value
historical,10633230.95465186
ssp126,10739173.332643963
ssp370,10758770.367882006
ssp585,10780186.898313161
historical_percentage_change_cf_historical,0.0
ssp126_percentage_change_cf_historical,0.9963328967829375
ssp370_percentage_change_cf_historical,1.180632808273801
ssp585_percentage_change_cf_historical,1.382044124575416
