Key,Value
historical,5752529.105660278
ssp126,5872714.859420421
ssp370,5879510.62653682
ssp585,5898750.992107728
historical_percentage_change_cf_historical,0.0
ssp126_percentage_change_cf_historical,2.0892680689243948
ssp370_percentage_change_cf_historical,2.207403361968157
ssp585_percentage_change_cf_historical,2.541871301504102
