Key,Value
historical,4545683.135044968
ssp126,4577932.479305726
ssp370,4576055.11071622
ssp585,4579594.478758009
historical_percentage_change_cf_historical,0.0
ssp126_percentage_change_cf_historical,0.7094498957072327
ssp370_percentage_change_cf_historical,0.6681498637047385
ssp585_percentage_change_cf_historical,0.7460120449575932
