Key,Value
historical,11529401.113434851
ssp126,11666538.17946691
ssp370,11653100.373926044
ssp585,11672688.309117416
historical_percentage_change_cf_historical,0.0
ssp126_percentage_change_cf_historical,1.189455243015684
ssp370_percentage_change_cf_historical,1.0729027403431168
ssp585_percentage_change_cf_historical,1.2427982535501922
