Key,Value
historical,11294878.811980974
ssp126,11393668.325306356
ssp370,11390431.463043407
ssp585,11429955.42359338
historical_percentage_change_cf_historical,0.0
ssp126_percentage_change_cf_historical,0.8746398697132691
ssp370_percentage_change_cf_historical,0.8459820831461758
ssp585_percentage_change_cf_historical,1.1959102338408796
