Key,Value
historical,11348084.899680633
ssp126,11403836.100543018
ssp370,11426572.931065049
ssp585,11412299.302157644
historical_percentage_change_cf_historical,0.0
ssp126_percentage_change_cf_historical,0.4912829024036851
ssp370_percentage_change_cf_historical,0.6916412071134999
ssp585_percentage_change_cf_historical,0.5658611390792314
