Key,Value
historical,11266682.111368962
ssp126,11326528.573326912
ssp370,11325923.402335878
ssp585,11336556.698382651
historical_percentage_change_cf_historical,0.0
ssp126_percentage_change_cf_historical,0.5311808868518656
ssp370_percentage_change_cf_historical,0.5258095540579577
ssp585_percentage_change_cf_historical,0.6201877919603402
