Key,Value
historical,11333319.05026757
ssp126,11401269.106812995
ssp370,11399107.532356646
ssp585,11421198.658057
historical_percentage_change_cf_historical,0.0
ssp126_percentage_change_cf_historical,0.5995600780675187
ssp370_percentage_change_cf_historical,0.5804873382393924
ssp585_percentage_change_cf_historical,0.7754092812498383
