Key,Value
historical,11479572.217753425
ssp126,11485654.22115188
ssp370,11486653.61493649
ssp585,11515263.885949455
historical_percentage_change_cf_historical,0.0
ssp126_percentage_change_cf_historical,0.0529810979284552
ssp370_percentage_change_cf_historical,0.0616869431084969
ssp585_percentage_change_cf_historical,0.3109146187593294
