Key,Value
historical,9097284.475141894
ssp126,9158259.133050285
ssp370,9170301.071530206
ssp585,9190402.982707692
historical_percentage_change_cf_historical,0.0
ssp126_percentage_change_cf_historical,0.6702511950132257
ssp370_percentage_change_cf_historical,0.8026196892911077
ssp585_percentage_change_cf_historical,1.0235857504538004
