Key,Value
historical,5751015.470341794
ssp126,5843525.133164048
ssp370,5863843.22883172
ssp585,5869768.809407391
historical_percentage_change_cf_historical,0.0
ssp126_percentage_change_cf_historical,1.6085796204049503
ssp370_percentage_change_cf_historical,1.9618754126429057
ssp585_percentage_change_cf_historical,2.06491079145956
