Key,Value
historical,11347336.534288574
ssp126,11369335.496704262
ssp370,11378435.903892491
ssp585,11392977.95522216
historical_percentage_change_cf_historical,0.0
ssp126_percentage_change_cf_historical,0.1938689519713533
ssp370_percentage_change_cf_historical,0.2740675709224199
ssp585_percentage_change_cf_historical,0.40222144461539167
