Key,Value
historical,11573192.045598652
ssp126,11609777.163824571
ssp370,11656404.497687604
ssp585,11646807.94572525
historical_percentage_change_cf_historical,0.0
ssp126_percentage_change_cf_historical,0.31611951207387595
ssp370_percentage_change_cf_historical,0.7190103798597053
ssp585_percentage_change_cf_historical,0.6360898517586896
