Key,Value
historical,11425579.431973226
ssp126,11514753.325791411
ssp370,11553039.32758673
ssp585,11556703.96287668
historical_percentage_change_cf_historical,0.0
ssp126_percentage_change_cf_historical,0.7804758992672303
ssp370_percentage_change_cf_historical,1.1155661415019376
ssp585_percentage_change_cf_historical,1.147640097241068
