Key,Value
historical,11272453.362166937
ssp126,11315277.456741307
ssp370,11320116.549167499
ssp585,11306547.958429936
historical_percentage_change_cf_historical,0.0
ssp126_percentage_change_cf_historical,0.37990039256314373
ssp370_percentage_change_cf_historical,0.42282886847445844
ssp585_percentage_change_cf_historical,0.3024594129387001
