Key,Value
historical,11425579.431973226
ssp126,11535609.914402246
ssp370,11604162.489010416
ssp585,11592261.701355569
historical_percentage_change_cf_historical,0.0
ssp126_percentage_change_cf_historical,0.963018839299405
ssp370_percentage_change_cf_historical,1.5630109448755358
ssp585_percentage_change_cf_historical,1.4588517840583273
