Key,Value
historical,11390399.884417815
ssp126,11513403.17305198
ssp370,11503046.904052781
ssp585,11593435.77509284
historical_percentage_change_cf_historical,0.0
ssp126_percentage_change_cf_historical,1.079885604388956
ssp370_percentage_change_cf_historical,0.9889645734832198
ssp585_percentage_change_cf_historical,1.7825176704531704
