Key,Value
historical,11254065.854481183
ssp126,11304191.98270642
ssp370,11291944.419231743
ssp585,11310686.060951278
historical_percentage_change_cf_historical,0.0
ssp126_percentage_change_cf_historical,0.44540461086139577
ssp370_percentage_change_cf_historical,0.3365767113889511
ssp585_percentage_change_cf_historical,0.5031088959511409
