Key,Value
historical,11259895.070140814
ssp126,11357891.532590022
ssp370,11365207.704343282
ssp585,11421481.355532832
historical_percentage_change_cf_historical,0.0
ssp126_percentage_change_cf_historical,0.8703141711247081
ssp370_percentage_change_cf_historical,0.9352896589750392
ssp585_percentage_change_cf_historical,1.4350603126002066
