Key,Value
historical,11053991.671255454
ssp126,11150275.274298154
ssp370,11156182.762948766
ssp585,11216393.836007532
historical_percentage_change_cf_historical,0.0
ssp126_percentage_change_cf_historical,0.8710301753987482
ssp370_percentage_change_cf_historical,0.924472305864381
ssp585_percentage_change_cf_historical,1.4691721287829822
