Key,Value
historical,11290999.596947595
ssp126,11317641.661988067
ssp370,11314233.933157805
ssp585,11316435.281573161
historical_percentage_change_cf_historical,0.0
ssp126_percentage_change_cf_historical,0.23595842699058672
ssp370_percentage_change_cf_historical,0.20577749570100984
ssp585_percentage_change_cf_historical,0.22527398400086987
