Key,Value
historical,10995619.016055465
ssp126,11055936.125860993
ssp370,11004775.245151456
ssp585,10998435.504787475
historical_percentage_change_cf_historical,0.0
ssp126_percentage_change_cf_historical,0.5485558358965956
ssp370_percentage_change_cf_historical,0.0832716110172793
ssp585_percentage_change_cf_historical,0.025614644595248124
