Key,Value
historical,4850884.019335796
ssp126,4880236.578632144
ssp370,4907360.946529129
ssp585,4902746.085395954
historical_percentage_change_cf_historical,0.0
ssp126_percentage_change_cf_historical,0.605097115893676
ssp370_percentage_change_cf_historical,1.164260513510804
ssp585_percentage_change_cf_historical,1.0691260779155605
