Key,Value
historical,11350168.477508567
ssp126,11382634.685508277
ssp370,11386748.252156926
ssp585,11388089.34607745
historical_percentage_change_cf_historical,0.0
ssp126_percentage_change_cf_historical,0.2860416395055708
ssp370_percentage_change_cf_historical,0.3222839794919814
ssp585_percentage_change_cf_historical,0.3340996095699032
