Key,Value
historical,11211160.731036164
ssp126,11253910.270389259
ssp370,11266679.342783771
ssp585,11265537.703148162
historical_percentage_change_cf_historical,0.0
ssp126_percentage_change_cf_historical,0.3813123402534964
ssp370_percentage_change_cf_historical,0.4952084184638785
ssp585_percentage_change_cf_historical,0.48502535479189823
