Key,Value
historical,11320680.757542605
ssp126,11392864.647279974
ssp370,11415766.662071519
ssp585,11403243.029192256
historical_percentage_change_cf_historical,0.0
ssp126_percentage_change_cf_historical,0.6376285250273107
ssp370_percentage_change_cf_historical,0.8399309773448151
ssp585_percentage_change_cf_historical,0.7293048308481153
