Key,Value
historical,9031816.769061914
ssp126,9147035.227200028
ssp370,9127597.01053079
ssp585,9132806.067030532
historical_percentage_change_cf_historical,0.0
ssp126_percentage_change_cf_historical,1.2756952569364508
ssp370_percentage_change_cf_historical,1.0604759144025988
ssp585_percentage_change_cf_historical,1.1181504292088045
