Key,Value
historical,5786730.257985395
ssp126,5825390.79847635
ssp370,5827104.062092435
ssp585,5848648.8203370785
historical_percentage_change_cf_historical,0.0
ssp126_percentage_change_cf_historical,0.6680895560598249
ssp370_percentage_change_cf_historical,0.697696320842421
ssp585_percentage_change_cf_historical,1.070009480159174
