Key,Value
historical,5854973.304857538
ssp126,5908770.367288522
ssp370,5954553.150563603
ssp585,5915605.82894801
historical_percentage_change_cf_historical,0.0
ssp126_percentage_change_cf_historical,0.918826775629395
ssp370_percentage_change_cf_historical,1.7007736930832709
ssp585_percentage_change_cf_historical,1.0355730237090632
