Key,Value
historical,11286970.450052042
ssp126,11341946.953577282
ssp370,11363939.222303515
ssp585,11382144.504066993
historical_percentage_change_cf_historical,0.0
ssp126_percentage_change_cf_historical,0.48707936083049513
ssp370_percentage_change_cf_historical,0.6819258772057728
ssp585_percentage_change_cf_historical,0.8432205474101525
