Key,Value
historical,11233988.835877735
ssp126,11351744.056100965
ssp370,11358590.368500138
ssp585,11402198.613727547
historical_percentage_change_cf_historical,0.0
ssp126_percentage_change_cf_historical,1.0482048891410432
ssp370_percentage_change_cf_historical,1.1091477341019376
ssp585_percentage_change_cf_historical,1.4973290458737532
