Key,Value
historical,11310844.600950364
ssp126,11378328.684371904
ssp370,11413204.11780129
ssp585,11433296.397648044
historical_percentage_change_cf_historical,0.0
ssp126_percentage_change_cf_historical,0.5966316911105767
ssp370_percentage_change_cf_historical,0.904967935306312
ssp585_percentage_change_cf_historical,1.082605243178668
