Key,Value
historical,11563103.832023563
ssp126,11632755.716717102
ssp370,11653910.668765616
ssp585,11714577.293928742
historical_percentage_change_cf_historical,0.0
ssp126_percentage_change_cf_historical,0.6023632210292933
ssp370_percentage_change_cf_historical,0.7853154141067801
ssp585_percentage_change_cf_historical,1.3099723405205421
