Key,Value
historical,4567246.028179071
ssp126,4621254.0345188
ssp370,4655321.974655092
ssp585,4664140.1787235215
historical_percentage_change_cf_historical,0.0
ssp126_percentage_change_cf_historical,1.1825070514377665
ssp370_percentage_change_cf_historical,1.9284257062704397
ssp585_percentage_change_cf_historical,2.1215005705107948
