Key,Value
historical,5749466.658419481
ssp126,5774845.648316444
ssp370,5774092.114305769
ssp585,5823071.535613279
historical_percentage_change_cf_historical,0.0
ssp126_percentage_change_cf_historical,0.4414146807825823
ssp370_percentage_change_cf_historical,0.4283085258043403
ssp585_percentage_change_cf_historical,1.280203566117073
