Key,Value
historical,11497230.581190828
ssp126,11650010.713050524
ssp370,11601856.488866631
ssp585,11687860.710304065
historical_percentage_change_cf_historical,0.0
ssp126_percentage_change_cf_historical,1.328842896389674
ssp370_percentage_change_cf_historical,0.9100096491668871
ssp585_percentage_change_cf_historical,1.658052587247423
