Key,Value
historical,11331162.316333426
ssp126,11417773.526637662
ssp370,11399514.913694458
ssp585,11432875.234111734
historical_percentage_change_cf_historical,0.0
ssp126_percentage_change_cf_historical,0.7643629831283008
ssp370_percentage_change_cf_historical,0.6032267074888189
ssp585_percentage_change_cf_historical,0.8976388735663277
