Key,Value
historical,9201782.223726343
ssp126,9255463.924415167
ssp370,9288916.036795046
ssp585,9319228.068797642
historical_percentage_change_cf_historical,0.0
ssp126_percentage_change_cf_historical,0.5833837335381448
ssp370_percentage_change_cf_historical,0.9469232258511027
ssp585_percentage_change_cf_historical,1.2763380203507824
