Key,Value
historical,11356704.32666195
ssp126,11522148.701924346
ssp370,11537279.272223633
ssp585,11575406.828754717
historical_percentage_change_cf_historical,0.0
ssp126_percentage_change_cf_historical,1.4567991778564258
ssp370_percentage_change_cf_historical,1.5900294695332513
ssp585_percentage_change_cf_historical,1.925756767122335
