Key,Value
historical,11229949.872515379
ssp126,11260350.157419749
ssp370,11264052.68337972
ssp585,11261491.001336336
historical_percentage_change_cf_historical,0.0
ssp126_percentage_change_cf_historical,0.2707072181931367
ssp370_percentage_change_cf_historical,0.3036773204821416
ssp585_percentage_change_cf_historical,0.28086615861173714
