Key,Value
historical,11369058.85177458
ssp126,11422954.381886248
ssp370,11438246.831766898
ssp585,11435512.803679744
historical_percentage_change_cf_historical,0.0
ssp126_percentage_change_cf_historical,0.4740544561721069
ssp370_percentage_change_cf_historical,0.6085638300791941
ssp585_percentage_change_cf_historical,0.5845158580984062
