Key,Value
historical,8219244.637586172
ssp126,8279356.483582284
ssp370,8283686.1160144275
ssp585,8306598.674892901
historical_percentage_change_cf_historical,0.0
ssp126_percentage_change_cf_historical,0.7313548707532596
ssp370_percentage_change_cf_historical,0.7840316387903614
ssp585_percentage_change_cf_historical,1.062798847807307
