Key,Value
historical,8201736.68693153
ssp126,8310082.598844974
ssp370,8328162.5181930065
ssp585,8358639.843044248
historical_percentage_change_cf_historical,0.0
ssp126_percentage_change_cf_historical,1.3210118301661686
ssp370_percentage_change_cf_historical,1.541451964227536
ssp585_percentage_change_cf_historical,1.9130479568153476
