Key,Value
historical,11260489.220847495
ssp126,11315590.583811741
ssp370,11297143.033236166
ssp585,11317476.47514236
historical_percentage_change_cf_historical,0.0
ssp126_percentage_change_cf_historical,0.48933365046194094
ssp370_percentage_change_cf_historical,0.32550816993644704
ssp585_percentage_change_cf_historical,0.506081513664251
