Key,Value
historical,11551496.642671727
ssp126,11687960.72422134
ssp370,11686437.829613348
ssp585,11744014.07359952
historical_percentage_change_cf_historical,0.0
ssp126_percentage_change_cf_historical,1.1813541203440998
ssp370_percentage_change_cf_historical,1.1681705939570053
ssp585_percentage_change_cf_historical,1.6666016264647896
