Key,Value
historical,5518117.905859748
ssp126,5594376.369991563
ssp370,5612660.196660172
ssp585,5614849.984980801
historical_percentage_change_cf_historical,0.0
ssp126_percentage_change_cf_historical,1.38196510898826
ssp370_percentage_change_cf_historical,1.7133068269532412
ssp585_percentage_change_cf_historical,1.7529904357123722
