Key,Value
historical,11248392.909465315
ssp126,11335519.094064455
ssp370,11374277.342400797
ssp585,11389175.965467565
historical_percentage_change_cf_historical,0.0
ssp126_percentage_change_cf_historical,0.7745656228440028
ssp370_percentage_change_cf_historical,1.1191326080861956
ssp585_percentage_change_cf_historical,1.251583734097549
