Key,Value
historical,11014442.404226068
ssp126,11038499.937827215
ssp370,11018037.044439394
ssp585,11048108.84965565
historical_percentage_change_cf_historical,0.0
ssp126_percentage_change_cf_historical,0.21841807981051944
ssp370_percentage_change_cf_historical,0.03263569848934352
ssp585_percentage_change_cf_historical,0.3056572833561222
