Key,Value
historical,11199530.6014244
ssp126,11306272.658876188
ssp370,11333574.971491875
ssp585,11399523.542298146
historical_percentage_change_cf_historical,0.0
ssp126_percentage_change_cf_historical,0.9530940291212961
ssp370_percentage_change_cf_historical,1.1968748944748369
ssp585_percentage_change_cf_historical,1.7857260986305084
