Key,Value
historical,11481065.136169698
ssp126,11577782.193216898
ssp370,11650036.583922798
ssp585,11646532.011146583
historical_percentage_change_cf_historical,0.0
ssp126_percentage_change_cf_historical,0.8424049153985211
ssp370_percentage_change_cf_historical,1.471740171743959
ssp585_percentage_change_cf_historical,1.4412153664698002
