Key,Value
historical,11422961.314071272
ssp126,11539843.871115966
ssp370,11601691.286218304
ssp585,11575972.478641111
historical_percentage_change_cf_historical,0.0
ssp126_percentage_change_cf_historical,1.0232246597973984
ssp370_percentage_change_cf_historical,1.5646553221437047
ssp585_percentage_change_cf_historical,1.3395052330375523
