Key,Value
historical,11058939.35859321
ssp126,11075500.9034453
ssp370,11068397.4418404
ssp585,11000586.36254948
historical_percentage_change_cf_historical,0.0
ssp126_percentage_change_cf_historical,0.14975708171525687
ssp370_percentage_change_cf_historical,0.0855243250777124
ssp585_percentage_change_cf_historical,-0.5276545439991771
