Key,Value
historical,11553643.594890947
ssp126,11744744.816344157
ssp370,11732635.021037504
ssp585,11725039.22139363
historical_percentage_change_cf_historical,0.0
ssp126_percentage_change_cf_historical,1.6540342436884226
ssp370_percentage_change_cf_historical,1.5492205958794512
ssp585_percentage_change_cf_historical,1.4834768365061477
