Key,Value
historical,10817926.293288723
ssp126,10929782.010988224
ssp370,10932566.81139859
ssp585,10932659.083468538
historical_percentage_change_cf_historical,0.0
ssp126_percentage_change_cf_historical,1.0339848383778991
ssp370_percentage_change_cf_historical,1.0597272989462738
ssp585_percentage_change_cf_historical,1.0605802541933904
