Key,Value
historical,11542121.450511647
ssp126,11644613.23889095
ssp370,11649979.477849599
ssp585,11687425.77603789
historical_percentage_change_cf_historical,0.0
ssp126_percentage_change_cf_historical,0.8879805053061447
ssp370_percentage_change_cf_historical,0.9344731624979598
ssp585_percentage_change_cf_historical,1.2589048395414513
