Key,Value
historical,10626397.79035758
ssp126,10729282.65802235
ssp370,10723991.824101875
ssp585,10713597.158120617
historical_percentage_change_cf_historical,0.0
ssp126_percentage_change_cf_historical,0.9682007929171189
ssp370_percentage_change_cf_historical,0.9184112591084372
ssp585_percentage_change_cf_historical,0.8205919774823579
