Key,Value
historical,9504606.515099272
ssp126,9597110.57235093
ssp370,9652758.100263305
ssp585,9627534.154393604
historical_percentage_change_cf_historical,0.0
ssp126_percentage_change_cf_historical,0.973254990669039
ssp370_percentage_change_cf_historical,1.5587345454930228
ssp585_percentage_change_cf_historical,1.2933480107676816
