Key,Value
historical,10571584.613801466
ssp126,10660659.14648699
ssp370,10673195.9274255
ssp585,10676520.189429045
historical_percentage_change_cf_historical,0.0
ssp126_percentage_change_cf_historical,0.8425844936173035
ssp370_percentage_change_cf_historical,0.9611739141866925
ssp585_percentage_change_cf_historical,0.992619171685789
