Key,Value
historical,11077721.358341336
ssp126,11126294.210053453
ssp370,11135038.259449044
ssp585,11105778.766479896
historical_percentage_change_cf_historical,0.0
ssp126_percentage_change_cf_historical,0.4384733118020019
ssp370_percentage_change_cf_historical,0.5174069581065003
ssp585_percentage_change_cf_historical,0.2532777927062896
