Key,Value
historical,11296431.153593004
ssp126,11441661.170829784
ssp370,11480049.789857257
ssp585,11514292.122013493
historical_percentage_change_cf_historical,0.0
ssp126_percentage_change_cf_historical,1.2856274274781707
ssp370_percentage_change_cf_historical,1.6254570471652958
ssp585_percentage_change_cf_historical,1.9285822704385245
