Key,Value
historical,11035226.053873852
ssp126,11096742.22059771
ssp370,11086915.100662172
ssp585,11079190.389344487
historical_percentage_change_cf_historical,0.0
ssp126_percentage_change_cf_historical,0.5574527102891895
ssp370_percentage_change_cf_historical,0.46840043453550106
ssp585_percentage_change_cf_historical,0.3983999535306485
