Key,Value
historical,11250959.804196008
ssp126,11324893.257434107
ssp370,11365434.961590052
ssp585,11361132.492068037
historical_percentage_change_cf_historical,0.0
ssp126_percentage_change_cf_historical,0.6571301873332316
ssp370_percentage_change_cf_historical,1.0174701482032757
ssp585_percentage_change_cf_historical,0.9792292372330875
