Key,Value
historical,11357766.524104929
ssp126,11413026.846554166
ssp370,11416199.702357579
ssp585,11405215.848021204
historical_percentage_change_cf_historical,0.0
ssp126_percentage_change_cf_historical,0.4865421589003126
ssp370_percentage_change_cf_historical,0.5144777199692909
ssp585_percentage_change_cf_historical,0.4177698477563519
