Key,Value
historical,11356795.629319414
ssp126,11412999.382704746
ssp370,11435293.218852762
ssp585,11446920.611167323
historical_percentage_change_cf_historical,0.0
ssp126_percentage_change_cf_historical,0.49489094652925125
ssp370_percentage_change_cf_historical,0.6911948765785073
ssp585_percentage_change_cf_historical,0.7935775617484572
