Key,Value
historical,11547301.009529214
ssp126,11720567.503997013
ssp370,11798670.5535435
ssp585,11777167.633671716
historical_percentage_change_cf_historical,0.0
ssp126_percentage_change_cf_historical,1.500493442795103
ssp370_percentage_change_cf_historical,2.176868376487699
ssp585_percentage_change_cf_historical,1.9906523953329698
