Key,Value
historical,5518507.4232195
ssp126,5579505.974160703
ssp370,5625964.292687373
ssp585,5625716.064917794
historical_percentage_change_cf_historical,0.0
ssp126_percentage_change_cf_historical,1.1053450917642547
ssp370_percentage_change_cf_historical,1.947208932178671
ssp585_percentage_change_cf_historical,1.9427108360352399
