Key,Value
historical,11365572.0774222
ssp126,11440424.684321705
ssp370,11448331.134406175
ssp585,11487351.725911029
historical_percentage_change_cf_historical,0.0
ssp126_percentage_change_cf_historical,0.6585907545138073
ssp370_percentage_change_cf_historical,0.7281556653745325
ssp585_percentage_change_cf_historical,1.0714783880588392
