Key,Value
historical,5759318.1398365935
ssp126,5853595.151152107
ssp370,5870613.980946086
ssp585,5855194.359144272
historical_percentage_change_cf_historical,0.0
ssp126_percentage_change_cf_historical,1.6369474480565556
ssp370_percentage_change_cf_historical,1.9324482240297036
ssp585_percentage_change_cf_historical,1.664714762751394
