Key,Value
historical,5779943.905677855
ssp126,5848333.034006486
ssp370,5822873.920258304
ssp585,5834510.367275629
historical_percentage_change_cf_historical,0.0
ssp126_percentage_change_cf_historical,1.1832143952374607
ssp370_percentage_change_cf_historical,0.7427410244981327
ssp585_percentage_change_cf_historical,0.9440655910894136
