Key,Value
historical,4345611.755291956
ssp126,4366008.705235474
ssp370,4382535.51236726
ssp585,4383297.259936709
historical_percentage_change_cf_historical,0.0
ssp126_percentage_change_cf_historical,0.469368896535211
ssp370_percentage_change_cf_historical,0.8496791511652996
ssp585_percentage_change_cf_historical,0.8672082727791118
