Key,Value
historical,11384171.993744966
ssp126,11483753.045005001
ssp370,11589135.041560637
ssp585,11580800.779419418
historical_percentage_change_cf_historical,0.0
ssp126_percentage_change_cf_historical,0.8747324909949561
ssp370_percentage_change_cf_historical,1.8004212157747457
ssp585_percentage_change_cf_historical,1.7272120078868316
