Key,Value
historical,5727021.938471798
ssp126,5740578.20104634
ssp370,5772226.798965797
ssp585,5721290.758495871
historical_percentage_change_cf_historical,0.0
ssp126_percentage_change_cf_historical,0.2367070131768986
ssp370_percentage_change_cf_historical,0.7893257783828477
ssp585_percentage_change_cf_historical,-0.10007260383319201
