Key,Value
historical,11520886.3404316
ssp126,11558292.163884073
ssp370,11618990.199529387
ssp585,11613163.847247763
historical_percentage_change_cf_historical,0.0
ssp126_percentage_change_cf_historical,0.324678348064246
ssp370_percentage_change_cf_historical,0.8515304829759395
ssp585_percentage_change_cf_historical,0.8009583992884426
