Key,Value
historical,5527923.148480335
ssp126,5601393.200736526
ssp370,5597169.359587193
ssp585,5641369.591203338
historical_percentage_change_cf_historical,0.0
ssp126_percentage_change_cf_historical,1.3290715207643322
ssp370_percentage_change_cf_historical,1.2526623335183946
ssp585_percentage_change_cf_historical,2.0522434859498633
