Key,Value
historical,11207907.765509788
ssp126,11283412.930460868
ssp370,11324423.648487281
ssp585,11363763.51976228
historical_percentage_change_cf_historical,0.0
ssp126_percentage_change_cf_historical,0.6736776080851886
ssp370_percentage_change_cf_historical,1.0395863832503036
ssp585_percentage_change_cf_historical,1.3905874094726944
