Key,Value
historical,11294747.383918453
ssp126,11331031.558148457
ssp370,11344340.955702923
ssp585,11344163.688474454
historical_percentage_change_cf_historical,0.0
ssp126_percentage_change_cf_historical,0.32124821385262153
ssp370_percentage_change_cf_historical,0.4390852676801071
ssp585_percentage_change_cf_historical,0.43751580160491493
