Key,Value
historical,10569019.591697874
ssp126,10644900.802032547
ssp370,10669246.706750512
ssp585,10658274.992730299
historical_percentage_change_cf_historical,0.0
ssp126_percentage_change_cf_historical,0.7179588388149017
ssp370_percentage_change_cf_historical,0.9483104292035612
ssp585_percentage_change_cf_historical,0.8445002893412833
