Key,Value
historical,9211358.550846279
ssp126,9287004.433785133
ssp370,9346297.560463443
ssp585,9321937.13015595
historical_percentage_change_cf_historical,0.0
ssp126_percentage_change_cf_historical,0.8212239543308686
ssp370_percentage_change_cf_historical,1.4649197387367732
ssp585_percentage_change_cf_historical,1.2004589626957132
