Key,Value
historical,5767465.579097339
ssp126,5832948.7048928
ssp370,5830934.42960807
ssp585,5845932.366868221
historical_percentage_change_cf_historical,0.0
ssp126_percentage_change_cf_historical,1.1353882376478777
ssp370_percentage_change_cf_historical,1.1004634469039136
ssp585_percentage_change_cf_historical,1.3605072573864068
