Key,Value
historical,5516479.013834864
ssp126,5566197.876591111
ssp370,5585370.828888578
ssp585,5589458.434859971
historical_percentage_change_cf_historical,0.0
ssp126_percentage_change_cf_historical,0.9012789250454136
ssp370_percentage_change_cf_historical,1.2488367105347375
ssp585_percentage_change_cf_historical,1.3229348075480838
