Key,Value
historical,11262384.627445837
ssp126,11317783.305042421
ssp370,11355630.609761026
ssp585,11397282.47076099
historical_percentage_change_cf_historical,0.0
ssp126_percentage_change_cf_historical,0.49189118849289076
ssp370_percentage_change_cf_historical,0.8279417316999876
ssp585_percentage_change_cf_historical,1.1977733648557298
