Key,Value
historical,11601919.597318038
ssp126,11803560.672161916
ssp370,11843848.443550576
ssp585,11857263.085213058
historical_percentage_change_cf_historical,0.0
ssp126_percentage_change_cf_historical,1.7379975197422532
ssp370_percentage_change_cf_historical,2.085248429824171
ssp585_percentage_change_cf_historical,2.200872758625615
