Key,Value
historical,11399619.035184614
ssp126,11473695.373351874
ssp370,11506963.345251441
ssp585,11526532.490618253
historical_percentage_change_cf_historical,0.0
ssp126_percentage_change_cf_historical,0.6498141555312056
ssp370_percentage_change_cf_historical,0.9416482229407084
ssp585_percentage_change_cf_historical,1.1133131295170815
