Key,Value
historical,11325209.321034208
ssp126,11400035.774418017
ssp370,11420787.474655278
ssp585,11432898.427593645
historical_percentage_change_cf_historical,0.0
ssp126_percentage_change_cf_historical,0.6607070232674151
ssp370_percentage_change_cf_historical,0.843941607715397
ssp585_percentage_change_cf_historical,0.9508796129659766
