Key,Value
historical,11251114.895778565
ssp126,11287470.108489854
ssp370,11304639.104936078
ssp585,11288657.82037919
historical_percentage_change_cf_historical,0.0
ssp126_percentage_change_cf_historical,0.3231254239962482
ssp370_percentage_change_cf_historical,0.4757236029790774
ssp585_percentage_change_cf_historical,0.33368181685453746
