Key,Value
historical,11214033.511331175
ssp126,11257781.667905994
ssp370,11241029.883179586
ssp585,11246597.094694488
historical_percentage_change_cf_historical,0.0
ssp126_percentage_change_cf_historical,0.39011972392105027
ssp370_percentage_change_cf_historical,0.24073739231413463
ssp585_percentage_change_cf_historical,0.29038243313977513
