Key,Value
historical,5761839.559425063
ssp126,5817683.557532355
ssp370,5810063.241127298
ssp585,5853542.175460573
historical_percentage_change_cf_historical,0.0
ssp126_percentage_change_cf_historical,0.9692043232259676
ssp370_percentage_change_cf_historical,0.8369494013999708
ssp585_percentage_change_cf_historical,1.5915510157776809
