Key,Value
historical,10697273.756924966
ssp126,10749976.217935722
ssp370,10775015.422226783
ssp585,10759941.167949283
historical_percentage_change_cf_historical,0.0
ssp126_percentage_change_cf_historical,0.49267189200088113
ssp370_percentage_change_cf_historical,0.7267427857634272
ssp585_percentage_change_cf_historical,0.5858260006083222
