Key,Value
historical,10992130.996708095
ssp126,11132641.720134646
ssp370,11087537.977637053
ssp585,11207869.597340293
historical_percentage_change_cf_historical,0.0
ssp126_percentage_change_cf_historical,1.2782846517079405
ssp370_percentage_change_cf_historical,0.8679570954670189
ssp585_percentage_change_cf_historical,1.9626640248083578
