Key,Value
historical,11228667.132389976
ssp126,11276643.00315447
ssp370,11280328.369649561
ssp585,11286444.062583335
historical_percentage_change_cf_historical,0.0
ssp126_percentage_change_cf_historical,0.42726238295998425
ssp370_percentage_change_cf_historical,0.46008343332722457
ssp585_percentage_change_cf_historical,0.5145484278066889
