Key,Value
historical,11201256.2266826
ssp126,11238577.085868597
ssp370,11244052.458685055
ssp585,11227441.762834638
historical_percentage_change_cf_historical,0.0
ssp126_percentage_change_cf_historical,0.33318458600290823
ssp370_percentage_change_cf_historical,0.38206636056151005
ssp585_percentage_change_cf_historical,0.2337732092018568
