Key,Value
historical,5765893.677538095
ssp126,5838045.728232404
ssp370,5859554.452441098
ssp585,5867021.94403654
historical_percentage_change_cf_historical,0.0
ssp126_percentage_change_cf_historical,1.251359368199735
ssp370_percentage_change_cf_historical,1.624393028055178
ssp585_percentage_change_cf_historical,1.7539044622415596
