Key,Value
historical,11389922.316304803
ssp126,11518034.411770057
ssp370,11566045.225578144
ssp585,11612009.49276101
historical_percentage_change_cf_historical,0.0
ssp126_percentage_change_cf_historical,1.1247846289685413
ssp370_percentage_change_cf_historical,1.546304745390751
ssp585_percentage_change_cf_historical,1.9498568145481299
