Key,Value
historical,10955647.381752566
ssp126,11057737.465525817
ssp370,11069752.10301214
ssp585,11041471.132429283
historical_percentage_change_cf_historical,0.0
ssp126_percentage_change_cf_historical,0.931848937957698
ssp370_percentage_change_cf_historical,1.0415150952158714
ssp585_percentage_change_cf_historical,0.7833745253581579
