Key,Value
historical,5730949.87008459
ssp126,5846804.350381469
ssp370,5836934.756656484
ssp585,5835411.632856198
historical_percentage_change_cf_historical,0.0
ssp126_percentage_change_cf_historical,2.0215580823981107
ssp370_percentage_change_cf_historical,1.8493424122435937
ssp585_percentage_change_cf_historical,1.8227652507814642
