Key,Value
historical,5752575.263746025
ssp126,5792428.64323746
ssp370,5814590.775669411
ssp585,5827684.104298038
historical_percentage_change_cf_historical,0.0
ssp126_percentage_change_cf_historical,0.6927919699304065
ssp370_percentage_change_cf_historical,1.0780478147625634
ssp585_percentage_change_cf_historical,1.3056559385735558
