Key,Value
historical,11233326.543469384
ssp126,11288135.673735993
ssp370,11280160.246434571
ssp585,11294453.863661818
historical_percentage_change_cf_historical,0.0
ssp126_percentage_change_cf_historical,0.48791540114599935
ssp370_percentage_change_cf_historical,0.416917489079975
ssp585_percentage_change_cf_historical,0.5441604493191816
