Key,Value
historical,11247238.105824526
ssp126,11368023.222588824
ssp370,11413211.933652494
ssp585,11437233.446624372
historical_percentage_change_cf_historical,0.0
ssp126_percentage_change_cf_historical,1.0739091288709144
ssp370_percentage_change_cf_historical,1.475685197257592
ssp585_percentage_change_cf_historical,1.689262190523505
