Key,Value
historical,7970321.802748192
ssp126,8118025.870102083
ssp370,8094078.822829614
ssp585,8145883.552467393
historical_percentage_change_cf_historical,0.0
ssp126_percentage_change_cf_historical,1.85317570619247
ssp370_percentage_change_cf_historical,1.5527230034645587
ssp585_percentage_change_cf_historical,2.2026933675208245
