Key,Value
historical,8918425.565380614
ssp126,8920509.53846222
ssp370,8968072.518686913
ssp585,8926065.458347935
historical_percentage_change_cf_historical,0.0
ssp126_percentage_change_cf_historical,0.023367051351474398
ssp370_percentage_change_cf_historical,0.5566784511721146
ssp585_percentage_change_cf_historical,0.08566414454337523
