Key,Value
historical,5541660.776921972
ssp126,5617770.1262855455
ssp370,5614514.044218577
ssp585,5661241.7513986975
historical_percentage_change_cf_historical,0.0
ssp126_percentage_change_cf_historical,1.3734032526950803
ssp370_percentage_change_cf_historical,1.3146468221223557
ssp585_percentage_change_cf_historical,2.157854464400204
