Key,Value
historical,11312664.557964403
ssp126,11332901.260915652
ssp370,11372307.723292632
ssp585,11367393.715180593
historical_percentage_change_cf_historical,0.0
ssp126_percentage_change_cf_historical,0.1788853797225127
ssp370_percentage_change_cf_historical,0.5272247313851319
ssp585_percentage_change_cf_historical,0.48378661751849356
