Key,Value
historical,11036207.202665254
ssp126,11059408.067060493
ssp370,11015172.98520841
ssp585,11009685.818013284
historical_percentage_change_cf_historical,0.0
ssp126_percentage_change_cf_historical,0.210224980096744
ssp370_percentage_change_cf_historical,-0.19059281028870062
ssp585_percentage_change_cf_historical,-0.24031249291482293
