Key,Value
historical,11333712.875279509
ssp126,11353214.596175494
ssp370,11361649.016318657
ssp585,11343722.688224081
historical_percentage_change_cf_historical,0.0
ssp126_percentage_change_cf_historical,0.17206824551309446
ssp370_percentage_change_cf_historical,0.24648710750455657
ssp585_percentage_change_cf_historical,0.08831892121076483
