Key,Value
historical,11281434.110853361
ssp126,11315104.461443145
ssp370,11323764.673724018
ssp585,11337974.593976583
historical_percentage_change_cf_historical,0.0
ssp126_percentage_change_cf_historical,0.2984580706577999
ssp370_percentage_change_cf_historical,0.37522324249478833
ssp585_percentage_change_cf_historical,0.5011816987773505
