Key,Value
historical,8202207.374576472
ssp126,8269294.196311989
ssp370,8255641.600576284
ssp585,8246989.921347441
historical_percentage_change_cf_historical,0.0
ssp126_percentage_change_cf_historical,0.8179117970542802
ssp370_percentage_change_cf_historical,0.6514615341894073
ssp585_percentage_change_cf_historical,0.5459816452553639
