Key,Value
historical,11506497.65688753
ssp126,11603914.382653788
ssp370,11644987.458079254
ssp585,11647519.898994014
historical_percentage_change_cf_historical,0.0
ssp126_percentage_change_cf_historical,0.8466236092956301
ssp370_percentage_change_cf_historical,1.2035791021851725
ssp585_percentage_change_cf_historical,1.2255878922642591
