Key,Value
historical,5795153.023290658
ssp126,5901851.66389099
ssp370,5860724.764608914
ssp585,5914704.210336998
historical_percentage_change_cf_historical,0.0
ssp126_percentage_change_cf_historical,1.841170374130094
ssp370_percentage_change_cf_historical,1.131492836422499
ssp585_percentage_change_cf_historical,2.0629513416792413
