Key,Value
historical,11292030.043421887
ssp126,11376752.0614689
ssp370,11378711.038288215
ssp585,11394680.905410372
historical_percentage_change_cf_historical,0.0
ssp126_percentage_change_cf_historical,0.7502815500952972
ssp370_percentage_change_cf_historical,0.7676298640103589
ssp585_percentage_change_cf_historical,0.9090558703240751
