Key,Value
historical,5777333.544445444
ssp126,5831042.665186668
ssp370,5871197.442780869
ssp585,5923664.0811977405
historical_percentage_change_cf_historical,0.0
ssp126_percentage_change_cf_historical,0.9296524136616966
ssp370_percentage_change_cf_historical,1.6246923881635609
ssp585_percentage_change_cf_historical,2.532838646523785
