Key,Value
historical,11265163.593487483
ssp126,11304577.797910158
ssp370,11317150.608122688
ssp585,11316915.434526779
historical_percentage_change_cf_historical,0.0
ssp126_percentage_change_cf_historical,0.34987689344752054
ssp370_percentage_change_cf_historical,0.46148477297976875
ssp585_percentage_change_cf_historical,0.45939715486435156
