Key,Value
historical,11336549.006192124
ssp126,11403182.345302928
ssp370,11406392.916971205
ssp585,11405287.279419027
historical_percentage_change_cf_historical,0.0
ssp126_percentage_change_cf_historical,0.5877744547693394
ssp370_percentage_change_cf_historical,0.6160949927613062
ssp585_percentage_change_cf_historical,0.6063421345363417
