Key,Value
historical,11354897.952171925
ssp126,11409759.727426376
ssp370,11421079.465564493
ssp585,11420584.787248265
historical_percentage_change_cf_historical,0.0
ssp126_percentage_change_cf_historical,0.4831551589942468
ssp370_percentage_change_cf_historical,0.5828455145200901
ssp585_percentage_change_cf_historical,0.5784889952601925
