Key,Value
historical,11568513.5544363
ssp126,11692568.06076613
ssp370,11697646.491530064
ssp585,11723720.533424191
historical_percentage_change_cf_historical,0.0
ssp126_percentage_change_cf_historical,1.0723461207534157
ssp370_percentage_change_cf_historical,1.1162448527731947
ssp585_percentage_change_cf_historical,1.341632857648962
