Key,Value
historical,11319451.352852158
ssp126,11469946.65168302
ssp370,11567487.227995683
ssp585,11564538.558649465
historical_percentage_change_cf_historical,0.0
ssp126_percentage_change_cf_historical,1.3295282089174842
ssp370_percentage_change_cf_historical,2.1912358418416344
ssp585_percentage_change_cf_historical,2.16518626351579
