Key,Value
historical,11379000.667545715
ssp126,11414501.563466854
ssp370,11427143.994421354
ssp585,11446341.4412908
historical_percentage_change_cf_historical,0.0
ssp126_percentage_change_cf_historical,0.31198606062474266
ssp370_percentage_change_cf_historical,0.42308923500592455
ssp585_percentage_change_cf_historical,0.5917986624005411
