Key,Value
historical,8721924.099538669
ssp126,8775062.817687854
ssp370,8801706.49633432
ssp585,8811839.423909532
historical_percentage_change_cf_historical,0.0
ssp126_percentage_change_cf_historical,0.6092545353839511
ssp370_percentage_change_cf_historical,0.914733903725107
ssp585_percentage_change_cf_historical,1.0309115665844744
