Key,Value
historical,11476450.055173263
ssp126,11508947.003332494
ssp370,11518784.708062999
ssp585,11552114.949189316
historical_percentage_change_cf_historical,0.0
ssp126_percentage_change_cf_historical,0.2831620231256281
ssp370_percentage_change_cf_historical,0.3688828225297135
ssp585_percentage_change_cf_historical,0.659305740471078
