Key,Value
historical,11539118.522998542
ssp126,11604918.058368372
ssp370,11617897.868546825
ssp585,11650762.43549601
historical_percentage_change_cf_historical,0.0
ssp126_percentage_change_cf_historical,0.570230171730064
ssp370_percentage_change_cf_historical,0.6827154551820289
ssp585_percentage_change_cf_historical,0.9675254853735278
