Key,Value
historical,5780407.763575556
ssp126,5825584.656610083
ssp370,5837867.770581195
ssp585,5849966.045419535
historical_percentage_change_cf_historical,0.0
ssp126_percentage_change_cf_historical,0.7815520095174437
ssp370_percentage_change_cf_historical,0.9940476408552992
ssp585_percentage_change_cf_historical,1.2033455889096762
