Key,Value
historical,11488797.210231595
ssp126,11561699.381832894
ssp370,11569385.868392136
ssp585,11575807.8920645
historical_percentage_change_cf_historical,0.0
ssp126_percentage_change_cf_historical,0.6345500774996238
ssp370_percentage_change_cf_historical,0.7014542661504308
ssp585_percentage_change_cf_historical,0.7573524037435062
