Key,Value
historical,9145673.894857619
ssp126,9172677.59285907
ssp370,9202180.052912511
ssp585,9202335.310398305
historical_percentage_change_cf_historical,0.0
ssp126_percentage_change_cf_historical,0.2952619819151357
ssp370_percentage_change_cf_historical,0.6178457564145596
ssp585_percentage_change_cf_historical,0.6195433621632317
