Key,Value
historical,5001463.185996705
ssp126,5067657.644334389
ssp370,5066702.193465695
ssp585,5075014.629019372
historical_percentage_change_cf_historical,0.0
ssp126_percentage_change_cf_historical,1.323501860875794
ssp370_percentage_change_cf_historical,1.3043984338752872
ssp585_percentage_change_cf_historical,1.4705985086244298
