Key,Value
historical,11069145.09142916
ssp126,11149213.740381524
ssp370,11159790.346362136
ssp585,11109105.634311618
historical_percentage_change_cf_historical,0.0
ssp126_percentage_change_cf_historical,0.7233498909898671
ssp370_percentage_change_cf_historical,0.8189002328929811
ssp585_percentage_change_cf_historical,0.3610083936238113
