Key,Value
historical,9143552.7599216
ssp126,9219205.902696367
ssp370,9227221.051232286
ssp585,9232427.801529512
historical_percentage_change_cf_historical,0.0
ssp126_percentage_change_cf_historical,0.8273932984383727
ssp370_percentage_change_cf_historical,0.9150523161787282
ssp585_percentage_change_cf_historical,0.9719968150397011
