Key,Value
historical,11384735.736534683
ssp126,11405160.219609054
ssp370,11393444.824608412
ssp585,11424156.371059222
historical_percentage_change_cf_historical,0.0
ssp126_percentage_change_cf_historical,0.17940234667746122
ssp370_percentage_change_cf_historical,0.07649793789925512
ssp585_percentage_change_cf_historical,0.3462586698260778
