Key,Value
historical,5764714.101413875
ssp126,5784024.041451743
ssp370,5792517.586066041
ssp585,5797085.391132372
historical_percentage_change_cf_historical,0.0
ssp126_percentage_change_cf_historical,0.33496787001339684
ssp370_percentage_change_cf_historical,0.48230465835846176
ssp585_percentage_change_cf_historical,0.561541980209531
