Key,Value
historical,4335554.558258912
ssp126,4377659.263118663
ssp370,4401155.583058437
ssp585,4411328.254819645
historical_percentage_change_cf_historical,0.0
ssp126_percentage_change_cf_historical,0.9711492334825985
ssp370_percentage_change_cf_historical,1.513094205551182
ssp585_percentage_change_cf_historical,1.7477278983005697
