Key,Value
historical,11306571.74985161
ssp126,11365874.570995264
ssp370,11414929.977564722
ssp585,11397253.849411543
historical_percentage_change_cf_historical,0.0
ssp126_percentage_change_cf_historical,0.5244986938187656
ssp370_percentage_change_cf_historical,0.9583650120518088
ssp585_percentage_change_cf_historical,0.8020300190561571
