Key,Value
historical,7937921.437847654
ssp126,8003276.456838428
ssp370,7986736.270532757
ssp585,7983966.509380729
historical_percentage_change_cf_historical,0.0
ssp126_percentage_change_cf_historical,0.8233266038532947
ssp370_percentage_change_cf_historical,0.6149573672064298
ssp585_percentage_change_cf_historical,0.5800645911350768
