Key,Value
historical,11318089.886883318
ssp126,11436619.13946036
ssp370,11492395.187732188
ssp585,11545359.319539437
historical_percentage_change_cf_historical,0.0
ssp126_percentage_change_cf_historical,1.0472549145806598
ssp370_percentage_change_cf_historical,1.5400593438551349
ssp585_percentage_change_cf_historical,2.008019329476294
