Key,Value
historical,11555431.052658614
ssp126,11663849.89179144
ssp370,11716834.505697997
ssp585,11725258.820142064
historical_percentage_change_cf_historical,0.0
ssp126_percentage_change_cf_historical,0.9382500630115597
ssp370_percentage_change_cf_historical,1.3967757005676449
ssp585_percentage_change_cf_historical,1.4696792072016853
