Key,Value
historical,11390063.29760746
ssp126,11460698.300651807
ssp370,11479730.971075118
ssp585,11536537.495682657
historical_percentage_change_cf_historical,0.0
ssp126_percentage_change_cf_historical,0.6201458341253069
ssp370_percentage_change_cf_historical,0.7872447336310555
ssp585_percentage_change_cf_historical,1.2859823009584617
