Key,Value
historical,11272602.664169062
ssp126,11353223.12592861
ssp370,11351113.150642458
ssp585,11397606.984391894
historical_percentage_change_cf_historical,0.0
ssp126_percentage_change_cf_historical,0.7151894213020362
ssp370_percentage_change_cf_historical,0.6964716916967966
ssp585_percentage_change_cf_historical,1.1089215503015046
