Key,Value
historical,11559878.248181026
ssp126,11648526.607004955
ssp370,11706231.004850429
ssp585,11712510.283136964
historical_percentage_change_cf_historical,0.0
ssp126_percentage_change_cf_historical,0.7668623918065747
ssp370_percentage_change_cf_historical,1.2660406409767426
ssp585_percentage_change_cf_historical,1.3203602293990806
