Key,Value
historical,9201260.23250697
ssp126,9288379.907785542
ssp370,9288737.483185636
ssp585,9249674.542946022
historical_percentage_change_cf_historical,0.0
ssp126_percentage_change_cf_historical,0.946823294604676
ssp370_percentage_change_cf_historical,0.9507094514033969
ssp585_percentage_change_cf_historical,0.5261704290028664
