Key,Value
historical,11339792.87271164
ssp126,11426643.548153142
ssp370,11447552.091026468
ssp585,11538379.027556151
historical_percentage_change_cf_historical,0.0
ssp126_percentage_change_cf_historical,0.7658929613300195
ssp370_percentage_change_cf_historical,0.9502750140537648
ssp585_percentage_change_cf_historical,1.7512326466067467
