Key,Value
historical,5700439.214323321
ssp126,5767232.9014753755
ssp370,5782181.352166573
ssp585,5798927.495350955
historical_percentage_change_cf_historical,0.0
ssp126_percentage_change_cf_historical,1.1717287851122713
ssp370_percentage_change_cf_historical,1.4339620995845412
ssp585_percentage_change_cf_historical,1.7277314488358224
