Key,Value
historical,11224529.932787426
ssp126,11305407.063269092
ssp370,11296127.155898709
ssp585,11290968.537311465
historical_percentage_change_cf_historical,0.0
ssp126_percentage_change_cf_historical,0.7205391314020173
ssp370_percentage_change_cf_historical,0.637863888643959
ssp585_percentage_change_cf_historical,0.5919054510244404
