Key,Value
historical,11520886.3404316
ssp126,11601920.432545364
ssp370,11654630.834809927
ssp585,11666363.424090143
historical_percentage_change_cf_historical,0.0
ssp126_percentage_change_cf_historical,0.7033668219551878
ssp370_percentage_change_cf_historical,1.1608871958831952
ssp585_percentage_change_cf_historical,1.2627247536329096
