Key,Value
historical,4543572.404580565
ssp126,4585980.48909355
ssp370,4593189.452622328
ssp585,4598003.637824875
historical_percentage_change_cf_historical,0.0
ssp126_percentage_change_cf_historical,0.9333643383834056
ssp370_percentage_change_cf_historical,1.0920272337190393
ssp585_percentage_change_cf_historical,1.1979831814594994
