Key,Value
historical,10817926.293288723
ssp126,10913926.552893262
ssp370,10907887.593191842
ssp585,10906845.157331085
historical_percentage_change_cf_historical,0.0
ssp126_percentage_change_cf_historical,0.8874183184636489
ssp370_percentage_change_cf_historical,0.8315946833445298
ssp585_percentage_change_cf_historical,0.8219584940001498
