Key,Value
historical,11264907.367780127
ssp126,11297652.989703434
ssp370,11344085.564994514
ssp585,11335127.883025747
historical_percentage_change_cf_historical,0.0
ssp126_percentage_change_cf_historical,0.29068700570912764
ssp370_percentage_change_cf_historical,0.702874818490321
ssp585_percentage_change_cf_historical,0.6233563486413105
