Key,Value
historical,11533841.906786421
ssp126,11651062.085206458
ssp370,11625754.182897009
ssp585,11690580.879898809
historical_percentage_change_cf_historical,0.0
ssp126_percentage_change_cf_historical,1.016315113102648
ssp370_percentage_change_cf_historical,0.7968921097878686
ssp585_percentage_change_cf_historical,1.3589485132457346
