Key,Value
historical,11577983.515346363
ssp126,11692517.75898464
ssp370,11783311.68558761
ssp585,11768720.979278516
historical_percentage_change_cf_historical,0.0
ssp126_percentage_change_cf_historical,0.989241723193546
ssp370_percentage_change_cf_historical,1.7734363671280757
ssp585_percentage_change_cf_historical,1.6474152314980801
