Key,Value
historical,11307742.457087032
ssp126,11405821.549550513
ssp370,11415175.7347583
ssp585,11434145.850121802
historical_percentage_change_cf_historical,0.0
ssp126_percentage_change_cf_historical,0.8673622770919235
ssp370_percentage_change_cf_historical,0.9500859970854333
ssp585_percentage_change_cf_historical,1.1178481780467768
