Key,Value
historical,11024417.967055291
ssp126,11075819.895125452
ssp370,11114572.670088315
ssp585,11072834.606731253
historical_percentage_change_cf_historical,0.0
ssp126_percentage_change_cf_historical,0.4662552546879838
ssp370_percentage_change_cf_historical,0.8177729046779372
ssp585_percentage_change_cf_historical,0.43917637938480913
