Key,Value
historical,11347114.793842494
ssp126,11377163.463464096
ssp370,11404023.145906627
ssp585,11423943.431756688
historical_percentage_change_cf_historical,0.0
ssp126_percentage_change_cf_historical,0.26481330424107097
ssp370_percentage_change_cf_historical,0.5015226610293392
ssp585_percentage_change_cf_historical,0.6770764137848047
