Key,Value
historical,11342476.34728828
ssp126,11421852.106566658
ssp370,11417957.613718696
ssp585,11400436.668486271
historical_percentage_change_cf_historical,0.0
ssp126_percentage_change_cf_historical,0.6998097844599376
ssp370_percentage_change_cf_historical,0.6654743119518253
ssp585_percentage_change_cf_historical,0.5110023545418041
