Key,Value
historical,10966211.909086803
ssp126,10998703.544012465
ssp370,10981729.629391532
ssp585,11012634.328253493
historical_percentage_change_cf_historical,0.0
ssp126_percentage_change_cf_historical,0.2962885925880973
ssp370_percentage_change_cf_historical,0.14150483716141898
ssp585_percentage_change_cf_historical,0.4233222880566741
