Key,Value
historical,11116912.148240782
ssp126,11109353.965349553
ssp370,11101315.815538462
ssp585,11108272.520035451
historical_percentage_change_cf_historical,0.0
ssp126_percentage_change_cf_historical,-0.06798814986070774
ssp370_percentage_change_cf_historical,-0.14029374788922966
ssp585_percentage_change_cf_historical,-0.07771607880069681
