Key,Value
historical,11209134.6259498
ssp126,11267526.333111238
ssp370,11272147.115285698
ssp585,11239222.59282494
historical_percentage_change_cf_historical,0.0
ssp126_percentage_change_cf_historical,0.5209296623689176
ssp370_percentage_change_cf_historical,0.5621530246413556
ssp585_percentage_change_cf_historical,0.26842363732062086
