Key,Value
historical,11252087.53486888
ssp126,11285261.953918312
ssp370,11281934.341148939
ssp585,11290665.790041793
historical_percentage_change_cf_historical,0.0
ssp126_percentage_change_cf_historical,0.2948290168080272
ssp370_percentage_change_cf_historical,0.26525572421622245
ssp585_percentage_change_cf_historical,0.3428542041942393
