Key,Value
historical,11051443.356717018
ssp126,11041746.083215998
ssp370,11074554.279795213
ssp585,11108007.939725071
historical_percentage_change_cf_historical,0.0
ssp126_percentage_change_cf_historical,-0.08774666971555317
ssp370_percentage_change_cf_historical,0.20912130960837383
ssp585_percentage_change_cf_historical,0.511829823329575
