Key,Value
historical,11256447.037906498
ssp126,11298094.277207639
ssp370,11274510.943914767
ssp585,11272782.061628126
historical_percentage_change_cf_historical,0.0
ssp126_percentage_change_cf_historical,0.3699856549841415
ssp370_percentage_change_cf_historical,0.16047608936850832
ssp585_percentage_change_cf_historical,0.1451170486266146
