Key,Value
historical,11328988.461632377
ssp126,11438367.385597846
ssp370,11511519.90351943
ssp585,11532133.928569667
historical_percentage_change_cf_historical,0.0
ssp126_percentage_change_cf_historical,0.9654782890449582
ssp370_percentage_change_cf_historical,1.611189229340534
ssp585_percentage_change_cf_historical,1.7931474431744598
