Key,Value
historical,5518269.908217303
ssp126,5578899.790643675
ssp370,5613697.49188751
ssp585,5621153.743661972
historical_percentage_change_cf_historical,0.0
ssp126_percentage_change_cf_historical,1.0987117961752346
ssp370_percentage_change_cf_historical,1.729302575941498
ssp585_percentage_change_cf_historical,1.8644219502830608
