Key,Value
historical,11331847.227014866
ssp126,11449043.176563371
ssp370,11555484.780589614
ssp585,11566461.136120504
historical_percentage_change_cf_historical,0.0
ssp126_percentage_change_cf_historical,1.0342175216509517
ssp370_percentage_change_cf_historical,1.9735313148380742
ssp585_percentage_change_cf_historical,2.0703942120427095
