Key,Value
historical,10944197.884668821
ssp126,11018200.65648742
ssp370,11041730.754155891
ssp585,11041422.08097944
historical_percentage_change_cf_historical,0.0
ssp126_percentage_change_cf_historical,0.6761826914904884
ssp370_percentage_change_cf_historical,0.8911833513509333
ssp585_percentage_change_cf_historical,0.8883629237626943
