Key,Value
historical,11235460.27423774
ssp126,11338341.738435797
ssp370,11343365.593315713
ssp585,11343247.342968648
historical_percentage_change_cf_historical,0.0
ssp126_percentage_change_cf_historical,0.915685354110128
ssp370_percentage_change_cf_historical,0.9603996315610939
ssp585_percentage_change_cf_historical,0.9593471571258814
