Key,Value
historical,11340064.300341636
ssp126,11379702.045791764
ssp370,11411021.000719866
ssp585,11413150.067061588
historical_percentage_change_cf_historical,0.0
ssp126_percentage_change_cf_historical,0.3495372195458691
ssp370_percentage_change_cf_historical,0.625716913934008
ssp585_percentage_change_cf_historical,0.6444916429420106
