Key,Value
historical,5796784.945122274
ssp126,5812612.278041199
ssp370,5833775.145580292
ssp585,5831580.785560578
historical_percentage_change_cf_historical,0.0
ssp126_percentage_change_cf_historical,0.27303639981060845
ssp370_percentage_change_cf_historical,0.6381157970875503
ssp585_percentage_change_cf_historical,0.6002610199914965
