Key,Value
historical,5541158.5298028905
ssp126,5580318.978043631
ssp370,5594705.847489319
ssp585,5602511.657351956
historical_percentage_change_cf_historical,0.0
ssp126_percentage_change_cf_historical,0.7067195069427699
ssp370_percentage_change_cf_historical,0.966355995743964
ssp585_percentage_change_cf_historical,1.107225631951875
