Key,Value
historical,11288041.869967498
ssp126,11338533.060973829
ssp370,11333538.871512266
ssp585,11334891.598283112
historical_percentage_change_cf_historical,0.0
ssp126_percentage_change_cf_historical,0.4472980485717861
ssp370_percentage_change_cf_historical,0.4030548616745961
ssp585_percentage_change_cf_historical,0.41503857671063954
