Key,Value
historical,11483101.66640153
ssp126,11528924.247950397
ssp370,11566039.698757239
ssp585,11557081.300351532
historical_percentage_change_cf_historical,0.0
ssp126_percentage_change_cf_historical,0.39904359362192443
ssp370_percentage_change_cf_historical,0.7222615872014602
ssp585_percentage_change_cf_historical,0.6442478356388668
