Key,Value
historical,11296431.153593004
ssp126,11341222.438423075
ssp370,11349926.183833344
ssp585,11352447.189106125
historical_percentage_change_cf_historical,0.0
ssp126_percentage_change_cf_historical,0.3965082796598506
ssp370_percentage_change_cf_historical,0.47355690937243694
ssp585_percentage_change_cf_historical,0.4958737388073655
