Key,Value
historical,11290750.216062915
ssp126,11338107.914619295
ssp370,11359151.909166232
ssp585,11352439.925611485
historical_percentage_change_cf_historical,0.0
ssp126_percentage_change_cf_historical,0.41943801474773906
ssp370_percentage_change_cf_historical,0.605820621255129
ssp585_percentage_change_cf_historical,0.5463738756775138
