Key,Value
historical,8263599.525238384
ssp126,8343457.437147215
ssp370,8344958.797832987
ssp585,8393677.164066149
historical_percentage_change_cf_historical,0.0
ssp126_percentage_change_cf_historical,0.96638167985915
ssp370_percentage_change_cf_historical,0.9845500419777022
ssp585_percentage_change_cf_historical,1.5741038566848138
