Key,Value
historical,11357815.85967191
ssp126,11383375.279747233
ssp370,11384371.55797624
ssp585,11379363.22691008
historical_percentage_change_cf_historical,0.0
ssp126_percentage_change_cf_historical,0.22503816218818112
ssp370_percentage_change_cf_historical,0.2338099035275083
ssp585_percentage_change_cf_historical,0.18971400403381633
