Key,Value
historical,5525268.05238577
ssp126,5556806.255502952
ssp370,5577778.3299537115
ssp585,5558011.793147797
historical_percentage_change_cf_historical,0.0
ssp126_percentage_change_cf_historical,0.5707995126782042
ssp370_percentage_change_cf_historical,0.9503661554531848
ssp585_percentage_change_cf_historical,0.5926181399993522
