Key,Value
historical,11369058.85177458
ssp126,11438808.47394064
ssp370,11470389.127162348
ssp585,11465921.760857595
historical_percentage_change_cf_historical,0.0
ssp126_percentage_change_cf_historical,0.613503923899319
ssp370_percentage_change_cf_historical,0.8912811228165223
ssp585_percentage_change_cf_historical,0.8519870496395148
