Key,Value
historical,11269026.34798759
ssp126,11334338.144083507
ssp370,11349004.666990403
ssp585,11368687.98653865
historical_percentage_change_cf_historical,0.0
ssp126_percentage_change_cf_historical,0.5795691134183949
ssp370_percentage_change_cf_historical,0.7097180939424741
ssp585_percentage_change_cf_historical,0.8843855313982611
