Key,Value
historical,11411801.583224822
ssp126,11461851.800857296
ssp370,11523859.265759833
ssp585,11507221.499080317
historical_percentage_change_cf_historical,0.0
ssp126_percentage_change_cf_historical,0.4385829640260084
ssp370_percentage_change_cf_historical,0.9819455913055344
ssp585_percentage_change_cf_historical,0.8361511997874297
