Key,Value
historical,10626462.615971455
ssp126,10710224.581740275
ssp370,10714352.852669
ssp585,10705419.829063626
historical_percentage_change_cf_historical,0.0
ssp126_percentage_change_cf_historical,0.7882394056788604
ssp370_percentage_change_cf_historical,0.8270883724321132
ssp585_percentage_change_cf_historical,0.7430244282184633
