Key,Value
historical,11000599.340983626
ssp126,11025431.840856053
ssp370,11095930.659585109
ssp585,11076516.514634723
historical_percentage_change_cf_historical,0.0
ssp126_percentage_change_cf_historical,0.225737699398904
ssp370_percentage_change_cf_historical,0.8666011336884065
ssp585_percentage_change_cf_historical,0.6901185226177792
