Key,Value
historical,8169737.416925661
ssp126,8235562.436457124
ssp370,8235443.858257146
ssp585,8188758.180861592
historical_percentage_change_cf_historical,0.0
ssp126_percentage_change_cf_historical,0.8057176892257186
ssp370_percentage_change_cf_historical,0.8042662570201703
ssp585_percentage_change_cf_historical,0.23281977088424827
