Key,Value
historical,11079539.683243778
ssp126,11118765.776585868
ssp370,11123500.8194975
ssp585,11121667.776785545
historical_percentage_change_cf_historical,0.0
ssp126_percentage_change_cf_historical,0.354040821762784
ssp370_percentage_change_cf_historical,0.3967776415856604
ssp585_percentage_change_cf_historical,0.38023324746496623
