Key,Value
historical,11224444.711846571
ssp126,11289117.806502057
ssp370,11322405.665837135
ssp585,11287348.0698441
historical_percentage_change_cf_historical,0.0
ssp126_percentage_change_cf_historical,0.5761807939347605
ssp370_percentage_change_cf_historical,0.8727465501003645
ssp585_percentage_change_cf_historical,0.5604139858352134
