Key,Value
historical,8023235.955021618
ssp126,7995192.268462661
ssp370,7994835.170711046
ssp585,8051956.330314664
historical_percentage_change_cf_historical,0.0
ssp126_percentage_change_cf_historical,-0.3495308715357562
ssp370_percentage_change_cf_historical,-0.35398166612308396
ssp585_percentage_change_cf_historical,0.35796498387998427
