Key,Value
historical,11168308.2782691
ssp126,11206677.601262433
ssp370,11242988.490807451
ssp585,11251878.564265715
historical_percentage_change_cf_historical,0.0
ssp126_percentage_change_cf_historical,0.3435553714790633
ssp370_percentage_change_cf_historical,0.6686797201297027
ssp585_percentage_change_cf_historical,0.748280616136143
