Key,Value
historical,11344577.346215496
ssp126,11398179.049063765
ssp370,11408923.403372206
ssp585,11421074.756556798
historical_percentage_change_cf_historical,0.0
ssp126_percentage_change_cf_historical,0.47248743794011844
ssp370_percentage_change_cf_historical,0.5671966014509614
ssp585_percentage_change_cf_historical,0.6743081562824476
