Key,Value
historical,5737504.687983711
ssp126,5800613.516679737
ssp370,5793173.246619532
ssp585,5812481.364921538
historical_percentage_change_cf_historical,0.0
ssp126_percentage_change_cf_historical,1.0999351133986333
ssp370_percentage_change_cf_historical,0.970257309809429
ssp585_percentage_change_cf_historical,1.3067819725682073
