Key,Value
historical,11336878.066657627
ssp126,11356207.575424703
ssp370,11371182.608618427
ssp585,11358211.029469656
historical_percentage_change_cf_historical,0.0
ssp126_percentage_change_cf_historical,0.17050116137285598
ssp370_percentage_change_cf_historical,0.30259249291647217
ssp585_percentage_change_cf_historical,0.1881731697791672
