Key,Value
historical,11293870.996000472
ssp126,11347743.876527568
ssp370,11362991.410306511
ssp585,11364108.729565587
historical_percentage_change_cf_historical,0.0
ssp126_percentage_change_cf_historical,0.47700988036939695
ssp370_percentage_change_cf_historical,0.6120170341109508
ssp585_percentage_change_cf_historical,0.6219101811060876
