Key,Value
historical,11281720.397392826
ssp126,11318753.39296525
ssp370,11301909.036719216
ssp585,11322836.143388063
historical_percentage_change_cf_historical,0.0
ssp126_percentage_change_cf_historical,0.32825663345620393
ssp370_percentage_change_cf_historical,0.178950005985394
ssp585_percentage_change_cf_historical,0.36444570993567876
