Key,Value
historical,5756258.180054065
ssp126,5825886.106636526
ssp370,5869544.254820103
ssp585,5887332.96061266
historical_percentage_change_cf_historical,0.0
ssp126_percentage_change_cf_historical,1.2096039545920307
ssp370_percentage_change_cf_historical,1.9680506193864633
ssp585_percentage_change_cf_historical,2.2770830713045664
