Key,Value
historical,5720389.599654504
ssp126,5791164.595137713
ssp370,5848465.450628082
ssp585,5843849.582699695
historical_percentage_change_cf_historical,0.0
ssp126_percentage_change_cf_historical,1.23724082512637
ssp370_percentage_change_cf_historical,2.23893580572403
ssp585_percentage_change_cf_historical,2.1582443100142554
