Key,Value
historical,4546503.50864362
ssp126,4596802.242944815
ssp370,4627255.93254898
ssp585,4632094.83165487
historical_percentage_change_cf_historical,0.0
ssp126_percentage_change_cf_historical,1.1063168477835694
ssp370_percentage_change_cf_historical,1.776143441918332
ssp585_percentage_change_cf_historical,1.882574660913109
