Key,Value
historical,11529142.666096918
ssp126,11617546.63289595
ssp370,11641397.70887673
ssp585,11673980.195480075
historical_percentage_change_cf_historical,0.0
ssp126_percentage_change_cf_historical,0.7667869967382428
ssp370_percentage_change_cf_historical,0.9736634026562486
ssp585_percentage_change_cf_historical,1.256273198952354
