Key,Value
historical,11314064.286750074
ssp126,11361619.4325757
ssp370,11373859.14189538
ssp585,11359773.90816398
historical_percentage_change_cf_historical,0.0
ssp126_percentage_change_cf_historical,0.4203188581959735
ssp370_percentage_change_cf_historical,0.528500224409466
ssp585_percentage_change_cf_historical,0.404007085830649
