Key,Value
historical,5511981.828867726
ssp126,5568470.26818257
ssp370,5591207.745046111
ssp585,5576422.861887995
historical_percentage_change_cf_historical,0.0
ssp126_percentage_change_cf_historical,1.024829926307068
ssp370_percentage_change_cf_historical,1.4373399375784848
ssp585_percentage_change_cf_historical,1.169108226786492
