Key,Value
historical,8680154.195549754
ssp126,8739478.037704566
ssp370,8740093.061364714
ssp585,8738112.386038136
historical_percentage_change_cf_historical,0.0
ssp126_percentage_change_cf_historical,0.6834422617195779
ssp370_percentage_change_cf_historical,0.6905276618898062
ssp585_percentage_change_cf_historical,0.6677092270791228
