Key,Value
historical,11249900.297950504
ssp126,11318508.350269139
ssp370,11319530.590756737
ssp585,11327315.584812028
historical_percentage_change_cf_historical,0.0
ssp126_percentage_change_cf_historical,0.6098547587229143
ssp370_percentage_change_cf_historical,0.6189414213645744
ssp585_percentage_change_cf_historical,0.6881419818060737
