Key,Value
historical,11354663.97192565
ssp126,11447580.91275819
ssp370,11461261.662306547
ssp585,11480430.015275702
historical_percentage_change_cf_historical,0.0
ssp126_percentage_change_cf_historical,0.8183151968413778
ssp370_percentage_change_cf_historical,0.9388009248398688
ssp585_percentage_change_cf_historical,1.1076157221473748
