Key,Value
historical,10948721.2692865
ssp126,11042034.575334443
ssp370,11011534.117850816
ssp585,11109499.384899734
historical_percentage_change_cf_historical,0.0
ssp126_percentage_change_cf_historical,0.8522758389119488
ssp370_percentage_change_cf_historical,0.5737003164060723
ssp585_percentage_change_cf_historical,1.4684647792089678
