Key,Value
historical,11308734.043964043
ssp126,11445494.386877142
ssp370,11478261.531010576
ssp585,11468656.897044148
historical_percentage_change_cf_historical,0.0
ssp126_percentage_change_cf_historical,1.2093337979426042
ssp370_percentage_change_cf_historical,1.4990845693910047
ssp585_percentage_change_cf_historical,1.4141534539444116
