Key,Value
historical,11024694.697611693
ssp126,11081242.532457193
ssp370,11079066.839830188
ssp585,11068114.6368815
historical_percentage_change_cf_historical,0.0
ssp126_percentage_change_cf_historical,0.5129197351628264
ssp370_percentage_change_cf_historical,0.4931850151848065
ssp585_percentage_change_cf_historical,0.3938425549254743
