Key,Value
historical,11364267.913346982
ssp126,11430250.772344533
ssp370,11429891.371617172
ssp585,11469160.224020587
historical_percentage_change_cf_historical,0.0
ssp126_percentage_change_cf_historical,0.5806168905966824
ssp370_percentage_change_cf_historical,0.5774543399590004
ssp585_percentage_change_cf_historical,0.9230010368764088
