Key,Value
historical,5530141.512351425
ssp126,5573782.230863038
ssp370,5567524.577274576
ssp585,5589910.266299412
historical_percentage_change_cf_historical,0.0
ssp126_percentage_change_cf_historical,0.7891428892758475
ssp370_percentage_change_cf_historical,0.6759874921764004
ssp585_percentage_change_cf_historical,1.0807816366813463
