Key,Value
historical,11054769.053649109
ssp126,11069599.9303414
ssp370,11094982.915535148
ssp585,11123166.879213195
historical_percentage_change_cf_historical,0.0
ssp126_percentage_change_cf_historical,0.13415817752787673
ssp370_percentage_change_cf_historical,0.36376935321652004
ssp585_percentage_change_cf_historical,0.618717815199484
