Key,Value
historical,11557192.067064032
ssp126,11621397.31901805
ssp370,11621766.979389783
ssp585,11649132.014536008
historical_percentage_change_cf_historical,0.0
ssp126_percentage_change_cf_historical,0.5555436959206631
ssp370_percentage_change_cf_historical,0.5587422269270595
ssp585_percentage_change_cf_historical,0.795521498115351
