Key,Value
historical,5725264.992696762
ssp126,5757942.992793532
ssp370,5757797.384002589
ssp585,5796312.816904511
historical_percentage_change_cf_historical,0.0
ssp126_percentage_change_cf_historical,0.570768342399078
ssp370_percentage_change_cf_historical,0.5682250751244778
ssp585_percentage_change_cf_historical,1.2409525899391372
