Key,Value
historical,11059007.861901963
ssp126,11113965.170729995
ssp370,11111691.78133951
ssp585,11033337.149074253
historical_percentage_change_cf_historical,0.0
ssp126_percentage_change_cf_historical,0.49694610506027714
ssp370_percentage_change_cf_historical,0.47638920322175754
ssp585_percentage_change_cf_historical,-0.23212491706553054
