Key,Value
historical,11265002.723612327
ssp126,11325246.342001583
ssp370,11358052.28304495
ssp585,11359157.505843282
historical_percentage_change_cf_historical,0.0
ssp126_percentage_change_cf_historical,0.5347856531182275
ssp370_percentage_change_cf_historical,0.8260056541094561
ssp585_percentage_change_cf_historical,0.8358167728943272
