Key,Value
historical,5514896.475439609
ssp126,5555166.060025657
ssp370,5569038.115018139
ssp585,5583759.292287249
historical_percentage_change_cf_historical,0.0
ssp126_percentage_change_cf_historical,0.7301965642580364
ssp370_percentage_change_cf_historical,0.9817344680838064
ssp585_percentage_change_cf_historical,1.2486692570625422
