Key,Value
historical,11320976.038039688
ssp126,11348433.000032555
ssp370,11360086.64187482
ssp585,11380531.499911271
historical_percentage_change_cf_historical,0.0
ssp126_percentage_change_cf_historical,0.24253175610131997
ssp370_percentage_change_cf_historical,0.3454702465910728
ssp585_percentage_change_cf_historical,0.5260629619872907
