Key,Value
historical,10641918.54495339
ssp126,10726573.682926357
ssp370,10717153.771580497
ssp585,10713279.71746847
historical_percentage_change_cf_historical,0.0
ssp126_percentage_change_cf_historical,0.7954875581444181
ssp370_percentage_change_cf_historical,0.7069705176684119
ssp585_percentage_change_cf_historical,0.670566798774476
