Key,Value
historical,11352185.178021377
ssp126,11447213.247911442
ssp370,11484240.512714082
ssp585,11490607.941753548
historical_percentage_change_cf_historical,0.0
ssp126_percentage_change_cf_historical,0.8370905548127078
ssp370_percentage_change_cf_historical,1.1632591665996939
ssp585_percentage_change_cf_historical,1.2193490641798799
