Key,Value
historical,5526204.448726797
ssp126,5612962.16552541
ssp370,5640067.100574924
ssp585,5636405.946069255
historical_percentage_change_cf_historical,0.0
ssp126_percentage_change_cf_historical,1.5699331720997443
ssp370_percentage_change_cf_historical,2.0604133072630053
ssp585_percentage_change_cf_historical,1.9941625099999285
