Key,Value
historical,11502657.507743234
ssp126,11604257.617030986
ssp370,11571377.851690084
ssp585,11588445.45381501
historical_percentage_change_cf_historical,0.0
ssp126_percentage_change_cf_historical,0.8832750972491165
ssp370_percentage_change_cf_historical,0.5974301495162271
ssp585_percentage_change_cf_historical,0.7458097923373432
