Key,Value
historical,11334020.671179324
ssp126,11457482.92307778
ssp370,11554420.531565238
ssp585,11551829.81634713
historical_percentage_change_cf_historical,0.0
ssp126_percentage_change_cf_historical,1.0893067471846238
ssp370_percentage_change_cf_historical,1.9445867162246884
ssp585_percentage_change_cf_historical,1.921728850571629
