Key,Value
historical,11308441.997584105
ssp126,11396764.093756143
ssp370,11408568.945207128
ssp585,11434314.907980576
historical_percentage_change_cf_historical,0.0
ssp126_percentage_change_cf_historical,0.7810279806087106
ssp370_percentage_change_cf_historical,0.885417705148194
ssp585_percentage_change_cf_historical,1.1130879958827455
