Key,Value
historical,11356444.651196271
ssp126,11443514.651898216
ssp370,11512549.968436845
ssp585,11553561.16219918
historical_percentage_change_cf_historical,0.0
ssp126_percentage_change_cf_historical,0.7667012289165117
ssp370_percentage_change_cf_historical,1.3745967337068785
ssp585_percentage_change_cf_historical,1.7357237855436156
