Key,Value
historical,5686185.377140835
ssp126,5700289.100044677
ssp370,5716930.814181915
ssp585,5715944.640864385
historical_percentage_change_cf_historical,0.0
ssp126_percentage_change_cf_historical,0.2480348769588274
ssp370_percentage_change_cf_historical,0.5407040924954728
ssp585_percentage_change_cf_historical,0.5233607726400596
