Key,Value
historical,5770532.989594614
ssp126,5840074.923559397
ssp370,5847107.244605107
ssp585,5862740.048785014
historical_percentage_change_cf_historical,0.0
ssp126_percentage_change_cf_historical,1.205121504203873
ssp370_percentage_change_cf_historical,1.3269875616094957
ssp585_percentage_change_cf_historical,1.5978950186519527
