Key,Value
historical,11308211.768316608
ssp126,11367114.725391734
ssp370,11375625.170872318
ssp585,11375884.59797254
historical_percentage_change_cf_historical,0.0
ssp126_percentage_change_cf_historical,0.5208865758966507
ssp370_percentage_change_cf_historical,0.5961455616226505
ssp585_percentage_change_cf_historical,0.5984397094997661
