Key,Value
historical,11277394.761329249
ssp126,11317802.20235692
ssp370,11330916.535689894
ssp585,11330116.826122003
historical_percentage_change_cf_historical,0.0
ssp126_percentage_change_cf_historical,0.35830474930460215
ssp370_percentage_change_cf_historical,0.47459342776732805
ssp585_percentage_change_cf_historical,0.46750216613451123
