Key,Value
historical,11039146.145946473
ssp126,11103204.636032887
ssp370,11043764.872756777
ssp585,11093929.130407933
historical_percentage_change_cf_historical,0.0
ssp126_percentage_change_cf_historical,0.5802848267384876
ssp370_percentage_change_cf_historical,0.041839529518326236
ssp585_percentage_change_cf_historical,0.49626106708965295
