Key,Value
historical,8165934.4910280295
ssp126,8217646.304373654
ssp370,8223717.6561511215
ssp585,8232207.37905125
historical_percentage_change_cf_historical,0.0
ssp126_percentage_change_cf_historical,0.6332626523325686
ssp370_percentage_change_cf_historical,0.7076124010862295
ssp585_percentage_change_cf_historical,0.8115775126047782
