Key,Value
historical,5770584.283065954
ssp126,5866954.594436173
ssp370,5912168.077545333
ssp585,5904341.718703542
historical_percentage_change_cf_historical,0.0
ssp126_percentage_change_cf_historical,1.6700269269616634
ssp370_percentage_change_cf_historical,2.453543480767843
ssp585_percentage_change_cf_historical,2.317918413047099
