Key,Value
historical,11209134.6259498
ssp126,11292239.299400743
ssp370,11300637.791229837
ssp585,11269030.88021804
historical_percentage_change_cf_historical,0.0
ssp126_percentage_change_cf_historical,0.7414013322540611
ssp370_percentage_change_cf_historical,0.8163267578944182
ssp585_percentage_change_cf_historical,0.5343521713940063
