Key,Value
historical,5803968.304055586
ssp126,5873788.338961378
ssp370,5876060.932673238
ssp585,5848484.780599102
historical_percentage_change_cf_historical,0.0
ssp126_percentage_change_cf_historical,1.2029706443607517
ssp370_percentage_change_cf_historical,1.2421265045034144
ssp585_percentage_change_cf_historical,0.7670006831775691
