Key,Value
historical,11496470.001305562
ssp126,11540530.467977505
ssp370,11565980.077734478
ssp585,11560459.676131278
historical_percentage_change_cf_historical,0.0
ssp126_percentage_change_cf_historical,0.38325213449815526
ssp370_percentage_change_cf_historical,0.6046210395105855
ssp585_percentage_change_cf_historical,0.5566028078049173
