Key,Value
historical,8197105.2124362225
ssp126,8268550.453975027
ssp370,8258342.369895038
ssp585,8270022.695548412
historical_percentage_change_cf_historical,0.0
ssp126_percentage_change_cf_historical,0.8715911250036408
ssp370_percentage_change_cf_historical,0.7470583318353642
ssp585_percentage_change_cf_historical,0.8895516310021652
