Key,Value
historical,5744682.028340586
ssp126,5772783.229757116
ssp370,5793761.633350227
ssp585,5780368.576287169
historical_percentage_change_cf_historical,0.0
ssp126_percentage_change_cf_historical,0.4891689614481074
ssp370_percentage_change_cf_historical,0.8543485047129361
ssp585_percentage_change_cf_historical,0.6212101517634562
