Key,Value
historical,5786310.207786491
ssp126,5792116.79896432
ssp370,5812357.35735197
ssp585,5794910.851270869
historical_percentage_change_cf_historical,0.0
ssp126_percentage_change_cf_historical,0.10035049918365639
ssp370_percentage_change_cf_historical,0.4501512817343909
ssp585_percentage_change_cf_historical,0.14863778773568975
