Key,Value
historical,11314941.251560869
ssp126,11408702.97791043
ssp370,11519123.214084726
ssp585,11508235.383837026
historical_percentage_change_cf_historical,0.0
ssp126_percentage_change_cf_historical,0.8286541155185083
ssp370_percentage_change_cf_historical,1.8045340049440446
ssp585_percentage_change_cf_historical,1.7083087572327647
