Key,Value
historical,11417404.437078634
ssp126,11447989.121103466
ssp370,11461035.294247964
ssp585,11482752.292214492
historical_percentage_change_cf_historical,0.0
ssp126_percentage_change_cf_historical,0.2678777316979845
ssp370_percentage_change_cf_historical,0.38214339703721595
ssp585_percentage_change_cf_historical,0.5723529852690282
