Key,Value
historical,4576289.854506655
ssp126,4674595.615449902
ssp370,4660328.043191625
ssp585,4687074.533285517
historical_percentage_change_cf_historical,0.0
ssp126_percentage_change_cf_historical,2.1481541613112007
ssp370_percentage_change_cf_historical,1.836382557853295
ssp585_percentage_change_cf_historical,2.4208405127521293
