Key,Value
historical,5703684.757706426
ssp126,5742881.478182865
ssp370,5729209.415398838
ssp585,5765683.701766254
historical_percentage_change_cf_historical,0.0
ssp126_percentage_change_cf_historical,0.6872175118633497
ssp370_percentage_change_cf_historical,0.4475117187696034
ssp585_percentage_change_cf_historical,1.0869980844586404
