Key,Value
historical,11275965.160933169
ssp126,11335715.157730749
ssp370,11343377.082840329
ssp585,11345876.25980895
historical_percentage_change_cf_historical,0.0
ssp126_percentage_change_cf_historical,0.5298880933455768
ssp370_percentage_change_cf_historical,0.5978372666555987
ssp585_percentage_change_cf_historical,0.6200010187863676
