Key,Value
historical,8166117.989822049
ssp126,8220682.982036863
ssp370,8243888.881685043
ssp585,8255258.578575193
historical_percentage_change_cf_historical,0.0
ssp126_percentage_change_cf_historical,0.6681876539479661
ssp370_percentage_change_cf_historical,0.952360619328852
ssp585_percentage_change_cf_historical,1.0915907517408618
