Key,Value
historical,5774394.319652725
ssp126,5867346.279880105
ssp370,5913360.960143294
ssp585,5886509.0610331
historical_percentage_change_cf_historical,0.0
ssp126_percentage_change_cf_historical,1.6097265805181407
ssp370_percentage_change_cf_historical,2.40660115672403
ssp585_percentage_change_cf_historical,1.9415844359433616
