Key,Value
historical,11329964.06473836
ssp126,11368757.400526974
ssp370,11366114.304561134
ssp585,11392055.752001267
historical_percentage_change_cf_historical,0.0
ssp126_percentage_change_cf_historical,0.34239592965126403
ssp370_percentage_change_cf_historical,0.3190675594045667
ssp585_percentage_change_cf_historical,0.5480307519787486
