Key,Value
historical,11233988.835877735
ssp126,11321738.042033438
ssp370,11301251.997219998
ssp585,11327587.002019502
historical_percentage_change_cf_historical,0.0
ssp126_percentage_change_cf_historical,0.7811046231011003
ssp370_percentage_change_cf_historical,0.5987469128280276
ssp585_percentage_change_cf_historical,0.8331694779938245
