Key,Value
historical,11249457.57931099
ssp126,11327345.131519672
ssp370,11375087.177313443
ssp585,11384400.085242135
historical_percentage_change_cf_historical,0.0
ssp126_percentage_change_cf_historical,0.692367180013413
ssp370_percentage_change_cf_historical,1.1167613826421219
ssp585_percentage_change_cf_historical,1.199546777964823
