Key,Value
historical,11299268.167192891
ssp126,11359069.892501656
ssp370,11349056.99220242
ssp585,11344439.428363193
historical_percentage_change_cf_historical,0.0
ssp126_percentage_change_cf_historical,0.5292530845705331
ssp370_percentage_change_cf_historical,0.44063760831952825
ssp585_percentage_change_cf_historical,0.3997715648651926
