Key,Value
historical,11516183.63868175
ssp126,11518003.744009573
ssp370,11504911.376730422
ssp585,11554462.871029899
historical_percentage_change_cf_historical,0.0
ssp126_percentage_change_cf_historical,0.01580476123799129
ssp370_percentage_change_cf_historical,-0.09788192256214763
ssp585_percentage_change_cf_historical,0.33239511933077837
