Key,Value
historical,11421882.6431178
ssp126,11561517.319894204
ssp370,11577364.607083306
ssp585,11586086.235453561
historical_percentage_change_cf_historical,0.0
ssp126_percentage_change_cf_historical,1.2225189238880838
ssp370_percentage_change_cf_historical,1.3612638898823766
ssp585_percentage_change_cf_historical,1.437622828620995
