Key,Value
historical,11351307.175747434
ssp126,11422163.280634569
ssp370,11473550.482648497
ssp585,11490120.632589942
historical_percentage_change_cf_historical,0.0
ssp126_percentage_change_cf_historical,0.6242109722704228
ssp370_percentage_change_cf_historical,1.0769095136658973
ssp585_percentage_change_cf_historical,1.2228852121902685
