Key,Value
historical,11339662.594990112
ssp126,11432256.035169667
ssp370,11450220.279389968
ssp585,11460443.420909073
historical_percentage_change_cf_historical,0.0
ssp126_percentage_change_cf_historical,0.8165449315966661
ssp370_percentage_change_cf_historical,0.9749644971685567
ssp585_percentage_change_cf_historical,1.065118339343911
