Key,Value
historical,4847534.053842838
ssp126,4892136.026234276
ssp370,4911147.595116504
ssp585,4899256.923347215
historical_percentage_change_cf_historical,0.0
ssp126_percentage_change_cf_historical,0.9200961127045604
ssp370_percentage_change_cf_historical,1.3122866300080258
ssp585_percentage_change_cf_historical,1.0669934224262834
