Key,Value
historical,11466018.053236028
ssp126,11586480.625114761
ssp370,11629355.529760983
ssp585,11633510.081951076
historical_percentage_change_cf_historical,0.0
ssp126_percentage_change_cf_historical,1.0506051125982245
ssp370_percentage_change_cf_historical,1.424535316154123
ssp585_percentage_change_cf_historical,1.4607689255100822
