Key,Value
historical,11279767.394640893
ssp126,11350320.935690165
ssp370,11398625.407559978
ssp585,11443323.995998789
historical_percentage_change_cf_historical,0.0
ssp126_percentage_change_cf_historical,0.6254875528975213
ssp370_percentage_change_cf_historical,1.053727517249651
ssp585_percentage_change_cf_historical,1.4499997707009713
