Key,Value
historical,11116654.800385363
ssp126,11176933.820704587
ssp370,11209065.348824356
ssp585,11177432.778149001
historical_percentage_change_cf_historical,0.0
ssp126_percentage_change_cf_historical,0.5422406416463864
ssp370_percentage_change_cf_historical,0.8312801836375175
ssp585_percentage_change_cf_historical,0.5467290192507462
