Key,Value
historical,11045646.6548756
ssp126,11095711.809152655
ssp370,11100660.076302206
ssp585,11112916.623799106
historical_percentage_change_cf_historical,0.0
ssp126_percentage_change_cf_historical,0.45325688790665414
ssp370_percentage_change_cf_historical,0.49805523520275063
ssp585_percentage_change_cf_historical,0.6090179328143918
