Key,Value
historical,5768611.733966788
ssp126,5847851.147410815
ssp370,5848386.97684527
ssp585,5896954.4496677695
historical_percentage_change_cf_historical,0.0
ssp126_percentage_change_cf_historical,1.3736305561604742
ssp370_percentage_change_cf_historical,1.3829192630307998
ssp585_percentage_change_cf_historical,2.2248457968712394
