Key,Value
historical,11351525.574180203
ssp126,11373541.49884757
ssp370,11419891.293606916
ssp585,11415967.786992148
historical_percentage_change_cf_historical,0.0
ssp126_percentage_change_cf_historical,0.19394683581072478
ssp370_percentage_change_cf_historical,0.6022601894340638
ssp585_percentage_change_cf_historical,0.5676964949849833
