Key,Value
historical,5729462.834162308
ssp126,5776048.344135739
ssp370,5784003.921260038
ssp585,5802155.28301738
historical_percentage_change_cf_historical,0.0
ssp126_percentage_change_cf_historical,0.8130868690806713
ssp370_percentage_change_cf_historical,0.9519406736094976
ssp585_percentage_change_cf_historical,1.2687480652049725
