Key,Value
historical,11349022.226289129
ssp126,11440336.481202234
ssp370,11468318.408511266
ssp585,11480556.364887798
historical_percentage_change_cf_historical,0.0
ssp126_percentage_change_cf_historical,0.8046001945575745
ssp370_percentage_change_cf_historical,1.0511582393926138
ssp585_percentage_change_cf_historical,1.1589909331041814
