Key,Value
historical,11264960.14325732
ssp126,11345104.083624687
ssp370,11377149.069404982
ssp585,11361657.746760663
historical_percentage_change_cf_historical,0.0
ssp126_percentage_change_cf_historical,0.711444508885702
ssp370_percentage_change_cf_historical,0.9959105466947716
ssp585_percentage_change_cf_historical,0.8583927708010702
