Key,Value
historical,11499662.912000913
ssp126,11571246.864146026
ssp370,11571418.861514978
ssp585,11585939.1524084
historical_percentage_change_cf_historical,0.0
ssp126_percentage_change_cf_historical,0.622487395438422
ssp370_percentage_change_cf_historical,0.6239830685748299
ssp585_percentage_change_cf_historical,0.7502501687893
