Key,Value
historical,8966518.500346784
ssp126,8959436.07469849
ssp370,8967387.520462595
ssp585,8994725.92399183
historical_percentage_change_cf_historical,0.0
ssp126_percentage_change_cf_historical,-0.07898746484513999
ssp370_percentage_change_cf_historical,0.009691834303110712
ssp585_percentage_change_cf_historical,0.31458613110489514
