Key,Value
historical,8202564.746661313
ssp126,8284714.673823032
ssp370,8265613.934583321
ssp585,8261858.089052704
historical_percentage_change_cf_historical,0.0
ssp126_percentage_change_cf_historical,1.0015151321439575
ssp370_percentage_change_cf_historical,0.7686521212486769
ssp585_percentage_change_cf_historical,0.7228634484784218
