Key,Value
historical,11298549.566119408
ssp126,11334338.811816687
ssp370,11358138.884839505
ssp585,11362876.325993426
historical_percentage_change_cf_historical,0.0
ssp126_percentage_change_cf_historical,0.3167596467833232
ssp370_percentage_change_cf_historical,0.5274068000620652
ssp585_percentage_change_cf_historical,0.5693364400233502
