Key,Value
historical,11245970.263216812
ssp126,11283507.704243053
ssp370,11277430.656779144
ssp585,11292206.824599845
historical_percentage_change_cf_historical,0.0
ssp126_percentage_change_cf_historical,0.3337857041025407
ssp370_percentage_change_cf_historical,0.27974814823432426
ssp585_percentage_change_cf_historical,0.4111389262184266
