Key,Value
historical,8232804.23233501
ssp126,8276383.36128213
ssp370,8290636.5612924285
ssp585,8296255.282807593
historical_percentage_change_cf_historical,0.0
ssp126_percentage_change_cf_historical,0.529335178115369
ssp370_percentage_change_cf_historical,0.7024620934174254
ssp585_percentage_change_cf_historical,0.7707100604114263
