Key,Value
historical,11358107.529020067
ssp126,11371103.943485223
ssp370,11394816.145456417
ssp585,11395368.336527538
historical_percentage_change_cf_historical,0.0
ssp126_percentage_change_cf_historical,0.11442411891197099
ssp370_percentage_change_cf_historical,0.32319307017087473
ssp585_percentage_change_cf_historical,0.3280547169699578
