Key,Value
historical,5527597.863889663
ssp126,5579586.1929525295
ssp370,5593670.388153013
ssp585,5579090.781546079
historical_percentage_change_cf_historical,0.0
ssp126_percentage_change_cf_historical,0.9405229964808585
ssp370_percentage_change_cf_historical,1.1953207503567627
ssp585_percentage_change_cf_historical,0.9315604883778849
