Key,Value
historical,8202709.368814865
ssp126,8250103.881615674
ssp370,8260162.467363805
ssp585,8265494.602810426
historical_percentage_change_cf_historical,0.0
ssp126_percentage_change_cf_historical,0.5777909550348557
ssp370_percentage_change_cf_historical,0.7004161182080297
ssp585_percentage_change_cf_historical,0.7654206820280386
