Key,Value
historical,11324140.194198212
ssp126,11341677.535998868
ssp370,11378954.717645392
ssp585,11399458.533178192
historical_percentage_change_cf_historical,0.0
ssp126_percentage_change_cf_historical,0.15486687289195888
ssp370_percentage_change_cf_historical,0.48405020166797064
ssp585_percentage_change_cf_historical,0.6651130919287668
