Key,Value
historical,11217978.864854347
ssp126,11280987.92870903
ssp370,11275904.214389222
ssp585,11257037.163787069
historical_percentage_change_cf_historical,0.0
ssp126_percentage_change_cf_historical,0.5616792883439016
ssp370_percentage_change_cf_historical,0.5163617281928876
ssp585_percentage_change_cf_historical,0.34817590051885844
