Key,Value
historical,11275932.143635286
ssp126,11294178.042021964
ssp370,11326889.524718631
ssp585,11314104.521674383
historical_percentage_change_cf_historical,0.0
ssp126_percentage_change_cf_historical,0.1618127721438679
ssp370_percentage_change_cf_historical,0.45191280360895036
ssp585_percentage_change_cf_historical,0.33852968918976567
