Key,Value
historical,11301118.378693992
ssp126,11332752.38088276
ssp370,11353023.820606308
ssp585,11370560.469632758
historical_percentage_change_cf_historical,0.0
ssp126_percentage_change_cf_historical,0.27991921798118535
ssp370_percentage_change_cf_historical,0.4592947367950163
ssp585_percentage_change_cf_historical,0.6144709630657863
