Key,Value
historical,11334115.952060124
ssp126,11364649.120268242
ssp370,11382086.07457732
ssp585,11403780.945416521
historical_percentage_change_cf_historical,0.0
ssp126_percentage_change_cf_historical,0.26939170498400206
ssp370_percentage_change_cf_historical,0.42323656048778346
ssp585_percentage_change_cf_historical,0.6146486735362439
