Key,Value
historical,11266682.56981324
ssp126,11351330.657812212
ssp370,11448046.827554319
ssp585,11433626.997920167
historical_percentage_change_cf_historical,0.0
ssp126_percentage_change_cf_historical,0.7513133300282063
ssp370_percentage_change_cf_historical,1.6097396604303644
ssp585_percentage_change_cf_historical,1.4817531875285068
