Key,Value
historical,10907106.544881342
ssp126,10911688.762729695
ssp370,10919429.563163266
ssp585,10937155.108397689
historical_percentage_change_cf_historical,0.0
ssp126_percentage_change_cf_historical,0.04201130546857547
ssp370_percentage_change_cf_historical,0.11298155226792707
ssp585_percentage_change_cf_historical,0.2754952781720868
