Key,Value
historical,8202488.9422246255
ssp126,8280718.293445492
ssp370,8293349.399000593
ssp585,8295733.614137844
historical_percentage_change_cf_historical,0.0
ssp126_percentage_change_cf_historical,0.9537269939878739
ssp370_percentage_change_cf_historical,1.1077181257537347
ssp585_percentage_change_cf_historical,1.136785097425922
