Key,Value
historical,11343410.801627241
ssp126,11393881.254770039
ssp370,11389957.776341952
ssp585,11371113.0587091
historical_percentage_change_cf_historical,0.0
ssp126_percentage_change_cf_historical,0.44493189945618
ssp370_percentage_change_cf_historical,0.4103437275500419
ssp585_percentage_change_cf_historical,0.24421452741431926
