Key,Value
historical,11314675.260318816
ssp126,11487364.945841266
ssp370,11567102.928002257
ssp585,11612017.887388673
historical_percentage_change_cf_historical,0.0
ssp126_percentage_change_cf_historical,1.526245177606487
ssp370_percentage_change_cf_historical,2.2309758068684378
ssp585_percentage_change_cf_historical,2.627937790779147
