Key,Value
historical,5728112.692848474
ssp126,5756432.023942087
ssp370,5781990.86696122
ssp585,5796343.102104712
historical_percentage_change_cf_historical,0.0
ssp126_percentage_change_cf_historical,0.4943920033027568
ssp370_percentage_change_cf_historical,0.9405920763397895
ssp585_percentage_change_cf_historical,1.1911499112338326
