Key,Value
historical,5761154.169835029
ssp126,5817637.657366209
ssp370,5819754.324193917
ssp585,5843640.521934301
historical_percentage_change_cf_historical,0.0
ssp126_percentage_change_cf_historical,0.9804196497105191
ssp370_percentage_change_cf_historical,1.0171599757859988
ssp585_percentage_change_cf_historical,1.4317678310218436
