Key,Value
historical,11319007.67071503
ssp126,11348519.73677216
ssp370,11352023.021612763
ssp585,11377783.047914367
historical_percentage_change_cf_historical,0.0
ssp126_percentage_change_cf_historical,0.2607301533462476
ssp370_percentage_change_cf_historical,0.2916806124546739
ssp585_percentage_change_cf_historical,0.5192626324602888
