Key,Value
historical,11292123.230143469
ssp126,11317269.377455901
ssp370,11312558.87114897
ssp585,11324647.940617708
historical_percentage_change_cf_historical,0.0
ssp126_percentage_change_cf_historical,0.2226875034918747
ssp370_percentage_change_cf_historical,0.18097252916041293
ssp585_percentage_change_cf_historical,0.2880300702654166
