Key,Value
historical,8478592.083569657
ssp126,8573374.172344001
ssp370,8469750.92716951
ssp585,8464432.430421866
historical_percentage_change_cf_historical,0.0
ssp126_percentage_change_cf_historical,1.1178989134059012
ssp370_percentage_change_cf_historical,-0.10427623257499047
ssp585_percentage_change_cf_historical,-0.1670047692851038
