Key,Value
historical,5764961.025329169
ssp126,5799561.321835719
ssp370,5809576.063836543
ssp585,5798287.8038464775
historical_percentage_change_cf_historical,0.0
ssp126_percentage_change_cf_historical,0.600182661331601
ssp370_percentage_change_cf_historical,0.7739000890266481
ssp585_percentage_change_cf_historical,0.5780920004642311
