Key,Value
historical,5747729.879102126
ssp126,5899146.21013437
ssp370,5947248.416800015
ssp585,5945743.397622317
historical_percentage_change_cf_historical,0.0
ssp126_percentage_change_cf_historical,2.6343675540976847
ssp370_percentage_change_cf_historical,3.4712580774421573
ssp585_percentage_change_cf_historical,3.445073493104442
