Key,Value
historical,10963988.187539121
ssp126,11019878.901866332
ssp370,11000607.672694491
ssp585,11030707.686604094
historical_percentage_change_cf_historical,0.0
ssp126_percentage_change_cf_historical,0.5097662763877466
ssp370_percentage_change_cf_historical,0.33399785305304464
ssp585_percentage_change_cf_historical,0.6085331169984404
