Key,Value
historical,11392398.938053466
ssp126,11474764.589176279
ssp370,11494599.377776548
ssp585,11575080.693757467
historical_percentage_change_cf_historical,0.0
ssp126_percentage_change_cf_historical,0.7229877707994431
ssp370_percentage_change_cf_historical,0.8970932310113089
ssp585_percentage_change_cf_historical,1.6035407177833088
