Key,Value
historical,5749034.890616132
ssp126,5786039.30793545
ssp370,5809826.161719698
ssp585,5830073.861291511
historical_percentage_change_cf_historical,0.0
ssp126_percentage_change_cf_historical,0.6436631195214831
ssp370_percentage_change_cf_historical,1.0574169797228596
ssp585_percentage_change_cf_historical,1.4096099991957778
