Key,Value
historical,11558705.36219009
ssp126,11542082.789829459
ssp370,11579212.029101519
ssp585,11545690.83835277
historical_percentage_change_cf_historical,0.0
ssp126_percentage_change_cf_historical,-0.14380998424793753
ssp370_percentage_change_cf_historical,0.177413181397534
ssp585_percentage_change_cf_historical,-0.11259499597500403
