Key,Value
historical,5514888.885245606
ssp126,5582850.750944907
ssp370,5597202.301179869
ssp585,5602621.144529841
historical_percentage_change_cf_historical,0.0
ssp126_percentage_change_cf_historical,1.2323342702538214
ssp370_percentage_change_cf_historical,1.4925670788124492
ssp585_percentage_change_cf_historical,1.5908255108992544
