Key,Value
historical,11510046.902100267
ssp126,11651504.11025764
ssp370,11721754.866467409
ssp585,11812536.127855536
historical_percentage_change_cf_historical,0.0
ssp126_percentage_change_cf_historical,1.228988981196606
ssp370_percentage_change_cf_historical,1.8393318999291919
ssp585_percentage_change_cf_historical,2.6280451185657006
