Key,Value
historical,11268008.162648918
ssp126,11336980.849758303
ssp370,11339270.230757238
ssp585,11339255.828882257
historical_percentage_change_cf_historical,0.0
ssp126_percentage_change_cf_historical,0.6121107307857183
ssp370_percentage_change_cf_historical,0.6324282613189706
ssp585_percentage_change_cf_historical,0.6323004492445211
