Key,Value
historical,11076902.341759205
ssp126,11099001.554818328
ssp370,11093873.160750894
ssp585,11115182.452760953
historical_percentage_change_cf_historical,0.0
ssp126_percentage_change_cf_historical,0.19950715802387284
ssp370_percentage_change_cf_historical,0.15320906935967218
ssp585_percentage_change_cf_historical,0.34558498234145346
