Key,Value
historical,11054769.053649109
ssp126,11090183.802902715
ssp370,11146144.066565633
ssp585,11061864.632725447
historical_percentage_change_cf_historical,0.0
ssp126_percentage_change_cf_historical,0.32035720585149846
ssp370_percentage_change_cf_historical,0.8265664571831255
ssp585_percentage_change_cf_historical,0.06418568349916233
