Key,Value
historical,11362074.474730019
ssp126,11464760.430912945
ssp370,11463141.468041431
ssp585,11517653.094336808
historical_percentage_change_cf_historical,0.0
ssp126_percentage_change_cf_historical,0.9037606328959298
ssp370_percentage_change_cf_historical,0.8895118011784917
ssp585_percentage_change_cf_historical,1.3692800549125603
