Key,Value
historical,11373658.947806519
ssp126,11474418.668432087
ssp370,11496247.548370158
ssp585,11519418.54796373
historical_percentage_change_cf_historical,0.0
ssp126_percentage_change_cf_historical,0.8859041851698949
ssp370_percentage_change_cf_historical,1.0778290533081418
ssp585_percentage_change_cf_historical,1.2815541667470278
