Key,Value
historical,11314624.893242257
ssp126,11376318.316062383
ssp370,11377594.484041575
ssp585,11321034.897594389
historical_percentage_change_cf_historical,0.0
ssp126_percentage_change_cf_historical,0.5452538056031667
ssp370_percentage_change_cf_historical,0.5565327299266252
ssp585_percentage_change_cf_historical,0.05665238054829622
