Key,Value
historical,11229157.530896507
ssp126,11301175.39236471
ssp370,11311378.534356883
ssp585,11344151.338661358
historical_percentage_change_cf_historical,0.0
ssp126_percentage_change_cf_historical,0.6413469689961118
ssp370_percentage_change_cf_historical,0.7322099029615383
ssp585_percentage_change_cf_historical,1.0240644273486272
