Key,Value
historical,11294622.771740697
ssp126,11315644.30483064
ssp370,11326165.895469386
ssp585,11313747.661736883
historical_percentage_change_cf_historical,0.0
ssp126_percentage_change_cf_historical,0.18611983343560085
ssp370_percentage_change_cf_historical,0.27927558419755405
ssp585_percentage_change_cf_historical,0.16932739041127287
