Key,Value
historical,11486887.37678026
ssp126,11548487.291850615
ssp370,11582475.416629303
ssp585,11584714.291850563
historical_percentage_change_cf_historical,0.0
ssp126_percentage_change_cf_historical,0.5362628974222712
ssp370_percentage_change_cf_historical,0.832149186404193
ssp585_percentage_change_cf_historical,0.8516398904376076
