Key,Value
historical,11489250.566768877
ssp126,11602586.751010608
ssp370,11601479.538739998
ssp585,11684478.47086832
historical_percentage_change_cf_historical,0.0
ssp126_percentage_change_cf_historical,0.9864541084127845
ssp370_percentage_change_cf_historical,0.9768171676551994
ssp585_percentage_change_cf_historical,1.6992222683706864
