Key,Value
historical,8723798.876573911
ssp126,8760517.976488823
ssp370,8787636.019824399
ssp585,8786725.078561664
historical_percentage_change_cf_historical,0.0
ssp126_percentage_change_cf_historical,0.42090722670732633
ssp370_percentage_change_cf_historical,0.7317585395269731
ssp585_percentage_change_cf_historical,0.7213165144915129
