Key,Value
historical,11376932.831543118
ssp126,11377259.525392145
ssp370,11377911.545752723
ssp585,11406582.869143825
historical_percentage_change_cf_historical,0.0
ssp126_percentage_change_cf_historical,0.0028715459066558056
ssp370_percentage_change_cf_historical,0.00860261921289958
ssp585_percentage_change_cf_historical,0.26061538764209846
