Key,Value
historical,11278650.930016145
ssp126,11413463.172257915
ssp370,11444604.8398679
ssp585,11522182.920899134
historical_percentage_change_cf_historical,0.0
ssp126_percentage_change_cf_historical,1.195286945914701
ssp370_percentage_change_cf_historical,1.4713985819890651
ssp585_percentage_change_cf_historical,2.1592297908154197
