Key,Value
historical,10793459.815549972
ssp126,10876151.400597572
ssp370,10915490.352141345
ssp585,10903509.373581022
historical_percentage_change_cf_historical,0.0
ssp126_percentage_change_cf_historical,0.7661267699210618
ssp370_percentage_change_cf_historical,1.130597034470503
ssp585_percentage_change_cf_historical,1.0195948279022058
