Key,Value
historical,11072640.774927482
ssp126,11157252.914891232
ssp370,11134618.14046555
ssp585,11153866.347211488
historical_percentage_change_cf_historical,0.0
ssp126_percentage_change_cf_historical,0.7641550167087755
ssp370_percentage_change_cf_historical,0.5597342747577218
ssp585_percentage_change_cf_historical,0.7335700122045868
