Key,Value
historical,5786125.372111313
ssp126,5989177.098436826
ssp370,6031031.886614403
ssp585,5957491.530435701
historical_percentage_change_cf_historical,0.0
ssp126_percentage_change_cf_historical,3.5092866688338082
ssp370_percentage_change_cf_historical,4.232651364305388
ssp585_percentage_change_cf_historical,2.961673785195872
