Key,Value
historical,11334991.307847787
ssp126,11385233.445115624
ssp370,11412836.34153258
ssp585,11403293.998815423
historical_percentage_change_cf_historical,0.0
ssp126_percentage_change_cf_historical,0.44324813229501225
ssp370_percentage_change_cf_historical,0.6867674757800459
ssp585_percentage_change_cf_historical,0.6025826497136065
