Key,Value
historical,11077721.358341336
ssp126,11126294.210053453
ssp370,11143482.993871039
ssp585,11137932.903480984
historical_percentage_change_cf_historical,0.0
ssp126_percentage_change_cf_historical,0.4384733118020019
ssp370_percentage_change_cf_historical,0.5936386500657478
ssp585_percentage_change_cf_historical,0.5435372780369652
