Key,Value
historical,11168308.2782691
ssp126,11284739.207494684
ssp370,11315932.743372392
ssp585,11305136.468212964
historical_percentage_change_cf_historical,0.0
ssp126_percentage_change_cf_historical,1.0425117781905402
ssp370_percentage_change_cf_historical,1.3218158151179917
ssp585_percentage_change_cf_historical,1.225146965275846
