Key,Value
historical,11249576.529013347
ssp126,11319528.02650827
ssp370,11382177.739580018
ssp585,11403922.699100276
historical_percentage_change_cf_historical,0.0
ssp126_percentage_change_cf_historical,0.6218144951013378
ssp370_percentage_change_cf_historical,1.178721796546607
ssp585_percentage_change_cf_historical,1.37201760163026
