Key,Value
historical,11550280.737212414
ssp126,11731741.788580196
ssp370,11708733.620188098
ssp585,11755815.283110373
historical_percentage_change_cf_historical,0.0
ssp126_percentage_change_cf_historical,1.5710531674191717
ssp370_percentage_change_cf_historical,1.3718530880828277
ssp585_percentage_change_cf_historical,1.7794766254968384
