Key,Value
historical,11300044.765947536
ssp126,11455296.165272105
ssp370,11449101.487839835
ssp585,11496533.533479257
historical_percentage_change_cf_historical,0.0
ssp126_percentage_change_cf_historical,1.373900745883918
ssp370_percentage_change_cf_historical,1.3190808087900558
ssp585_percentage_change_cf_historical,1.7388317621876683
