Key,Value
historical,9201782.223726343
ssp126,9245331.129213396
ssp370,9248986.694175784
ssp585,9249981.605570663
historical_percentage_change_cf_historical,0.0
ssp126_percentage_change_cf_historical,0.4732659872645582
ssp370_percentage_change_cf_historical,0.5129926931733482
ssp585_percentage_change_cf_historical,0.5238048529342464
