Key,Value
historical,11384435.674611578
ssp126,11436669.954582943
ssp370,11433926.889810858
ssp585,11415166.978075
historical_percentage_change_cf_historical,0.0
ssp126_percentage_change_cf_historical,0.45882186402838143
ssp370_percentage_change_cf_historical,0.4347269958198355
ssp585_percentage_change_cf_historical,0.26994138613260926
