Key,Value
historical,5854973.304857538
ssp126,5908770.367288522
ssp370,5869196.070599513
ssp585,5879448.733615725
historical_percentage_change_cf_historical,0.0
ssp126_percentage_change_cf_historical,0.918826775629395
ssp370_percentage_change_cf_historical,0.24291768726213023
ssp585_percentage_change_cf_historical,0.4180280162487051
