Key,Value
historical,11298467.494546238
ssp126,11389095.38478497
ssp370,11451552.177379508
ssp585,11482076.46083733
historical_percentage_change_cf_historical,0.0
ssp126_percentage_change_cf_historical,0.8021255119995532
ssp370_percentage_change_cf_historical,1.3549154600583053
ssp585_percentage_change_cf_historical,1.6250785018385923
