Key,Value
historical,11212721.737179998
ssp126,11299695.697718851
ssp370,11342888.886367366
ssp585,11341220.486828573
historical_percentage_change_cf_historical,0.0
ssp126_percentage_change_cf_historical,0.7756721568364446
ssp370_percentage_change_cf_historical,1.1608880719455408
ssp585_percentage_change_cf_historical,1.1460085486870577
