Key,Value
historical,11084082.147927186
ssp126,11085050.940919423
ssp370,11078013.629341096
ssp585,11106962.09653891
historical_percentage_change_cf_historical,0.0
ssp126_percentage_change_cf_historical,0.008740398882907301
ssp370_percentage_change_cf_historical,-0.05474985213119065
ssp585_percentage_change_cf_historical,0.20642168026518876
