Key,Value
historical,5779565.559270434
ssp126,5809725.040775079
ssp370,5818874.400676152
ssp585,5833065.210928183
historical_percentage_change_cf_historical,0.0
ssp126_percentage_change_cf_historical,0.5218295595984603
ssp370_percentage_change_cf_historical,0.6801348821567773
ssp585_percentage_change_cf_historical,0.9256690854892273
