Key,Value
historical,9144788.53272429
ssp126,9170965.685470209
ssp370,9181897.285520181
ssp585,9196338.92163108
historical_percentage_change_cf_historical,0.0
ssp126_percentage_change_cf_historical,0.2862521386059975
ssp370_percentage_change_cf_historical,0.40579126201879384
ssp585_percentage_change_cf_historical,0.5637132966204607
