Key,Value
historical,11291920.837157872
ssp126,11340326.98527395
ssp370,11378911.894912954
ssp585,11388402.01844437
historical_percentage_change_cf_historical,0.0
ssp126_percentage_change_cf_historical,0.428679485219114
ssp370_percentage_change_cf_historical,0.7703831704950043
ssp585_percentage_change_cf_historical,0.8544266531608345
