Key,Value
historical,11295353.514248118
ssp126,11354004.436491903
ssp370,11352904.746944191
ssp585,11359895.045024086
historical_percentage_change_cf_historical,0.0
ssp126_percentage_change_cf_historical,0.5192482215789175
ssp370_percentage_change_cf_historical,0.5095124523856398
ssp585_percentage_change_cf_historical,0.5713989446594512
