Key,Value
historical,11542121.450511647
ssp126,11607741.565200433
ssp370,11620157.758136924
ssp585,11630330.336675933
historical_percentage_change_cf_historical,0.0
ssp126_percentage_change_cf_historical,0.5685273281011689
ssp370_percentage_change_cf_historical,0.6761002122518622
ssp585_percentage_change_cf_historical,0.76423460403265
