Key,Value
historical,9145797.732934281
ssp126,9198521.048736027
ssp370,9199770.716055691
ssp585,9229282.31661986
historical_percentage_change_cf_historical,0.0
ssp126_percentage_change_cf_historical,0.5764758563584574
ssp370_percentage_change_cf_historical,0.5901396980063504
ssp585_percentage_change_cf_historical,0.9128190467732343
