Key,Value
historical,11324761.046792898
ssp126,11390648.261410255
ssp370,11417365.612676026
ssp585,11440969.207912892
historical_percentage_change_cf_historical,0.0
ssp126_percentage_change_cf_historical,0.5817978352489434
ssp370_percentage_change_cf_historical,0.817717614530622
ssp585_percentage_change_cf_historical,1.026142279204233
