Key,Value
historical,11018779.24703829
ssp126,11066441.521967787
ssp370,10987725.115647722
ssp585,11059405.01772981
historical_percentage_change_cf_historical,0.0
ssp126_percentage_change_cf_historical,0.4325549487917041
ssp370_percentage_change_cf_historical,-0.2818291454465324
ssp585_percentage_change_cf_historical,0.3686957491451633
