Key,Value
historical,11241205.151433297
ssp126,11301538.153849557
ssp370,11292210.885835364
ssp585,11296528.413146533
historical_percentage_change_cf_historical,0.0
ssp126_percentage_change_cf_historical,0.5367129378344977
ssp370_percentage_change_cf_historical,0.45373902277341266
ssp585_percentage_change_cf_historical,0.49214706935744024
