Key,Value
historical,11252339.76746926
ssp126,11273760.789063161
ssp370,11275560.717524555
ssp585,11266565.700640092
historical_percentage_change_cf_historical,0.0
ssp126_percentage_change_cf_historical,0.19036948791600658
ssp370_percentage_change_cf_historical,0.2063655251721599
ssp585_percentage_change_cf_historical,0.12642644520882926
