Key,Value
historical,10640523.598758548
ssp126,10759773.531423343
ssp370,10783254.785470407
ssp585,10863609.684296723
historical_percentage_change_cf_historical,0.0
ssp126_percentage_change_cf_historical,1.1207148930030848
ssp370_percentage_change_cf_historical,1.3413925112530336
ssp585_percentage_change_cf_historical,2.096570563164794
