Key,Value
historical,11390672.067668136
ssp126,11475320.041791856
ssp370,11496041.301523827
ssp585,11557945.735672798
historical_percentage_change_cf_historical,0.0
ssp126_percentage_change_cf_historical,0.7431341506528768
ssp370_percentage_change_cf_historical,0.9250484363848575
ssp585_percentage_change_cf_historical,1.4685144740445992
