Key,Value
historical,11302930.089304795
ssp126,11365717.607402151
ssp370,11383604.881402215
ssp585,11378393.111067023
historical_percentage_change_cf_historical,0.0
ssp126_percentage_change_cf_historical,0.5554977125512576
ssp370_percentage_change_cf_historical,0.7137511376254255
ssp585_percentage_change_cf_historical,0.6676412325475961
