Key,Value
historical,11516906.439328037
ssp126,11655215.730806647
ssp370,11654789.816662058
ssp585,11710398.668500382
historical_percentage_change_cf_historical,0.0
ssp126_percentage_change_cf_historical,1.2009239825575888
ssp370_percentage_change_cf_historical,1.197225818064959
ssp585_percentage_change_cf_historical,1.6800712082856402
