Key,Value
historical,10891898.474533282
ssp126,10992653.265938006
ssp370,11033141.311129779
ssp585,10998355.898689738
historical_percentage_change_cf_historical,0.0
ssp126_percentage_change_cf_historical,0.925043431503721
ssp370_percentage_change_cf_historical,1.2967696763492707
ssp585_percentage_change_cf_historical,0.9774000777308661
