Key,Value
historical,10683328.75288271
ssp126,10795951.610353973
ssp370,10833509.61190624
ssp585,10836402.342002058
historical_percentage_change_cf_historical,0.0
ssp126_percentage_change_cf_historical,1.0541925655978126
ssp370_percentage_change_cf_historical,1.4057496731344745
ssp585_percentage_change_cf_historical,1.4328267215220203
