Key,Value
historical,11311934.496701863
ssp126,11339408.221492063
ssp370,11349385.938565174
ssp585,11366728.392369935
historical_percentage_change_cf_historical,0.0
ssp126_percentage_change_cf_historical,0.2428737966809382
ssp370_percentage_change_cf_historical,0.3310790198991242
ssp585_percentage_change_cf_historical,0.48439014285353643
