Key,Value
historical,10963988.187539121
ssp126,11005499.523393523
ssp370,11038784.535286672
ssp585,10968944.628277227
historical_percentage_change_cf_historical,0.0
ssp126_percentage_change_cf_historical,0.37861529166531394
ssp370_percentage_change_cf_historical,0.6822001854449224
ssp585_percentage_change_cf_historical,0.045206549417293976
