Key,Value
historical,5535750.964190142
ssp126,5560187.264150862
ssp370,5565485.676018454
ssp585,5587276.222108647
historical_percentage_change_cf_historical,0.0
ssp126_percentage_change_cf_historical,0.44142700997197676
ssp370_percentage_change_cf_historical,0.5371396224407644
ssp585_percentage_change_cf_historical,0.9307726856177848
