Key,Value
historical,11324411.074468171
ssp126,11418260.255081777
ssp370,11513049.493537532
ssp585,11482410.965340642
historical_percentage_change_cf_historical,0.0
ssp126_percentage_change_cf_historical,0.8287334325508202
ssp370_percentage_change_cf_historical,1.6657680282788567
ssp585_percentage_change_cf_historical,1.3952150785897817
