Key,Value
historical,5060134.104023567
ssp126,5083972.527655295
ssp370,5089838.742608593
ssp585,5088718.510336586
historical_percentage_change_cf_historical,0.0
ssp126_percentage_change_cf_historical,0.47110260601142095
ssp370_percentage_change_cf_historical,0.5870326353881766
ssp585_percentage_change_cf_historical,0.5648942444092533
