Key,Value
historical,11486834.97263515
ssp126,11654880.54933062
ssp370,11707920.119836364
ssp585,11695869.10027317
historical_percentage_change_cf_historical,0.0
ssp126_percentage_change_cf_historical,1.4629406367881288
ssp370_percentage_change_cf_historical,1.9246828889585388
ssp585_percentage_change_cf_historical,1.8197713132990705
