Key,Value
historical,11356498.132307233
ssp126,11361041.318828434
ssp370,11367551.672809113
ssp585,11352503.386658547
historical_percentage_change_cf_historical,0.0
ssp126_percentage_change_cf_historical,0.040005171209211925
ssp370_percentage_change_cf_historical,0.09733229709635716
ssp585_percentage_change_cf_historical,-0.03517585792861178
