Key,Value
historical,11210971.939352531
ssp126,11238067.149676956
ssp370,11264996.758753102
ssp585,11257620.612292986
historical_percentage_change_cf_historical,0.0
ssp126_percentage_change_cf_historical,0.24168475731632313
ssp370_percentage_change_cf_historical,0.481892379115984
ssp585_percentage_change_cf_historical,0.4160983828414567
