Key,Value
historical,11224653.518635068
ssp126,11295472.6709835
ssp370,11305747.22547752
ssp585,11281036.92036307
historical_percentage_change_cf_historical,0.0
ssp126_percentage_change_cf_historical,0.6309250635742063
ssp370_percentage_change_cf_historical,0.7224606684546765
ssp585_percentage_change_cf_historical,0.5023175248518374
