Key,Value
historical,11240672.74958823
ssp126,11333570.468150124
ssp370,11345141.966062313
ssp585,11399480.863492256
historical_percentage_change_cf_historical,0.0
ssp126_percentage_change_cf_historical,0.8264426928121038
ssp370_percentage_change_cf_historical,0.9293858010225343
ssp585_percentage_change_cf_historical,1.4127990151643093
