Key,Value
historical,11374568.934758266
ssp126,11465053.552022338
ssp370,11479994.638800941
ssp585,11501430.295792235
historical_percentage_change_cf_historical,0.0
ssp126_percentage_change_cf_historical,0.7954993088799147
ssp370_percentage_change_cf_historical,0.926854500134211
ssp585_percentage_change_cf_historical,1.1153069778873752
