Key,Value
historical,11520066.093158597
ssp126,11547168.894712862
ssp370,11550177.912500996
ssp585,11579986.043126106
historical_percentage_change_cf_historical,0.0
ssp126_percentage_change_cf_historical,0.23526602482220133
ssp370_percentage_change_cf_historical,0.2613858210438695
ssp585_percentage_change_cf_historical,0.520135470430102
