Key,Value
historical,11204941.380488606
ssp126,11256302.817339636
ssp370,11257275.605458442
ssp585,11249840.507390548
historical_percentage_change_cf_historical,0.0
ssp126_percentage_change_cf_historical,0.45838202188604876
ssp370_percentage_change_cf_historical,0.46706379973541506
ssp585_percentage_change_cf_historical,0.40070827126436503
