Key,Value
historical,11254065.854481183
ssp126,11275630.679998707
ssp370,11294346.523336962
ssp585,11294683.166831575
historical_percentage_change_cf_historical,0.0
ssp126_percentage_change_cf_historical,0.1916180853778928
ssp370_percentage_change_cf_historical,0.3579210338434245
ssp585_percentage_change_cf_historical,0.36091233937661027
