Key,Value
historical,8012142.531659838
ssp126,8077982.560295882
ssp370,8050382.425292209
ssp585,8064342.1768273525
historical_percentage_change_cf_historical,0.0
ssp126_percentage_change_cf_historical,0.8217530875902194
ssp370_percentage_change_cf_historical,0.4772742556846277
ssp585_percentage_change_cf_historical,0.651506697007058
