Key,Value
historical,11267301.991910953
ssp126,11299870.58631989
ssp370,11300409.88964643
ssp585,11315665.365814753
historical_percentage_change_cf_historical,0.0
ssp126_percentage_change_cf_historical,0.28905406487123997
ssp370_percentage_change_cf_historical,0.29384051088046975
ssp585_percentage_change_cf_historical,0.4292365105552416
