Key,Value
historical,11351754.936767744
ssp126,11481060.645861402
ssp370,11544919.946400486
ssp585,11603647.473746438
historical_percentage_change_cf_historical,0.0
ssp126_percentage_change_cf_historical,1.1390812241272386
ssp370_percentage_change_cf_historical,1.7016312518083931
ssp585_percentage_change_cf_historical,2.218974408642551
