Key,Value
historical,11336549.006192124
ssp126,11440760.104423571
ssp370,11454922.456638753
ssp585,11509891.097849084
historical_percentage_change_cf_historical,0.0
ssp126_percentage_change_cf_historical,0.9192488664277536
ssp370_percentage_change_cf_historical,1.0441753516169099
ssp585_percentage_change_cf_historical,1.5290551962707484
