Key,Value
historical,5769352.532751817
ssp126,5835333.708335375
ssp370,5835488.5655674245
ssp585,5854709.144508558
historical_percentage_change_cf_historical,0.0
ssp126_percentage_change_cf_historical,1.143649572616548
ssp370_percentage_change_cf_historical,1.1463337079882385
ssp585_percentage_change_cf_historical,1.4794833782852301
