Key,Value
historical,11262692.224107023
ssp126,11348110.800949022
ssp370,11421548.548189215
ssp585,11411161.968298906
historical_percentage_change_cf_historical,0.0
ssp126_percentage_change_cf_historical,0.7584205902312258
ssp370_percentage_change_cf_historical,1.4104649307753516
ssp585_percentage_change_cf_historical,1.3182438198399296
