Key,Value
historical,9189732.990980659
ssp126,9262571.481547505
ssp370,9265419.520514375
ssp585,9315372.070207097
historical_percentage_change_cf_historical,0.0
ssp126_percentage_change_cf_historical,0.7926072567977104
ssp370_percentage_change_cf_historical,0.8235987879952453
ssp585_percentage_change_cf_historical,1.3671678964965304
