Key,Value
historical,11503020.75201666
ssp126,11637804.709267981
ssp370,11690052.200396955
ssp585,11748220.074529795
historical_percentage_change_cf_historical,0.0
ssp126_percentage_change_cf_historical,1.171726628657014
ssp370_percentage_change_cf_historical,1.625933330142916
ssp585_percentage_change_cf_historical,2.131608103637889
