Key,Value
historical,11320930.401423842
ssp126,11399735.132597387
ssp370,11413299.043698516
ssp585,11422615.602697693
historical_percentage_change_cf_historical,0.0
ssp126_percentage_change_cf_historical,0.696097656104606
ssp370_percentage_change_cf_historical,0.8159103448163303
ssp585_percentage_change_cf_historical,0.8982053388567964
