Key,Value
historical,11517232.60961713
ssp126,11612041.704385456
ssp370,11648604.010684755
ssp585,11621236.873695895
historical_percentage_change_cf_historical,0.0
ssp126_percentage_change_cf_historical,0.823193365819123
ssp370_percentage_change_cf_historical,1.1406507580469114
ssp585_percentage_change_cf_historical,0.9030317230192825
