Key,Value
historical,11365741.367496261
ssp126,11439156.629692858
ssp370,11451410.581779525
ssp585,11520163.033877222
historical_percentage_change_cf_historical,0.0
ssp126_percentage_change_cf_historical,0.6459346541753064
ssp370_percentage_change_cf_historical,0.7537494608865557
ssp585_percentage_change_cf_historical,1.358658985700444
