Key,Value
historical,5758627.790349267
ssp126,5851293.850123255
ssp370,5922340.6031907145
ssp585,5904657.954376493
historical_percentage_change_cf_historical,0.0
ssp126_percentage_change_cf_historical,1.6091691136781539
ssp370_percentage_change_cf_historical,2.8429136037548575
ssp585_percentage_change_cf_historical,2.535850020936469
