Key,Value
historical,11318764.930504698
ssp126,11388057.690690959
ssp370,11409045.943552501
ssp585,11398606.042541442
historical_percentage_change_cf_historical,0.0
ssp126_percentage_change_cf_historical,0.6121936502057105
ssp370_percentage_change_cf_historical,0.7976224756156112
ssp585_percentage_change_cf_historical,0.705387138322556
