Key,Value
historical,11053991.671255454
ssp126,11138077.469536807
ssp370,11165781.123504968
ssp585,11116242.392048411
historical_percentage_change_cf_historical,0.0
ssp126_percentage_change_cf_historical,0.7606826636210315
ssp370_percentage_change_cf_historical,1.011303930508729
ssp585_percentage_change_cf_historical,0.5631515080188815
