Key,Value
historical,9536209.334631005
ssp126,9588536.061352275
ssp370,9603096.662268486
ssp585,9592276.025759663
historical_percentage_change_cf_historical,0.0
ssp126_percentage_change_cf_historical,0.5487162129636151
ssp370_percentage_change_cf_historical,0.701403726474181
ssp585_percentage_change_cf_historical,0.5879347774492576
