Key,Value
historical,5767072.174667656
ssp126,5794992.57387422
ssp370,5803304.040071253
ssp585,5840729.5465359315
historical_percentage_change_cf_historical,0.0
ssp126_percentage_change_cf_historical,0.4841347283497942
ssp370_percentage_change_cf_historical,0.6282540656027817
ssp585_percentage_change_cf_historical,1.2772056537079808
