Key,Value
historical,11228152.610786717
ssp126,11297530.395723745
ssp370,11313206.247167412
ssp585,11296483.189103656
historical_percentage_change_cf_historical,0.0
ssp126_percentage_change_cf_historical,0.617891360599941
ssp370_percentage_change_cf_historical,0.757503387502812
ssp585_percentage_change_cf_historical,0.6085647451148283
