Key,Value
historical,11285251.731342636
ssp126,11326417.13189819
ssp370,11313959.6568445
ssp585,11334786.800754774
historical_percentage_change_cf_historical,0.0
ssp126_percentage_change_cf_historical,0.3647716642529623
ssp370_percentage_change_cf_historical,0.25438444959214873
ssp585_percentage_change_cf_historical,0.4389363267330945
