Key,Value
historical,11322894.176823776
ssp126,11402444.88454882
ssp370,11417790.134790396
ssp585,11425486.435704596
historical_percentage_change_cf_historical,0.0
ssp126_percentage_change_cf_historical,0.7025651435290494
ssp370_percentage_change_cf_historical,0.838089241890625
ssp585_percentage_change_cf_historical,0.9060603877302916
