Key,Value
historical,11289807.231413715
ssp126,11449205.345961679
ssp370,11480399.664570749
ssp585,11557041.836577065
historical_percentage_change_cf_historical,0.0
ssp126_percentage_change_cf_historical,1.4118763171123185
ssp370_percentage_change_cf_historical,1.6881814653727099
ssp585_percentage_change_cf_historical,2.3670431185022762
