Key,Value
historical,11395408.49790317
ssp126,11455223.554993398
ssp370,11447253.235380836
ssp585,11447227.121541804
historical_percentage_change_cf_historical,0.0
ssp126_percentage_change_cf_historical,0.5249048956975503
ssp370_percentage_change_cf_historical,0.4549616407977436
ssp585_percentage_change_cf_historical,0.45473247973662906
