Key,Value
historical,5769919.355481135
ssp126,5839536.466280211
ssp370,5859129.789786592
ssp585,5853062.444570445
historical_percentage_change_cf_historical,0.0
ssp126_percentage_change_cf_historical,1.20655257916115
ssp370_percentage_change_cf_historical,1.546129656399997
ssp585_percentage_change_cf_historical,1.4409748900620067
