Key,Value
historical,11021507.432012016
ssp126,11223868.872774165
ssp370,11203383.68767991
ssp585,11254966.10419896
historical_percentage_change_cf_historical,0.0
ssp126_percentage_change_cf_historical,1.836059559097964
ssp370_percentage_change_cf_historical,1.6501940119337293
ssp585_percentage_change_cf_historical,2.118209996473467
