Key,Value
historical,11020739.336511835
ssp126,11074658.881236611
ssp370,11058984.073964577
ssp585,11142849.61644357
historical_percentage_change_cf_historical,0.0
ssp126_percentage_change_cf_historical,0.4892552403098711
ssp370_percentage_change_cf_historical,0.3470251521695687
ssp585_percentage_change_cf_historical,1.1080044287698785
