Key,Value
historical,5810405.651315535
ssp126,5850488.031703527
ssp370,5861130.659365032
ssp585,5870203.501664915
historical_percentage_change_cf_historical,0.0
ssp126_percentage_change_cf_historical,0.68983790105802
ssp370_percentage_change_cf_historical,0.8730028692232837
ssp585_percentage_change_cf_historical,1.0291510427648172
