Key,Value
historical,8172413.7814845815
ssp126,8223288.9868313
ssp370,8211216.915865907
ssp585,8229233.374626334
historical_percentage_change_cf_historical,0.0
ssp126_percentage_change_cf_historical,0.6225236106128312
ssp370_percentage_change_cf_historical,0.47480628635371214
ssp585_percentage_change_cf_historical,0.6952608453390203
