Key,Value
historical,5526215.496017403
ssp126,5577751.352353852
ssp370,5617427.45201407
ssp585,5647665.351780016
historical_percentage_change_cf_historical,0.0
ssp126_percentage_change_cf_historical,0.9325705154565507
ssp370_percentage_change_cf_historical,1.650532015307783
ssp585_percentage_change_cf_historical,2.197703941334512
