Key,Value
historical,11297510.755665315
ssp126,11399794.27640136
ssp370,11396879.510385893
ssp585,11398980.063344367
historical_percentage_change_cf_historical,0.0
ssp126_percentage_change_cf_historical,0.9053633401920206
ssp370_percentage_change_cf_historical,0.8795632672511325
ssp585_percentage_change_cf_historical,0.8981563272968618
