Key,Value
historical,11169547.14718381
ssp126,11252098.850346522
ssp370,11255950.170166822
ssp585,11301148.303226888
historical_percentage_change_cf_historical,0.0
ssp126_percentage_change_cf_historical,0.7390783357186225
ssp370_percentage_change_cf_historical,0.7735588725707435
ssp585_percentage_change_cf_historical,1.1782138909388058
