Key,Value
historical,11507494.524494108
ssp126,11656478.96846529
ssp370,11707655.647455588
ssp585,11736511.053618956
historical_percentage_change_cf_historical,0.0
ssp126_percentage_change_cf_historical,1.2946731684648005
ssp370_percentage_change_cf_historical,1.7393979422317358
ssp585_percentage_change_cf_historical,1.990151102287112
