Key,Value
historical,5729664.188537143
ssp126,5759038.867085649
ssp370,5777844.445215075
ssp585,5792771.463223074
historical_percentage_change_cf_historical,0.0
ssp126_percentage_change_cf_historical,0.5126771409618207
ssp370_percentage_change_cf_historical,0.8408914570302791
ssp585_percentage_change_cf_historical,1.101413147600934
