Key,Value
historical,11486917.312456546
ssp126,11560263.56202935
ssp370,11575436.49232281
ssp585,11550534.78413637
historical_percentage_change_cf_historical,0.0
ssp126_percentage_change_cf_historical,0.6385198707164599
ssp370_percentage_change_cf_historical,0.770608662519686
ssp585_percentage_change_cf_historical,0.5538254515929696
