Key,Value
historical,11283191.057089843
ssp126,11379402.148157068
ssp370,11414293.806268468
ssp585,11457360.60847199
historical_percentage_change_cf_historical,0.0
ssp126_percentage_change_cf_historical,0.8526939815201486
ssp370_percentage_change_cf_historical,1.161929710445226
ssp585_percentage_change_cf_historical,1.5436196241018765
