Key,Value
historical,11292363.150216702
ssp126,11310191.501439998
ssp370,11306147.813022107
ssp585,11312268.68186447
historical_percentage_change_cf_historical,0.0
ssp126_percentage_change_cf_historical,0.15787971911754736
ssp370_percentage_change_cf_historical,0.12207066512149836
ssp585_percentage_change_cf_historical,0.17627427831512735
