Key,Value
historical,11251114.895778565
ssp126,11311042.832988523
ssp370,11340653.452129334
ssp585,11354111.19197286
historical_percentage_change_cf_historical,0.0
ssp126_percentage_change_cf_historical,0.5326399895928826
ssp370_percentage_change_cf_historical,0.7958194114999614
ssp585_percentage_change_cf_historical,0.9154319118449215
