Key,Value
historical,4568447.345797012
ssp126,4593640.61873546
ssp370,4592934.53109542
ssp585,4642211.324401867
historical_percentage_change_cf_historical,0.0
ssp126_percentage_change_cf_historical,0.5514624779822823
ssp370_percentage_change_cf_historical,0.5360067314978837
ssp585_percentage_change_cf_historical,1.6146400083327688
