Key,Value
historical,8230116.718276723
ssp126,8310757.648906779
ssp370,8304807.231219652
ssp585,8313303.490317687
historical_percentage_change_cf_historical,0.0
ssp126_percentage_change_cf_historical,0.9798273024606677
ssp370_percentage_change_cf_historical,0.9075267763464724
ssp585_percentage_change_cf_historical,1.0107605382585911
