Key,Value
historical,11508197.19949852
ssp126,11585246.79942415
ssp370,11568544.56142742
ssp585,11635401.062797206
historical_percentage_change_cf_historical,0.0
ssp126_percentage_change_cf_historical,0.6695192877733039
ssp370_percentage_change_cf_historical,0.5243858867097828
ssp585_percentage_change_cf_historical,1.1053326693448497
