Key,Value
historical,11524275.333651979
ssp126,11628286.37792762
ssp370,11649131.368883047
ssp585,11636429.747335274
historical_percentage_change_cf_historical,0.0
ssp126_percentage_change_cf_historical,0.9025386956168888
ssp370_percentage_change_cf_historical,1.0834176693650945
ssp585_percentage_change_cf_historical,0.9732014416194458
