Key,Value
historical,5518122.61194798
ssp126,5570555.02113874
ssp370,5581018.841641
ssp585,5588297.725940479
historical_percentage_change_cf_historical,0.0
ssp126_percentage_change_cf_historical,0.9501856496851303
ssp370_percentage_change_cf_historical,1.1398121085029034
ssp585_percentage_change_cf_historical,1.27172081752142
