Key,Value
historical,11276511.663626809
ssp126,11342767.639928177
ssp370,11348469.340491198
ssp585,11368717.171098135
historical_percentage_change_cf_historical,0.0
ssp126_percentage_change_cf_historical,0.5875573783609136
ssp370_percentage_change_cf_historical,0.6381200056440676
ssp585_percentage_change_cf_historical,0.8176775781533767
