Key,Value
historical,5282217.748952415
ssp126,5340994.264166158
ssp370,5360577.87743802
ssp585,5362727.05878594
historical_percentage_change_cf_historical,0.0
ssp126_percentage_change_cf_historical,1.1127242004629512
ssp370_percentage_change_cf_historical,1.4834702431785538
ssp585_percentage_change_cf_historical,1.5241573456431552
