Key,Value
historical,9041021.369340649
ssp126,9120551.086636381
ssp370,9137986.28192571
ssp585,9148892.939502219
historical_percentage_change_cf_historical,0.0
ssp126_percentage_change_cf_historical,0.8796541236527612
ssp370_percentage_change_cf_historical,1.0724995398626358
ssp585_percentage_change_cf_historical,1.193134777088098
