Key,Value
historical,11260443.097866122
ssp126,11302211.19408925
ssp370,11327742.192194002
ssp585,11321615.123176929
historical_percentage_change_cf_historical,0.0
ssp126_percentage_change_cf_historical,0.3709276434338903
ssp370_percentage_change_cf_historical,0.597659379324366
ssp585_percentage_change_cf_historical,0.5432470532389543
