Key,Value
historical,11174879.758487007
ssp126,11249303.895205313
ssp370,11274617.860547243
ssp585,11256159.19536366
historical_percentage_change_cf_historical,0.0
ssp126_percentage_change_cf_historical,0.6659949666284655
ssp370_percentage_change_cf_historical,0.8925205838075148
ssp585_percentage_change_cf_historical,0.7273405945591792
