Key,Value
historical,10998864.514087923
ssp126,11011967.992159754
ssp370,11020998.664618243
ssp585,10991550.099344332
historical_percentage_change_cf_historical,0.0
ssp126_percentage_change_cf_historical,0.1191348257363071
ssp370_percentage_change_cf_historical,0.20124032350765916
ssp585_percentage_change_cf_historical,-0.06650154417505928
