Key,Value
historical,11084569.151798062
ssp126,11129308.05054127
ssp370,11144116.019654661
ssp585,11116688.615565712
historical_percentage_change_cf_historical,0.0
ssp126_percentage_change_cf_historical,0.4036142328179825
ssp370_percentage_change_cf_historical,0.5372050734776652
ssp585_percentage_change_cf_historical,0.28976736332994424
