Key,Value
historical,11537196.159320137
ssp126,11673561.617234059
ssp370,11714406.909253864
ssp585,11729059.72775655
historical_percentage_change_cf_historical,0.0
ssp126_percentage_change_cf_historical,1.181963590033628
ssp370_percentage_change_cf_historical,1.535994946142701
ssp585_percentage_change_cf_historical,1.6629999679897973
