Key,Value
historical,11557642.159196373
ssp126,11632925.012672143
ssp370,11668844.817433294
ssp585,11696744.455701195
historical_percentage_change_cf_historical,0.0
ssp126_percentage_change_cf_historical,0.651368613414525
ssp370_percentage_change_cf_historical,0.9621569581857774
ssp585_percentage_change_cf_historical,1.203552546348205
