Key,Value
historical,11284153.190991215
ssp126,11381797.561138714
ssp370,11370177.704100747
ssp585,11397288.661793292
historical_percentage_change_cf_historical,0.0
ssp126_percentage_change_cf_historical,0.8653229754577721
ssp370_percentage_change_cf_historical,0.7623479728918386
ssp585_percentage_change_cf_historical,1.0026048821492308
