Key,Value
historical,11217708.63742929
ssp126,11296046.675257934
ssp370,11311331.506648317
ssp585,11330833.159135276
historical_percentage_change_cf_historical,0.0
ssp126_percentage_change_cf_historical,0.6983425970546254
ssp370_percentage_change_cf_historical,0.8345988672467658
ssp585_percentage_change_cf_historical,1.0084458899969357
