Key,Value
historical,11571229.020877838
ssp126,11664924.383920293
ssp370,11657940.446381506
ssp585,11627969.144032702
historical_percentage_change_cf_historical,0.0
ssp126_percentage_change_cf_historical,0.8097269777773968
ssp370_percentage_change_cf_historical,0.7493709211633007
ssp585_percentage_change_cf_historical,0.49035519954266005
