Key,Value
historical,11313889.766240446
ssp126,11450145.548800804
ssp370,11437392.825997967
ssp585,11484118.479616063
historical_percentage_change_cf_historical,0.0
ssp126_percentage_change_cf_historical,1.2043230522444361
ssp370_percentage_change_cf_historical,1.0916056485369212
ssp585_percentage_change_cf_historical,1.5045993631965804
