Key,Value
historical,11399416.356449831
ssp126,11426034.0562171
ssp370,11431195.55976729
ssp585,11438246.95970274
historical_percentage_change_cf_historical,0.0
ssp126_percentage_change_cf_historical,0.23350054893125122
ssp370_percentage_change_cf_historical,0.2787792139856092
ssp585_percentage_change_cf_historical,0.3406367662931946
