Key,Value
historical,5509875.526993781
ssp126,5567865.059815733
ssp370,5592434.724886591
ssp585,5594361.803957341
historical_percentage_change_cf_historical,0.0
ssp126_percentage_change_cf_historical,1.0524653876090526
ssp370_percentage_change_cf_historical,1.498385897981511
ssp585_percentage_change_cf_historical,1.5333608998905297
