Key,Value
historical,11514168.757319257
ssp126,11622829.76788772
ssp370,11677714.680295514
ssp585,11670541.907267338
historical_percentage_change_cf_historical,0.0
ssp126_percentage_change_cf_historical,0.9437156329621381
ssp370_percentage_change_cf_historical,1.4203884485564395
ssp585_percentage_change_cf_historical,1.3580932609544971
