Key,Value
historical,11395246.966147557
ssp126,11425998.533164015
ssp370,11424710.883888176
ssp585,11421162.259199223
historical_percentage_change_cf_historical,0.0
ssp126_percentage_change_cf_historical,0.2698631026410695
ssp370_percentage_change_cf_historical,0.2585632222640613
ssp585_percentage_change_cf_historical,0.22742195170191165
