Key,Value
historical,11324212.08200191
ssp126,11371967.452186631
ssp370,11381543.750257531
ssp585,11379866.839636931
historical_percentage_change_cf_historical,0.0
ssp126_percentage_change_cf_historical,0.42171031272560877
ssp370_percentage_change_cf_historical,0.5062751195444443
ssp585_percentage_change_cf_historical,0.49146693149165094
