Key,Value
historical,11324895.518723816
ssp126,11372087.941802539
ssp370,11384969.463709444
ssp585,11387762.99461168
historical_percentage_change_cf_historical,0.0
ssp126_percentage_change_cf_historical,0.41671398204688503
ssp370_percentage_change_cf_historical,0.5304591542262437
ssp585_percentage_change_cf_historical,0.5551263213327133
