Key,Value
historical,10915463.759520873
ssp126,11038046.930997001
ssp370,11035449.79931909
ssp585,11014103.075854247
historical_percentage_change_cf_historical,0.0
ssp126_percentage_change_cf_historical,1.1230230265682115
ssp370_percentage_change_cf_historical,1.0992298856158136
ssp585_percentage_change_cf_historical,0.9036658313975632
