Key,Value
historical,11209239.099603225
ssp126,11268663.969131041
ssp370,11273485.448125541
ssp585,11275071.502557736
historical_percentage_change_cf_historical,0.0
ssp126_percentage_change_cf_historical,0.5301418677911889
ssp370_percentage_change_cf_historical,0.5731553047574014
ssp585_percentage_change_cf_historical,0.5873048328217177
