Key,Value
historical,11335939.507828347
ssp126,11443646.653986204
ssp370,11446774.973388225
ssp585,11481160.64192275
historical_percentage_change_cf_historical,0.0
ssp126_percentage_change_cf_historical,0.9501386813459695
ssp370_percentage_change_cf_historical,0.9777351536088998
ssp585_percentage_change_cf_historical,1.2810683578023305
