Key,Value
historical,11296604.183802031
ssp126,11397696.948293451
ssp370,11452521.336862057
ssp585,11488589.311099626
historical_percentage_change_cf_historical,0.0
ssp126_percentage_change_cf_historical,0.8948951635959334
ssp370_percentage_change_cf_historical,1.3802125888733259
ssp585_percentage_change_cf_historical,1.699494150400336
