Key,Value
historical,11442058.981992897
ssp126,11493530.096894028
ssp370,11528500.995144777
ssp585,11522588.032611301
historical_percentage_change_cf_historical,0.0
ssp126_percentage_change_cf_historical,0.44984137017764386
ssp370_percentage_change_cf_historical,0.7554760317869337
ssp585_percentage_change_cf_historical,0.7037985973078644
