Key,Value
historical,11064739.661597984
ssp126,11133377.991511574
ssp370,11166691.886090199
ssp585,11184027.792297801
historical_percentage_change_cf_historical,0.0
ssp126_percentage_change_cf_historical,0.620333889570044
ssp370_percentage_change_cf_historical,0.9214154838731248
ssp585_percentage_change_cf_historical,1.078092520457814
