Key,Value
historical,11275157.365567107
ssp126,11346247.378760133
ssp370,11359915.31007196
ssp585,11362554.94618277
historical_percentage_change_cf_historical,0.0
ssp126_percentage_change_cf_historical,0.63050129490987
ssp370_percentage_change_cf_historical,0.7517229405923264
ssp585_percentage_change_cf_historical,0.7751340205908342
