Key,Value
historical,11297892.883005427
ssp126,11362765.932490012
ssp370,11393386.91131683
ssp585,11408899.322836064
historical_percentage_change_cf_historical,0.0
ssp126_percentage_change_cf_historical,0.5742048553334059
ssp370_percentage_change_cf_historical,0.8452375084476856
ssp585_percentage_change_cf_historical,0.9825410895656063
