Key,Value
historical,11312274.840124585
ssp126,11374326.426057795
ssp370,11401383.26835323
ssp585,11391899.703362135
historical_percentage_change_cf_historical,0.0
ssp126_percentage_change_cf_historical,0.5485332243972154
ssp370_percentage_change_cf_historical,0.7877144914529258
ssp585_percentage_change_cf_historical,0.7038802041400327
