Key,Value
historical,11089327.3228128
ssp126,11076835.218652366
ssp370,11113710.79546379
ssp585,11112462.13421826
historical_percentage_change_cf_historical,0.0
ssp126_percentage_change_cf_historical,-0.1126497919737211
ssp370_percentage_change_cf_historical,0.21988234219426972
ssp585_percentage_change_cf_historical,0.20862231524060698
