Key,Value
historical,4580608.144416463
ssp126,4576874.548836643
ssp370,4584208.653492741
ssp585,4613963.2258400265
historical_percentage_change_cf_historical,0.0
ssp126_percentage_change_cf_historical,-0.08150873120135423
ssp370_percentage_change_cf_historical,0.07860329813777023
ssp585_percentage_change_cf_historical,0.7281801973002667
