Key,Value
historical,9483127.812443469
ssp126,9607748.815039996
ssp370,9661000.693407299
ssp585,9661190.255297447
historical_percentage_change_cf_historical,0.0
ssp126_percentage_change_cf_historical,1.3141339551809426
ssp370_percentage_change_cf_historical,1.8756773554230803
ssp585_percentage_change_cf_historical,1.8776762938946139
