Key,Value
historical,11275738.271187712
ssp126,11347383.839163586
ssp370,11338182.53886263
ssp585,11369292.509190077
historical_percentage_change_cf_historical,0.0
ssp126_percentage_change_cf_historical,0.6353958051593577
ssp370_percentage_change_cf_historical,0.5537931634550236
ssp585_percentage_change_cf_historical,0.8296950120012947
