Key,Value
historical,11344594.413498638
ssp126,11398402.353191104
ssp370,11429156.60679531
ssp585,11451483.642690152
historical_percentage_change_cf_historical,0.0
ssp126_percentage_change_cf_historical,0.4743046576300773
ssp370_percentage_change_cf_historical,0.7453963554312047
ssp585_percentage_change_cf_historical,0.9422040603261146
