Key,Value
historical,11555392.185311757
ssp126,11671753.0516899
ssp370,11670702.610210195
ssp585,11649525.011806952
historical_percentage_change_cf_historical,0.0
ssp126_percentage_change_cf_historical,1.006983272502439
ssp370_percentage_change_cf_historical,0.9978927850238702
ssp585_percentage_change_cf_historical,0.8146225154940958
