Key,Value
historical,5514956.121480936
ssp126,5564814.674518116
ssp370,5575973.865334997
ssp585,5590979.077621918
historical_percentage_change_cf_historical,0.0
ssp126_percentage_change_cf_historical,0.9040607384522775
ssp370_percentage_change_cf_historical,1.1064048835564555
ssp585_percentage_change_cf_historical,1.3784870535029292
