Key,Value
historical,11286382.195730291
ssp126,11338955.773720955
ssp370,11384614.608621133
ssp585,11367713.613457426
historical_percentage_change_cf_historical,0.0
ssp126_percentage_change_cf_historical,0.46581426252385005
ssp370_percentage_change_cf_historical,0.8703622754154481
ssp585_percentage_change_cf_historical,0.7206154843657812
