Key,Value
historical,5703684.757706426
ssp126,5761446.0475362055
ssp370,5767502.196385514
ssp585,5776858.146648724
historical_percentage_change_cf_historical,0.0
ssp126_percentage_change_cf_historical,1.0127013024648028
ssp370_percentage_change_cf_historical,1.118880888233912
ssp585_percentage_change_cf_historical,1.2829143273290256
