Key,Value
historical,11367477.178424183
ssp126,11389073.129080761
ssp370,11384988.457988564
ssp585,11376849.12850433
historical_percentage_change_cf_historical,0.0
ssp126_percentage_change_cf_historical,0.1899801540623958
ssp370_percentage_change_cf_historical,0.154047193493536
ssp585_percentage_change_cf_historical,0.0824452948798108
