Key,Value
historical,11291944.046651425
ssp126,11346194.189484442
ssp370,11346457.39930994
ssp585,11366810.581918355
historical_percentage_change_cf_historical,0.0
ssp126_percentage_change_cf_historical,0.4804322675430228
ssp370_percentage_change_cf_historical,0.48276321980785486
ssp585_percentage_change_cf_historical,0.6630083797584134
