Key,Value
historical,11213449.191648122
ssp126,11252455.29631187
ssp370,11238808.853774931
ssp585,11245992.55450932
historical_percentage_change_cf_historical,0.0
ssp126_percentage_change_cf_historical,0.3478510848633478
ssp370_percentage_change_cf_historical,0.2261539843217684
ssp585_percentage_change_cf_historical,0.29021724096664236
