Key,Value
historical,11047332.677912552
ssp126,11120898.079365892
ssp370,11100933.843179222
ssp585,11095379.746934455
historical_percentage_change_cf_historical,0.0
ssp126_percentage_change_cf_historical,0.6659109813939357
ssp370_percentage_change_cf_historical,0.48519553841116414
ssp585_percentage_change_cf_historical,0.43492008815816446
