Key,Value
historical,5541154.0316652
ssp126,5571531.539099146
ssp370,5578078.090979348
ssp585,5594617.382600058
historical_percentage_change_cf_historical,0.0
ssp126_percentage_change_cf_historical,0.548216260734705
ssp370_percentage_change_cf_historical,0.666360456741379
ssp585_percentage_change_cf_historical,0.9648414505234564
