Key,Value
historical,11101053.439194866
ssp126,11114176.785623064
ssp370,11108379.166202303
ssp585,11082865.228271158
historical_percentage_change_cf_historical,0.0
ssp126_percentage_change_cf_historical,0.11821712687071387
ssp370_percentage_change_cf_historical,0.06599127774281588
ssp585_percentage_change_cf_historical,-0.1638422067178722
