Key,Value
historical,11287402.91478122
ssp126,11361805.038754262
ssp370,11400649.161736665
ssp585,11387357.1027138
historical_percentage_change_cf_historical,0.0
ssp126_percentage_change_cf_historical,0.6591606991862563
ssp370_percentage_change_cf_historical,1.003297639062263
ssp585_percentage_change_cf_historical,0.885537520785101
