Key,Value
historical,11505364.904792704
ssp126,11684734.032808043
ssp370,11680094.195470534
ssp585,11657069.65323188
historical_percentage_change_cf_historical,0.0
ssp126_percentage_change_cf_historical,1.5590042514915883
ssp370_percentage_change_cf_historical,1.5186766532284857
ssp585_percentage_change_cf_historical,1.3185566011555314
