Key,Value
historical,5744155.345103225
ssp126,5819291.057513665
ssp370,5855655.514746885
ssp585,5874134.161046309
historical_percentage_change_cf_historical,0.0
ssp126_percentage_change_cf_historical,1.3080376120832513
ssp370_percentage_change_cf_historical,1.941106445505721
ssp585_percentage_change_cf_historical,2.2628011976362887
