Key,Value
historical,11380117.856693408
ssp126,11537161.735320363
ssp370,11589374.449156616
ssp585,11659651.313639924
historical_percentage_change_cf_historical,0.0
ssp126_percentage_change_cf_historical,1.3799846416756367
ssp370_percentage_change_cf_historical,1.838791083698053
ssp585_percentage_change_cf_historical,2.456331827724474
