Key,Value
historical,11281434.110853361
ssp126,11402996.091891749
ssp370,11421951.406703174
ssp585,11436070.99680132
historical_percentage_change_cf_historical,0.0
ssp126_percentage_change_cf_historical,1.077540141119457
ssp370_percentage_change_cf_historical,1.2455623502213053
ssp585_percentage_change_cf_historical,1.3707201090612255
