Key,Value
historical,11339110.054676026
ssp126,11408676.009176556
ssp370,11413632.967793033
ssp585,11427329.720176246
historical_percentage_change_cf_historical,0.0
ssp126_percentage_change_cf_historical,0.6135045357624188
ssp370_percentage_change_cf_historical,0.6572201236046266
ssp585_percentage_change_cf_historical,0.7780122520624082
