Key,Value
historical,5761857.024394184
ssp126,5883809.046995945
ssp370,5842363.776699586
ssp585,5902309.315322584
historical_percentage_change_cf_historical,0.0
ssp126_percentage_change_cf_historical,2.116540241895073
ssp370_percentage_change_cf_historical,1.3972362029213343
ssp585_percentage_change_cf_historical,2.437621939138045
