Key,Value
historical,5786165.821635833
ssp126,5813043.870320786
ssp370,5818601.456302803
ssp585,5830586.530207598
historical_percentage_change_cf_historical,0.0
ssp126_percentage_change_cf_historical,0.4645226133072344
ssp370_percentage_change_cf_historical,0.5605721589534393
ssp585_percentage_change_cf_historical,0.7677054191164929
