Key,Value
historical,11246159.682583127
ssp126,11316285.848859936
ssp370,11378142.747113403
ssp585,11386579.692069402
historical_percentage_change_cf_historical,0.0
ssp126_percentage_change_cf_historical,0.6235565584704695
ssp370_percentage_change_cf_historical,1.1735834120751218
ssp585_percentage_change_cf_historical,1.2486040875245847
