Key,Value
historical,5762268.3970519705
ssp126,5825994.72463172
ssp370,5897713.268533308
ssp585,5908060.12433151
historical_percentage_change_cf_historical,0.0
ssp126_percentage_change_cf_historical,1.105924319879871
ssp370_percentage_change_cf_historical,2.3505477730025977
ssp585_percentage_change_cf_historical,2.530109971172596
