Key,Value
historical,5729129.283013847
ssp126,5783367.037793088
ssp370,5802685.028725597
ssp585,5809410.077173734
historical_percentage_change_cf_historical,0.0
ssp126_percentage_change_cf_historical,0.9467015335131156
ssp370_percentage_change_cf_historical,1.2838904845424584
ssp585_percentage_change_cf_historical,1.4012739143085826
