Key,Value
historical,5744893.813228762
ssp126,5802763.196849456
ssp370,5835251.184632493
ssp585,5866613.396170303
historical_percentage_change_cf_historical,0.0
ssp126_percentage_change_cf_historical,1.007318594600278
ssp370_percentage_change_cf_historical,1.5728292696318524
ssp585_percentage_change_cf_historical,2.118743825364672
