Key,Value
historical,5518115.873820087
ssp126,5579394.654111567
ssp370,5584565.896800649
ssp585,5610529.44179963
historical_percentage_change_cf_historical,0.0
ssp126_percentage_change_cf_historical,1.110501875870502
ssp370_percentage_change_cf_historical,1.2042157957542186
ssp585_percentage_change_cf_historical,1.6747304712825342
