Key,Value
historical,4580608.144416463
ssp126,4605225.586901911
ssp370,4631715.716261396
ssp585,4622645.535821622
historical_percentage_change_cf_historical,0.0
ssp126_percentage_change_cf_historical,0.5374273832057743
ssp370_percentage_change_cf_historical,1.115737697563831
ssp585_percentage_change_cf_historical,0.9177251159630655
