Key,Value
historical,8242160.212755689
ssp126,8360091.940449596
ssp370,8390232.590543617
ssp585,8452822.462545859
historical_percentage_change_cf_historical,0.0
ssp126_percentage_change_cf_historical,1.4308351773045382
ssp370_percentage_change_cf_historical,1.7965238962325454
ssp585_percentage_change_cf_historical,2.5559106393508984
