Key,Value
historical,11503418.300104333
ssp126,11616644.809588032
ssp370,11622606.497878283
ssp585,11622474.033451634
historical_percentage_change_cf_historical,0.0
ssp126_percentage_change_cf_historical,0.9842857708014654
ssp370_percentage_change_cf_historical,1.0361111337911546
ssp585_percentage_change_cf_historical,1.034959611494095
