Key,Value
historical,8173416.225257409
ssp126,8197615.086488675
ssp370,8204254.082427507
ssp585,8196028.5711477995
historical_percentage_change_cf_historical,0.0
ssp126_percentage_change_cf_historical,0.29606789333066685
ssp370_percentage_change_cf_historical,0.37729458919274933
ssp585_percentage_change_cf_historical,0.27665721733972437
