Key,Value
historical,11572061.785891917
ssp126,11548817.881703801
ssp370,11533518.371683987
ssp585,11572634.334259503
historical_percentage_change_cf_historical,0.0
ssp126_percentage_change_cf_historical,-0.20086225443812408
ssp370_percentage_change_cf_historical,-0.33307300739544926
ssp585_percentage_change_cf_historical,0.004947678107664525
