Key,Value
historical,11089327.3228128
ssp126,11086572.893646495
ssp370,11062496.196932906
ssp585,11088668.279325692
historical_percentage_change_cf_historical,0.0
ssp126_percentage_change_cf_historical,-0.024838559509715048
ssp370_percentage_change_cf_historical,-0.24195449461300042
ssp585_percentage_change_cf_historical,-0.005943042963044357
