Key,Value
historical,11060988.916056916
ssp126,11159813.30569112
ssp370,11124647.615872808
ssp585,11154076.35254122
historical_percentage_change_cf_historical,0.0
ssp126_percentage_change_cf_historical,0.8934498568273824
ssp370_percentage_change_cf_historical,0.5755244879007174
ssp585_percentage_change_cf_historical,0.8415833086060778
