Key,Value
historical,4345614.177944565
ssp126,4378929.72022781
ssp370,4384521.240420142
ssp585,4375778.8509507105
historical_percentage_change_cf_historical,0.0
ssp126_percentage_change_cf_historical,0.766647496050889
ssp370_percentage_change_cf_historical,0.8953179201467829
ssp585_percentage_change_cf_historical,0.6941406155944772
