Key,Value
historical,11324702.47741171
ssp126,11395638.354808025
ssp370,11393913.122275915
ssp585,11411330.57473449
historical_percentage_change_cf_historical,0.0
ssp126_percentage_change_cf_historical,0.6263818191939636
ssp370_percentage_change_cf_historical,0.6111475776273422
ssp585_percentage_change_cf_historical,0.7649481078692295
