Key,Value
historical,5765251.577493098
ssp126,5834652.637843155
ssp370,5862824.991872578
ssp585,5847732.332315229
historical_percentage_change_cf_historical,0.0
ssp126_percentage_change_cf_historical,1.2037819931569282
ssp370_percentage_change_cf_historical,1.6924398366308258
ssp585_percentage_change_cf_historical,1.4306531764221178
