Key,Value
historical,5769377.787921244
ssp126,5881096.738407602
ssp370,5873522.128496798
ssp585,5885299.3508793935
historical_percentage_change_cf_historical,0.0
ssp126_percentage_change_cf_historical,1.9364124623672911
ssp370_percentage_change_cf_historical,1.805122569605163
ssp585_percentage_change_cf_historical,2.0092558889251864
