Key,Value
historical,5527918.008710023
ssp126,5588132.300456256
ssp370,5590555.161146366
ssp585,5577879.721862776
historical_percentage_change_cf_historical,0.0
ssp126_percentage_change_cf_historical,1.089276137080117
ssp370_percentage_change_cf_historical,1.1331056708447784
ssp585_percentage_change_cf_historical,0.9038070585350829
