Key,Value
historical,11510297.974287562
ssp126,11578986.658358594
ssp370,11591083.365074458
ssp585,11564845.12991901
historical_percentage_change_cf_historical,0.0
ssp126_percentage_change_cf_historical,0.5967585220163153
ssp370_percentage_change_cf_historical,0.7018531663329576
ssp585_percentage_change_cf_historical,0.47389872749861145
