Key,Value
historical,10983499.35388285
ssp126,11086444.940201348
ssp370,11059529.043740936
ssp585,11078164.090300042
historical_percentage_change_cf_historical,0.0
ssp126_percentage_change_cf_historical,0.9372749339863666
ssp370_percentage_change_cf_historical,0.6922173654174127
ssp585_percentage_change_cf_historical,0.8618813855870754
