Key,Value
historical,5793500.928761051
ssp126,5831598.818828035
ssp370,5850321.366037576
ssp585,5866108.107609046
historical_percentage_change_cf_historical,0.0
ssp126_percentage_change_cf_historical,0.657597030456184
ssp370_percentage_change_cf_historical,0.9807616840872166
ssp585_percentage_change_cf_historical,1.2532522172827512
