Key,Value
historical,11289277.286638651
ssp126,11363251.6527111
ssp370,11432469.976120979
ssp585,11424853.31197672
historical_percentage_change_cf_historical,0.0
ssp126_percentage_change_cf_historical,0.6552621943302048
ssp370_percentage_change_cf_historical,1.268395538940321
ssp585_percentage_change_cf_historical,1.2009274101055938
