Key,Value
historical,11249000.119504204
ssp126,11291446.807700885
ssp370,11296108.76854656
ssp585,11305258.5981812
historical_percentage_change_cf_historical,0.0
ssp126_percentage_change_cf_historical,0.3773374321783923
ssp370_percentage_change_cf_historical,0.41878076755174803
ssp585_percentage_change_cf_historical,0.5001198157999027
