Key,Value
historical,10953565.569674127
ssp126,11030960.756075775
ssp370,11060988.928947464
ssp585,11037819.407876967
historical_percentage_change_cf_historical,0.0
ssp126_percentage_change_cf_historical,0.7065752782447715
ssp370_percentage_change_cf_historical,0.9807159010463907
ssp585_percentage_change_cf_historical,0.7691909786535956
