Key,Value
historical,11321244.787458945
ssp126,11340434.220963497
ssp370,11362972.654962419
ssp585,11373412.832416367
historical_percentage_change_cf_historical,0.0
ssp126_percentage_change_cf_historical,0.16949932507252782
ssp370_percentage_change_cf_historical,0.3685802072727672
ssp585_percentage_change_cf_historical,0.4607977827244812
