Key,Value
historical,5514984.611696699
ssp126,5609019.951064763
ssp370,5642828.72377588
ssp585,5689259.829920726
historical_percentage_change_cf_historical,0.0
ssp126_percentage_change_cf_historical,1.7050879737474691
ssp370_percentage_change_cf_historical,2.318122734341595
ssp585_percentage_change_cf_historical,3.1600309066032186
