Key,Value
historical,11214818.282063372
ssp126,11264067.310530227
ssp370,11270388.295524012
ssp585,11281935.366674844
historical_percentage_change_cf_historical,0.0
ssp126_percentage_change_cf_historical,0.43914245624132486
ssp370_percentage_change_cf_historical,0.4955052508475933
ssp585_percentage_change_cf_historical,0.5984678745871138
