Key,Value
historical,5736682.549839377
ssp126,5801993.147844041
ssp370,5798200.625603193
ssp585,5817943.539601525
historical_percentage_change_cf_historical,0.0
ssp126_percentage_change_cf_historical,1.138473280284474
ssp370_percentage_change_cf_historical,1.0723632557555145
ssp585_percentage_change_cf_historical,1.4165153650418243
