Key,Value
historical,11294286.349843148
ssp126,11365008.811849743
ssp370,11398401.49968389
ssp585,11439141.093536336
historical_percentage_change_cf_historical,0.0
ssp126_percentage_change_cf_historical,0.6261791123046668
ssp370_percentage_change_cf_historical,0.9218391194959233
ssp585_percentage_change_cf_historical,1.2825488853946008
