Key,Value
historical,11266501.925516296
ssp126,11329311.101006243
ssp370,11322941.956852932
ssp585,11330382.917826565
historical_percentage_change_cf_historical,0.0
ssp126_percentage_change_cf_historical,0.5574860405224572
ssp370_percentage_change_cf_historical,0.5009543486502263
ssp585_percentage_change_cf_historical,0.5669993466702524
