Key,Value
historical,11524167.471926825
ssp126,11632687.776749577
ssp370,11679735.38991769
ssp585,11641438.407083973
historical_percentage_change_cf_historical,0.0
ssp126_percentage_change_cf_historical,0.9416758745229151
ssp370_percentage_change_cf_historical,1.3499276053548572
ssp585_percentage_change_cf_historical,1.0176087378357113
