Key,Value
historical,11283665.582148347
ssp126,11349313.449617565
ssp370,11346099.128594998
ssp585,11395102.055165181
historical_percentage_change_cf_historical,0.0
ssp126_percentage_change_cf_historical,0.5817955786732794
ssp370_percentage_change_cf_historical,0.5533090819833055
ssp585_percentage_change_cf_historical,0.9875910643180991
