Key,Value
historical,11346728.171846228
ssp126,11370584.863346335
ssp370,11368712.659909956
ssp585,11383374.550961616
historical_percentage_change_cf_historical,0.0
ssp126_percentage_change_cf_historical,0.21025172312932125
ssp370_percentage_change_cf_historical,0.19375178228272774
ssp585_percentage_change_cf_historical,0.32296868806917983
