Key,Value
historical,5505905.136731828
ssp126,5559859.326733035
ssp370,5565837.463238437
ssp585,5571480.136386229
historical_percentage_change_cf_historical,0.0
ssp126_percentage_change_cf_historical,0.9799331565169921
ssp370_percentage_change_cf_historical,1.088509972806823
ssp585_percentage_change_cf_historical,1.190993996916642
