Key,Value
historical,11529142.666096918
ssp126,11598908.28388051
ssp370,11623435.939896282
ssp585,11658276.63806286
historical_percentage_change_cf_historical,0.0
ssp126_percentage_change_cf_historical,0.6051240738719181
ssp370_percentage_change_cf_historical,0.81786891298211
ssp585_percentage_change_cf_historical,1.1200656953068968
