Key,Value
historical,11243945.191065155
ssp126,11296599.100114014
ssp370,11349602.590543412
ssp585,11353533.728210907
historical_percentage_change_cf_historical,0.0
ssp126_percentage_change_cf_historical,0.46828678149996433
ssp370_percentage_change_cf_historical,0.9396826263633506
ssp585_percentage_change_cf_historical,0.9746448891696436
