Key,Value
historical,11283912.744094312
ssp126,11454680.8563659
ssp370,11418037.457695171
ssp585,11521434.941742178
historical_percentage_change_cf_historical,0.0
ssp126_percentage_change_cf_historical,1.5133767527665756
ssp370_percentage_change_cf_historical,1.1886365717517287
ssp585_percentage_change_cf_historical,2.1049630835915356
