Key,Value
historical,11324087.811563503
ssp126,11355812.372521184
ssp370,11366755.04905314
ssp585,11380093.391395947
historical_percentage_change_cf_historical,0.0
ssp126_percentage_change_cf_historical,0.28015113875473574
ssp370_percentage_change_cf_historical,0.3767829974443299
ssp585_percentage_change_cf_historical,0.49457034212728646
