Key,Value
historical,11223391.407633519
ssp126,11255673.495248279
ssp370,11277435.69098516
ssp585,11290041.959957153
historical_percentage_change_cf_historical,0.0
ssp126_percentage_change_cf_historical,0.28763219994985956
ssp370_percentage_change_cf_historical,0.48153255454392574
ssp585_percentage_change_cf_historical,0.5938539422077168
