Key,Value
historical,8218644.546673811
ssp126,8217604.373986175
ssp370,8233463.695697878
ssp585,8222109.326002302
historical_percentage_change_cf_historical,0.0
ssp126_percentage_change_cf_historical,-0.012656255927952597
ssp370_percentage_change_cf_historical,0.18031135109820526
ssp585_percentage_change_cf_historical,0.04215755175703331
