Key,Value
historical,11247721.19602929
ssp126,11266619.904972587
ssp370,11280432.301333208
ssp585,11282102.991769716
historical_percentage_change_cf_historical,0.0
ssp126_percentage_change_cf_historical,0.16802255864919474
ssp370_percentage_change_cf_historical,0.2908242899500822
ssp585_percentage_change_cf_historical,0.30567788035645094
