Key,Value
historical,5749524.132223023
ssp126,5795984.0065445155
ssp370,5817984.075984135
ssp585,5834514.280930936
historical_percentage_change_cf_historical,0.0
ssp126_percentage_change_cf_historical,0.8080646894081115
ssp370_percentage_change_cf_historical,1.1907062599742926
ssp585_percentage_change_cf_historical,1.4782118789899268
