Key,Value
historical,11363117.329257697
ssp126,11409070.233561175
ssp370,11409979.225013414
ssp585,11412257.409202045
historical_percentage_change_cf_historical,0.0
ssp126_percentage_change_cf_historical,0.4044040290348739
ssp370_percentage_change_cf_historical,0.4124035191914965
ssp585_percentage_change_cf_historical,0.432452455787131
