Key,Value
historical,8764816.04944857
ssp126,8879536.148151495
ssp370,8890778.851364635
ssp585,8881024.614666877
historical_percentage_change_cf_historical,0.0
ssp126_percentage_change_cf_historical,1.3088705804629162
ssp370_percentage_change_cf_historical,1.4371414209427649
ssp585_percentage_change_cf_historical,1.325852870872495
