Key,Value
historical,5720590.763125803
ssp126,5752302.625529757
ssp370,5758423.529116422
ssp585,5763417.54094697
historical_percentage_change_cf_historical,0.0
ssp126_percentage_change_cf_historical,0.5543459358841758
ssp370_percentage_change_cf_historical,0.6613436890903609
ssp585_percentage_change_cf_historical,0.7486425719739013
