Key,Value
historical,4836774.297641891
ssp126,4890107.397059323
ssp370,4891198.506277518
ssp585,4882322.236417247
historical_percentage_change_cf_historical,0.0
ssp126_percentage_change_cf_historical,1.1026584276101967
ssp370_percentage_change_cf_historical,1.1252170410796538
ssp585_percentage_change_cf_historical,0.94170072805676
