Key,Value
historical,5769919.355481135
ssp126,5817490.210830364
ssp370,5852772.807908613
ssp585,5831622.813366838
historical_percentage_change_cf_historical,0.0
ssp126_percentage_change_cf_historical,0.8244630889691675
ssp370_percentage_change_cf_historical,1.4359551203912733
ssp585_percentage_change_cf_historical,1.0693989652920863
