Key,Value
historical,4828163.545395622
ssp126,4852266.834314763
ssp370,4892616.740760032
ssp585,4907125.28113837
historical_percentage_change_cf_historical,0.0
ssp126_percentage_change_cf_historical,0.49922271050918904
ssp370_percentage_change_cf_historical,1.3349422561685147
ssp585_percentage_change_cf_historical,1.6354403698285995
