Key,Value
historical,11267106.727938432
ssp126,11289995.6166166
ssp370,11302972.88242139
ssp585,11292902.679918591
historical_percentage_change_cf_historical,0.0
ssp126_percentage_change_cf_historical,0.2031478819794143
ssp370_percentage_change_cf_historical,0.3183262158511521
ssp585_percentage_change_cf_historical,0.22894921121314904
