Key,Value
historical,11348058.296840854
ssp126,11416574.786287414
ssp370,11452064.104148684
ssp585,11442216.6233334
historical_percentage_change_cf_historical,0.0
ssp126_percentage_change_cf_historical,0.6037728010758808
ssp370_percentage_change_cf_historical,0.9165075168567287
ssp585_percentage_change_cf_historical,0.8297307259935256
