Key,Value
historical,11319964.71465794
ssp126,11362366.511196088
ssp370,11367020.624033064
ssp585,11383119.19508009
historical_percentage_change_cf_historical,0.0
ssp126_percentage_change_cf_historical,0.3745753419464554
ssp370_percentage_change_cf_historical,0.41568954110070816
ssp585_percentage_change_cf_historical,0.5579035095433926
