Key,Value
historical,8014346.427126995
ssp126,8094045.242594721
ssp370,8111012.260149173
ssp585,8042111.898663435
historical_percentage_change_cf_historical,0.0
ssp126_percentage_change_cf_historical,0.9944518394907488
ssp370_percentage_change_cf_historical,1.2061599021347917
ssp585_percentage_change_cf_historical,0.34644710942939966
