Key,Value
historical,5774010.114798151
ssp126,5793352.179098286
ssp370,5815046.540560119
ssp585,5820084.436075471
historical_percentage_change_cf_historical,0.0
ssp126_percentage_change_cf_historical,0.3349849396793262
ssp370_percentage_change_cf_historical,0.7107092808305975
ssp585_percentage_change_cf_historical,0.7979605224320093
