Key,Value
historical,11034353.178124463
ssp126,11084247.513126254
ssp370,11101700.023423426
ssp585,11114501.775450917
historical_percentage_change_cf_historical,0.0
ssp126_percentage_change_cf_historical,0.4521727209231086
ssp370_percentage_change_cf_historical,0.6103379528623152
ssp585_percentage_change_cf_historical,0.7263551930288752
