Key,Value
historical,10291981.47863109
ssp126,10378235.17028059
ssp370,10447954.566959634
ssp585,10444475.191676222
historical_percentage_change_cf_historical,0.0
ssp126_percentage_change_cf_historical,0.8380669147975639
ssp370_percentage_change_cf_historical,1.5154816266662154
ssp585_percentage_change_cf_historical,1.4816749657172354
