Key,Value
historical,8758657.529603371
ssp126,8973343.525364717
ssp370,9128884.008362453
ssp585,9119174.41264667
historical_percentage_change_cf_historical,0.0
ssp126_percentage_change_cf_historical,2.451129011903128
ssp370_percentage_change_cf_historical,4.22697745068527
ssp585_percentage_change_cf_historical,4.116120328084391
