Key,Value
historical,11269409.692349942
ssp126,11343863.653656289
ssp370,11349988.712429736
ssp585,11354385.01192948
historical_percentage_change_cf_historical,0.0
ssp126_percentage_change_cf_historical,0.6606731260900778
ssp370_percentage_change_cf_historical,0.7150243205240217
ssp585_percentage_change_cf_historical,0.7540352325394832
