Key,Value
historical,11230081.621351685
ssp126,11309163.107230328
ssp370,11353367.996338254
ssp585,11373681.787362985
historical_percentage_change_cf_historical,0.0
ssp126_percentage_change_cf_historical,0.704193331313688
ssp370_percentage_change_cf_historical,1.0978226084498337
ssp585_percentage_change_cf_historical,1.2787099048173776
