Key,Value
historical,10795253.670141112
ssp126,10892337.544840809
ssp370,10913820.636576198
ssp585,10922886.426727269
historical_percentage_change_cf_historical,0.0
ssp126_percentage_change_cf_historical,0.8993199943807142
ssp370_percentage_change_cf_historical,1.0983249681573821
ssp585_percentage_change_cf_historical,1.1823043764055283
