Key,Value
historical,5765893.677538095
ssp126,5838254.479451196
ssp370,5901030.796877166
ssp585,5876593.040214615
historical_percentage_change_cf_historical,0.0
ssp126_percentage_change_cf_historical,1.2549798168321
ssp370_percentage_change_cf_historical,2.343732418541087
ssp585_percentage_change_cf_historical,1.9198994790307338
