Key,Value
historical,11296022.035318471
ssp126,11355383.708798861
ssp370,11380510.026797289
ssp585,11333930.684153825
historical_percentage_change_cf_historical,0.0
ssp126_percentage_change_cf_historical,0.5255095403920752
ssp370_percentage_change_cf_historical,0.7479446411723961
ssp585_percentage_change_cf_historical,0.335592907988558
