Key,Value
historical,10629642.014198357
ssp126,10727085.570876649
ssp370,10756354.374588626
ssp585,10759331.520610685
historical_percentage_change_cf_historical,0.0
ssp126_percentage_change_cf_historical,0.9167153188050255
ssp370_percentage_change_cf_historical,1.192066113054555
ssp585_percentage_change_cf_historical,1.2200740743582599
