Key,Value
historical,11254896.792278212
ssp126,11294211.94324917
ssp370,11298555.048585672
ssp585,11286142.386055298
historical_percentage_change_cf_historical,0.0
ssp126_percentage_change_cf_historical,0.3493159617237149
ssp370_percentage_change_cf_historical,0.38790454602314556
ssp585_percentage_change_cf_historical,0.27761777254611203
