Key,Value
historical,5821509.983026029
ssp126,5888634.139781718
ssp370,5925144.516669753
ssp585,5925566.997233918
historical_percentage_change_cf_historical,0.0
ssp126_percentage_change_cf_historical,1.1530368744776816
ssp370_percentage_change_cf_historical,1.7802002220368096
ssp585_percentage_change_cf_historical,1.7874574553902998
