Key,Value
historical,11337191.611360524
ssp126,11427532.347099314
ssp370,11438992.42954263
ssp585,11455026.181987278
historical_percentage_change_cf_historical,0.0
ssp126_percentage_change_cf_historical,0.7968528612347259
ssp370_percentage_change_cf_historical,0.8979368230849758
ssp585_percentage_change_cf_historical,1.03936296277005
