Key,Value
historical,11275738.271187712
ssp126,11403357.900701083
ssp370,11411799.314602021
ssp585,11418253.663817605
historical_percentage_change_cf_historical,0.0
ssp126_percentage_change_cf_historical,1.1318073055976416
ssp370_percentage_change_cf_historical,1.2066708196125755
ssp585_percentage_change_cf_historical,1.2639118539497802
