Key,Value
historical,11236001.487297678
ssp126,11310629.448452208
ssp370,11323861.058593918
ssp585,11335287.80681552
historical_percentage_change_cf_historical,0.0
ssp126_percentage_change_cf_historical,0.6641861096128981
ssp370_percentage_change_cf_historical,0.7819469532427945
ssp585_percentage_change_cf_historical,0.8836445921628343
