Key,Value
historical,5792594.6488456
ssp126,5872952.088423898
ssp370,5844032.61348908
ssp585,5850624.08068992
historical_percentage_change_cf_historical,0.0
ssp126_percentage_change_cf_historical,1.387244308460507
ssp370_percentage_change_cf_historical,0.8879952380878451
ssp585_percentage_change_cf_historical,1.0017865112637352
