Key,Value
historical,11207907.765509788
ssp126,11243299.779257344
ssp370,11277300.798790114
ssp585,11265835.24483201
historical_percentage_change_cf_historical,0.0
ssp126_percentage_change_cf_historical,0.3157771681211399
ssp370_percentage_change_cf_historical,0.6191435077104217
ssp585_percentage_change_cf_historical,0.516844718337904
