Key,Value
historical,5525252.948208179
ssp126,5566499.081087381
ssp370,5570842.908006687
ssp585,5579517.148647554
historical_percentage_change_cf_historical,0.0
ssp126_percentage_change_cf_historical,0.7465021649837281
ssp370_percentage_change_cf_historical,0.8251198673771498
ssp585_percentage_change_cf_historical,0.9821125104683686
