Key,Value
historical,11260443.097866122
ssp126,11327564.740863593
ssp370,11357168.960285246
ssp585,11371727.620243186
historical_percentage_change_cf_historical,0.0
ssp126_percentage_change_cf_historical,0.5960834970179043
ssp370_percentage_change_cf_historical,0.8589880662640572
ssp585_percentage_change_cf_historical,0.9882783600065712
