Key,Value
historical,11515776.348352477
ssp126,11622122.201865815
ssp370,11658480.855811793
ssp585,11682353.305207176
historical_percentage_change_cf_historical,0.0
ssp126_percentage_change_cf_historical,0.9234796708130946
ssp370_percentage_change_cf_historical,1.2392087440959432
ssp585_percentage_change_cf_historical,1.446510871831327
