Key,Value
historical,4547038.069831099
ssp126,4568205.014625233
ssp370,4591883.4414552245
ssp585,4601638.822286032
historical_percentage_change_cf_historical,0.0
ssp126_percentage_change_cf_historical,0.4655106130422074
ssp370_percentage_change_cf_historical,0.9862545889304806
ssp585_percentage_change_cf_historical,1.2007982254910157
