Key,Value
historical,11273395.293206744
ssp126,11334394.914328475
ssp370,11343103.584772427
ssp585,11342824.226560399
historical_percentage_change_cf_historical,0.0
ssp126_percentage_change_cf_historical,0.5410936060983201
ssp370_percentage_change_cf_historical,0.6183433628703536
ssp585_percentage_change_cf_historical,0.6158653320308244
