Key,Value
historical,11343368.95114615
ssp126,11375429.097564429
ssp370,11386512.194501072
ssp585,11413160.76408479
historical_percentage_change_cf_historical,0.0
ssp126_percentage_change_cf_historical,0.282633374232614
ssp370_percentage_change_cf_historical,0.3803388882150651
ssp585_percentage_change_cf_historical,0.6152652993940397
