Key,Value
historical,11308024.53879755
ssp126,11385858.79034425
ssp370,11433755.883207105
ssp585,11429624.790693324
historical_percentage_change_cf_historical,0.0
ssp126_percentage_change_cf_historical,0.6883098924984835
ssp370_percentage_change_cf_historical,1.111877180476343
ssp585_percentage_change_cf_historical,1.0753447826237617
