Key,Value
historical,11386199.48152462
ssp126,11470035.377354795
ssp370,11477804.95580545
ssp585,11513642.18510446
historical_percentage_change_cf_historical,0.0
ssp126_percentage_change_cf_historical,0.7362939316688418
ssp370_percentage_change_cf_historical,0.8045307341529593
ssp585_percentage_change_cf_historical,1.1192734132809576
