Key,Value
historical,5767644.273309384
ssp126,5844308.403665821
ssp370,5842799.985154957
ssp585,5883131.580981167
historical_percentage_change_cf_historical,0.0
ssp126_percentage_change_cf_historical,1.329210449250693
ssp370_percentage_change_cf_historical,1.3030573364825406
ssp585_percentage_change_cf_historical,2.0023306258019047
