Key,Value
historical,11356704.32666195
ssp126,11443431.742651733
ssp370,11463498.040981498
ssp585,11468120.779733477
historical_percentage_change_cf_historical,0.0
ssp126_percentage_change_cf_historical,0.7636671123520766
ssp370_percentage_change_cf_historical,0.9403583226942853
ssp585_percentage_change_cf_historical,0.9810632545038316
