Key,Value
historical,11291229.433788437
ssp126,11379662.198280184
ssp370,11388222.460062966
ssp585,11426973.506487748
historical_percentage_change_cf_historical,0.0
ssp126_percentage_change_cf_historical,0.7831987208329644
ssp370_percentage_change_cf_historical,0.8590120929106407
ssp585_percentage_change_cf_historical,1.2022080810182012
