Key,Value
historical,11108355.962712595
ssp126,11140048.555786872
ssp370,11122377.15106842
ssp585,11120485.827778138
historical_percentage_change_cf_historical,0.0
ssp126_percentage_change_cf_historical,0.2853040826262638
ssp370_percentage_change_cf_historical,0.12622199363154085
ssp585_percentage_change_cf_historical,0.10919586216231532
