Key,Value
historical,5768803.335604127
ssp126,5770429.999642617
ssp370,5803785.443554148
ssp585,5806201.862565137
historical_percentage_change_cf_historical,0.0
ssp126_percentage_change_cf_historical,0.02819759911819138
ssp370_percentage_change_cf_historical,0.606401465172466
ssp585_percentage_change_cf_historical,0.6482891647595816
