Key,Value
historical,11336878.066657627
ssp126,11332730.652195439
ssp370,11331601.468178472
ssp585,11343327.78879064
historical_percentage_change_cf_historical,0.0
ssp126_percentage_change_cf_historical,-0.036583391281114944
ssp370_percentage_change_cf_historical,-0.046543664385649636
ssp585_percentage_change_cf_historical,0.05689151894454498
