Key,Value
historical,11272397.533845216
ssp126,11296257.272053625
ssp370,11311410.55451937
ssp585,11311400.214915276
historical_percentage_change_cf_historical,0.0
ssp126_percentage_change_cf_historical,0.21166515940172329
ssp370_percentage_change_cf_historical,0.34609337150342784
ssp585_percentage_change_cf_historical,0.34600164652598997
