Key,Value
historical,11270773.236721817
ssp126,11365245.510256471
ssp370,11404610.576753408
ssp585,11429082.8680361
historical_percentage_change_cf_historical,0.0
ssp126_percentage_change_cf_historical,0.8382057872200757
ssp370_percentage_change_cf_historical,1.187472564841681
ssp585_percentage_change_cf_historical,1.404603109203612
