Key,Value
historical,11345563.332469057
ssp126,11389119.041086853
ssp370,11395414.81989481
ssp585,11404777.696805479
historical_percentage_change_cf_historical,0.0
ssp126_percentage_change_cf_historical,0.38390080193855414
ssp370_percentage_change_cf_historical,0.4393919099908029
ssp585_percentage_change_cf_historical,0.5219164760815389
