Key,Value
historical,8025693.211898525
ssp126,8054711.396153443
ssp370,8038160.111268262
ssp585,8069661.485368259
historical_percentage_change_cf_historical,0.0
ssp126_percentage_change_cf_historical,0.3615660789512398
ssp370_percentage_change_cf_historical,0.15533735268193755
ssp585_percentage_change_cf_historical,0.5478439345843504
