Key,Value
historical,11195719.88612187
ssp126,11239590.708511502
ssp370,11232157.157346599
ssp585,11238850.583664149
historical_percentage_change_cf_historical,0.0
ssp126_percentage_change_cf_historical,0.3918535193437128
ssp370_percentage_change_cf_historical,0.3254571532277892
ssp585_percentage_change_cf_historical,0.3852427354470028
