Key,Value
historical,11298352.007096235
ssp126,11362092.229011774
ssp370,11362978.0833385
ssp585,11374655.445257097
historical_percentage_change_cf_historical,0.0
ssp126_percentage_change_cf_historical,0.564155036730185
ssp370_percentage_change_cf_historical,0.5719955990189916
ssp585_percentage_change_cf_historical,0.6753501582614734
