Key,Value
historical,5532533.775199767
ssp126,5593421.659795284
ssp370,5640678.955074541
ssp585,5640490.161229771
historical_percentage_change_cf_historical,0.0
ssp126_percentage_change_cf_historical,1.100542483237141
ssp370_percentage_change_cf_historical,1.954713414666306
ssp585_percentage_change_cf_historical,1.951300984621741
