Key,Value
historical,11511200.11162304
ssp126,11585905.815293124
ssp370,11600389.097556254
ssp585,11574032.875005431
historical_percentage_change_cf_historical,0.0
ssp126_percentage_change_cf_historical,0.6489827554526914
ssp370_percentage_change_cf_historical,0.7748018023173701
ssp585_percentage_change_cf_historical,0.5458402492625315
