Key,Value
historical,11319451.352852158
ssp126,11398327.151388928
ssp370,11435491.907472787
ssp585,11438866.651896097
historical_percentage_change_cf_historical,0.0
ssp126_percentage_change_cf_historical,0.696816445232531
ssp370_percentage_change_cf_historical,1.025142924364355
ssp585_percentage_change_cf_historical,1.054956599233491
