Key,Value
historical,11308375.1579919
ssp126,11411521.832780272
ssp370,11400686.862828394
ssp585,11413653.817286475
historical_percentage_change_cf_historical,0.0
ssp126_percentage_change_cf_historical,0.9121263961204573
ssp370_percentage_change_cf_historical,0.8163127199689366
ssp585_percentage_change_cf_historical,0.9309795423630999
