Key,Value
historical,11238716.984927889
ssp126,11329859.505703554
ssp370,11323374.350030404
ssp585,11360102.903536431
historical_percentage_change_cf_historical,0.0
ssp126_percentage_change_cf_historical,0.8109690892465283
ssp370_percentage_change_cf_historical,0.7532653879980039
ssp585_percentage_change_cf_historical,1.0800691820190131
