Key,Value
historical,11512197.94173783
ssp126,11606043.116818588
ssp370,11647249.678033695
ssp585,11657883.84999743
historical_percentage_change_cf_historical,0.0
ssp126_percentage_change_cf_historical,0.8151803465828102
ssp370_percentage_change_cf_historical,1.173118608447738
ssp585_percentage_change_cf_historical,1.2654916897442299
