Key,Value
historical,11205457.155643538
ssp126,11226298.230315086
ssp370,11269279.42351792
ssp585,11272909.535907336
historical_percentage_change_cf_historical,0.0
ssp126_percentage_change_cf_historical,0.1859904007669283
ssp370_percentage_change_cf_historical,0.5695641595687942
ssp585_percentage_change_cf_historical,0.6019600925413926
