Key,Value
historical,11312128.699809471
ssp126,11384152.56877542
ssp370,11403763.78194461
ssp585,11393194.841859218
historical_percentage_change_cf_historical,0.0
ssp126_percentage_change_cf_historical,0.6366959824914394
ssp370_percentage_change_cf_historical,0.810060463126471
ssp585_percentage_change_cf_historical,0.716630301873351
