Key,Value
historical,10675918.874029871
ssp126,10798869.370543964
ssp370,10827413.409433525
ssp585,10834400.957919914
historical_percentage_change_cf_historical,0.0
ssp126_percentage_change_cf_historical,1.151661959638727
ssp370_percentage_change_cf_historical,1.4190304103207267
ssp585_percentage_change_cf_historical,1.4844819051179292
