Key,Value
historical,11283113.254873537
ssp126,11406094.567363445
ssp370,11446753.22437622
ssp585,11494698.67194072
historical_percentage_change_cf_historical,0.0
ssp126_percentage_change_cf_historical,1.0899590362330949
ssp370_percentage_change_cf_historical,1.450308667530235
ssp585_percentage_change_cf_historical,1.8752396815284356
