Key,Value
historical,5805253.999064865
ssp126,5896602.48868713
ssp370,5868352.979901342
ssp585,5880346.109685689
historical_percentage_change_cf_historical,0.0
ssp126_percentage_change_cf_historical,1.5735485413210157
ssp370_percentage_change_cf_historical,1.086928855251491
ssp585_percentage_change_cf_historical,1.2935198121033256
