Key,Value
historical,11042945.271509252
ssp126,11080385.374972392
ssp370,11057076.652389959
ssp585,11013558.0247231
historical_percentage_change_cf_historical,0.0
ssp126_percentage_change_cf_historical,0.33904092198785657
ssp370_percentage_change_cf_historical,0.12796749900739712
ssp585_percentage_change_cf_historical,-0.2661178341793643
