Key,Value
historical,11248837.130073182
ssp126,11277652.064749565
ssp370,11282407.376909418
ssp585,11317923.608009078
historical_percentage_change_cf_historical,0.0
ssp126_percentage_change_cf_historical,0.2561592308892753
ssp370_percentage_change_cf_historical,0.29843304199406917
ssp585_percentage_change_cf_historical,0.6141655100614463
