Key,Value
historical,11357898.9288808
ssp126,11386522.949157313
ssp370,11408243.130952403
ssp585,11420614.231267313
historical_percentage_change_cf_historical,0.0
ssp126_percentage_change_cf_historical,0.25201862118818436
ssp370_percentage_change_cf_historical,0.4432527740107674
ssp585_percentage_change_cf_historical,0.5521734502060137
