Key,Value
historical,4712115.939503206
ssp126,4770873.169654794
ssp370,4774504.8111091815
ssp585,4777464.330690727
historical_percentage_change_cf_historical,0.0
ssp126_percentage_change_cf_historical,1.2469393984771693
ssp370_percentage_change_cf_historical,1.324009689213062
ssp585_percentage_change_cf_historical,1.3868162843720335
