Key,Value
historical,5473647.054367091
ssp126,5516609.634111598
ssp370,5549764.572605579
ssp585,5543299.439762208
historical_percentage_change_cf_historical,0.0
ssp126_percentage_change_cf_historical,0.7848986117990623
ssp370_percentage_change_cf_historical,1.3906179459956052
ssp585_percentage_change_cf_historical,1.2725041403527415
