Key,Value
historical,11205275.166440334
ssp126,11304124.640709974
ssp370,11291771.37141446
ssp585,11322757.74581128
historical_percentage_change_cf_historical,0.0
ssp126_percentage_change_cf_historical,0.8821690926938831
ssp370_percentage_change_cf_historical,0.7719239705347101
ssp585_percentage_change_cf_historical,1.0484577810530225
