Key,Value
historical,11255891.746657245
ssp126,11304698.252805328
ssp370,11314865.240695002
ssp585,11307577.391914614
historical_percentage_change_cf_historical,0.0
ssp126_percentage_change_cf_historical,0.43360852473174866
ssp370_percentage_change_cf_historical,0.5239344457561129
ssp585_percentage_change_cf_historical,0.4591874763962455
