Key,Value
historical,11524275.333651979
ssp126,11702097.952352744
ssp370,11672518.96161415
ssp585,11670231.024913535
historical_percentage_change_cf_historical,0.0
ssp126_percentage_change_cf_historical,1.5430264684973825
ssp370_percentage_change_cf_historical,1.2863596509993696
ssp585_percentage_change_cf_historical,1.2665064573331697
