Key,Value
historical,5808281.577614076
ssp126,5844507.792628661
ssp370,5856148.077660248
ssp585,5830332.301678628
historical_percentage_change_cf_historical,0.0
ssp126_percentage_change_cf_historical,0.623699359793527
ssp370_percentage_change_cf_historical,0.8241077745034846
ssp585_percentage_change_cf_historical,0.37964282154532325
