Key,Value
historical,11140905.694324601
ssp126,11152070.835810194
ssp370,11178592.199515283
ssp585,11188632.748638328
historical_percentage_change_cf_historical,0.0
ssp126_percentage_change_cf_historical,0.10021753878843168
ssp370_percentage_change_cf_historical,0.3382714675511518
ssp585_percentage_change_cf_historical,0.42839474296995295
