Key,Value
historical,11246159.682583127
ssp126,11309796.121830575
ssp370,11304250.62819625
ssp585,11302538.675600126
historical_percentage_change_cf_historical,0.0
ssp126_percentage_change_cf_historical,0.565850397322754
ssp370_percentage_change_cf_historical,0.5165402879979434
ssp585_percentage_change_cf_historical,0.5013177351937576
