Key,Value
historical,5739624.904422011
ssp126,5781054.763705101
ssp370,5792115.643870741
ssp585,5792051.27098674
historical_percentage_change_cf_historical,0.0
ssp126_percentage_change_cf_historical,0.7218217213318348
ssp370_percentage_change_cf_historical,0.9145325752609577
ssp585_percentage_change_cf_historical,0.9134110231547915
