Key,Value
historical,11369684.127739731
ssp126,11393050.89194613
ssp370,11400018.156166794
ssp585,11426384.645100519
historical_percentage_change_cf_historical,0.0
ssp126_percentage_change_cf_historical,0.20551814759205222
ssp370_percentage_change_cf_historical,0.26679745968538965
ssp585_percentage_change_cf_historical,0.4986991434744439
