Key,Value
historical,11338597.792317204
ssp126,11441371.730022244
ssp370,11504119.29309503
ssp585,11572058.597650107
historical_percentage_change_cf_historical,0.0
ssp126_percentage_change_cf_historical,0.9064078256191205
ssp370_percentage_change_cf_historical,1.4598057344443385
ssp585_percentage_change_cf_historical,2.058991857803537
