Key,Value
historical,11493238.728245508
ssp126,11593542.990379293
ssp370,11622159.14549679
ssp585,11634348.684825782
historical_percentage_change_cf_historical,0.0
ssp126_percentage_change_cf_historical,0.8727240815704911
ssp370_percentage_change_cf_historical,1.121706598980231
ssp585_percentage_change_cf_historical,1.2277649487388211
