Key,Value
historical,11496466.045623481
ssp126,11605394.223056162
ssp370,11646833.602308827
ssp585,11652562.777211696
historical_percentage_change_cf_historical,0.0
ssp126_percentage_change_cf_historical,0.9474927077625537
ssp370_percentage_change_cf_historical,1.3079459034508065
ssp585_percentage_change_cf_historical,1.3577801297263705
