Key,Value
historical,11483402.337197058
ssp126,11565938.864993678
ssp370,11576404.854279377
ssp585,11586948.934586644
historical_percentage_change_cf_historical,0.0
ssp126_percentage_change_cf_historical,0.718746285926672
ssp370_percentage_change_cf_historical,0.8098864287029701
ssp585_percentage_change_cf_historical,0.9017066053165964
