Key,Value
historical,11334115.952060124
ssp126,11465081.264079565
ssp370,11446286.445150334
ssp585,11439175.000951525
historical_percentage_change_cf_historical,0.0
ssp126_percentage_change_cf_historical,1.1554964901840148
ssp370_percentage_change_cf_historical,0.9896713035640157
ssp585_percentage_change_cf_historical,0.9269275992566942
