Key,Value
historical,11250959.804196008
ssp126,11312127.16532299
ssp370,11295253.100100867
ssp585,11282415.572447076
historical_percentage_change_cf_historical,0.0
ssp126_percentage_change_cf_historical,0.5436634935285212
ssp370_percentage_change_cf_historical,0.3936845982539273
ssp585_percentage_change_cf_historical,0.2795829760171889
