Key,Value
historical,11224627.983618883
ssp126,11321273.376225865
ssp370,11297427.707067024
ssp585,11318603.395245072
historical_percentage_change_cf_historical,0.0
ssp126_percentage_change_cf_historical,0.861011988531152
ssp370_percentage_change_cf_historical,0.6485713696203008
ssp585_percentage_change_cf_historical,0.8372251780935182
