Key,Value
historical,11505377.016197182
ssp126,11525820.285378724
ssp370,11563278.638292894
ssp585,11563313.452724215
historical_percentage_change_cf_historical,0.0
ssp126_percentage_change_cf_historical,0.17768447876816396
ssp370_percentage_change_cf_historical,0.5032570598442629
ssp585_percentage_change_cf_historical,0.5035596525474126
