Key,Value
historical,11255220.13740488
ssp126,11325956.17965604
ssp370,11329885.778807871
ssp585,11292337.024727602
historical_percentage_change_cf_historical,0.0
ssp126_percentage_change_cf_historical,0.6284732007691322
ssp370_percentage_change_cf_historical,0.663386770684764
ssp585_percentage_change_cf_historical,0.3297748677466566
