Key,Value
historical,11222005.823260278
ssp126,11269465.612821044
ssp370,11270149.948374279
ssp585,11267874.870626071
historical_percentage_change_cf_historical,0.0
ssp126_percentage_change_cf_historical,0.4229171710318951
ssp370_percentage_change_cf_historical,0.4290153282063994
ssp585_percentage_change_cf_historical,0.40874196724011175
