Key,Value
historical,11333506.06565417
ssp126,11458870.449124783
ssp370,11463299.336178266
ssp585,11546890.00042655
historical_percentage_change_cf_historical,0.0
ssp126_percentage_change_cf_historical,1.1061394659727257
ssp370_percentage_change_cf_historical,1.1452172855620568
ssp585_percentage_change_cf_historical,1.8827707289894424
