Key,Value
historical,5463343.518952149
ssp126,5504648.553852389
ssp370,5511172.297422487
ssp585,5514694.499213918
historical_percentage_change_cf_historical,0.0
ssp126_percentage_change_cf_historical,0.756039497735296
ssp370_percentage_change_cf_historical,0.8754488584585968
ssp585_percentage_change_cf_historical,0.9399185697116496
