Key,Value
historical,11552971.160386957
ssp126,11695488.794540327
ssp370,11693661.572712403
ssp585,11723041.203256764
historical_percentage_change_cf_historical,0.0
ssp126_percentage_change_cf_historical,1.2336015746497917
ssp370_percentage_change_cf_historical,1.2177855408126306
ssp585_percentage_change_cf_historical,1.4720892185115604
