Key,Value
historical,11192047.634957656
ssp126,11226294.377609076
ssp370,11273610.135697193
ssp585,11256915.396273147
historical_percentage_change_cf_historical,0.0
ssp126_percentage_change_cf_historical,0.30599175207628826
ssp370_percentage_change_cf_historical,0.7287540528757387
ssp585_percentage_change_cf_historical,0.5795879666637648
