Key,Value
historical,11315577.188114783
ssp126,11384447.718511112
ssp370,11399624.928042173
ssp585,11390552.945170354
historical_percentage_change_cf_historical,0.0
ssp126_percentage_change_cf_historical,0.6086347099347861
ssp370_percentage_change_cf_historical,0.742761403418903
ssp585_percentage_change_cf_historical,0.662588887947505
