Key,Value
historical,11221580.782769725
ssp126,11355276.40845005
ssp370,11337080.50220058
ssp585,11362892.471131958
historical_percentage_change_cf_historical,0.0
ssp126_percentage_change_cf_historical,1.1914152584064597
ssp370_percentage_change_cf_historical,1.0292642513272248
ssp585_percentage_change_cf_historical,1.2592850427919355
