Key,Value
historical,5802999.538095826
ssp126,5816237.695583892
ssp370,5904830.756134209
ssp585,5906768.7605244005
historical_percentage_change_cf_historical,0.0
ssp126_percentage_change_cf_historical,0.22812611652231304
ssp370_percentage_change_cf_historical,1.7548031387884178
ssp585_percentage_change_cf_historical,1.7881997361423996
