Key,Value
historical,8261435.930929796
ssp126,8335438.412713465
ssp370,8338473.747402387
ssp585,8286962.178167392
historical_percentage_change_cf_historical,0.0
ssp126_percentage_change_cf_historical,0.8957581030994054
ssp370_percentage_change_cf_historical,0.9324991093154985
ssp585_percentage_change_cf_historical,0.3089807565053989
