Key,Value
historical,11310182.931565193
ssp126,11463179.622235535
ssp370,11625328.652012339
ssp585,11590586.069822922
historical_percentage_change_cf_historical,0.0
ssp126_percentage_change_cf_historical,1.3527340061260031
ssp370_percentage_change_cf_historical,2.7863892419247813
ssp585_percentage_change_cf_historical,2.479209575604313
