Key,Value
historical,5755804.229328462
ssp126,5846684.949445382
ssp370,5848668.46148921
ssp585,5872178.862218839
historical_percentage_change_cf_historical,0.0
ssp126_percentage_change_cf_historical,1.578940431188415
ssp370_percentage_change_cf_historical,1.6134015067357943
ssp585_percentage_change_cf_historical,2.0218657246435705
