Key,Value
historical,11428625.708817434
ssp126,11552552.792262726
ssp370,11615464.338327432
ssp585,11625520.968415856
historical_percentage_change_cf_historical,0.0
ssp126_percentage_change_cf_historical,1.0843568299701996
ssp370_percentage_change_cf_historical,1.6348302435510547
ssp585_percentage_change_cf_historical,1.7228253388901678
