Key,Value
historical,11249109.777087819
ssp126,11316810.470559057
ssp370,11317667.827226615
ssp585,11319185.561649214
historical_percentage_change_cf_historical,0.0
ssp126_percentage_change_cf_historical,0.6018315654553461
ssp370_percentage_change_cf_historical,0.6094531167118197
ssp585_percentage_change_cf_historical,0.6229451569947869
