Key,Value
historical,11280476.978142153
ssp126,11343615.953416467
ssp370,11346001.887199227
ssp585,11345556.826912975
historical_percentage_change_cf_historical,0.0
ssp126_percentage_change_cf_historical,0.5597190207174374
ssp370_percentage_change_cf_historical,0.5808700215783338
ssp585_percentage_change_cf_historical,0.5769246184972919
