Key,Value
historical,5524230.100453787
ssp126,5540748.83147337
ssp370,5571605.12625646
ssp585,5577737.4473631615
historical_percentage_change_cf_historical,0.0
ssp126_percentage_change_cf_historical,0.29902322530385916
ssp370_percentage_change_cf_historical,0.857586033550307
ssp585_percentage_change_cf_historical,0.9685937395145721
