Key,Value
historical,11040052.96205128
ssp126,11102282.47823752
ssp370,11090299.94381632
ssp585,11081296.871633993
historical_percentage_change_cf_historical,0.0
ssp126_percentage_change_cf_historical,0.5636704497718152
ssp370_percentage_change_cf_historical,0.4551335209872327
ssp585_percentage_change_cf_historical,0.37358434533316187
