Key,Value
historical,11510297.974287562
ssp126,11544531.938049695
ssp370,11553127.172382545
ssp585,11508844.273290697
historical_percentage_change_cf_historical,0.0
ssp126_percentage_change_cf_historical,0.29742030865409796
ssp370_percentage_change_cf_historical,0.37209460772134
ssp585_percentage_change_cf_historical,-0.012629568757576537
