Key,Value
historical,8684719.823820442
ssp126,8779869.116659774
ssp370,8779736.394970397
ssp585,8856980.570072155
historical_percentage_change_cf_historical,0.0
ssp126_percentage_change_cf_historical,1.0955942709672242
ssp370_percentage_change_cf_historical,1.0940660502293142
ssp585_percentage_change_cf_historical,1.9834922685615815
