Key,Value
historical,11067682.730326708
ssp126,11074383.134700228
ssp370,11040603.743625382
ssp585,11056274.30983802
historical_percentage_change_cf_historical,0.0
ssp126_percentage_change_cf_historical,0.06054026427012814
ssp370_percentage_change_cf_historical,-0.24466717524461506
ssp585_percentage_change_cf_historical,-0.10307867298570753
