Key,Value
historical,11308556.353437778
ssp126,11358587.045437776
ssp370,11371548.210897446
ssp585,11343355.8099583
historical_percentage_change_cf_historical,0.0
ssp126_percentage_change_cf_historical,0.44241449073018696
ssp370_percentage_change_cf_historical,0.5570282845212039
ssp585_percentage_change_cf_historical,0.30772678167662887
