Key,Value
historical,11226342.32071815
ssp126,11281534.514998205
ssp370,11313957.342309453
ssp585,11286310.21891942
historical_percentage_change_cf_historical,0.0
ssp126_percentage_change_cf_historical,0.49163113597736585
ssp370_percentage_change_cf_historical,0.7804413858787201
ssp585_percentage_change_cf_historical,0.534171295405803
