Key,Value
historical,11399280.724118741
ssp126,11460719.161492279
ssp370,11486809.15794252
ssp585,11514310.636479294
historical_percentage_change_cf_historical,0.0
ssp126_percentage_change_cf_historical,0.5389676669997727
ssp370_percentage_change_cf_historical,0.7678417256501585
ssp585_percentage_change_cf_historical,1.0090979873595969
