Key,Value
historical,11240186.183841774
ssp126,11277074.040318333
ssp370,11263748.71034057
ssp585,11278125.37109349
historical_percentage_change_cf_historical,0.0
ssp126_percentage_change_cf_historical,0.3281783404049496
ssp370_percentage_change_cf_historical,0.20962754631830308
ssp585_percentage_change_cf_historical,0.3375316621201001
