Key,Value
historical,11315049.470249932
ssp126,11344599.0792755
ssp370,11341333.344492061
ssp585,11369290.31801287
historical_percentage_change_cf_historical,0.0
ssp126_percentage_change_cf_historical,0.26115315804196004
ssp370_percentage_change_cf_historical,0.23229128879405803
ssp585_percentage_change_cf_historical,0.47936907306990756
