Key,Value
historical,11383489.90836386
ssp126,11490050.2817553
ssp370,11570203.848371336
ssp585,11600255.361179069
historical_percentage_change_cf_historical,0.0
ssp126_percentage_change_cf_historical,0.9360958216613905
ssp370_percentage_change_cf_historical,1.6402170293162088
ssp585_percentage_change_cf_historical,1.9042091182945857
