Key,Value
historical,11275364.01405378
ssp126,11326734.468088415
ssp370,11368476.169693343
ssp585,11351826.679783003
historical_percentage_change_cf_historical,0.0
ssp126_percentage_change_cf_historical,0.4555990739687432
ssp370_percentage_change_cf_historical,0.8258017703331474
ssp585_percentage_change_cf_historical,0.6781392213494715
