Key,Value
historical,11259895.070140814
ssp126,11451597.243881874
ssp370,11556442.173267009
ssp585,11591406.901518404
historical_percentage_change_cf_historical,0.0
ssp126_percentage_change_cf_historical,1.7025218489772478
ssp370_percentage_change_cf_historical,2.6336577852539946
ssp585_percentage_change_cf_historical,2.944182244261751
