Key,Value
historical,11140905.694324601
ssp126,11161857.410796784
ssp370,11155853.13152698
ssp585,11148266.265427642
historical_percentage_change_cf_historical,0.0
ssp126_percentage_change_cf_historical,0.18806115990063216
ssp370_percentage_change_cf_historical,0.13416716389578298
ssp585_percentage_change_cf_historical,0.06606797781970052
