Key,Value
historical,11264829.490926351
ssp126,11302150.057137564
ssp370,11310005.583195407
ssp585,11295812.551876456
historical_percentage_change_cf_historical,0.0
ssp126_percentage_change_cf_historical,0.3313016521135413
ssp370_percentage_change_cf_historical,0.4010366273670117
ssp585_percentage_change_cf_historical,0.2750424316236702
