Key,Value
historical,11320680.757542605
ssp126,11477167.623735726
ssp370,11501137.443699539
ssp585,11531303.202136531
historical_percentage_change_cf_historical,0.0
ssp126_percentage_change_cf_historical,1.3823096821174747
ssp370_percentage_change_cf_historical,1.5940444750789535
ssp585_percentage_change_cf_historical,1.8605104154500243
