Key,Value
historical,11016951.401049165
ssp126,11092495.418771952
ssp370,11027896.654746117
ssp585,11063789.198269656
historical_percentage_change_cf_historical,0.0
ssp126_percentage_change_cf_historical,0.6857070978419051
ssp370_percentage_change_cf_historical,0.0993492055879422
ssp585_percentage_change_cf_historical,0.42514299569325886
