Key,Value
historical,11347650.936024554
ssp126,11376469.075089041
ssp370,11388664.158874502
ssp585,11384253.80088784
historical_percentage_change_cf_historical,0.0
ssp126_percentage_change_cf_historical,0.2539568693728518
ssp370_percentage_change_cf_historical,0.3614247836946294
ssp585_percentage_change_cf_historical,0.3225589601728528
