Key,Value
historical,8263599.525238384
ssp126,8302903.997820758
ssp370,8303544.243097717
ssp585,8340677.584215552
historical_percentage_change_cf_historical,0.0
ssp126_percentage_change_cf_historical,0.47563380173896874
ssp370_percentage_change_cf_historical,0.4833815789031848
ssp585_percentage_change_cf_historical,0.9327419454652789
