Key,Value
historical,5813753.810872391
ssp126,5925489.637138698
ssp370,5852970.049832873
ssp585,5889038.055713579
historical_percentage_change_cf_historical,0.0
ssp126_percentage_change_cf_historical,1.9219222192957068
ssp370_percentage_change_cf_historical,0.6745424769645953
ssp585_percentage_change_cf_historical,1.2949334851502994
