Key,Value
historical,11542407.006088786
ssp126,11617429.130291285
ssp370,11668300.718725499
ssp585,11666323.445644159
historical_percentage_change_cf_historical,0.0
ssp126_percentage_change_cf_historical,0.6499694921771856
ssp370_percentage_change_cf_historical,1.090705886305189
ssp585_percentage_change_cf_historical,1.0735753772155612
