Key,Value
historical,4830511.451202938
ssp126,4837405.201943438
ssp370,4879281.852313011
ssp585,4862631.803710787
historical_percentage_change_cf_historical,0.0
ssp126_percentage_change_cf_historical,0.1427126466863564
ssp370_percentage_change_cf_historical,1.0096322429362499
ssp585_percentage_change_cf_historical,0.6649472386583285
