Key,Value
historical,11559678.527177531
ssp126,11636774.464956075
ssp370,11700112.16720255
ssp585,11707055.807093818
historical_percentage_change_cf_historical,0.0
ssp126_percentage_change_cf_historical,0.6669384239127955
ssp370_percentage_change_cf_historical,1.2148576597078484
ssp585_percentage_change_cf_historical,1.2749254191610364
