Key,Value
historical,8169737.416925661
ssp126,8226672.731208527
ssp370,8254136.895315681
ssp585,8228912.087815953
historical_percentage_change_cf_historical,0.0
ssp126_percentage_change_cf_historical,0.696905070227966
ssp370_percentage_change_cf_historical,1.0330745540874384
ssp585_percentage_change_cf_historical,0.7243154567942046
