Key,Value
historical,5527584.027067494
ssp126,5586580.95984582
ssp370,5587084.735844925
ssp585,5573884.205704885
historical_percentage_change_cf_historical,0.0
ssp126_percentage_change_cf_historical,1.0673186059122828
ssp370_percentage_change_cf_historical,1.0764324610185592
ssp585_percentage_change_cf_historical,0.8376205302473572
