Key,Value
historical,11502657.507743234
ssp126,11594745.301292717
ssp370,11619241.940958817
ssp585,11619797.841900956
historical_percentage_change_cf_historical,0.0
ssp126_percentage_change_cf_historical,0.8005784184002086
ssp370_percentage_change_cf_historical,1.0135434627789421
ssp585_percentage_change_cf_historical,1.018376267213614
