Key,Value
historical,5514948.9156637
ssp126,5555607.167890348
ssp370,5584429.462772429
ssp585,5580821.653282547
historical_percentage_change_cf_historical,0.0
ssp126_percentage_change_cf_historical,0.7372371503055869
ssp370_percentage_change_cf_historical,1.2598583988944836
ssp585_percentage_change_cf_historical,1.194439669817327
