Key,Value
historical,11064897.813320408
ssp126,11150202.594311604
ssp370,11148178.604804492
ssp585,11100070.209076677
historical_percentage_change_cf_historical,0.0
ssp126_percentage_change_cf_historical,0.7709495598640144
ssp370_percentage_change_cf_historical,0.7526575743322901
ssp585_percentage_change_cf_historical,0.3178736609200928
