Key,Value
historical,5719879.785357567
ssp126,5775610.127889984
ssp370,5808993.04134854
ssp585,5813908.086794071
historical_percentage_change_cf_historical,0.0
ssp126_percentage_change_cf_historical,0.974327164621238
ssp370_percentage_change_cf_historical,1.557956798656791
ssp585_percentage_change_cf_historical,1.643885972520074
