Key,Value
historical,10307876.014240231
ssp126,10442569.75436571
ssp370,10386380.245944032
ssp585,10424516.437489346
historical_percentage_change_cf_historical,0.0
ssp126_percentage_change_cf_historical,1.3067070261555442
ssp370_percentage_change_cf_historical,0.7615946446712033
ssp585_percentage_change_cf_historical,1.1315660286171145
