Key,Value
historical,11095252.37205984
ssp126,11145809.22256722
ssp370,11149902.114428762
ssp585,11170145.013818353
historical_percentage_change_cf_historical,0.0
ssp126_percentage_change_cf_historical,0.4556620148153752
ssp370_percentage_change_cf_historical,0.4925506922811516
ssp585_percentage_change_cf_historical,0.6749971902136087
