Key,Value
historical,5779565.559270434
ssp126,5803048.010251229
ssp370,5805163.0381391365
ssp585,5800509.187844193
historical_percentage_change_cf_historical,0.0
ssp126_percentage_change_cf_historical,0.40630131694117944
ssp370_percentage_change_cf_historical,0.44289624550835005
ssp585_percentage_change_cf_historical,0.3623737521268343
