Key,Value
historical,11535263.079664335
ssp126,11641743.704433504
ssp370,11671296.402803335
ssp585,11669599.05849121
historical_percentage_change_cf_historical,0.0
ssp126_percentage_change_cf_historical,0.9230879610963179
ssp370_percentage_change_cf_historical,1.1792823639958034
ssp585_percentage_change_cf_historical,1.1645679677969156
