Key,Value
historical,11296754.705216454
ssp126,11390330.201869372
ssp370,11412575.33437597
ssp585,11418998.2366431
historical_percentage_change_cf_historical,0.0
ssp126_percentage_change_cf_historical,0.8283396346537292
ssp370_percentage_change_cf_historical,1.0252557675350225
ssp585_percentage_change_cf_historical,1.0821119393713836
