Key,Value
historical,5541662.785361578
ssp126,5581825.426793382
ssp370,5604851.068239454
ssp585,5599015.328657083
historical_percentage_change_cf_historical,0.0
ssp126_percentage_change_cf_historical,0.7247399018557084
ssp370_percentage_change_cf_historical,1.1402404896376885
ssp585_percentage_change_cf_historical,1.0349338369523935
