Key,Value
historical,5800122.073840408
ssp126,5844735.515866036
ssp370,5878218.094674964
ssp585,5881601.820426092
historical_percentage_change_cf_historical,0.0
ssp126_percentage_change_cf_historical,0.7691810871850884
ssp370_percentage_change_cf_historical,1.3464547787155008
ssp585_percentage_change_cf_historical,1.4047936500021645
