Key,Value
historical,5530150.938606171
ssp126,5547648.560487529
ssp370,5561958.075663159
ssp585,5580687.053438574
historical_percentage_change_cf_historical,0.0
ssp126_percentage_change_cf_historical,0.31640405615707223
ssp370_percentage_change_cf_historical,0.575158569993832
ssp585_percentage_change_cf_historical,0.9138288519325722
