Key,Value
historical,11259903.775916975
ssp126,11292925.822553992
ssp370,11316309.719995938
ssp585,11332400.800402312
historical_percentage_change_cf_historical,0.0
ssp126_percentage_change_cf_historical,0.2932711264162473
ssp370_percentage_change_cf_historical,0.5009451697056773
ssp585_percentage_change_cf_historical,0.6438511902774469
