Key,Value
historical,11299268.167192891
ssp126,11362519.490199061
ssp370,11389254.1775686
ssp585,11366334.13592317
historical_percentage_change_cf_historical,0.0
ssp126_percentage_change_cf_historical,0.5597824750262881
ssp370_percentage_change_cf_historical,0.7963879522479181
ssp585_percentage_change_cf_historical,0.5935425882271073
