Key,Value
historical,5541668.280881484
ssp126,5604590.340766203
ssp370,5611935.155648202
ssp585,5594318.636126891
historical_percentage_change_cf_historical,0.0
ssp126_percentage_change_cf_historical,1.1354353363552454
ssp370_percentage_change_cf_historical,1.267973310656925
ssp585_percentage_change_cf_historical,0.9500813216671267
