Key,Value
historical,11486887.37678026
ssp126,11598098.467019178
ssp370,11616995.219080111
ssp585,11643255.940419916
historical_percentage_change_cf_historical,0.0
ssp126_percentage_change_cf_historical,0.9681568782829815
ssp370_percentage_change_cf_historical,1.1326640371076704
ssp585_percentage_change_cf_historical,1.3612788087027048
