Key,Value
historical,4541676.645122669
ssp126,4637071.333290985
ssp370,4641247.425410075
ssp585,4694575.801599939
historical_percentage_change_cf_historical,0.0
ssp126_percentage_change_cf_historical,2.100428886119866
ssp370_percentage_change_cf_historical,2.192379336259793
ssp585_percentage_change_cf_historical,3.3665795349272583
