Key,Value
historical,11409927.498833457
ssp126,11560107.850767534
ssp370,11604091.552023545
ssp585,11637627.516338686
historical_percentage_change_cf_historical,0.0
ssp126_percentage_change_cf_historical,1.3162252954668778
ssp370_percentage_change_cf_historical,1.7017115420754347
ssp585_percentage_change_cf_historical,1.995630713065516
