Key,Value
historical,11297712.186067225
ssp126,11326422.185752448
ssp370,11335215.496499289
ssp585,11357450.601834271
historical_percentage_change_cf_historical,0.0
ssp126_percentage_change_cf_historical,0.2541222436222845
ssp370_percentage_change_cf_historical,0.3319549109979448
ssp585_percentage_change_cf_historical,0.5287656012401999
