Key,Value
historical,11290323.898144007
ssp126,11379381.694620395
ssp370,11361411.054802729
ssp585,11352194.812283952
historical_percentage_change_cf_historical,0.0
ssp126_percentage_change_cf_historical,0.7887975338867681
ssp370_percentage_change_cf_historical,0.6296290283612498
ssp585_percentage_change_cf_historical,0.5479994612919465
