Key,Value
historical,11386139.332958532
ssp126,11405052.029021952
ssp370,11460026.933308776
ssp585,11473925.300166719
historical_percentage_change_cf_historical,0.0
ssp126_percentage_change_cf_historical,0.16610279841451403
ssp370_percentage_change_cf_historical,0.6489258403536969
ssp585_percentage_change_cf_historical,0.7709897502666181
