Key,Value
historical,9498329.16756264
ssp126,9638800.025084663
ssp370,9665319.501995564
ssp585,9664091.88646993
historical_percentage_change_cf_historical,0.0
ssp126_percentage_change_cf_historical,1.478900710261129
ssp370_percentage_change_cf_historical,1.7581022039455754
ssp585_percentage_change_cf_historical,1.7451776621237831
