Key,Value
historical,5758465.85523721
ssp126,5797125.612909211
ssp370,5797447.418662062
ssp585,5833422.083123399
historical_percentage_change_cf_historical,0.0
ssp126_percentage_change_cf_historical,0.67135516027833
ssp370_percentage_change_cf_historical,0.6769435541481729
ssp585_percentage_change_cf_historical,1.3016700935721894
