Key,Value
historical,11551916.951180793
ssp126,11632643.162547298
ssp370,11678000.615903316
ssp585,11701421.322080016
historical_percentage_change_cf_historical,0.0
ssp126_percentage_change_cf_historical,0.6988122552097545
ssp370_percentage_change_cf_historical,1.0914523126798876
ssp585_percentage_change_cf_historical,1.2941953403148472
