Key,Value
historical,11333736.539422425
ssp126,11330848.59138191
ssp370,11335403.482334761
ssp585,11355632.864151489
historical_percentage_change_cf_historical,0.0
ssp126_percentage_change_cf_historical,-0.025480987937825807
ssp370_percentage_change_cf_historical,0.014707796555339618
ssp585_percentage_change_cf_historical,0.193195991921128
