Key,Value
historical,7937921.437847654
ssp126,7966411.955510297
ssp370,7998446.139551061
ssp585,8011151.387302381
historical_percentage_change_cf_historical,0.0
ssp126_percentage_change_cf_historical,0.3589165990834957
ssp370_percentage_change_cf_historical,0.7624754436952198
ssp585_percentage_change_cf_historical,0.9225330589135026
