Key,Value
historical,11048831.073639438
ssp126,11109646.522043135
ssp370,11100456.425344754
ssp585,11092971.95254018
historical_percentage_change_cf_historical,0.0
ssp126_percentage_change_cf_historical,0.5504242756393696
ssp370_percentage_change_cf_historical,0.4672471808215571
ssp585_percentage_change_cf_historical,0.39950722937609673
