Key,Value
historical,5803968.304055586
ssp126,5870365.594813839
ssp370,5876060.932673238
ssp585,5902869.014454093
historical_percentage_change_cf_historical,0.0
ssp126_percentage_change_cf_historical,1.1439981626339397
ssp370_percentage_change_cf_historical,1.2421265045034144
ssp585_percentage_change_cf_historical,1.7040187888241638
