Key,Value
historical,11415900.806414977
ssp126,11484069.108924683
ssp370,11508035.287275292
ssp585,11530274.434651013
historical_percentage_change_cf_historical,0.0
ssp126_percentage_change_cf_historical,0.5971346778994472
ssp370_percentage_change_cf_historical,0.8070714910954886
ssp585_percentage_change_cf_historical,1.0018800108333665
