Key,Value
historical,5757494.959091211
ssp126,5894163.325685485
ssp370,5931978.996255197
ssp585,5967874.989878832
historical_percentage_change_cf_historical,0.0
ssp126_percentage_change_cf_historical,2.373747047376432
ssp370_percentage_change_cf_historical,3.030554753477843
ssp585_percentage_change_cf_historical,3.6540202341892964
