Key,Value
historical,5728433.132071117
ssp126,5747444.35986054
ssp370,5765060.882713702
ssp585,5783488.713026618
historical_percentage_change_cf_historical,0.0
ssp126_percentage_change_cf_historical,0.3318748312341723
ssp370_percentage_change_cf_historical,0.639402604483957
ssp585_percentage_change_cf_historical,0.9610931940056591
