Key,Value
historical,11384732.51135896
ssp126,11485163.891047997
ssp370,11569653.700789016
ssp585,11592920.827547356
historical_percentage_change_cf_historical,0.0
ssp126_percentage_change_cf_historical,0.8821584485084194
ssp370_percentage_change_cf_historical,1.6242910340278403
ssp585_percentage_change_cf_historical,1.8286623421382968
