Key,Value
historical,11279187.513761014
ssp126,11420700.469577944
ssp370,11452240.825572439
ssp585,11507826.660348099
historical_percentage_change_cf_historical,0.0
ssp126_percentage_change_cf_historical,1.2546378508583111
ssp370_percentage_change_cf_historical,1.5342710775957358
ssp585_percentage_change_cf_historical,2.0270887979132985
