Key,Value
historical,5450195.963128032
ssp126,5488827.127207775
ssp370,5494433.553468728
ssp585,5520393.180940674
historical_percentage_change_cf_historical,0.0
ssp126_percentage_change_cf_historical,0.7088032126017523
ssp370_percentage_change_cf_historical,0.8116697205013337
ssp585_percentage_change_cf_historical,1.2879760340278337
