Key,Value
historical,8920620.277153801
ssp126,8990329.948747046
ssp370,8977519.815294812
ssp585,9000323.373584803
historical_percentage_change_cf_historical,0.0
ssp126_percentage_change_cf_historical,0.781444220552414
ssp370_percentage_change_cf_historical,0.6378428447036713
ssp585_percentage_change_cf_historical,0.8934703412399027
