Key,Value
historical,5541665.81501164
ssp126,5601795.9172436
ssp370,5673942.075608239
ssp585,5660079.437480267
historical_percentage_change_cf_historical,0.0
ssp126_percentage_change_cf_historical,1.0850546431196793
ssp370_percentage_change_cf_historical,2.3869404076709135
ssp585_percentage_change_cf_historical,2.1367875007522144
