Key,Value
historical,11383600.545306195
ssp126,11485514.923308851
ssp370,11543179.56969184
ssp585,11624123.916978493
historical_percentage_change_cf_historical,0.0
ssp126_percentage_change_cf_historical,0.895273666684299
ssp370_percentage_change_cf_historical,1.4018326077986396
ssp585_percentage_change_cf_historical,2.112893637782063
