Key,Value
historical,11372409.774350446
ssp126,11425691.952092715
ssp370,11441652.211984286
ssp585,11406643.497786654
historical_percentage_change_cf_historical,0.0
ssp126_percentage_change_cf_historical,0.4685214374040808
ssp370_percentage_change_cf_historical,0.6088633720358118
ssp585_percentage_change_cf_historical,0.30102435733031574
