Key,Value
historical,11561663.207341246
ssp126,11637156.650829194
ssp370,11662822.688147552
ssp585,11645319.714105537
historical_percentage_change_cf_historical,0.0
ssp126_percentage_change_cf_historical,0.6529635237948477
ssp370_percentage_change_cf_historical,0.8749561286482841
ssp585_percentage_change_cf_historical,0.7235680997105325
