Key,Value
historical,11055352.949350802
ssp126,11067112.025603333
ssp370,11081821.735276137
ssp585,11048436.933554066
historical_percentage_change_cf_historical,0.0
ssp126_percentage_change_cf_historical,0.10636545306517585
ssp370_percentage_change_cf_historical,0.23942054176468996
ssp585_percentage_change_cf_historical,-0.06255807325574357
