Key,Value
historical,11379635.2761987
ssp126,11431695.897650752
ssp370,11473922.291637108
ssp585,11436944.469953736
historical_percentage_change_cf_historical,0.0
ssp126_percentage_change_cf_historical,0.4574893675278026
ssp370_percentage_change_cf_historical,0.828559203787625
ssp585_percentage_change_cf_historical,0.5036118677274516
