Key,Value
historical,11265027.28432883
ssp126,11308952.396550816
ssp370,11319212.107482921
ssp585,11306734.808125872
historical_percentage_change_cf_historical,0.0
ssp126_percentage_change_cf_historical,0.3899245968369007
ssp370_percentage_change_cf_historical,0.4810003720938184
ssp585_percentage_change_cf_historical,0.3702389949384628
