Key,Value
historical,11205726.149566703
ssp126,11253802.361248124
ssp370,11271014.957159735
ssp585,11298543.191697616
historical_percentage_change_cf_historical,0.0
ssp126_percentage_change_cf_historical,0.4290325413965327
ssp370_percentage_change_cf_historical,0.5826379006732846
ssp585_percentage_change_cf_historical,0.8283001109615961
