Key,Value
historical,11333802.798395406
ssp126,11397283.431732653
ssp370,11430647.206676275
ssp585,11436498.865929985
historical_percentage_change_cf_historical,0.0
ssp126_percentage_change_cf_historical,0.5601000340877078
ssp370_percentage_change_cf_historical,0.854474089619584
ssp585_percentage_change_cf_historical,0.9061042384566481
