Key,Value
historical,5543485.732585395
ssp126,5596498.175653878
ssp370,5617822.132277668
ssp585,5658350.196829274
historical_percentage_change_cf_historical,0.0
ssp126_percentage_change_cf_historical,0.9563016056281747
ssp370_percentage_change_cf_historical,1.3409685399804279
ssp585_percentage_change_cf_historical,2.0720620523778015
