Key,Value
historical,11275932.143635286
ssp126,11314744.901308948
ssp370,11310623.696551299
ssp585,11306449.688746467
historical_percentage_change_cf_historical,0.0
ssp126_percentage_change_cf_historical,0.344208861664444
ssp370_percentage_change_cf_historical,0.30766017810416135
ssp585_percentage_change_cf_historical,0.27064321354937276
