Key,Value
historical,5473153.218334891
ssp126,5489999.817679502
ssp370,5525523.859770496
ssp585,5547562.049648334
historical_percentage_change_cf_historical,0.0
ssp126_percentage_change_cf_historical,0.30780427063827837
ssp370_percentage_change_cf_historical,0.956864157578587
ssp585_percentage_change_cf_historical,1.359523995494519
