Key,Value
historical,11395437.368011467
ssp126,11448785.88236672
ssp370,11460460.380831182
ssp585,11482809.24890567
historical_percentage_change_cf_historical,0.0
ssp126_percentage_change_cf_historical,0.4681567949731348
ssp370_percentage_change_cf_historical,0.5706056794471376
ssp585_percentage_change_cf_historical,0.7667268756131065
