Key,Value
historical,11340064.300341636
ssp126,11424800.799102541
ssp370,11488763.107832251
ssp585,11512326.775297152
historical_percentage_change_cf_historical,0.0
ssp126_percentage_change_cf_historical,0.7472312018402957
ssp370_percentage_change_cf_historical,1.3112695268062582
ssp585_percentage_change_cf_historical,1.5190608306367916
