Key,Value
historical,5001463.185996705
ssp126,5056556.425050774
ssp370,5066702.193465695
ssp585,5039951.815134148
historical_percentage_change_cf_historical,0.0
ssp126_percentage_change_cf_historical,1.1015424287900621
ssp370_percentage_change_cf_historical,1.3043984338752872
ssp585_percentage_change_cf_historical,0.7695473845574905
