Key,Value
historical,11559792.316582765
ssp126,11668096.683916938
ssp370,11680012.58536113
ssp585,11664835.979920099
historical_percentage_change_cf_historical,0.0
ssp126_percentage_change_cf_historical,0.9369058229429194
ssp370_percentage_change_cf_historical,1.0399864070733054
ssp585_percentage_change_cf_historical,0.9086985341998384
