Key,Value
historical,11299732.362258436
ssp126,11360806.905015562
ssp370,11364611.927218523
ssp585,11387230.401146088
historical_percentage_change_cf_historical,0.0
ssp126_percentage_change_cf_historical,0.54049548077012
ssp370_percentage_change_cf_historical,0.5741690411782414
ssp585_percentage_change_cf_historical,0.7743372681984808
