Key,Value
historical,11409401.761366377
ssp126,11477877.236550793
ssp370,11506331.026767861
ssp585,11500243.191818522
historical_percentage_change_cf_historical,0.0
ssp126_percentage_change_cf_historical,0.600167095669141
ssp370_percentage_change_cf_historical,0.8495560716399586
ssp585_percentage_change_cf_historical,0.7961980159182911
