Key,Value
historical,11567148.11706664
ssp126,11660237.798336161
ssp370,11653199.383827552
ssp585,11726615.702833394
historical_percentage_change_cf_historical,0.0
ssp126_percentage_change_cf_historical,0.8047764265434848
ssp370_percentage_change_cf_historical,0.7439281133951094
ssp585_percentage_change_cf_historical,1.378624913875428
