Key,Value
historical,11205237.236185169
ssp126,11261246.355888627
ssp370,11282865.73487664
ssp585,11310332.137221523
historical_percentage_change_cf_historical,0.0
ssp126_percentage_change_cf_historical,0.49984769195772033
ssp370_percentage_change_cf_historical,0.6927876407719857
ssp585_percentage_change_cf_historical,0.9379087548184157
