Key,Value
historical,5463343.518952149
ssp126,5505279.621588463
ssp370,5516829.038879855
ssp585,5538546.655032951
historical_percentage_change_cf_historical,0.0
ssp126_percentage_change_cf_historical,0.7675904414730488
ssp370_percentage_change_cf_historical,0.9789887775162999
ssp585_percentage_change_cf_historical,1.3765038903361166
