Key,Value
historical,5532524.173637088
ssp126,5574267.818956146
ssp370,5576520.57119696
ssp585,5601815.7610227205
historical_percentage_change_cf_historical,0.0
ssp126_percentage_change_cf_historical,0.7545135639527681
ssp370_percentage_change_cf_historical,0.7952319082403323
ssp585_percentage_change_cf_historical,1.252440752375054
