Key,Value
historical,5736682.549839377
ssp126,5809650.761793328
ssp370,5811243.5592158735
ssp585,5829192.821788192
historical_percentage_change_cf_historical,0.0
ssp126_percentage_change_cf_historical,1.2719583368961926
ssp370_percentage_change_cf_historical,1.2997234678531013
ssp585_percentage_change_cf_historical,1.6126092239739604
