Key,Value
historical,11240672.74958823
ssp126,11305118.468528047
ssp370,11313590.68539115
ssp585,11301666.695903854
historical_percentage_change_cf_historical,0.0
ssp126_percentage_change_cf_historical,0.573326173401653
ssp370_percentage_change_cf_historical,0.6486972570711208
ssp585_percentage_change_cf_historical,0.5426182905098643
