Key,Value
historical,11290610.8301301
ssp126,11325394.942303736
ssp370,11345573.605213095
ssp585,11343372.294218777
historical_percentage_change_cf_historical,0.0
ssp126_percentage_change_cf_historical,0.3080799851927471
ssp370_percentage_change_cf_historical,0.4868007223871423
ssp585_percentage_change_cf_historical,0.46730389420453117
