Key,Value
historical,11332554.843950901
ssp126,11418219.257830933
ssp370,11450000.850864561
ssp585,11438286.156253673
historical_percentage_change_cf_historical,0.0
ssp126_percentage_change_cf_historical,0.7559143993532716
ssp370_percentage_change_cf_historical,1.0363594840783013
ssp585_percentage_change_cf_historical,0.9329874309781901
