Key,Value
historical,4858685.197633701
ssp126,4872635.770091607
ssp370,4873417.565730977
ssp585,4885811.218853799
historical_percentage_change_cf_historical,0.0
ssp126_percentage_change_cf_historical,0.28712649390621414
ssp370_percentage_change_cf_historical,0.30321717703485956
ssp585_percentage_change_cf_historical,0.5582996246249573
