Key,Value
historical,5768332.968764847
ssp126,5820395.767683594
ssp370,5828974.606132038
ssp585,5864934.956307687
historical_percentage_change_cf_historical,0.0
ssp126_percentage_change_cf_historical,0.902562303540089
ssp370_percentage_change_cf_historical,1.0512853140684038
ssp585_percentage_change_cf_historical,1.6746950646908436
