Key,Value
historical,11299245.620496541
ssp126,11345726.836716972
ssp370,11376730.195437847
ssp585,11342775.671752261
historical_percentage_change_cf_historical,0.0
ssp126_percentage_change_cf_historical,0.4113656591030758
ssp370_percentage_change_cf_historical,0.6857499831736591
ssp585_percentage_change_cf_historical,0.3852474113560054
