Key,Value
historical,11236438.597949212
ssp126,11270241.158304244
ssp370,11278471.70628194
ssp585,11276148.111080347
historical_percentage_change_cf_historical,0.0
ssp126_percentage_change_cf_historical,0.30082984088215675
ssp370_percentage_change_cf_historical,0.37407856560884567
ssp585_percentage_change_cf_historical,0.35339945824455166
