Key,Value
historical,11529870.233712032
ssp126,11549033.90239666
ssp370,11591917.905717168
ssp585,11589813.934463814
historical_percentage_change_cf_historical,0.0
ssp126_percentage_change_cf_historical,0.1662088843688411
ssp370_percentage_change_cf_historical,0.5381471842043393
ssp585_percentage_change_cf_historical,0.5198991795806417
