Key,Value
historical,11433990.87855896
ssp126,11545501.339761801
ssp370,11577100.480540404
ssp585,11603083.63897788
historical_percentage_change_cf_historical,0.0
ssp126_percentage_change_cf_historical,0.9752540682181745
ssp370_percentage_change_cf_historical,1.251615498922635
ssp585_percentage_change_cf_historical,1.4788603753043295
