Key,Value
historical,11247721.19602929
ssp126,11347481.659123003
ssp370,11351983.611332744
ssp585,11349614.030724745
historical_percentage_change_cf_historical,0.0
ssp126_percentage_change_cf_historical,0.886939330687986
ssp370_percentage_change_cf_historical,0.926964791234876
ssp585_percentage_change_cf_historical,0.9058975851163988
