Key,Value
historical,11209239.099603225
ssp126,11236480.488773536
ssp370,11240554.33879691
ssp585,11237692.432191748
historical_percentage_change_cf_historical,0.0
ssp126_percentage_change_cf_historical,0.24302621193329402
ssp370_percentage_change_cf_historical,0.27936989224178316
ssp585_percentage_change_cf_historical,0.2538382162758112
