Key,Value
historical,11545467.509738926
ssp126,11626556.18065385
ssp370,11651178.249236692
ssp585,11645348.87246846
historical_percentage_change_cf_historical,0.0
ssp126_percentage_change_cf_historical,0.7023420302947733
ssp370_percentage_change_cf_historical,0.915603802172549
ssp585_percentage_change_cf_historical,0.8651131939462977
