Key,Value
historical,11224557.659507805
ssp126,11296350.861172065
ssp370,11346888.933998615
ssp585,11342815.224628784
historical_percentage_change_cf_historical,0.0
ssp126_percentage_change_cf_historical,0.6396082931913752
ssp370_percentage_change_cf_historical,1.0898538561756854
ssp585_percentage_change_cf_historical,1.0535610284901318
