Key,Value
historical,11290570.588764153
ssp126,11342166.96452445
ssp370,11365967.069283426
ssp585,11356936.826678153
historical_percentage_change_cf_historical,0.0
ssp126_percentage_change_cf_historical,0.4569864326577317
ssp370_percentage_change_cf_historical,0.6677827300801205
ssp585_percentage_change_cf_historical,0.5878023381745142
