Key,Value
historical,5844864.1385563975
ssp126,5854623.542099139
ssp370,5883692.415446716
ssp585,5890305.457067137
historical_percentage_change_cf_historical,0.0
ssp126_percentage_change_cf_historical,0.1669740016429474
ssp370_percentage_change_cf_historical,0.6643144471773624
ssp585_percentage_change_cf_historical,0.7774572245568487
