Key,Value
historical,8266294.89003835
ssp126,8321330.282431144
ssp370,8352699.160876032
ssp585,8345459.462130616
historical_percentage_change_cf_historical,0.0
ssp126_percentage_change_cf_historical,0.6657806565686079
ssp370_percentage_change_cf_historical,1.04525996213621
ssp585_percentage_change_cf_historical,0.9576790224078189
