Key,Value
historical,11329782.1870124
ssp126,11422406.358843254
ssp370,11433671.494757853
ssp585,11442712.532417273
historical_percentage_change_cf_historical,0.0
ssp126_percentage_change_cf_historical,0.8175282657863514
ssp370_percentage_change_cf_historical,0.9169576787146339
ssp585_percentage_change_cf_historical,0.9967565443078634
