Key,Value
historical,11324561.27142181
ssp126,11396142.683705226
ssp370,11389801.93479183
ssp585,11391664.729596525
historical_percentage_change_cf_historical,0.0
ssp126_percentage_change_cf_historical,0.6320899376831033
ssp370_percentage_change_cf_historical,0.5760988157188697
ssp585_percentage_change_cf_historical,0.5925479722031642
