Key,Value
historical,11351307.175747434
ssp126,11391965.585793093
ssp370,11412107.780316187
ssp585,11435480.208202662
historical_percentage_change_cf_historical,0.0
ssp126_percentage_change_cf_historical,0.3581826252797356
ssp370_percentage_change_cf_historical,0.5356264580581217
ssp585_percentage_change_cf_historical,0.741527219306228
