Key,Value
historical,11333461.118266601
ssp126,11373022.547784537
ssp370,11361453.20606894
ssp585,11367498.43524339
historical_percentage_change_cf_historical,0.0
ssp126_percentage_change_cf_historical,0.3490675011376109
ssp370_percentage_change_cf_historical,0.24698622521608476
ssp585_percentage_change_cf_historical,0.30032588122555126
