Key,Value
historical,11267472.416353557
ssp126,11321188.224557232
ssp370,11334061.32788719
ssp585,11320535.47427043
historical_percentage_change_cf_historical,0.0
ssp126_percentage_change_cf_historical,0.4767334342501871
ssp370_percentage_change_cf_historical,0.5909835770885618
ssp585_percentage_change_cf_historical,0.47094020696120564
