Key,Value
historical,11326733.950809691
ssp126,11456529.681016576
ssp370,11448267.226169694
ssp585,11548332.754692033
historical_percentage_change_cf_historical,0.0
ssp126_percentage_change_cf_historical,1.1459237126127253
ssp370_percentage_change_cf_historical,1.0729772226292587
ssp585_percentage_change_cf_historical,1.9564227856389338
