Key,Value
historical,10955647.381752566
ssp126,11014297.892491762
ssp370,10998286.995162217
ssp585,11012610.937571581
historical_percentage_change_cf_historical,0.0
ssp126_percentage_change_cf_historical,0.5353450024038089
ssp370_percentage_change_cf_historical,0.38920213405800963
ssp585_percentage_change_cf_historical,0.5199469628229632
