Key,Value
historical,11286208.900061764
ssp126,11343591.623909071
ssp370,11353864.8804471
ssp585,11361730.955097955
historical_percentage_change_cf_historical,0.0
ssp126_percentage_change_cf_historical,0.5084322322528801
ssp370_percentage_change_cf_historical,0.5994570983438626
ssp585_percentage_change_cf_historical,0.6691534394315314
