Key,Value
historical,11321924.187977007
ssp126,11382883.510577131
ssp370,11421004.039581543
ssp585,11470286.913260406
historical_percentage_change_cf_historical,0.0
ssp126_percentage_change_cf_historical,0.5384183959194712
ssp370_percentage_change_cf_historical,0.8751149536025968
ssp585_percentage_change_cf_historical,1.3104020378527952
