Key,Value
historical,11307227.517895697
ssp126,11308564.193228368
ssp370,11311644.575657643
ssp585,11306975.403888945
historical_percentage_change_cf_historical,0.0
ssp126_percentage_change_cf_historical,0.011821424222299455
ssp370_percentage_change_cf_historical,0.03906402126388554
ssp585_percentage_change_cf_historical,-0.0022296712996455856
