Key,Value
historical,11320897.63963467
ssp126,11358223.194539318
ssp370,11358394.338857433
ssp585,11370888.267731696
historical_percentage_change_cf_historical,0.0
ssp126_percentage_change_cf_historical,0.3297049058545474
ssp370_percentage_change_cf_historical,0.3312166615788973
ssp585_percentage_change_cf_historical,0.4415783066707322
