Key,Value
historical,11518510.702835431
ssp126,11635945.911800293
ssp370,11704151.160866939
ssp585,11685071.159783296
historical_percentage_change_cf_historical,0.0
ssp126_percentage_change_cf_historical,1.0195346602920958
ssp370_percentage_change_cf_historical,1.6116706649047032
ssp585_percentage_change_cf_historical,1.4460242408496782
