Key,Value
historical,11041414.855192482
ssp126,11124538.1387105
ssp370,11185069.476035874
ssp585,11143859.817232223
historical_percentage_change_cf_historical,0.0
ssp126_percentage_change_cf_historical,0.7528318119387348
ssp370_percentage_change_cf_historical,1.3010526524672237
ssp585_percentage_change_cf_historical,0.9278245893601547
