Key,Value
historical,11346502.334305983
ssp126,11393631.357516136
ssp370,11419020.034415267
ssp585,11421660.07642392
historical_percentage_change_cf_historical,0.0
ssp126_percentage_change_cf_historical,0.41536168434618903
ssp370_percentage_change_cf_historical,0.6391194217624948
ssp585_percentage_change_cf_historical,0.6623868739770081
