Key,Value
historical,5747729.879102126
ssp126,5890451.59956795
ssp370,5914595.286871087
ssp585,5892800.521997333
historical_percentage_change_cf_historical,0.0
ssp126_percentage_change_cf_historical,2.4830972134709834
ssp370_percentage_change_cf_historical,2.903153267095212
ssp585_percentage_change_cf_historical,2.523964172753867
