Key,Value
historical,11551916.951180793
ssp126,11685774.574302033
ssp370,11764111.697488507
ssp585,11792696.294562075
historical_percentage_change_cf_historical,0.0
ssp126_percentage_change_cf_historical,1.158748142727574
ssp370_percentage_change_cf_historical,1.8368790842633627
ssp585_percentage_change_cf_historical,2.0843237048780066
