Key,Value
historical,11295753.606399171
ssp126,11361494.17550673
ssp370,11375413.307371367
ssp585,11347658.490893897
historical_percentage_change_cf_historical,0.0
ssp126_percentage_change_cf_historical,0.5819936535293742
ssp370_percentage_change_cf_historical,0.7052181177807172
ssp585_percentage_change_cf_historical,0.4595079381451886
