Key,Value
historical,11578840.949758163
ssp126,11644957.844023703
ssp370,11649682.026637452
ssp585,11700019.376900475
historical_percentage_change_cf_historical,0.0
ssp126_percentage_change_cf_historical,0.5710147894113777
ssp370_percentage_change_cf_historical,0.6118149233302026
ssp585_percentage_change_cf_historical,1.0465505802188577
