Key,Value
historical,5808281.577614076
ssp126,5868236.017804593
ssp370,5871945.251948595
ssp585,5859724.063270405
historical_percentage_change_cf_historical,0.0
ssp126_percentage_change_cf_historical,1.0322233760427377
ssp370_percentage_change_cf_historical,1.096084504234217
ssp585_percentage_change_cf_historical,0.885674789848257
