Key,Value
historical,11000944.601384236
ssp126,10966863.328935388
ssp370,11024982.292091314
ssp585,10986165.569689367
historical_percentage_change_cf_historical,0.0
ssp126_percentage_change_cf_historical,-0.3098031458549356
ssp370_percentage_change_cf_historical,0.21850569726579272
ssp585_percentage_change_cf_historical,-0.1343432971474918
