Key,Value
historical,11324683.386082403
ssp126,11354509.847175341
ssp370,11370814.220381048
ssp585,11351774.199397862
historical_percentage_change_cf_historical,0.0
ssp126_percentage_change_cf_historical,0.26337567308586574
ssp370_percentage_change_cf_historical,0.4073476734487537
ssp585_percentage_change_cf_historical,0.23921916747581795
