Key,Value
historical,4555604.306115933
ssp126,4602358.4485403355
ssp370,4615887.516252944
ssp585,4589995.618935943
historical_percentage_change_cf_historical,0.0
ssp126_percentage_change_cf_historical,1.0262994606804408
ssp370_percentage_change_cf_historical,1.3232758177895483
ssp585_percentage_change_cf_historical,0.7549231783330983
