Key,Value
historical,10995051.055906877
ssp126,11095081.484171877
ssp370,11118608.882001929
ssp585,11077707.791454801
historical_percentage_change_cf_historical,0.0
ssp126_percentage_change_cf_historical,0.9097768419298096
ssp370_percentage_change_cf_historical,1.1237585479757553
ssp585_percentage_change_cf_historical,0.7517630898450325
