Key,Value
historical,11053687.029581662
ssp126,11102901.998350969
ssp370,11061024.76898123
ssp585,11107647.23825121
historical_percentage_change_cf_historical,0.0
ssp126_percentage_change_cf_historical,0.44523577189763175
ssp370_percentage_change_cf_historical,0.06638273166166303
ssp585_percentage_change_cf_historical,0.48816479537678004
