Key,Value
historical,8202207.374576472
ssp126,8287885.273242004
ssp370,8319314.950525754
ssp585,8306166.562176707
historical_percentage_change_cf_historical,0.0
ssp126_percentage_change_cf_historical,1.0445712325086942
ssp370_percentage_change_cf_historical,1.4277568293660625
ssp585_percentage_change_cf_historical,1.26745378228874
