Key,Value
historical,10899298.018440686
ssp126,11015022.194610083
ssp370,10967050.102285516
ssp585,11020843.162974756
historical_percentage_change_cf_historical,0.0
ssp126_percentage_change_cf_historical,1.0617580689472095
ssp370_percentage_change_cf_historical,0.6216187843492175
ssp585_percentage_change_cf_historical,1.1151648879443978
