Key,Value
historical,11358701.854715839
ssp126,11396602.445907058
ssp370,11442890.38970928
ssp585,11436208.581384607
historical_percentage_change_cf_historical,0.0
ssp126_percentage_change_cf_historical,0.33367009431173533
ssp370_percentage_change_cf_historical,0.7411809559777192
ssp585_percentage_change_cf_historical,0.6823554985430738
