Key,Value
historical,11535263.079664335
ssp126,11627283.039192446
ssp370,11619312.661865655
ssp585,11629378.841759935
historical_percentage_change_cf_historical,0.0
ssp126_percentage_change_cf_historical,0.7977274457687412
ssp370_percentage_change_cf_historical,0.7286316889425156
ssp585_percentage_change_cf_historical,0.8158961043681636
