Key,Value
historical,11197220.443668019
ssp126,11289486.841545403
ssp370,11313242.860659383
ssp585,11302767.637757227
historical_percentage_change_cf_historical,0.0
ssp126_percentage_change_cf_historical,0.8240116227198174
ssp370_percentage_change_cf_historical,1.0361715889676388
ssp585_percentage_change_cf_historical,0.942619595820267
