Key,Value
historical,11226342.32071815
ssp126,11323825.711670168
ssp370,11332041.420074593
ssp585,11336873.79231295
historical_percentage_change_cf_historical,0.0
ssp126_percentage_change_cf_historical,0.8683450777383843
ssp370_percentage_change_cf_historical,0.941527492542033
ssp585_percentage_change_cf_historical,0.9845724318490994
