Key,Value
historical,11289946.10950146
ssp126,11313077.538138233
ssp370,11338973.382925924
ssp585,11332122.645865778
historical_percentage_change_cf_historical,0.0
ssp126_percentage_change_cf_historical,0.20488519973807023
ssp370_percentage_change_cf_historical,0.4342560447051442
ssp585_percentage_change_cf_historical,0.3735760645378259
