Key,Value
historical,9502826.114401424
ssp126,9591526.236518484
ssp370,9596627.958114156
ssp585,9552488.829348281
historical_percentage_change_cf_historical,0.0
ssp126_percentage_change_cf_historical,0.9334078204654853
ssp370_percentage_change_cf_historical,0.9870941821252162
ssp585_percentage_change_cf_historical,0.5226099514921508
