Key,Value
historical,11003606.734235048
ssp126,11091454.05471746
ssp370,11082287.224876117
ssp585,11073006.919393227
historical_percentage_change_cf_historical,0.0
ssp126_percentage_change_cf_historical,0.7983502373735037
ssp370_percentage_change_cf_historical,0.7150427359083402
ssp585_percentage_change_cf_historical,0.6307039758359994
