Key,Value
historical,5841505.868457302
ssp126,5867204.11902345
ssp370,5835758.791566998
ssp585,5847032.154905006
historical_percentage_change_cf_historical,0.0
ssp126_percentage_change_cf_historical,0.43992510056202305
ssp370_percentage_change_cf_historical,-0.09838348226845904
ssp585_percentage_change_cf_historical,0.09460379861200566
