Key,Value
historical,11326801.533554485
ssp126,11387110.602160595
ssp370,11379063.716742892
ssp585,11382214.167841304
historical_percentage_change_cf_historical,0.0
ssp126_percentage_change_cf_historical,0.5324457078854156
ssp370_percentage_change_cf_historical,0.46140283321452574
ssp585_percentage_change_cf_historical,0.4892169614049014
