Key,Value
historical,11263441.932871979
ssp126,11298470.663714418
ssp370,11294072.952126242
ssp585,11305909.304500744
historical_percentage_change_cf_historical,0.0
ssp126_percentage_change_cf_historical,0.3109949076952159
ssp370_percentage_change_cf_historical,0.2719507894373556
ssp585_percentage_change_cf_historical,0.37703724919844805
