Key,Value
historical,11426091.497357054
ssp126,11560896.059766136
ssp370,11569107.117372788
ssp585,11561150.802871887
historical_percentage_change_cf_historical,0.0
ssp126_percentage_change_cf_historical,1.1797959296953275
ssp370_percentage_change_cf_historical,1.2516582774504779
ssp585_percentage_change_cf_historical,1.1820254156556793
