Key,Value
historical,5753627.606968651
ssp126,5896128.802193587
ssp370,5920916.4131823
ssp585,5922233.920688935
historical_percentage_change_cf_historical,0.0
ssp126_percentage_change_cf_historical,2.4767191232943584
ssp370_percentage_change_cf_historical,2.9075362126501365
ssp585_percentage_change_cf_historical,2.9304349401423244
