Key,Value
historical,5505907.162204772
ssp126,5571345.790532788
ssp370,5593621.943308942
ssp585,5618594.8005307205
historical_percentage_change_cf_historical,0.0
ssp126_percentage_change_cf_historical,1.1885167402970147
ssp370_percentage_change_cf_historical,1.5931031621144423
ssp585_percentage_change_cf_historical,2.046667969621629
