Key,Value
historical,11498960.369291196
ssp126,11580309.872077242
ssp370,11603875.03223576
ssp585,11638138.30792357
historical_percentage_change_cf_historical,0.0
ssp126_percentage_change_cf_historical,0.7074509362019858
ssp370_percentage_change_cf_historical,0.9123838988500802
ssp585_percentage_change_cf_historical,1.2103523637150657
