Key,Value
historical,11293855.372848941
ssp126,11325279.960269658
ssp370,11338728.969725076
ssp585,11367385.369254112
historical_percentage_change_cf_historical,0.0
ssp126_percentage_change_cf_historical,0.2782449959140025
ssp370_percentage_change_cf_historical,0.3973275324918161
ssp585_percentage_change_cf_historical,0.6510619622590657
