Key,Value
historical,8411855.981292345
ssp126,8516068.397915287
ssp370,8544537.216340369
ssp585,8564669.652653512
historical_percentage_change_cf_historical,0.0
ssp126_percentage_change_cf_historical,1.238875426002381
ssp370_percentage_change_cf_historical,1.577312252410195
ssp585_percentage_change_cf_historical,1.8166463108857178
