Key,Value
historical,8170670.688915368
ssp126,8190083.863858296
ssp370,8224112.748889647
ssp585,8217412.170783035
historical_percentage_change_cf_historical,0.0
ssp126_percentage_change_cf_historical,0.23759585573879582
ssp370_percentage_change_cf_historical,0.6540718872292909
ssp585_percentage_change_cf_historical,0.5720641994674746
