Key,Value
historical,11229329.821565408
ssp126,11289171.547216147
ssp370,11311723.006814439
ssp585,11303099.460961606
historical_percentage_change_cf_historical,0.0
ssp126_percentage_change_cf_historical,0.5329055838738984
ssp370_percentage_change_cf_historical,0.7337319907622474
ssp585_percentage_change_cf_historical,0.6569371509110625
