Key,Value
historical,11295101.400648924
ssp126,11361046.756355656
ssp370,11371035.617995875
ssp585,11384288.443798166
historical_percentage_change_cf_historical,0.0
ssp126_percentage_change_cf_historical,0.5838403159704617
ssp370_percentage_change_cf_historical,0.6722756587434338
ssp585_percentage_change_cf_historical,0.7896081671663278
