Key,Value
historical,5822220.531393512
ssp126,5869952.916670218
ssp370,5903477.23125229
ssp585,5853092.334174573
historical_percentage_change_cf_historical,0.0
ssp126_percentage_change_cf_historical,0.8198312829157213
ssp370_percentage_change_cf_historical,1.3956307463903272
ssp585_percentage_change_cf_historical,0.5302410414480178
