Key,Value
historical,5002834.071827804
ssp126,5043600.626806749
ssp370,5069575.796569462
ssp585,5095000.652321403
historical_percentage_change_cf_historical,0.0
ssp126_percentage_change_cf_historical,0.8148692199989571
ssp370_percentage_change_cf_historical,1.3340783200765614
ssp585_percentage_change_cf_historical,1.8422873749223863
