Key,Value
historical,4712127.766602216
ssp126,4772920.161115676
ssp370,4781862.52446641
ssp585,4777365.626015205
historical_percentage_change_cf_historical,0.0
ssp126_percentage_change_cf_historical,1.2901261919155382
ssp370_percentage_change_cf_historical,1.4798995553229188
ssp585_percentage_change_cf_historical,1.3844671164345326
