Key,Value
historical,11295803.288333783
ssp126,11358439.954206366
ssp370,11355977.414531086
ssp585,11366364.219738932
historical_percentage_change_cf_historical,0.0
ssp126_percentage_change_cf_historical,0.5545127183409242
ssp370_percentage_change_cf_historical,0.5327122353436349
ssp585_percentage_change_cf_historical,0.6246650158827055
