Key,Value
historical,11272608.352750018
ssp126,11312396.387445964
ssp370,11303865.17053991
ssp585,11316520.393198948
historical_percentage_change_cf_historical,0.0
ssp126_percentage_change_cf_historical,0.35296209582442517
ssp370_percentage_change_cf_historical,0.27728114746633997
ssp585_percentage_change_cf_historical,0.3895464037674787
