Key,Value
historical,11269601.655537628
ssp126,11304032.997325316
ssp370,11288371.603076346
ssp585,11276194.827241722
historical_percentage_change_cf_historical,0.0
ssp126_percentage_change_cf_historical,0.305524035721082
ssp370_percentage_change_cf_historical,0.16655377991550796
ssp585_percentage_change_cf_historical,0.058504035063698286
