Key,Value
historical,11300027.330964468
ssp126,11389262.667952886
ssp370,11399982.039331218
ssp585,11414914.905468646
historical_percentage_change_cf_historical,0.0
ssp126_percentage_change_cf_historical,0.7896913376828187
ssp370_percentage_change_cf_historical,0.8845528018578569
ssp585_percentage_change_cf_historical,1.0167017400866079
