Key,Value
historical,11346698.700199172
ssp126,11356837.614066057
ssp370,11360996.595424984
ssp585,11357199.381482014
historical_percentage_change_cf_historical,0.0
ssp126_percentage_change_cf_historical,0.08935562787709375
ssp370_percentage_change_cf_historical,0.12600929665613467
ssp585_percentage_change_cf_historical,0.09254393335268707
