Key,Value
historical,11283862.028577168
ssp126,11377603.943457464
ssp370,11392166.946482405
ssp585,11404899.837353485
historical_percentage_change_cf_historical,0.0
ssp126_percentage_change_cf_historical,0.8307609100757195
ssp370_percentage_change_cf_historical,0.959821359308965
ssp585_percentage_change_cf_historical,1.072662962997779
