Key,Value
historical,5771876.059908349
ssp126,5909609.080864189
ssp370,5865016.0286929365
ssp585,5894227.9547557365
historical_percentage_change_cf_historical,0.0
ssp126_percentage_change_cf_historical,2.386278213985544
ssp370_percentage_change_cf_historical,1.613686222951683
ssp585_percentage_change_cf_historical,2.1197942155627345
