Key,Value
historical,11344262.956789263
ssp126,11444161.710859194
ssp370,11434853.432872817
ssp585,11521449.77210955
historical_percentage_change_cf_historical,0.0
ssp126_percentage_change_cf_historical,0.880610353007948
ssp370_percentage_change_cf_historical,0.7985576183187657
ssp585_percentage_change_cf_historical,1.5619068069490134
