Key,Value
historical,11365273.193696762
ssp126,11438256.34665844
ssp370,11444883.110677835
ssp585,11482543.705547666
historical_percentage_change_cf_historical,0.0
ssp126_percentage_change_cf_historical,0.6421592487733214
ssp370_percentage_change_cf_historical,0.7004663735247927
ssp585_percentage_change_cf_historical,1.0318318781456437
