Key,Value
historical,5746760.391663931
ssp126,5788278.318907276
ssp370,5812422.205042899
ssp585,5787807.298395954
historical_percentage_change_cf_historical,0.0
ssp126_percentage_change_cf_historical,0.722457948717839
ssp370_percentage_change_cf_historical,1.1425883263588699
ssp585_percentage_change_cf_historical,0.7142616697846687
