Key,Value
historical,11265561.602007959
ssp126,11323328.522889374
ssp370,11312971.520488003
ssp585,11309328.609231813
historical_percentage_change_cf_historical,0.0
ssp126_percentage_change_cf_historical,0.512774444117535
ssp370_percentage_change_cf_historical,0.42083937006384087
ssp585_percentage_change_cf_historical,0.38850266653419985
