Key,Value
historical,11291229.433788437
ssp126,11349892.04552793
ssp370,11359723.856376743
ssp585,11357954.50276529
historical_percentage_change_cf_historical,0.0
ssp126_percentage_change_cf_historical,0.5195414023201682
ssp370_percentage_change_cf_historical,0.6066161615965346
ssp585_percentage_change_cf_historical,0.5909460025423062
