Key,Value
historical,11272397.533845216
ssp126,11351751.977330383
ssp370,11349435.1373179
ssp585,11347320.159977548
historical_percentage_change_cf_historical,0.0
ssp126_percentage_change_cf_historical,0.7039713002216811
ssp370_percentage_change_cf_historical,0.6834180860050335
ssp585_percentage_change_cf_historical,0.6646556414230216
