Key,Value
historical,10641188.821440585
ssp126,10708618.171400204
ssp370,10740501.267624145
ssp585,10770740.50743731
historical_percentage_change_cf_historical,0.0
ssp126_percentage_change_cf_historical,0.6336636920092813
ssp370_percentage_change_cf_historical,0.9332833751005245
ssp585_percentage_change_cf_historical,1.2174550059265448
