Key,Value
historical,11315739.481033586
ssp126,11422281.798425693
ssp370,11443385.083059411
ssp585,11454621.446957532
historical_percentage_change_cf_historical,0.0
ssp126_percentage_change_cf_historical,0.9415409180344215
ssp370_percentage_change_cf_historical,1.1280358852355472
ssp585_percentage_change_cf_historical,1.2273344234968266
