Key,Value
historical,5513314.531924495
ssp126,5551356.222546877
ssp370,5576690.261121883
ssp585,5583225.448520587
historical_percentage_change_cf_historical,0.0
ssp126_percentage_change_cf_historical,0.6899967415627174
ssp370_percentage_change_cf_historical,1.1495032403904295
ssp585_percentage_change_cf_historical,1.268037877963929
