Key,Value
historical,8268628.467649856
ssp126,8292110.458301481
ssp370,8336433.050007953
ssp585,8361816.014072447
historical_percentage_change_cf_historical,0.0
ssp126_percentage_change_cf_historical,0.2839889437951656
ssp370_percentage_change_cf_historical,0.8200221188238895
ssp585_percentage_change_cf_historical,1.1270012528338642
