Key,Value
historical,11173549.31257817
ssp126,11186261.708471367
ssp370,11188052.63947195
ssp585,11217721.254179686
historical_percentage_change_cf_historical,0.0
ssp126_percentage_change_cf_historical,0.11377222704773893
ssp370_percentage_change_cf_historical,0.12980053596267613
ssp585_percentage_change_cf_historical,0.39532596461351727
