Key,Value
historical,7963941.595064153
ssp126,8056093.067704707
ssp370,8039639.085662051
ssp585,8106467.623952895
historical_percentage_change_cf_historical,0.0
ssp126_percentage_change_cf_historical,1.1571088454198049
ssp370_percentage_change_cf_historical,0.9505028344860478
ssp585_percentage_change_cf_historical,1.789641814765146
