Key,Value
historical,11075559.564878924
ssp126,11127374.997809147
ssp370,11104430.396374466
ssp585,11117429.119124837
historical_percentage_change_cf_historical,0.0
ssp126_percentage_change_cf_historical,0.4678358021253627
ssp370_percentage_change_cf_historical,0.2606715383220251
ssp585_percentage_change_cf_historical,0.3780355656131683
