Key,Value
historical,10788710.549679248
ssp126,10853430.823840955
ssp370,10880152.066087637
ssp585,10878745.869249577
historical_percentage_change_cf_historical,0.0
ssp126_percentage_change_cf_historical,0.5998888733151875
ssp370_percentage_change_cf_historical,0.8475666854470206
ssp585_percentage_change_cf_historical,0.8345327196956435
