Key,Value
historical,11055352.949350802
ssp126,11096993.668873094
ssp370,11108882.841180677
ssp585,11091525.900329845
historical_percentage_change_cf_historical,0.0
ssp126_percentage_change_cf_historical,0.376656627002913
ssp370_percentage_change_cf_historical,0.48419884987044015
ssp585_percentage_change_cf_historical,0.3271985177204764
