Key,Value
historical,8208993.34712541
ssp126,8277545.794264946
ssp370,8300080.800936786
ssp585,8282774.717374877
historical_percentage_change_cf_historical,0.0
ssp126_percentage_change_cf_historical,0.835089568729416
ssp370_percentage_change_cf_historical,1.1096056478505123
ssp585_percentage_change_cf_historical,0.898787063523488
