Key,Value
historical,11285782.16364917
ssp126,11356082.260067273
ssp370,11343523.256528426
ssp585,11331933.074614218
historical_percentage_change_cf_historical,0.0
ssp126_percentage_change_cf_historical,0.6229085002591634
ssp370_percentage_change_cf_historical,0.5116268597247681
ssp585_percentage_change_cf_historical,0.4089296629674203
