Key,Value
historical,11293870.996000472
ssp126,11352839.868755449
ssp370,11349596.177376855
ssp585,11331858.648237282
historical_percentage_change_cf_historical,0.0
ssp126_percentage_change_cf_historical,0.5221316302962815
ssp370_percentage_change_cf_historical,0.49341081898418004
ssp585_percentage_change_cf_historical,0.3363563498313609
