Key,Value
historical,8158462.495496344
ssp126,8220920.791843785
ssp370,8230702.098599271
ssp585,8220838.8008893635
historical_percentage_change_cf_historical,0.0
ssp126_percentage_change_cf_historical,0.765564545794254
ssp370_percentage_change_cf_historical,0.8854560910564336
ssp585_percentage_change_cf_historical,0.7645595653280606
