Key,Value
historical,11586520.747852772
ssp126,11677604.189002842
ssp370,11707635.05077435
ssp585,11689341.262196533
historical_percentage_change_cf_historical,0.0
ssp126_percentage_change_cf_historical,0.7861155486814186
ssp370_percentage_change_cf_historical,1.0453034656156235
ssp585_percentage_change_cf_historical,0.8874149244743356
