Key,Value
historical,11399416.356449831
ssp126,11467804.15950552
ssp370,11484889.886499612
ssp585,11499769.345320284
historical_percentage_change_cf_historical,0.0
ssp126_percentage_change_cf_historical,0.5999237234368993
ssp370_percentage_change_cf_historical,0.7498061951340093
ssp585_percentage_change_cf_historical,0.8803344463655194
