Key,Value
historical,11021507.432012016
ssp126,11064431.605474591
ssp370,11166624.65200635
ssp585,11131123.75424863
historical_percentage_change_cf_historical,0.0
ssp126_percentage_change_cf_historical,0.38945828170384256
ssp370_percentage_change_cf_historical,1.3166730675410236
ssp585_percentage_change_cf_historical,0.9945674211336393
