Key,Value
historical,11409401.761366377
ssp126,11423232.363028701
ssp370,11443214.484842837
ssp585,11409587.457929377
historical_percentage_change_cf_historical,0.0
ssp126_percentage_change_cf_historical,0.12122109424840173
ssp370_percentage_change_cf_historical,0.2963584260040189
ssp585_percentage_change_cf_historical,0.0016275749323566696
