Key,Value
historical,11228309.790200522
ssp126,11355761.507088061
ssp370,11354461.021892061
ssp585,11420554.663900314
historical_percentage_change_cf_historical,0.0
ssp126_percentage_change_cf_historical,1.1350926298700132
ssp370_percentage_change_cf_historical,1.123510430765256
ssp585_percentage_change_cf_historical,1.7121443680470319
