Key,Value
historical,11513360.372922905
ssp126,11570355.974910092
ssp370,11583606.76594979
ssp585,11577650.508739546
historical_percentage_change_cf_historical,0.0
ssp126_percentage_change_cf_historical,0.4950388083155023
ssp370_percentage_change_cf_historical,0.6101293692855299
ssp585_percentage_change_cf_historical,0.5583959307643888
