Key,Value
historical,11228152.610786717
ssp126,11346437.245716756
ssp370,11392444.410523467
ssp585,11383168.425287414
historical_percentage_change_cf_historical,0.0
ssp126_percentage_change_cf_historical,1.0534647954143816
ssp370_percentage_change_cf_historical,1.4632130986438208
ssp585_percentage_change_cf_historical,1.3805994616761406
