Key,Value
historical,8728005.457453668
ssp126,8816588.29752987
ssp370,8814588.718769008
ssp585,8804676.29737173
historical_percentage_change_cf_historical,0.0
ssp126_percentage_change_cf_historical,1.0149264973311087
ssp370_percentage_change_cf_historical,0.9920165808489333
ssp585_percentage_change_cf_historical,0.8784462875488422
