Key,Value
historical,11356498.132307233
ssp126,11427344.56774312
ssp370,11448232.729351273
ssp585,11423976.40840935
historical_percentage_change_cf_historical,0.0
ssp126_percentage_change_cf_historical,0.6238405062062382
ssp370_percentage_change_cf_historical,0.8077718674832585
ssp585_percentage_change_cf_historical,0.594182073698868
