Key,Value
historical,11060988.916056916
ssp126,11174578.077178873
ssp370,11148834.912378557
ssp585,11154496.908071522
historical_percentage_change_cf_historical,0.0
ssp126_percentage_change_cf_historical,1.0269349511512749
ssp370_percentage_change_cf_historical,0.7941965857511838
ssp585_percentage_change_cf_historical,0.8453854598738699
