Key,Value
historical,8217279.302442464
ssp126,8286845.501408949
ssp370,8287791.079932789
ssp585,8239238.65225406
historical_percentage_change_cf_historical,0.0
ssp126_percentage_change_cf_historical,0.8465843304828035
ssp370_percentage_change_cf_historical,0.8580915275615214
ssp585_percentage_change_cf_historical,0.26723382525246253
