Key,Value
historical,11316506.071315434
ssp126,11394245.09214304
ssp370,11453477.046333857
ssp585,11422352.03183188
historical_percentage_change_cf_historical,0.0
ssp126_percentage_change_cf_historical,0.6869524952110057
ssp370_percentage_change_cf_historical,1.2103645255456617
ssp585_percentage_change_cf_historical,0.9353236754296352
