Key,Value
historical,9536209.334631005
ssp126,9636513.105352456
ssp370,9639900.380814541
ssp585,9640584.720044687
historical_percentage_change_cf_historical,0.0
ssp126_percentage_change_cf_historical,1.0518201436412953
ssp370_percentage_change_cf_historical,1.0873402894688875
ssp585_percentage_change_cf_historical,1.0945165080913233
