Key,Value
historical,11071394.981962768
ssp126,11093016.391961364
ssp370,11109008.331560047
ssp585,11106346.452250857
historical_percentage_change_cf_historical,0.0
ssp126_percentage_change_cf_historical,0.19529074731613097
ssp370_percentage_change_cf_historical,0.33973451094968327
ssp585_percentage_change_cf_historical,0.3156916571491721
