Key,Value
historical,11539118.522998542
ssp126,11633881.786884494
ssp370,11670074.761756696
ssp585,11703050.129187651
historical_percentage_change_cf_historical,0.0
ssp126_percentage_change_cf_historical,0.8212348603325332
ssp370_percentage_change_cf_historical,1.13488945015294
ssp585_percentage_change_cf_historical,1.4206596965130254
