Key,Value
historical,11501900.474413175
ssp126,11605235.573392145
ssp370,11632511.37359167
ssp585,11646494.624843426
historical_percentage_change_cf_historical,0.0
ssp126_percentage_change_cf_historical,0.8984176068019954
ssp370_percentage_change_cf_historical,1.1355592883893335
ssp585_percentage_change_cf_historical,1.257132686480041
