Key,Value
historical,5457397.691473758
ssp126,5502713.239248586
ssp370,5515619.954248926
ssp585,5498188.159447968
historical_percentage_change_cf_historical,0.0
ssp126_percentage_change_cf_historical,0.8303508436928788
ssp370_percentage_change_cf_historical,1.0668502840855827
ssp585_percentage_change_cf_historical,0.747434405191658
