Key,Value
historical,11475310.370548826
ssp126,11503835.51387881
ssp370,11527961.97546516
ssp585,11510717.756496321
historical_percentage_change_cf_historical,0.0
ssp126_percentage_change_cf_historical,0.24857840362377334
ssp370_percentage_change_cf_historical,0.45882510551926803
ssp585_percentage_change_cf_historical,0.30855275198802556
