Key,Value
historical,5753808.371118214
ssp126,5813529.170403741
ssp370,5808447.188075418
ssp585,5803627.238357985
historical_percentage_change_cf_historical,0.0
ssp126_percentage_change_cf_historical,1.0379351454473444
ssp370_percentage_change_cf_historical,0.9496113431839056
ssp585_percentage_change_cf_historical,0.8658416135275191
