Key,Value
historical,5526207.58878517
ssp126,5580589.056439856
ssp370,5601714.942949381
ssp585,5600202.32132502
historical_percentage_change_cf_historical,0.0
ssp126_percentage_change_cf_historical,0.9840648723556391
ssp370_percentage_change_cf_historical,1.366350303550756
ssp585_percentage_change_cf_historical,1.338978519193062
