Key,Value
historical,5543232.464800531
ssp126,5624363.034178132
ssp370,5655826.471222157
ssp585,5686766.542757951
historical_percentage_change_cf_historical,0.0
ssp126_percentage_change_cf_historical,1.463596735168143
ssp370_percentage_change_cf_historical,2.0311976294805674
ssp585_percentage_change_cf_historical,2.5893570018731777
