Key,Value
historical,11288071.762872858
ssp126,11359658.16519333
ssp370,11389346.93819875
ssp585,11376672.170859993
historical_percentage_change_cf_historical,0.0
ssp126_percentage_change_cf_historical,0.6341774204158099
ssp370_percentage_change_cf_historical,0.8971875573912719
ssp585_percentage_change_cf_historical,0.7849029475392473
