Key,Value
historical,11281245.303442221
ssp126,11345934.06929358
ssp370,11348850.963696979
ssp585,11345439.380880693
historical_percentage_change_cf_historical,0.0
ssp126_percentage_change_cf_historical,0.5734186617821315
ssp370_percentage_change_cf_historical,0.5992748002220064
ssp585_percentage_change_cf_historical,0.5690336103132554
