Key,Value
historical,5782611.252322085
ssp126,5848284.394848545
ssp370,5824580.747025559
ssp585,5844672.9677667525
historical_percentage_change_cf_historical,0.0
ssp126_percentage_change_cf_historical,1.1357004588556416
ssp370_percentage_change_cf_historical,0.725787933377332
ssp585_percentage_change_cf_historical,1.073247236181501
