Key,Value
historical,5785780.666528783
ssp126,5852308.017424071
ssp370,5859538.981390696
ssp585,5824567.100220703
historical_percentage_change_cf_historical,0.0
ssp126_percentage_change_cf_historical,1.1498422551714516
ssp370_percentage_change_cf_historical,1.2748204453827836
ssp585_percentage_change_cf_historical,0.6703751131857191
