Key,Value
historical,11310823.015402537
ssp126,11408382.329800993
ssp370,11408963.76901054
ssp585,11358939.571585782
historical_percentage_change_cf_historical,0.0
ssp126_percentage_change_cf_historical,0.8625306422495054
ssp370_percentage_change_cf_historical,0.8676711984119978
ssp585_percentage_change_cf_historical,0.42540278561270223
