Key,Value
historical,11511200.11162304
ssp126,11596039.785600651
ssp370,11622878.39135011
ssp585,11612136.656517835
historical_percentage_change_cf_historical,0.0
ssp126_percentage_change_cf_historical,0.7370184963768256
ssp370_percentage_change_cf_historical,0.9701706046644637
ssp585_percentage_change_cf_historical,0.8768550969145141
