Key,Value
historical,9201074.951049972
ssp126,9282553.673397077
ssp370,9282426.84534407
ssp585,9247813.735889833
historical_percentage_change_cf_historical,0.0
ssp126_percentage_change_cf_historical,0.885534818274761
ssp370_percentage_change_cf_historical,0.8841564135374705
ssp585_percentage_change_cf_historical,0.5079709174038143
