Key,Value
historical,11277151.816682095
ssp126,11319124.192019822
ssp370,11326279.929578945
ssp585,11321524.798037916
historical_percentage_change_cf_historical,0.0
ssp126_percentage_change_cf_historical,0.37218950334284195
ssp370_percentage_change_cf_historical,0.4356429149439663
ssp585_percentage_change_cf_historical,0.3934768466110524
