Key,Value
historical,5527584.938076502
ssp126,5542495.038512834
ssp370,5565313.304379774
ssp585,5560836.608439706
historical_percentage_change_cf_historical,0.0
ssp126_percentage_change_cf_historical,0.26973987018499035
ssp370_percentage_change_cf_historical,0.6825470205511003
ssp585_percentage_change_cf_historical,0.6015587410362894
