Key,Value
historical,11263407.614681296
ssp126,11424677.931986915
ssp370,11446082.544814367
ssp585,11500144.24623476
historical_percentage_change_cf_historical,0.0
ssp126_percentage_change_cf_historical,1.4318075206246732
ssp370_percentage_change_cf_historical,1.6218442622547287
ssp585_percentage_change_cf_historical,2.1018206891925773
