Key,Value
historical,11114669.783421867
ssp126,11132187.527414665
ssp370,11176013.187820867
ssp585,11180349.94951842
historical_percentage_change_cf_historical,0.0
ssp126_percentage_change_cf_historical,0.1576092167751731
ssp370_percentage_change_cf_historical,0.5519138723356147
ssp585_percentage_change_cf_historical,0.5909322307939255
