Key,Value
historical,10979882.846696261
ssp126,11012749.030988477
ssp370,11035703.251884803
ssp585,11057216.901007017
historical_percentage_change_cf_historical,0.0
ssp126_percentage_change_cf_historical,0.29933091956536645
ssp370_percentage_change_cf_historical,0.5083879852628634
ssp585_percentage_change_cf_historical,0.7043249494599559
