Key,Value
historical,5753664.731392599
ssp126,5779427.266252892
ssp370,5798938.007778349
ssp585,5822911.196984733
historical_percentage_change_cf_historical,0.0
ssp126_percentage_change_cf_historical,0.44775870793670486
ssp370_percentage_change_cf_historical,0.7868598275936183
ssp585_percentage_change_cf_historical,1.2035193016082213
