Key,Value
historical,5786454.667837765
ssp126,5805551.056048971
ssp370,5834588.925366828
ssp585,5858601.605405929
historical_percentage_change_cf_historical,0.0
ssp126_percentage_change_cf_historical,0.33001879920267974
ssp370_percentage_change_cf_historical,0.8318436813581669
ssp585_percentage_change_cf_historical,1.2468245533689244
