Key,Value
historical,7968051.204595604
ssp126,8005142.682576503
ssp370,7972348.02344401
ssp585,7999061.158447362
historical_percentage_change_cf_historical,0.0
ssp126_percentage_change_cf_historical,0.46550250529898757
ssp370_percentage_change_cf_historical,0.05392559282158927
ssp585_percentage_change_cf_historical,0.389178646767135
