Key,Value
historical,11579216.252301287
ssp126,11671695.058844242
ssp370,11655873.951773057
ssp585,11727857.135759557
historical_percentage_change_cf_historical,0.0
ssp126_percentage_change_cf_historical,0.7986620555996252
ssp370_percentage_change_cf_historical,0.6620283946811572
ssp585_percentage_change_cf_historical,1.2836869112685276
