Key,Value
historical,11090003.663484253
ssp126,11117868.276660211
ssp370,11154543.714974968
ssp585,11119580.692289902
historical_percentage_change_cf_historical,0.0
ssp126_percentage_change_cf_historical,0.251258827512451
ssp370_percentage_change_cf_historical,0.5819660069475361
ssp585_percentage_change_cf_historical,0.2666999011284042
