Key,Value
historical,5753651.085862312
ssp126,5804971.612016751
ssp370,5825128.122515366
ssp585,5840846.234288999
historical_percentage_change_cf_historical,0.0
ssp126_percentage_change_cf_historical,0.8919645176354727
ssp370_percentage_change_cf_historical,1.2422900795754885
ssp585_percentage_change_cf_historical,1.5154750805265285
