Key,Value
historical,5518497.1012681145
ssp126,5547851.030380562
ssp370,5543870.746813955
ssp585,5557419.789308884
historical_percentage_change_cf_historical,0.0
ssp126_percentage_change_cf_historical,0.5319189006315159
ssp370_percentage_change_cf_historical,0.4597926768867844
ssp585_percentage_change_cf_historical,0.7053131917352187
