Key,Value
historical,5525245.791792259
ssp126,5582132.021799946
ssp370,5637719.070049502
ssp585,5629583.602886625
historical_percentage_change_cf_historical,0.0
ssp126_percentage_change_cf_historical,1.029569220109483
ssp370_percentage_change_cf_historical,2.035624884314145
ssp585_percentage_change_cf_historical,1.8883831602452803
