Key,Value
historical,11350168.477508567
ssp126,11473391.983336754
ssp370,11497215.000061251
ssp585,11542562.860462371
historical_percentage_change_cf_historical,0.0
ssp126_percentage_change_cf_historical,1.0856535396136708
ssp370_percentage_change_cf_historical,1.2955448445022693
ssp585_percentage_change_cf_historical,1.6950795341501024
