Key,Value
historical,11017939.702677272
ssp126,11106126.153571632
ssp370,11059014.458194356
ssp585,11122327.994420372
historical_percentage_change_cf_historical,0.0
ssp126_percentage_change_cf_historical,0.8003896669803964
ssp370_percentage_change_cf_historical,0.3727988773355087
ssp585_percentage_change_cf_historical,0.9474393086189623
