Key,Value
historical,9194627.366970036
ssp126,9266228.267376876
ssp370,9365195.182291143
ssp585,9307471.738929238
historical_percentage_change_cf_historical,0.0
ssp126_percentage_change_cf_historical,0.7787254181072313
ssp370_percentage_change_cf_historical,1.855081326447651
ssp585_percentage_change_cf_historical,1.2272859731605232
