Key,Value
historical,11337863.409145525
ssp126,11470665.002642691
ssp370,11578173.267487954
ssp585,11556282.831651978
historical_percentage_change_cf_historical,0.0
ssp126_percentage_change_cf_historical,1.1713105785878837
ssp370_percentage_change_cf_historical,2.1195338986760692
ssp585_percentage_change_cf_historical,1.9264601682382994
