Key,Value
historical,11393400.204543667
ssp126,11434472.17521451
ssp370,11430039.791629087
ssp585,11465506.082384452
historical_percentage_change_cf_historical,0.0
ssp126_percentage_change_cf_historical,0.3604891422532851
ssp370_percentage_change_cf_historical,0.3215860623486961
ssp585_percentage_change_cf_historical,0.6328740897912953
