Key,Value
historical,4546503.50864362
ssp126,4588989.727406529
ssp370,4606182.843706446
ssp585,4621811.23218196
historical_percentage_change_cf_historical,0.0
ssp126_percentage_change_cf_historical,0.934481160789518
ssp370_percentage_change_cf_historical,1.312642450387781
ssp585_percentage_change_cf_historical,1.6563876701110691
