Key,Value
historical,8672167.52730172
ssp126,8747061.58958061
ssp370,8726099.357565733
ssp585,8749196.699319916
historical_percentage_change_cf_historical,0.0
ssp126_percentage_change_cf_historical,0.8636141085041251
ssp370_percentage_change_cf_historical,0.6218956229134766
ssp585_percentage_change_cf_historical,0.8882343632741547
