Key,Value
historical,11267690.602496743
ssp126,11329819.377478931
ssp370,11325103.602656655
ssp585,11348087.431916976
historical_percentage_change_cf_historical,0.0
ssp126_percentage_change_cf_historical,0.5513887199602475
ssp370_percentage_change_cf_historical,0.5095365340186923
ssp585_percentage_change_cf_historical,0.7135164804970636
