Key,Value
historical,11315739.481033586
ssp126,11408001.395660436
ssp370,11398119.997577462
ssp585,11402424.830554422
historical_percentage_change_cf_historical,0.0
ssp126_percentage_change_cf_historical,0.8153414523327516
ssp370_percentage_change_cf_historical,0.7280170834787696
ssp585_percentage_change_cf_historical,0.7660599615794454
