Key,Value
historical,11040052.96205128
ssp126,11133056.988533612
ssp370,11171606.710627234
ssp585,11107648.126264019
historical_percentage_change_cf_historical,0.0
ssp126_percentage_change_cf_historical,0.8424237347594393
ssp370_percentage_change_cf_historical,1.191604324980617
ssp585_percentage_change_cf_historical,0.6122721009137232
