Key,Value
historical,11236438.597949212
ssp126,11253344.098322418
ssp370,11252586.886463014
ssp585,11249042.744312882
historical_percentage_change_cf_historical,0.0
ssp126_percentage_change_cf_historical,0.15045247856639052
ssp370_percentage_change_cf_historical,0.1437135830275373
ssp585_percentage_change_cf_historical,0.11217207528700791
