Key,Value
historical,5543487.57127448
ssp126,5580982.05701085
ssp370,5585659.510516313
ssp585,5600552.580719452
historical_percentage_change_cf_historical,0.0
ssp126_percentage_change_cf_historical,0.676369979264694
ssp370_percentage_change_cf_historical,0.7607474301983053
ssp585_percentage_change_cf_historical,1.0294062846045657
