Key,Value
historical,5518498.799361838
ssp126,5554015.630106667
ssp370,5566085.571778901
ssp585,5557344.626738144
historical_percentage_change_cf_historical,0.0
ssp126_percentage_change_cf_historical,0.6435958769971322
ssp370_percentage_change_cf_historical,0.8623137223943195
ssp585_percentage_change_cf_historical,0.7039201925856757
