Key,Value
historical,11098824.242839975
ssp126,11160026.3202056
ssp370,11198296.452972388
ssp585,11154659.936400179
historical_percentage_change_cf_historical,0.0
ssp126_percentage_change_cf_historical,0.5514284759046094
ssp370_percentage_change_cf_historical,0.8962409707188911
ssp585_percentage_change_cf_historical,0.5030775543294509
