Key,Value
historical,11374631.37291901
ssp126,11423173.188487478
ssp370,11404121.349758642
ssp585,11413597.679280184
historical_percentage_change_cf_historical,0.0
ssp126_percentage_change_cf_historical,0.42675506552271314
ssp370_percentage_change_cf_historical,0.25926094545659056
ssp585_percentage_change_cf_historical,0.3425720366986671
