Key,Value
historical,5514955.363152176
ssp126,5566585.300708169
ssp370,5623124.594818221
ssp585,5619361.012618814
historical_percentage_change_cf_historical,0.0
ssp126_percentage_change_cf_historical,0.9361805156385331
ssp370_percentage_change_cf_historical,1.9613800029782853
ssp585_percentage_change_cf_historical,1.8931367996959183
