Key,Value
historical,11509766.585344926
ssp126,11663189.407169715
ssp370,11657069.559218312
ssp585,11596140.025156923
historical_percentage_change_cf_historical,0.0
ssp126_percentage_change_cf_historical,1.3329794369604175
ssp370_percentage_change_cf_historical,1.2798085241879975
ssp585_percentage_change_cf_historical,0.7504360681125721
