Key,Value
historical,9144350.410501216
ssp126,9261664.86455993
ssp370,9291028.916137923
ssp585,9340760.254864074
historical_percentage_change_cf_historical,0.0
ssp126_percentage_change_cf_historical,1.282917307324447
ssp370_percentage_change_cf_historical,1.6040341746775568
ssp585_percentage_change_cf_historical,2.1478818674457725
