Key,Value
historical,8383170.322206182
ssp126,8487144.196929522
ssp370,8487273.014464555
ssp585,8519264.535208693
historical_percentage_change_cf_historical,0.0
ssp126_percentage_change_cf_historical,1.2402691431417423
ssp370_percentage_change_cf_historical,1.241805763895972
ssp585_percentage_change_cf_historical,1.6234217816380323
