Key,Value
historical,9096119.87706473
ssp126,9121586.724339457
ssp370,9122498.348469244
ssp585,9129459.956351036
historical_percentage_change_cf_historical,0.0
ssp126_percentage_change_cf_historical,0.2799748422285101
ssp370_percentage_change_cf_historical,0.28999696311200557
ssp585_percentage_change_cf_historical,0.3665307816618812
