Key,Value
historical,11355601.259002255
ssp126,11448111.681406999
ssp370,11451096.29099939
ssp585,11477291.439941112
historical_percentage_change_cf_historical,0.0
ssp126_percentage_change_cf_historical,0.8146677599427441
ssp370_percentage_change_cf_historical,0.8409509088867518
ssp585_percentage_change_cf_historical,1.07163133121098
