Key,Value
historical,8217076.298815548
ssp126,8286493.262368659
ssp370,8307170.396870224
ssp585,8297355.6291671265
historical_percentage_change_cf_historical,0.0
ssp126_percentage_change_cf_historical,0.8447890834738416
ssp370_percentage_change_cf_historical,1.0964252342121006
ssp585_percentage_change_cf_historical,0.9769816834139651
