Key,Value
historical,11232182.557690373
ssp126,11302857.743624646
ssp370,11341493.456293028
ssp585,11351068.291336417
historical_percentage_change_cf_historical,0.0
ssp126_percentage_change_cf_historical,0.6292204170585184
ssp370_percentage_change_cf_historical,0.9731937496672267
ssp585_percentage_change_cf_historical,1.058438402647281
