Key,Value
historical,11068415.348385189
ssp126,11094988.011534551
ssp370,11115439.248630084
ssp585,11121868.559245702
historical_percentage_change_cf_historical,0.0
ssp126_percentage_change_cf_historical,0.2400764907439005
ssp370_percentage_change_cf_historical,0.4248476296270889
ssp585_percentage_change_cf_historical,0.482934631363573
