Key,Value
historical,11372864.83347147
ssp126,11403050.846299484
ssp370,11403378.298488189
ssp585,11420601.596732315
historical_percentage_change_cf_historical,0.0
ssp126_percentage_change_cf_historical,0.2654213627790103
ssp370_percentage_change_cf_historical,0.2683006037925888
ssp585_percentage_change_cf_historical,0.41974264145258333
