Key,Value
historical,11212253.137332037
ssp126,11293496.263680328
ssp370,11348593.073102131
ssp585,11361538.934534574
historical_percentage_change_cf_historical,0.0
ssp126_percentage_change_cf_historical,0.724592330847272
ssp370_percentage_change_cf_historical,1.215990524831627
ssp585_percentage_change_cf_historical,1.3314522547254894
