Key,Value
historical,11304263.280273907
ssp126,11340789.7631797
ssp370,11340006.77720715
ssp585,11350837.575076085
historical_percentage_change_cf_historical,0.0
ssp126_percentage_change_cf_historical,0.32312130388481963
ssp370_percentage_change_cf_historical,0.31619483770884205
ssp585_percentage_change_cf_historical,0.4120064585142003
