Key,Value
historical,11312102.84087435
ssp126,11349327.097708583
ssp370,11351095.231736332
ssp585,11365458.489533352
historical_percentage_change_cf_historical,0.0
ssp126_percentage_change_cf_historical,0.3290657568964958
ssp370_percentage_change_cf_historical,0.34469621970806474
ssp585_percentage_change_cf_historical,0.4716687021816184
