Key,Value
historical,8401544.097309243
ssp126,8454148.48551207
ssp370,8462054.498757482
ssp585,8501032.406300684
historical_percentage_change_cf_historical,0.0
ssp126_percentage_change_cf_historical,0.6261276212270908
ssp370_percentage_change_cf_historical,0.7202295286127018
ssp585_percentage_change_cf_historical,1.184166955968303
