Key,Value
historical,11560209.001292052
ssp126,11656322.944223044
ssp370,11668411.85978103
ssp585,11720467.578221185
historical_percentage_change_cf_historical,0.0
ssp126_percentage_change_cf_historical,0.8314204606530065
ssp370_percentage_change_cf_historical,0.9359939640960235
ssp585_percentage_change_cf_historical,1.386294805839771
