Key,Value
historical,5511984.574972492
ssp126,5563039.9694570685
ssp370,5591942.28489905
ssp585,5599408.972701619
historical_percentage_change_cf_historical,0.0
ssp126_percentage_change_cf_historical,0.9262615631472728
ssp370_percentage_change_cf_historical,1.450615632881333
ssp585_percentage_change_cf_historical,1.586078417673438
