Key,Value
historical,8439262.175492467
ssp126,8511077.22357925
ssp370,8536937.802051777
ssp585,8575579.336387783
historical_percentage_change_cf_historical,0.0
ssp126_percentage_change_cf_historical,0.8509635865482779
ssp370_percentage_change_cf_historical,1.1573953330062277
ssp585_percentage_change_cf_historical,1.6152734452447703
