Key,Value
historical,11587817.272851799
ssp126,11693394.012557505
ssp370,11720372.860377802
ssp585,11747988.750572959
historical_percentage_change_cf_historical,0.0
ssp126_percentage_change_cf_historical,0.9111011782439269
ssp370_percentage_change_cf_historical,1.1439219691231854
ssp585_percentage_change_cf_historical,1.3822402782999836
