Key,Value
historical,5744155.345103225
ssp126,5812788.199497547
ssp370,5825289.732698627
ssp585,5854181.758506335
historical_percentage_change_cf_historical,0.0
ssp126_percentage_change_cf_historical,1.1948293573367643
ssp370_percentage_change_cf_historical,1.41246854795749
ssp585_percentage_change_cf_historical,1.9154498232173658
