Key,Value
historical,11316506.071315434
ssp126,11415638.738638557
ssp370,11556752.266436692
ssp585,11531663.766783386
historical_percentage_change_cf_historical,0.0
ssp126_percentage_change_cf_historical,0.8760006551350743
ssp370_percentage_change_cf_historical,2.122971468466081
ssp585_percentage_change_cf_historical,1.9012731854872116
