Key,Value
historical,11299735.258473106
ssp126,11371322.656856455
ssp370,11393206.595974248
ssp585,11374592.666872056
historical_percentage_change_cf_historical,0.0
ssp126_percentage_change_cf_historical,0.6335316425194066
ssp370_percentage_change_cf_historical,0.827199357888077
ssp585_percentage_change_cf_historical,0.6624704622421898
