Key,Value
historical,11279187.513761014
ssp126,11376074.903272051
ssp370,11376476.042733487
ssp585,11408742.227848548
historical_percentage_change_cf_historical,0.0
ssp126_percentage_change_cf_historical,0.8589926303896581
ssp370_percentage_change_cf_historical,0.8625490874566762
ssp585_percentage_change_cf_historical,1.1486174330329493
