Key,Value
historical,11314675.260318816
ssp126,11376417.194622837
ssp370,11411019.025889246
ssp585,11447644.73349024
historical_percentage_change_cf_historical,0.0
ssp126_percentage_change_cf_historical,0.545680126769114
ssp370_percentage_change_cf_historical,0.851493863976043
ssp585_percentage_change_cf_historical,1.1751947812214754
