Key,Value
historical,11026794.064465426
ssp126,11047096.546420574
ssp370,11004953.914823806
ssp585,11056067.940475862
historical_percentage_change_cf_historical,0.0
ssp126_percentage_change_cf_historical,0.18411953498410177
ssp370_percentage_change_cf_historical,-0.19806436498167063
ssp585_percentage_change_cf_historical,0.2654794842389736
