Key,Value
historical,11328358.180122506
ssp126,11403989.609976448
ssp370,11417987.909064861
ssp585,11427631.62958681
historical_percentage_change_cf_historical,0.0
ssp126_percentage_change_cf_historical,0.6676292243888458
ssp370_percentage_change_cf_historical,0.7911978727828844
ssp585_percentage_change_cf_historical,0.8763268947348098
