Key,Value
historical,11286778.75807714
ssp126,11346853.559218658
ssp370,11351658.734897502
ssp585,11371202.377494495
historical_percentage_change_cf_historical,0.0
ssp126_percentage_change_cf_historical,0.532258161776459
ssp370_percentage_change_cf_historical,0.5748316522456056
ssp585_percentage_change_cf_historical,0.7479868368726419
