Key,Value
historical,9194627.366970036
ssp126,9313688.932193149
ssp370,9519644.7750385
ssp585,9505382.032689493
historical_percentage_change_cf_historical,0.0
ssp126_percentage_change_cf_historical,1.2949036483068244
ssp370_percentage_change_cf_historical,3.534862209163875
ssp585_percentage_change_cf_historical,3.3797418135267177
