Key,Value
historical,9157678.428621992
ssp126,9228329.688118316
ssp370,9233669.350229494
ssp585,9252721.466866337
historical_percentage_change_cf_historical,0.0
ssp126_percentage_change_cf_historical,0.7714974930273355
ssp370_percentage_change_cf_historical,0.8298055254920824
ssp585_percentage_change_cf_historical,1.0378507935733003
