Key,Value
historical,4541676.270990488
ssp126,4616233.653706915
ssp370,4687316.141405513
ssp585,4676364.338935206
historical_percentage_change_cf_historical,0.0
ssp126_percentage_change_cf_historical,1.6416269735616031
ssp370_percentage_change_cf_historical,3.2067426589888157
ssp585_percentage_change_cf_historical,2.9656025640802364
