Key,Value
historical,11531760.399068326
ssp126,11593526.047776658
ssp370,11630674.89674384
ssp585,11660522.113159131
historical_percentage_change_cf_historical,0.0
ssp126_percentage_change_cf_historical,0.535613354517169
ssp370_percentage_change_cf_historical,0.8577571355324496
ssp585_percentage_change_cf_historical,1.116583328432738
