Key,Value
historical,11505377.016197182
ssp126,11571775.21768856
ssp370,11610677.127574995
ssp585,11603843.181744073
historical_percentage_change_cf_historical,0.0
ssp126_percentage_change_cf_historical,0.5771058297168652
ssp370_percentage_change_cf_historical,0.9152252136507324
ssp585_percentage_change_cf_historical,0.855827370178921
