Key,Value
historical,11234062.653373241
ssp126,11271549.739806
ssp370,11265658.882339906
ssp585,11301175.738767445
historical_percentage_change_cf_historical,0.0
ssp126_percentage_change_cf_historical,0.3336912708200226
ssp370_percentage_change_cf_historical,0.2812538076523648
ssp585_percentage_change_cf_historical,0.5974070776083101
