Key,Value
historical,11058270.137991458
ssp126,11093266.098606886
ssp370,11116879.077247467
ssp585,11080995.673618436
historical_percentage_change_cf_historical,0.0
ssp126_percentage_change_cf_historical,0.3164686716704189
ssp370_percentage_change_cf_historical,0.5300009723460599
ssp585_percentage_change_cf_historical,0.2055071484363772
