Key,Value
historical,11345563.332469057
ssp126,11369471.936966646
ssp370,11406216.746192636
ssp585,11413304.436489586
historical_percentage_change_cf_historical,0.0
ssp126_percentage_change_cf_historical,0.21073087159248272
ssp370_percentage_change_cf_historical,0.534600283354807
ssp585_percentage_change_cf_historical,0.5970713135650573
