Key,Value
historical,11072303.737367388
ssp126,11077590.03280839
ssp370,11119847.885311637
ssp585,11176638.424485745
historical_percentage_change_cf_historical,0.0
ssp126_percentage_change_cf_historical,0.047743410643271894
ssp370_percentage_change_cf_historical,0.42939707103404995
ssp585_percentage_change_cf_historical,0.9423033326501233
