Key,Value
historical,11522884.015216863
ssp126,11606462.358179897
ssp370,11596512.847914087
ssp585,11612291.325002464
historical_percentage_change_cf_historical,0.0
ssp126_percentage_change_cf_historical,0.7253248653085685
ssp370_percentage_change_cf_historical,0.6389792052058433
ssp585_percentage_change_cf_historical,0.7759108715103915
