Key,Value
historical,5781644.996357234
ssp126,5805676.684183098
ssp370,5804494.826331273
ssp585,5884805.997462299
historical_percentage_change_cf_historical,0.0
ssp126_percentage_change_cf_historical,0.41565484980495193
ssp370_percentage_change_cf_historical,0.395213299820989
ssp585_percentage_change_cf_historical,1.784284596685923
