Key,Value
historical,11556372.476852302
ssp126,11606299.86755914
ssp370,11601388.073992383
ssp585,11599242.049847277
historical_percentage_change_cf_historical,0.0
ssp126_percentage_change_cf_historical,0.4320334153891702
ssp370_percentage_change_cf_historical,0.389530514270361
ssp585_percentage_change_cf_historical,0.37096046428794316
