Key,Value
historical,11364209.544401757
ssp126,11446645.945035562
ssp370,11594397.987821702
ssp585,11572594.173914213
historical_percentage_change_cf_historical,0.0
ssp126_percentage_change_cf_historical,0.7254037362802269
ssp370_percentage_change_cf_historical,2.02555613323181
ssp585_percentage_change_cf_historical,1.8336922484424782
