Key,Value
historical,4345624.942793025
ssp126,4415589.939108536
ssp370,4435169.748695914
ssp585,4448411.751869267
historical_percentage_change_cf_historical,0.0
ssp126_percentage_change_cf_historical,1.6100100040051537
ssp370_percentage_change_cf_historical,2.0605737283286274
ssp585_percentage_change_cf_historical,2.3652940699981095
