Key,Value
historical,5778997.377234304
ssp126,5857700.834950421
ssp370,5841495.3711179625
ssp585,5855077.064663878
historical_percentage_change_cf_historical,0.0
ssp126_percentage_change_cf_historical,1.3618877562768916
ssp370_percentage_change_cf_historical,1.0814677668804948
ssp585_percentage_change_cf_historical,1.3164859310938704
