Key,Value
historical,8217649.934773769
ssp126,8253656.315614005
ssp370,8276340.523949697
ssp585,8281760.79973575
historical_percentage_change_cf_historical,0.0
ssp126_percentage_change_cf_historical,0.43815909811235637
ssp370_percentage_change_cf_historical,0.7142016226265934
ssp585_percentage_change_cf_historical,0.7801605747488659
