Key,Value
historical,11109246.088134268
ssp126,11153637.161879098
ssp370,11117125.12732056
ssp585,11157536.681691745
historical_percentage_change_cf_historical,0.0
ssp126_percentage_change_cf_historical,0.3995867351632766
ssp370_percentage_change_cf_historical,0.07092325729202235
ssp585_percentage_change_cf_historical,0.43468830534824454
