Key,Value
historical,5525467.838138493
ssp126,5574041.242439184
ssp370,5604389.297898512
ssp585,5634171.688981503
historical_percentage_change_cf_historical,0.0
ssp126_percentage_change_cf_historical,0.879082201246795
ssp370_percentage_change_cf_historical,1.4283217651775866
ssp585_percentage_change_cf_historical,1.9673239267216935
