Key,Value
historical,11344497.60064061
ssp126,11395829.043902721
ssp370,11391106.945771998
ssp585,11375141.206131348
historical_percentage_change_cf_historical,0.0
ssp126_percentage_change_cf_historical,0.4524787704941008
ssp370_percentage_change_cf_historical,0.41085420238227177
ssp585_percentage_change_cf_historical,0.2701186651845042
