Key,Value
historical,11276881.395614158
ssp126,11350431.289279323
ssp370,11351641.136256602
ssp585,11403572.290741898
historical_percentage_change_cf_historical,0.0
ssp126_percentage_change_cf_historical,0.652218384541758
ssp370_percentage_change_cf_historical,0.6629469444585904
ssp585_percentage_change_cf_historical,1.123456837783297
