Key,Value
historical,8469300.40404037
ssp126,8514212.77534624
ssp370,8594515.547649186
ssp585,8578314.872214084
historical_percentage_change_cf_historical,0.0
ssp126_percentage_change_cf_historical,0.5302961184898338
ssp370_percentage_change_cf_historical,1.4784591127394744
ssp585_percentage_change_cf_historical,1.2871720564039486
