Key,Value
historical,4712118.7629855955
ssp126,4778344.81643565
ssp370,4842686.231803164
ssp585,4833727.333874174
historical_percentage_change_cf_historical,0.0
ssp126_percentage_change_cf_historical,1.4054410930868326
ssp370_percentage_change_cf_historical,2.7708866305152484
ssp585_percentage_change_cf_historical,2.5807620097318553
