Key,Value
historical,11258522.356241627
ssp126,11329093.964703506
ssp370,11362738.768678356
ssp585,11372925.238435013
historical_percentage_change_cf_historical,0.0
ssp126_percentage_change_cf_historical,0.6268283370486439
ssp370_percentage_change_cf_historical,0.9256668782911162
ssp585_percentage_change_cf_historical,1.0161447352810256
