Key,Value
historical,11461633.551605944
ssp126,11521672.33717192
ssp370,11541457.302058823
ssp585,11551355.47007659
historical_percentage_change_cf_historical,0.0
ssp126_percentage_change_cf_historical,0.5238239845625123
ssp370_percentage_change_cf_historical,0.6964430514505093
ssp585_percentage_change_cf_historical,0.7828021901649074
