Key,Value
historical,11289593.15513029
ssp126,11382543.089143766
ssp370,11464924.955974296
ssp585,11469299.522513246
historical_percentage_change_cf_historical,0.0
ssp126_percentage_change_cf_historical,0.823324036006007
ssp370_percentage_change_cf_historical,1.5530391435260078
ssp585_percentage_change_cf_historical,1.591787807705837
