Key,Value
historical,11568513.5544363
ssp126,11623910.477208246
ssp370,11645957.178249292
ssp585,11643242.734476585
historical_percentage_change_cf_historical,0.0
ssp126_percentage_change_cf_historical,0.4788594706767833
ssp370_percentage_change_cf_historical,0.6694345254347219
ssp585_percentage_change_cf_historical,0.6459704584227055
