Key,Value
historical,10975334.95232508
ssp126,11069994.218226152
ssp370,11052448.762579972
ssp585,11061482.95883369
historical_percentage_change_cf_historical,0.0
ssp126_percentage_change_cf_historical,0.8624726836333936
ssp370_percentage_change_cf_historical,0.7026100851578666
ssp585_percentage_change_cf_historical,0.7849237119670871
