Key,Value
historical,11330487.833540771
ssp126,11350273.16042022
ssp370,11361976.553965399
ssp585,11360812.623284478
historical_percentage_change_cf_historical,0.0
ssp126_percentage_change_cf_historical,0.1746202561630242
ssp370_percentage_change_cf_historical,0.2779114270032951
ssp585_percentage_change_cf_historical,0.2676388712402872
