Key,Value
historical,11293902.832271412
ssp126,11370573.310487982
ssp370,11372014.570013713
ssp585,11413136.736736013
historical_percentage_change_cf_historical,0.0
ssp126_percentage_change_cf_historical,0.6788661046161137
ssp370_percentage_change_cf_historical,0.6916274993893441
ssp585_percentage_change_cf_historical,1.0557369426262406
