Key,Value
historical,11496290.184265142
ssp126,11578177.017825965
ssp370,11643468.927203914
ssp585,11632704.56368627
historical_percentage_change_cf_historical,0.0
ssp126_percentage_change_cf_historical,0.71228920154521
ssp370_percentage_change_cf_historical,1.2802281482091842
ssp585_percentage_change_cf_historical,1.1865947817482632
