Key,Value
historical,8401544.097309243
ssp126,8459110.40083247
ssp370,8488209.41359673
ssp585,8503018.800074385
historical_percentage_change_cf_historical,0.0
ssp126_percentage_change_cf_historical,0.6851871853135223
ssp370_percentage_change_cf_historical,1.031540336915496
ssp585_percentage_change_cf_historical,1.2078101547743085
