Key,Value
historical,11038173.437129386
ssp126,11074550.79477845
ssp370,11080353.194339905
ssp585,11074665.255547
historical_percentage_change_cf_historical,0.0
ssp126_percentage_change_cf_historical,0.32955957664789215
ssp370_percentage_change_cf_historical,0.38212624082022517
ssp585_percentage_change_cf_historical,0.3305965305352593
