Key,Value
historical,11298954.005868006
ssp126,11332465.840072341
ssp370,11327127.913187865
ssp585,11353876.185034212
historical_percentage_change_cf_historical,0.0
ssp126_percentage_change_cf_historical,0.2965923587876427
ssp370_percentage_change_cf_historical,0.2493496947171111
ssp585_percentage_change_cf_historical,0.48608197836438577
