Key,Value
historical,11304928.313041655
ssp126,11343683.30038066
ssp370,11348356.294699574
ssp585,11365595.930552723
historical_percentage_change_cf_historical,0.0
ssp126_percentage_change_cf_historical,0.34281497649389003
ssp370_percentage_change_cf_historical,0.3841508805307408
ssp585_percentage_change_cf_historical,0.5366475207196123
