Key,Value
historical,8172964.569926869
ssp126,8233276.7296792455
ssp370,8240964.898107662
ssp585,8242122.5808277065
historical_percentage_change_cf_historical,0.0
ssp126_percentage_change_cf_historical,0.7379471578073419
ssp370_percentage_change_cf_historical,0.8320154528872649
ssp585_percentage_change_cf_historical,0.8461802361814985
