Key,Value
historical,11501073.295161005
ssp126,11571477.707155067
ssp370,11587445.158901593
ssp585,11598737.721795643
historical_percentage_change_cf_historical,0.0
ssp126_percentage_change_cf_historical,0.6121551457609137
ssp370_percentage_change_cf_historical,0.7509895948313621
ssp585_percentage_change_cf_historical,0.8491766301126805
