Key,Value
historical,11523489.224012535
ssp126,11607416.358575722
ssp370,11633004.853067636
ssp585,11631675.540098146
historical_percentage_change_cf_historical,0.0
ssp126_percentage_change_cf_historical,0.7283135596491086
ssp370_percentage_change_cf_historical,0.9503686507285817
ssp585_percentage_change_cf_historical,0.9388329696197654
