Key,Value
historical,10935554.217117544
ssp126,11007352.902365927
ssp370,10944569.267607413
ssp585,10921296.153587613
historical_percentage_change_cf_historical,0.0
ssp126_percentage_change_cf_historical,0.656561924735329
ssp370_percentage_change_cf_historical,0.08243798449426194
ssp585_percentage_change_cf_historical,-0.13038263307782522
