Key,Value
historical,5005397.879847289
ssp126,5087990.922536799
ssp370,5097339.133200265
ssp585,5100520.720472103
historical_percentage_change_cf_historical,0.0
ssp126_percentage_change_cf_historical,1.650079467649224
ssp370_percentage_change_cf_historical,1.8368420565156058
ssp585_percentage_change_cf_historical,1.9004051807309283
