Key,Value
historical,11328381.456329584
ssp126,11368616.942862336
ssp370,11388944.418067845
ssp585,11392575.857336268
historical_percentage_change_cf_historical,0.0
ssp126_percentage_change_cf_historical,0.35517418519015725
ssp370_percentage_change_cf_historical,0.534612662644951
ssp585_percentage_change_cf_historical,0.5666687801267137
