Key,Value
historical,11290588.543610718
ssp126,11356682.319524942
ssp370,11360311.80184139
ssp585,11442725.158099316
historical_percentage_change_cf_historical,0.0
ssp126_percentage_change_cf_historical,0.5853882254138645
ssp370_percentage_change_cf_historical,0.6175343115317694
ssp585_percentage_change_cf_historical,1.3474639864960027
