Key,Value
historical,5772788.016556814
ssp126,5810392.253885508
ssp370,5813623.6242824495
ssp585,5821917.0181510225
historical_percentage_change_cf_historical,0.0
ssp126_percentage_change_cf_historical,0.6514051307763481
ssp370_percentage_change_cf_historical,0.7073810368320369
ssp585_percentage_change_cf_historical,0.8510446157610898
