Key,Value
historical,11268465.772296868
ssp126,11315820.604630465
ssp370,11334336.193338217
ssp585,11346317.46960813
historical_percentage_change_cf_historical,0.0
ssp126_percentage_change_cf_historical,0.42024205682034044
ssp370_percentage_change_cf_historical,0.58455536336889
ssp585_percentage_change_cf_historical,0.6908810736476421
