Key,Value
historical,11272577.77964991
ssp126,11334844.545817943
ssp370,11336185.820968863
ssp585,11340917.779587839
historical_percentage_change_cf_historical,0.0
ssp126_percentage_change_cf_historical,0.5523737993668341
ssp370_percentage_change_cf_historical,0.564272365756331
ssp585_percentage_change_cf_historical,0.6062499747067759
