Key,Value
historical,10578588.944458041
ssp126,10684855.805912206
ssp370,10711213.336865328
ssp585,10750618.77988452
historical_percentage_change_cf_historical,0.0
ssp126_percentage_change_cf_historical,1.004546655627792
ssp370_percentage_change_cf_historical,1.2537058874640061
ssp585_percentage_change_cf_historical,1.6262077705231506
