Key,Value
historical,11252697.534440588
ssp126,11277170.856699863
ssp370,11283277.664516633
ssp585,11304067.715274064
historical_percentage_change_cf_historical,0.0
ssp126_percentage_change_cf_historical,0.2174884927313733
ssp370_percentage_change_cf_historical,0.2717582160406431
ssp585_percentage_change_cf_historical,0.4565143662330693
