Key,Value
historical,11301652.752760515
ssp126,11362268.287810184
ssp370,11375959.479403298
ssp585,11412999.503393602
historical_percentage_change_cf_historical,0.0
ssp126_percentage_change_cf_historical,0.536342218042964
ssp370_percentage_change_cf_historical,0.6574854870198852
ssp585_percentage_change_cf_historical,0.9852253742789056
