Key,Value
historical,11304928.313041655
ssp126,11352754.351274878
ssp370,11386756.295639522
ssp585,11411002.646662692
historical_percentage_change_cf_historical,0.0
ssp126_percentage_change_cf_historical,0.42305476787543267
ssp370_percentage_change_cf_historical,0.7238257539719927
ssp585_percentage_change_cf_historical,0.9383016918264417
