Key,Value
historical,11295475.450860422
ssp126,11363052.474997789
ssp370,11354483.785022268
ssp585,11379818.6095349
historical_percentage_change_cf_historical,0.0
ssp126_percentage_change_cf_historical,0.5982663096507279
ssp370_percentage_change_cf_historical,0.5224068204880306
ssp585_percentage_change_cf_historical,0.746698614338131
