Key,Value
historical,11320735.99960964
ssp126,11366575.678920122
ssp370,11358978.581206854
ssp585,11385593.078676451
historical_percentage_change_cf_historical,0.0
ssp126_percentage_change_cf_historical,0.40491783672070997
ssp370_percentage_change_cf_historical,0.33781002929962545
ssp585_percentage_change_cf_historical,0.5729051456464272
