Key,Value
historical,11475310.370548826
ssp126,11518881.693599502
ssp370,11544108.556174457
ssp585,11539387.174795682
historical_percentage_change_cf_historical,0.0
ssp126_percentage_change_cf_historical,0.37969624910974886
ssp370_percentage_change_cf_historical,0.5995322427374221
ssp585_percentage_change_cf_historical,0.5583884198139673
