Key,Value
historical,9207255.670434453
ssp126,9287231.712126516
ssp370,9329400.889743233
ssp585,9382585.780176293
historical_percentage_change_cf_historical,0.0
ssp126_percentage_change_cf_historical,0.868619755492132
ssp370_percentage_change_cf_historical,1.326619176015745
ssp585_percentage_change_cf_historical,1.9042602488474984
