Key,Value
historical,5514963.0856626
ssp126,5556929.366117746
ssp370,5568996.5274818465
ssp585,5574092.785369746
historical_percentage_change_cf_historical,0.0
ssp126_percentage_change_cf_historical,0.7609530617575097
ssp370_percentage_change_cf_historical,0.979760716072952
ssp585_percentage_change_cf_historical,1.0721685492486401
