Key,Value
historical,11250705.434500152
ssp126,11304000.209672676
ssp370,11302907.125751274
ssp585,11339711.604999103
historical_percentage_change_cf_historical,0.0
ssp126_percentage_change_cf_historical,0.47370163126923914
ssp370_percentage_change_cf_historical,0.463985938970952
ssp585_percentage_change_cf_historical,0.7911163528112118
