Key,Value
historical,5783309.9493255615
ssp126,5826872.919153012
ssp370,5821292.487301777
ssp585,5831866.453457736
historical_percentage_change_cf_historical,0.0
ssp126_percentage_change_cf_historical,0.7532532444077468
ssp370_percentage_change_cf_historical,0.6567612372331012
ssp585_percentage_change_cf_historical,0.8395971261723133
