Key,Value
historical,10993533.985761413
ssp126,11084473.709533356
ssp370,11084108.556002326
ssp585,11090711.433001844
historical_percentage_change_cf_historical,0.0
ssp126_percentage_change_cf_historical,0.8272110123071065
ssp370_percentage_change_cf_historical,0.8238894822922563
ssp585_percentage_change_cf_historical,0.8839509421291913
