Key,Value
historical,11557192.067064032
ssp126,11613829.423155067
ssp370,11589867.025415827
ssp585,11618624.102398643
historical_percentage_change_cf_historical,0.0
ssp126_percentage_change_cf_historical,0.4900615630715531
ssp370_percentage_change_cf_historical,0.28272402294768917
ssp585_percentage_change_cf_historical,0.5315481042292428
