Key,Value
historical,10690159.445427991
ssp126,10794979.658295076
ssp370,10819450.373792663
ssp585,10840409.069199815
historical_percentage_change_cf_historical,0.0
ssp126_percentage_change_cf_historical,0.9805299294381882
ssp370_percentage_change_cf_historical,1.2094387275015568
ssp585_percentage_change_cf_historical,1.4054946938708504
