Key,Value
historical,8173416.225257409
ssp126,8218965.471098534
ssp370,8230023.242942777
ssp585,8220446.688663975
historical_percentage_change_cf_historical,0.0
ssp126_percentage_change_cf_historical,0.5572852842165213
ssp370_percentage_change_cf_historical,0.6925747585255994
ssp585_percentage_change_cf_historical,0.5754076644381999
