Key,Value
historical,5729462.834162308
ssp126,5788792.126589276
ssp370,5803512.319543289
ssp585,5825796.047566274
historical_percentage_change_cf_historical,0.0
ssp126_percentage_change_cf_historical,1.0355123009649891
ssp370_percentage_change_cf_historical,1.2924332965292327
ssp585_percentage_change_cf_historical,1.6813655344716263
