Key,Value
historical,5523318.68194703
ssp126,5582681.526031626
ssp370,5632149.978689453
ssp585,5632368.732591145
historical_percentage_change_cf_historical,0.0
ssp126_percentage_change_cf_historical,1.0747676805001989
ssp370_percentage_change_cf_historical,1.9703968394606246
ssp585_percentage_change_cf_historical,1.9743573913369288
