Key,Value
historical,5754662.529514618
ssp126,5811052.014588565
ssp370,5827703.153850758
ssp585,5837086.756192202
historical_percentage_change_cf_historical,0.0
ssp126_percentage_change_cf_historical,0.9798921272052878
ssp370_percentage_change_cf_historical,1.2692425309308433
ssp585_percentage_change_cf_historical,1.4323033932023757
