Key,Value
historical,11243768.572897578
ssp126,11297009.439540043
ssp370,11290042.423750907
ssp585,11280576.745200321
historical_percentage_change_cf_historical,0.0
ssp126_percentage_change_cf_historical,0.47351442976867825
ssp370_percentage_change_cf_historical,0.4115510787448066
ssp585_percentage_change_cf_historical,0.3273650828376821
