Key,Value
historical,11335047.368543716
ssp126,11523593.86355925
ssp370,11518245.640024275
ssp585,11514873.125185154
historical_percentage_change_cf_historical,0.0
ssp126_percentage_change_cf_historical,1.6633939752098044
ssp370_percentage_change_cf_historical,1.616210903440583
ssp585_percentage_change_cf_historical,1.5864579193597281
