Key,Value
historical,11313065.88278167
ssp126,11409996.469545867
ssp370,11504793.125100935
ssp585,11474851.09385788
historical_percentage_change_cf_historical,0.0
ssp126_percentage_change_cf_historical,0.8568021062418173
ssp370_percentage_change_cf_historical,1.6947416757385954
ssp585_percentage_change_cf_historical,1.4300739759895331
