Key,Value
historical,11266682.111368962
ssp126,11305037.403463766
ssp370,11314918.48111669
ssp585,11313080.656587355
historical_percentage_change_cf_historical,0.0
ssp126_percentage_change_cf_historical,0.34043111996655046
ssp370_percentage_change_cf_historical,0.4281328724013066
ssp585_percentage_change_cf_historical,0.41182084272683483
