Key,Value
historical,11243768.572897578
ssp126,11304168.632794667
ssp370,11323261.515593557
ssp585,11357838.36769722
historical_percentage_change_cf_historical,0.0
ssp126_percentage_change_cf_historical,0.5371869716589512
ssp370_percentage_change_cf_historical,0.7069955431810643
ssp585_percentage_change_cf_historical,1.0145156764841368
