Key,Value
historical,5526193.100995287
ssp126,5629017.896985944
ssp370,5648912.913026784
ssp585,5676532.116783709
historical_percentage_change_cf_historical,0.0
ssp126_percentage_change_cf_historical,1.8606804740887166
ssp370_percentage_change_cf_historical,2.2206935188239085
ssp585_percentage_change_cf_historical,2.720480682467382
