Key,Value
historical,5760808.162141733
ssp126,5827725.522896625
ssp370,5866541.511563867
ssp585,5886003.838585693
historical_percentage_change_cf_historical,0.0
ssp126_percentage_change_cf_historical,1.1615967564178344
ssp370_percentage_change_cf_historical,1.8353909112436975
ssp585_percentage_change_cf_historical,2.173231132164896
