Key,Value
historical,11333609.052134039
ssp126,11366387.548155773
ssp370,11353183.373728788
ssp585,11380291.7758224
historical_percentage_change_cf_historical,0.0
ssp126_percentage_change_cf_historical,0.28921498766152154
ssp370_percentage_change_cf_historical,0.17271040058561873
ssp585_percentage_change_cf_historical,0.4118963648174389
