Key,Value
historical,11234062.653373241
ssp126,11336599.599284057
ssp370,11329445.093867734
ssp585,11355560.533107892
historical_percentage_change_cf_historical,0.0
ssp126_percentage_change_cf_historical,0.9127325445352265
ssp370_percentage_change_cf_historical,0.8490467201182312
ssp585_percentage_change_cf_historical,1.0815132822689768
