Key,Value
historical,5523296.828900153
ssp126,5588142.138608162
ssp370,5587884.113412555
ssp585,5603454.595481173
historical_percentage_change_cf_historical,0.0
ssp126_percentage_change_cf_historical,1.1740326786116624
ssp370_percentage_change_cf_historical,1.169361099234344
ssp585_percentage_change_cf_historical,1.4512666811894308
