Key,Value
historical,5503469.728378263
ssp126,5531260.79921543
ssp370,5549259.456159525
ssp585,5536393.421892747
historical_percentage_change_cf_historical,0.0
ssp126_percentage_change_cf_historical,0.5049736295243771
ssp370_percentage_change_cf_historical,0.8320156199851474
ssp585_percentage_change_cf_historical,0.5982352068680458
