Key,Value
historical,11016660.048364416
ssp126,11078319.062634543
ssp370,11092945.315524526
ssp585,11094711.296054062
historical_percentage_change_cf_historical,0.0
ssp126_percentage_change_cf_historical,0.5596888167505994
ssp370_percentage_change_cf_historical,0.6924536731206101
ssp585_percentage_change_cf_historical,0.7084837632003865
