Key,Value
historical,11081139.835259741
ssp126,11117904.225397432
ssp370,11085245.583856052
ssp585,11111747.363966653
historical_percentage_change_cf_historical,0.0
ssp126_percentage_change_cf_historical,0.3317744445450299
ssp370_percentage_change_cf_historical,0.03705168112080211
ssp585_percentage_change_cf_historical,0.276212818915253
