Key,Value
historical,11330487.833540771
ssp126,11345689.721698657
ssp370,11338584.380349534
ssp585,11337024.217500538
historical_percentage_change_cf_historical,0.0
ssp126_percentage_change_cf_historical,0.13416799330461784
ssp370_percentage_change_cf_historical,0.07145806012689843
ssp585_percentage_change_cf_historical,0.05768846015982933
