Key,Value
historical,11395131.087827232
ssp126,11447287.269343354
ssp370,11444814.19056217
ssp585,11455690.447838813
historical_percentage_change_cf_historical,0.0
ssp126_percentage_change_cf_historical,0.45770584922746127
ssp370_percentage_change_cf_historical,0.4360029064344147
ssp585_percentage_change_cf_historical,0.5314494369992236
