Key,Value
historical,5788841.096852111
ssp126,5820144.090334237
ssp370,5848587.920630738
ssp585,5873429.029517479
historical_percentage_change_cf_historical,0.0
ssp126_percentage_change_cf_historical,0.5407471540227291
ssp370_percentage_change_cf_historical,1.0321033654061935
ssp585_percentage_change_cf_historical,1.461223952258186
