Key,Value
historical,11333941.039162993
ssp126,11356197.491291167
ssp370,11378751.431884428
ssp585,11381215.91029019
historical_percentage_change_cf_historical,0.0
ssp126_percentage_change_cf_historical,0.19636993038228664
ssp370_percentage_change_cf_historical,0.3953646182435433
ssp585_percentage_change_cf_historical,0.4171088499917491
