Key,Value
historical,4541682.235482424
ssp126,4597288.068473013
ssp370,4627575.560778519
ssp585,4648144.075709375
historical_percentage_change_cf_historical,0.0
ssp126_percentage_change_cf_historical,1.224344419258628
ssp370_percentage_change_cf_historical,1.8912226977273734
ssp585_percentage_change_cf_historical,2.3441058776680914
