Key,Value
historical,11280320.791471334
ssp126,11333889.758177876
ssp370,11348803.526740963
ssp585,11344170.702787057
historical_percentage_change_cf_historical,0.0
ssp126_percentage_change_cf_historical,0.4748886817744046
ssp370_percentage_change_cf_historical,0.6070991821562904
ssp585_percentage_change_cf_historical,0.5660292158002912
