Key,Value
historical,9157902.36818123
ssp126,9203243.752710445
ssp370,9212407.145917065
ssp585,9199258.823559895
historical_percentage_change_cf_historical,0.0
ssp126_percentage_change_cf_historical,0.4951066598695265
ssp370_percentage_change_cf_historical,0.5951666172507979
ssp585_percentage_change_cf_historical,0.45159310195701613
