Key,Value
historical,5739514.979929021
ssp126,5817611.831416104
ssp370,5849977.398192469
ssp585,5836629.799824022
historical_percentage_change_cf_historical,0.0
ssp126_percentage_change_cf_historical,1.3606873012821925
ssp370_percentage_change_cf_historical,1.9245949988759237
ssp585_percentage_change_cf_historical,1.6920387913370707
