Key,Value
historical,11407317.180858709
ssp126,11422628.089962337
ssp370,11452469.698970664
ssp585,11490380.711246993
historical_percentage_change_cf_historical,0.0
ssp126_percentage_change_cf_historical,0.13422006998560276
ssp370_percentage_change_cf_historical,0.3958206596352082
ssp585_percentage_change_cf_historical,0.7281600841928347
