Key,Value
historical,11511901.487393882
ssp126,11539659.552890025
ssp370,11555013.545031171
ssp585,11601718.274346296
historical_percentage_change_cf_historical,0.0
ssp126_percentage_change_cf_historical,0.24112493949448272
ssp370_percentage_change_cf_historical,0.3744998833120581
ssp585_percentage_change_cf_historical,0.7802080920408117
