Key,Value
historical,5810333.441068158
ssp126,5865110.326095868
ssp370,5847654.345997404
ssp585,5838800.782913065
historical_percentage_change_cf_historical,0.0
ssp126_percentage_change_cf_historical,0.9427494236482287
ssp370_percentage_change_cf_historical,0.642319503824995
ssp585_percentage_change_cf_historical,0.4899433420412042
