Key,Value
historical,11284284.292384304
ssp126,11358885.734468414
ssp370,11346805.885524947
ssp585,11360367.462007511
historical_percentage_change_cf_historical,0.0
ssp126_percentage_change_cf_historical,0.661109204191687
ssp370_percentage_change_cf_historical,0.5540590038380949
ssp585_percentage_change_cf_historical,0.6742400993437871
