Key,Value
historical,11493191.374558173
ssp126,11588450.871914398
ssp370,11636964.63241193
ssp585,11636259.856214028
historical_percentage_change_cf_historical,0.0
ssp126_percentage_change_cf_historical,0.828834170177444
ssp370_percentage_change_cf_historical,1.250942868418778
ssp585_percentage_change_cf_historical,1.2448107491932774
