Key,Value
historical,5755499.099221476
ssp126,5872758.639158786
ssp370,5864238.270711847
ssp585,5871367.693307311
historical_percentage_change_cf_historical,0.0
ssp126_percentage_change_cf_historical,2.0373478983459687
ssp370_percentage_change_cf_historical,1.8893091566130036
ssp585_percentage_change_cf_historical,2.013180648425573
