Key,Value
historical,11219536.103607683
ssp126,11240839.412443908
ssp370,11250396.691738725
ssp585,11257168.642285999
historical_percentage_change_cf_historical,0.0
ssp126_percentage_change_cf_historical,0.18987691326538236
ssp370_percentage_change_cf_historical,0.27506117762853727
ssp585_percentage_change_cf_historical,0.33541973866651686
