Key,Value
historical,5771138.124461703
ssp126,5844842.209136834
ssp370,5834927.19596307
ssp585,5833956.531866409
historical_percentage_change_cf_historical,0.0
ssp126_percentage_change_cf_historical,1.277115242879515
ssp370_percentage_change_cf_historical,1.105311814163461
ssp585_percentage_change_cf_historical,1.0884925304151372
