Key,Value
historical,11610176.951166444
ssp126,11711528.262747923
ssp370,11693407.730076475
ssp585,11680331.60081817
historical_percentage_change_cf_historical,0.0
ssp126_percentage_change_cf_historical,0.8729523417926623
ssp370_percentage_change_cf_historical,0.7168777811062523
ssp585_percentage_change_cf_historical,0.604251338690221
