Key,Value
historical,11324874.091464743
ssp126,11354826.303905226
ssp370,11376933.239911577
ssp585,11402445.45170682
historical_percentage_change_cf_historical,0.0
ssp126_percentage_change_cf_historical,0.26448163748732056
ssp370_percentage_change_cf_historical,0.45968854069706006
ssp585_percentage_change_cf_historical,0.6849644385939769
