Key,Value
historical,5282204.885575818
ssp126,5331865.804665895
ssp370,5350680.160148446
ssp585,5369656.637850386
historical_percentage_change_cf_historical,0.0
ssp126_percentage_change_cf_historical,0.9401551088199355
ssp370_percentage_change_cf_historical,1.296338859547361
ssp585_percentage_change_cf_historical,1.6555918251746307
