Key,Value
historical,11286809.684592756
ssp126,11325501.19491687
ssp370,11330686.511249948
ssp585,11330177.198446583
historical_percentage_change_cf_historical,0.0
ssp126_percentage_change_cf_historical,0.34280289475361153
ssp370_percentage_change_cf_historical,0.3887442765787711
ssp585_percentage_change_cf_historical,0.384231816303477
