Key,Value
historical,11057440.755329896
ssp126,11189817.393892834
ssp370,11112530.079425553
ssp585,11183127.185133133
historical_percentage_change_cf_historical,0.0
ssp126_percentage_change_cf_historical,1.1971724876674572
ssp370_percentage_change_cf_historical,0.49821043869579856
ssp585_percentage_change_cf_historical,1.1366683537748468
