Key,Value
historical,11294468.028962806
ssp126,11372114.86374896
ssp370,11380546.45068576
ssp585,11468356.188319404
historical_percentage_change_cf_historical,0.0
ssp126_percentage_change_cf_historical,0.6874766884729923
ssp370_percentage_change_cf_historical,0.762129048506049
ssp585_percentage_change_cf_historical,1.5395869810839273
