Key,Value
historical,11267124.881680273
ssp126,11320802.216174085
ssp370,11317269.689901445
ssp585,11346595.495595112
historical_percentage_change_cf_historical,0.0
ssp126_percentage_change_cf_historical,0.4764066703573028
ssp370_percentage_change_cf_historical,0.4450541619779616
ssp585_percentage_change_cf_historical,0.7053317927100886
