Key,Value
historical,5532527.739358742
ssp126,5568355.647996709
ssp370,5580362.955012467
ssp585,5571602.006285141
historical_percentage_change_cf_historical,0.0
ssp126_percentage_change_cf_historical,0.6475866064454593
ssp370_percentage_change_cf_historical,0.864617728229762
ssp585_percentage_change_cf_historical,0.7062642749790968
