Key,Value
historical,10993799.010856973
ssp126,11066332.111642713
ssp370,11040284.815479893
ssp585,11076058.89176165
historical_percentage_change_cf_historical,0.0
ssp126_percentage_change_cf_historical,0.6597637514939954
ssp370_percentage_change_cf_historical,0.42283658794392165
ssp585_percentage_change_cf_historical,0.7482389010699604
