Key,Value
historical,11247922.510737786
ssp126,11299681.55964257
ssp370,11322609.649237908
ssp585,11318055.96272091
historical_percentage_change_cf_historical,0.0
ssp126_percentage_change_cf_historical,0.46016541148263107
ssp370_percentage_change_cf_historical,0.6640082951213663
ssp585_percentage_change_cf_historical,0.6235236055028952
