Key,Value
historical,5775942.518442834
ssp126,5791381.328508325
ssp370,5817327.588127032
ssp585,5839343.102274744
historical_percentage_change_cf_historical,0.0
ssp126_percentage_change_cf_historical,0.2672950780966801
ssp370_percentage_change_cf_historical,0.7165076444589574
ssp585_percentage_change_cf_historical,1.097666461005615
