Key,Value
historical,11501498.892676122
ssp126,11640306.001518847
ssp370,11628383.529120006
ssp585,11668625.42746744
historical_percentage_change_cf_historical,0.0
ssp126_percentage_change_cf_historical,1.2068610373132667
ssp370_percentage_change_cf_historical,1.1032008751892353
ssp585_percentage_change_cf_historical,1.453084822689841
