Key,Value
historical,11417664.041463802
ssp126,11490857.806806501
ssp370,11506749.949530365
ssp585,11533642.66763832
historical_percentage_change_cf_historical,0.0
ssp126_percentage_change_cf_historical,0.6410572694808031
ssp370_percentage_change_cf_historical,0.7802463598774978
ssp585_percentage_change_cf_historical,1.0157824381006204
