Key,Value
historical,10965356.7578471
ssp126,11085982.89098391
ssp370,11056100.457353491
ssp585,11044957.119761536
historical_percentage_change_cf_historical,0.0
ssp126_percentage_change_cf_historical,1.1000657415955537
ssp370_percentage_change_cf_historical,0.827548993711055
ssp585_percentage_change_cf_historical,0.7259258742992677
