Key,Value
historical,11482641.289846253
ssp126,11577233.53984264
ssp370,11618304.86642674
ssp585,11625947.531561492
historical_percentage_change_cf_historical,0.0
ssp126_percentage_change_cf_historical,0.823784768753784
ssp370_percentage_change_cf_historical,1.1814666430488456
ssp585_percentage_change_cf_historical,1.2480250675596796
