Key,Value
historical,5768803.335604127
ssp126,5767167.001072576
ssp370,5803077.3135251235
ssp585,5778468.661771547
historical_percentage_change_cf_historical,0.0
ssp126_percentage_change_cf_historical,-0.028365233417667442
ssp370_percentage_change_cf_historical,0.5941263018876631
ssp585_percentage_change_cf_historical,0.16754473337247683
