Key,Value
historical,5524225.8229025025
ssp126,5593790.588043798
ssp370,5599347.736711837
ssp585,5593905.906615338
historical_percentage_change_cf_historical,0.0
ssp126_percentage_change_cf_historical,1.2592672235246352
ssp370_percentage_change_cf_historical,1.3598631956335339
ssp585_percentage_change_cf_historical,1.2613547299959027
