Key,Value
historical,10961720.497665301
ssp126,10970601.749541787
ssp370,10969953.150877032
ssp585,11013819.412491973
historical_percentage_change_cf_historical,0.0
ssp126_percentage_change_cf_historical,0.08102060145009218
ssp370_percentage_change_cf_historical,0.07510365926119816
ssp585_percentage_change_cf_historical,0.47528045289759846
