Key,Value
historical,11067257.14216911
ssp126,11075228.705988694
ssp370,11123295.137516208
ssp585,11062483.59385411
historical_percentage_change_cf_historical,0.0
ssp126_percentage_change_cf_historical,0.07202836002797647
ssp370_percentage_change_cf_historical,0.5063404114247809
ssp585_percentage_change_cf_historical,-0.04313217135627342
