Key,Value
historical,11469817.501450544
ssp126,11572573.076446552
ssp370,11562497.701787863
ssp585,11570213.643643843
historical_percentage_change_cf_historical,0.0
ssp126_percentage_change_cf_historical,0.8958780292974364
ssp370_percentage_change_cf_historical,0.8080355273795575
ssp585_percentage_change_cf_historical,0.8753072329232969
