Key,Value
historical,11147429.975963045
ssp126,11221177.187576452
ssp370,11179216.463077504
ssp585,11151386.316961795
historical_percentage_change_cf_historical,0.0
ssp126_percentage_change_cf_historical,0.6615624567494645
ssp370_percentage_change_cf_historical,0.2851463268484285
ssp585_percentage_change_cf_historical,0.035491059439540326
