Key,Value
historical,5686491.451572886
ssp126,5749484.931501582
ssp370,5785431.246475732
ssp585,5791573.0781911835
historical_percentage_change_cf_historical,0.0
ssp126_percentage_change_cf_historical,1.1077741075522503
ssp370_percentage_change_cf_historical,1.7399093227420477
ssp585_percentage_change_cf_historical,1.847916725333899
