Key,Value
historical,11395408.49790317
ssp126,11476005.707256714
ssp370,11473084.296626044
ssp585,11481195.092129188
historical_percentage_change_cf_historical,0.0
ssp126_percentage_change_cf_historical,0.7072779301275092
ssp370_percentage_change_cf_historical,0.681641195549657
ssp585_percentage_change_cf_historical,0.7528171916066273
