Key,Value
historical,5527924.971673363
ssp126,5573014.170002159
ssp370,5577659.05419589
ssp585,5611514.542641828
historical_percentage_change_cf_historical,0.0
ssp126_percentage_change_cf_historical,0.8156622703789492
ssp370_percentage_change_cf_historical,0.8996880887019758
ssp585_percentage_change_cf_historical,1.5121328780112129
