Key,Value
historical,11375114.134324424
ssp126,11460893.550714862
ssp370,11481029.91619825
ssp585,11452779.595747026
historical_percentage_change_cf_historical,0.0
ssp126_percentage_change_cf_historical,0.7540971930259418
ssp370_percentage_change_cf_historical,0.9311184100933537
ssp585_percentage_change_cf_historical,0.682766436498831
