Key,Value
historical,5795107.026685381
ssp126,5835649.836085305
ssp370,5829799.656801313
ssp585,5877844.636350267
historical_percentage_change_cf_historical,0.0
ssp126_percentage_change_cf_historical,0.6996041524898725
ssp370_percentage_change_cf_historical,0.5986538291040838
ssp585_percentage_change_cf_historical,1.4277149547695003
