Key,Value
historical,11390399.884417815
ssp126,11470502.712784309
ssp370,11481461.092913061
ssp585,11498384.673039103
historical_percentage_change_cf_historical,0.0
ssp126_percentage_change_cf_historical,0.7032486056619953
ssp370_percentage_change_cf_historical,0.7994557646726602
ssp585_percentage_change_cf_historical,0.9480333413843715
