Key,Value
historical,5778287.183537964
ssp126,5845255.28978219
ssp370,5837183.428010492
ssp585,5903571.946542889
historical_percentage_change_cf_historical,0.0
ssp126_percentage_change_cf_historical,1.158961195888889
ssp370_percentage_change_cf_historical,1.019268212219015
ssp585_percentage_change_cf_historical,2.168198966673979
