Key,Value
historical,11533841.906786421
ssp126,11626709.348399596
ssp370,11617666.120020812
ssp585,11674561.102567086
historical_percentage_change_cf_historical,0.0
ssp126_percentage_change_cf_historical,0.8051735264251585
ssp370_percentage_change_cf_historical,0.726767489201231
ssp585_percentage_change_cf_historical,1.2200548344421698
