Key,Value
historical,11333802.798395406
ssp126,11405614.89191692
ssp370,11396700.047417212
ssp585,11389512.911249362
historical_percentage_change_cf_historical,0.0
ssp126_percentage_change_cf_historical,0.6336098730399642
ssp370_percentage_change_cf_historical,0.5549527386404726
ssp585_percentage_change_cf_historical,0.49153945807000177
