Key,Value
historical,11535670.084915426
ssp126,11595743.72296546
ssp370,11580080.908480566
ssp585,11568885.809364133
historical_percentage_change_cf_historical,0.0
ssp126_percentage_change_cf_historical,0.5207641828157837
ssp370_percentage_change_cf_historical,0.3849869425722742
ssp585_percentage_change_cf_historical,0.28793927187759444
