Key,Value
historical,11552655.13513666
ssp126,11621629.946740944
ssp370,11607206.466099095
ssp585,11614925.445499565
historical_percentage_change_cf_historical,0.0
ssp126_percentage_change_cf_historical,0.5970472657363525
ssp370_percentage_change_cf_historical,0.47219734618858344
ssp585_percentage_change_cf_historical,0.5390129769693731
