Key,Value
historical,11212253.137332037
ssp126,11286103.978553154
ssp370,11274145.429608112
ssp585,11285713.834417274
historical_percentage_change_cf_historical,0.0
ssp126_percentage_change_cf_historical,0.6586619149296993
ssp370_percentage_change_cf_historical,0.5520058414485852
ssp585_percentage_change_cf_historical,0.6551822919573964
