Key,Value
historical,11258522.356241627
ssp126,11312099.034313735
ssp370,11307486.794560166
ssp585,11304334.850375645
historical_percentage_change_cf_historical,0.0
ssp126_percentage_change_cf_historical,0.47587664150620546
ssp370_percentage_change_cf_historical,0.43490998879967535
ssp585_percentage_change_cf_historical,0.4069139153826892
