Key,Value
historical,11314624.893242257
ssp126,11381560.263840107
ssp370,11395545.422117477
ssp585,11369024.45122825
historical_percentage_change_cf_historical,0.0
ssp126_percentage_change_cf_historical,0.5915827632768292
ssp370_percentage_change_cf_historical,0.7151852548249386
ssp585_percentage_change_cf_historical,0.48078976103294097
