Key,Value
historical,11238706.830639562
ssp126,11257839.349930532
ssp370,11286918.775921378
ssp585,11290185.005818568
historical_percentage_change_cf_historical,0.0
ssp126_percentage_change_cf_historical,0.1702377291203161
ssp370_percentage_change_cf_historical,0.4289812520990286
ssp585_percentage_change_cf_historical,0.45804358058939654
