Key,Value
historical,5747590.886479053
ssp126,5789766.10059852
ssp370,5805753.709992061
ssp585,5814058.154605908
historical_percentage_change_cf_historical,0.0
ssp126_percentage_change_cf_historical,0.7337894250386233
ssp370_percentage_change_cf_historical,1.011951349039718
ssp585_percentage_change_cf_historical,1.156437008820806
