Key,Value
historical,10959912.514686096
ssp126,10998058.951421736
ssp370,11053118.82871435
ssp585,11004014.14735892
historical_percentage_change_cf_historical,0.0
ssp126_percentage_change_cf_historical,0.3480542083207669
ssp370_percentage_change_cf_historical,0.8504293615789259
ssp585_percentage_change_cf_historical,0.4023903713987546
