Key,Value
historical,11310182.931565193
ssp126,11396371.25745853
ssp370,11445207.324710738
ssp585,11459548.444916952
historical_percentage_change_cf_historical,0.0
ssp126_percentage_change_cf_historical,0.7620418380042018
ssp370_percentage_change_cf_historical,1.1938303205398173
ssp585_percentage_change_cf_historical,1.3206286251560084
