Key,Value
historical,5781644.996357234
ssp126,5782164.505167216
ssp370,5830288.385541104
ssp585,5848599.760896608
historical_percentage_change_cf_historical,0.0
ssp126_percentage_change_cf_historical,0.008985484413331982
ssp370_percentage_change_cf_historical,0.8413416806897984
ssp585_percentage_change_cf_historical,1.1580573449521607
