Key,Value
historical,11316604.076195166
ssp126,11383180.666284345
ssp370,11389242.143047882
ssp585,11440982.894871224
historical_percentage_change_cf_historical,0.0
ssp126_percentage_change_cf_historical,0.5883089099955837
ssp370_percentage_change_cf_historical,0.6418715929588206
ssp585_percentage_change_cf_historical,1.0990825325213327
