Key,Value
historical,5728112.692848474
ssp126,5770674.967634877
ssp370,5809545.460002918
ssp585,5805451.105883375
historical_percentage_change_cf_historical,0.0
ssp126_percentage_change_cf_historical,0.7430418545979767
ssp370_percentage_change_cf_historical,1.4216334684915068
ssp585_percentage_change_cf_historical,1.3501552288148544
