Key,Value
historical,11354897.952171925
ssp126,11488901.23301596
ssp370,11494804.231552878
ssp585,11503216.922263376
historical_percentage_change_cf_historical,0.0
ssp126_percentage_change_cf_historical,1.1801363729420655
ssp370_percentage_change_cf_historical,1.2321227365516936
ssp585_percentage_change_cf_historical,1.3062113875103654
