Key,Value
historical,11075338.212445367
ssp126,11075036.007279694
ssp370,11127441.804576669
ssp585,11122010.170942776
historical_percentage_change_cf_historical,0.0
ssp126_percentage_change_cf_historical,-0.002728631486246254
ssp370_percentage_change_cf_historical,0.4704469618160546
ssp585_percentage_change_cf_historical,0.42140436347996535
