Key,Value
historical,11495169.503743935
ssp126,11584093.24424512
ssp370,11626369.16847984
ssp585,11628081.9199493
historical_percentage_change_cf_historical,0.0
ssp126_percentage_change_cf_historical,0.7735748522213777
ssp370_percentage_change_cf_historical,1.1413460644766718
ssp585_percentage_change_cf_historical,1.1562458140532517
