Key,Value
historical,8200615.142122721
ssp126,8256589.307245699
ssp370,8292104.672548553
ssp585,8307461.490146611
historical_percentage_change_cf_historical,0.0
ssp126_percentage_change_cf_historical,0.6825605659197976
ssp370_percentage_change_cf_historical,1.1156422882948474
ssp585_percentage_change_cf_historical,1.302906503623977
