Key,Value
historical,11069536.44754067
ssp126,11176658.780971752
ssp370,11184649.280472223
ssp585,11137078.665884731
historical_percentage_change_cf_historical,0.0
ssp126_percentage_change_cf_historical,0.9677219451667403
ssp370_percentage_change_cf_historical,1.039906535174983
ssp585_percentage_change_cf_historical,0.6101630241171176
