Key,Value
historical,10291981.47863109
ssp126,10375264.867663799
ssp370,10368940.684926972
ssp585,10399336.99896866
historical_percentage_change_cf_historical,0.0
ssp126_percentage_change_cf_historical,0.8092065576062987
ssp370_percentage_change_cf_historical,0.7477588883702263
ssp585_percentage_change_cf_historical,1.0430986546222345
