Key,Value
historical,11149645.109137274
ssp126,11239384.130113117
ssp370,11172693.083392397
ssp585,11276383.295106368
historical_percentage_change_cf_historical,0.0
ssp126_percentage_change_cf_historical,0.8048598865474276
ssp370_percentage_change_cf_historical,0.2067148687650528
ssp585_percentage_change_cf_historical,1.13670152483356
