Key,Value
historical,11442058.981992897
ssp126,11545932.936754763
ssp370,11569990.7386813
ssp585,11598368.497105455
historical_percentage_change_cf_historical,0.0
ssp126_percentage_change_cf_historical,0.9078257237210505
ssp370_percentage_change_cf_historical,1.1180833527404237
ssp585_percentage_change_cf_historical,1.3660960440647325
