Key,Value
historical,8931982.47425975
ssp126,9003013.267563201
ssp370,9002677.762451537
ssp585,8988234.814823221
historical_percentage_change_cf_historical,0.0
ssp126_percentage_change_cf_historical,0.7952410733915746
ssp370_percentage_change_cf_historical,0.7914848511572455
ssp585_percentage_change_cf_historical,0.6297856128309576
