Key,Value
historical,5518113.7604652
ssp126,5569515.028745321
ssp370,5575003.044216684
ssp585,5596340.527266709
historical_percentage_change_cf_historical,0.0
ssp126_percentage_change_cf_historical,0.931500699539533
ssp370_percentage_change_cf_historical,1.0309552542948661
ssp585_percentage_change_cf_historical,1.4176359929722477
