Key,Value
historical,7964599.271194342
ssp126,8084752.664877735
ssp370,8134478.900293086
ssp585,8025262.906313347
historical_percentage_change_cf_historical,0.0
ssp126_percentage_change_cf_historical,1.5085930828680063
ssp370_percentage_change_cf_historical,2.1329337900671255
ssp585_percentage_change_cf_historical,0.7616658798943969
