Key,Value
historical,11207296.284267861
ssp126,11280717.169937108
ssp370,11292323.115159947
ssp585,11284736.432850596
historical_percentage_change_cf_historical,0.0
ssp126_percentage_change_cf_historical,0.6551168435897443
ssp370_percentage_change_cf_historical,0.7586738918595528
ssp585_percentage_change_cf_historical,0.6909797565666222
