Key,Value
historical,11003606.734235048
ssp126,11128979.037294753
ssp370,11057854.359334648
ssp585,11127677.562149279
historical_percentage_change_cf_historical,0.0
ssp126_percentage_change_cf_historical,1.1393746258637103
ssp370_percentage_change_cf_historical,0.49299858137260627
ssp585_percentage_change_cf_historical,1.1275469117613437
