Key,Value
historical,8266512.445492232
ssp126,8315625.0074570635
ssp370,8327157.371955523
ssp585,8340441.359197809
historical_percentage_change_cf_historical,0.0
ssp126_percentage_change_cf_historical,0.594114655831827
ssp370_percentage_change_cf_historical,0.7336216677005187
ssp585_percentage_change_cf_historical,0.8943180596781284
