Key,Value
historical,11373411.56434728
ssp126,11405794.064130768
ssp370,11410509.616367478
ssp585,11425257.069288462
historical_percentage_change_cf_historical,0.0
ssp126_percentage_change_cf_historical,0.2847210759962191
ssp370_percentage_change_cf_historical,0.326182270027848
ssp585_percentage_change_cf_historical,0.4558483147106409
