Key,Value
historical,10626670.934979446
ssp126,10688698.392277531
ssp370,10695495.933845904
ssp585,10716635.628180215
historical_percentage_change_cf_historical,0.0
ssp126_percentage_change_cf_historical,0.5836960387463533
ssp370_percentage_change_cf_historical,0.6476628408611828
ssp585_percentage_change_cf_historical,0.8465933851836441
