Key,Value
historical,8233593.128469353
ssp126,8328093.951974747
ssp370,8364797.675348613
ssp585,8402009.011229945
historical_percentage_change_cf_historical,0.0
ssp126_percentage_change_cf_historical,1.1477470653564117
ssp370_percentage_change_cf_historical,1.5935272101993228
ssp585_percentage_change_cf_historical,2.045472494605787
