Key,Value
historical,5777135.4252403155
ssp126,5830177.902486883
ssp370,5868602.506511319
ssp585,5855533.712509213
historical_percentage_change_cf_historical,0.0
ssp126_percentage_change_cf_historical,0.9181449514724015
ssp370_percentage_change_cf_historical,1.5832601200827676
ssp585_percentage_change_cf_historical,1.3570443048015675
