Key,Value
historical,11311948.595838027
ssp126,11375134.704480117
ssp370,11390756.649079807
ssp585,11410865.00598961
historical_percentage_change_cf_historical,0.0
ssp126_percentage_change_cf_historical,0.558578463354563
ssp370_percentage_change_cf_historical,0.696679732710027
ssp585_percentage_change_cf_historical,0.8744418285986221
