Key,Value
historical,11326454.487613134
ssp126,11398804.514200255
ssp370,11408814.158604862
ssp585,11409388.396647338
historical_percentage_change_cf_historical,0.0
ssp126_percentage_change_cf_historical,0.6387702936187561
ssp370_percentage_change_cf_historical,0.7271443246586872
ssp585_percentage_change_cf_historical,0.7322142081169543
