Key,Value
historical,5759277.021677816
ssp126,5807422.395347439
ssp370,5792621.222874105
ssp585,5822040.648379311
historical_percentage_change_cf_historical,0.0
ssp126_percentage_change_cf_historical,0.8359621092787191
ssp370_percentage_change_cf_historical,0.5789650518768538
ssp585_percentage_change_cf_historical,1.089783083280306
