Key,Value
historical,8724645.748653132
ssp126,8778335.789371314
ssp370,8787895.379210554
ssp585,8772217.573896108
historical_percentage_change_cf_historical,0.0
ssp126_percentage_change_cf_historical,0.6153836186010126
ssp370_percentage_change_cf_historical,0.724953566936351
ssp585_percentage_change_cf_historical,0.545257957898401
