Key,Value
historical,11323992.583636189
ssp126,11372645.063833594
ssp370,11376066.361594763
ssp585,11381825.057382451
historical_percentage_change_cf_historical,0.0
ssp126_percentage_change_cf_historical,0.42964069287462303
ssp370_percentage_change_cf_historical,0.4598535152153255
ssp585_percentage_change_cf_historical,0.5107074498603408
