Key,Value
historical,10775720.935474554
ssp126,10866558.038986769
ssp370,10882694.873433124
ssp585,10920317.15478498
historical_percentage_change_cf_historical,0.0
ssp126_percentage_change_cf_historical,0.8429793612524925
ssp370_percentage_change_cf_historical,0.9927311462419489
ssp585_percentage_change_cf_historical,1.3418704899307725
