Key,Value
historical,11267301.991910953
ssp126,11311116.108909752
ssp370,11341323.963291455
ssp585,11368533.638550626
historical_percentage_change_cf_historical,0.0
ssp126_percentage_change_cf_historical,0.388860767469038
ssp370_percentage_change_cf_historical,0.6569626999759481
ssp585_percentage_change_cf_historical,0.898455075690254
