Key,Value
historical,11099859.174117431
ssp126,11145080.910352612
ssp370,11135668.318512361
ssp585,11176861.409116404
historical_percentage_change_cf_historical,0.0
ssp126_percentage_change_cf_historical,0.40740819794028177
ssp370_percentage_change_cf_historical,0.3226089974044891
ssp585_percentage_change_cf_historical,0.6937226300899955
