Key,Value
historical,11284226.847930176
ssp126,11378290.051547412
ssp370,11388927.140693868
ssp585,11412633.011513159
historical_percentage_change_cf_historical,0.0
ssp126_percentage_change_cf_historical,0.8335812890405452
ssp370_percentage_change_cf_historical,0.9278464016601737
ssp585_percentage_change_cf_historical,1.1379261097231093
