Key,Value
historical,11497104.808381066
ssp126,11640405.723970614
ssp370,11683560.349551875
ssp585,11734192.878533438
historical_percentage_change_cf_historical,0.0
ssp126_percentage_change_cf_historical,1.2464087087828086
ssp370_percentage_change_cf_historical,1.6217608196011972
ssp585_percentage_change_cf_historical,2.0621545519837445
