Key,Value
historical,5779045.1841099
ssp126,5799164.015819179
ssp370,5828215.7511943355
ssp585,5852552.149715453
historical_percentage_change_cf_historical,0.0
ssp126_percentage_change_cf_historical,0.3481341825220128
ssp370_percentage_change_cf_historical,0.8508424059329919
ssp585_percentage_change_cf_historical,1.271956928242549
