Key,Value
historical,11284527.35114466
ssp126,11340014.963023478
ssp370,11371392.399170084
ssp585,11401177.977662731
historical_percentage_change_cf_historical,0.0
ssp126_percentage_change_cf_historical,0.4917140980050834
ssp370_percentage_change_cf_historical,0.7697712568937359
ssp585_percentage_change_cf_historical,1.0337218643564907
