Key,Value
historical,11053437.725450508
ssp126,11089753.421905855
ssp370,11136247.703653757
ssp585,11145497.080911536
historical_percentage_change_cf_historical,0.0
ssp126_percentage_change_cf_historical,0.32854662375063315
ssp370_percentage_change_cf_historical,0.7491784932444908
ssp585_percentage_change_cf_historical,0.8328572318190302
