Key,Value
historical,11327581.16582678
ssp126,11368072.448330121
ssp370,11406543.979510745
ssp585,11417932.750425583
historical_percentage_change_cf_historical,0.0
ssp126_percentage_change_cf_historical,0.35745744753959574
ssp370_percentage_change_cf_historical,0.6970845101704548
ssp585_percentage_change_cf_historical,0.7976246938876596
