Key,Value
historical,11228968.563806396
ssp126,11340709.883490963
ssp370,11338917.728063677
ssp585,11418465.742852978
historical_percentage_change_cf_historical,0.0
ssp126_percentage_change_cf_historical,0.9951165064682385
ssp370_percentage_change_cf_historical,0.9791563992054669
ssp585_percentage_change_cf_historical,1.6875742234899147
