Key,Value
historical,11047785.16151102
ssp126,11111263.620306328
ssp370,11114996.08356014
ssp585,11140717.899381232
historical_percentage_change_cf_historical,0.0
ssp126_percentage_change_cf_historical,0.5745808582199581
ssp370_percentage_change_cf_historical,0.6083655779556048
ssp585_percentage_change_cf_historical,0.8411888583240719
