Key,Value
historical,5806798.93123474
ssp126,5835631.299084514
ssp370,5845832.932771862
ssp585,5853177.494888842
historical_percentage_change_cf_historical,0.0
ssp126_percentage_change_cf_historical,0.49652774603035604
ssp370_percentage_change_cf_historical,0.6722120397032891
ssp585_percentage_change_cf_historical,0.7986941549608743
