Key,Value
historical,11348504.476391599
ssp126,11392724.612826705
ssp370,11408014.171512932
ssp585,11404525.00816071
historical_percentage_change_cf_historical,0.0
ssp126_percentage_change_cf_historical,0.3896560690185915
ssp370_percentage_change_cf_historical,0.5243835894423938
ssp585_percentage_change_cf_historical,0.49363801094366044
