Key,Value
historical,5786652.575420558
ssp126,5831644.010128014
ssp370,5858482.323921636
ssp585,5881323.179644607
historical_percentage_change_cf_historical,0.0
ssp126_percentage_change_cf_historical,0.7775036451740924
ssp370_percentage_change_cf_historical,1.241300519858096
ssp585_percentage_change_cf_historical,1.6360167297095445
