Key,Value
historical,11383489.90836386
ssp126,11436896.479764938
ssp370,11471308.466828827
ssp585,11474155.690353416
historical_percentage_change_cf_historical,0.0
ssp126_percentage_change_cf_historical,0.46915815651436144
ssp370_percentage_change_cf_historical,0.7714554953876074
ssp585_percentage_change_cf_historical,0.7964673638700237
