Key,Value
historical,5541159.444251844
ssp126,5597629.476555577
ssp370,5638456.6886397395
ssp585,5661536.629363655
historical_percentage_change_cf_historical,0.0
ssp126_percentage_change_cf_historical,1.0191013789056795
ssp370_percentage_change_cf_historical,1.7559004639151414
ssp585_percentage_change_cf_historical,2.1724187207189174
