Key,Value
historical,11558705.36219009
ssp126,11519585.82706919
ssp370,11532465.382183352
ssp585,11551664.169312157
historical_percentage_change_cf_historical,0.0
ssp126_percentage_change_cf_historical,-0.33844218617134586
ssp370_percentage_change_cf_historical,-0.22701487047651334
ssp585_percentage_change_cf_historical,-0.06091679524045979
