Key,Value
historical,11391849.662304237
ssp126,11501639.7470752
ssp370,11516454.674040377
ssp585,11552539.630241882
historical_percentage_change_cf_historical,0.0
ssp126_percentage_change_cf_historical,0.9637599514173651
ssp370_percentage_change_cf_historical,1.093808428217404
ssp585_percentage_change_cf_historical,1.4105695975726358
