Key,Value
historical,11518767.965904705
ssp126,11568170.230241617
ssp370,11581828.43902484
ssp585,11592104.332283579
historical_percentage_change_cf_historical,0.0
ssp126_percentage_change_cf_historical,0.42888496828082273
ssp370_percentage_change_cf_historical,0.5474584895432559
ssp585_percentage_change_cf_historical,0.636668492636952
