Key,Value
historical,11427059.416088153
ssp126,11453625.692996472
ssp370,11467962.64030157
ssp585,11496429.555386795
historical_percentage_change_cf_historical,0.0
ssp126_percentage_change_cf_historical,0.23248568105734002
ssp370_percentage_change_cf_historical,0.35795056911868317
ssp585_percentage_change_cf_historical,0.60706903475951
