Key,Value
historical,11278833.212444445
ssp126,11313254.722349394
ssp370,11307976.865985928
ssp585,11297939.219781037
historical_percentage_change_cf_historical,0.0
ssp126_percentage_change_cf_historical,0.30518679775289337
ssp370_percentage_change_cf_historical,0.2583924506422125
ssp585_percentage_change_cf_historical,0.1693970198576195
