Key,Value
historical,11284153.190991215
ssp126,11426510.19716769
ssp370,11431678.545691434
ssp585,11493872.420552012
historical_percentage_change_cf_historical,0.0
ssp126_percentage_change_cf_historical,1.2615656998535536
ssp370_percentage_change_cf_historical,1.3073675286329576
ssp585_percentage_change_cf_historical,1.8585287350425819
