Key,Value
historical,11276385.208077151
ssp126,11357502.390516926
ssp370,11355593.481264388
ssp585,11341480.25006968
historical_percentage_change_cf_historical,0.0
ssp126_percentage_change_cf_historical,0.7193544823359788
ssp370_percentage_change_cf_historical,0.7024261030964146
ssp585_percentage_change_cf_historical,0.5772686972940717
