Key,Value
historical,11052502.991357684
ssp126,11106699.282478753
ssp370,11098405.285161044
ssp585,11126032.8964419
historical_percentage_change_cf_historical,0.0
ssp126_percentage_change_cf_historical,0.49035310068178406
ssp370_percentage_change_cf_historical,0.4153112995242148
ssp585_percentage_change_cf_historical,0.6652783097340987
