Key,Value
historical,11326351.620403558
ssp126,11368616.337706871
ssp370,11367343.166721646
ssp585,11374429.92603895
historical_percentage_change_cf_historical,0.0
ssp126_percentage_change_cf_historical,0.3731538514765571
ssp370_percentage_change_cf_historical,0.3619130651413345
ssp585_percentage_change_cf_historical,0.4244818388719565
