Key,Value
historical,11326692.445359718
ssp126,11370463.663301188
ssp370,11379054.059754275
ssp585,11403496.969434975
historical_percentage_change_cf_historical,0.0
ssp126_percentage_change_cf_historical,0.38644306934812633
ssp370_percentage_change_cf_historical,0.46228512557527823
ssp585_percentage_change_cf_historical,0.6780843078927395
