Key,Value
historical,11305912.622091198
ssp126,11387582.252999287
ssp370,11415351.970804267
ssp585,11429670.623036413
historical_percentage_change_cf_historical,0.0
ssp126_percentage_change_cf_historical,0.7223621271272724
ssp370_percentage_change_cf_historical,0.9679833231616277
ssp585_percentage_change_cf_historical,1.0946307925942849
