Key,Value
historical,5766858.693625311
ssp126,5767873.564380126
ssp370,5760574.232643368
ssp585,5796690.18785333
historical_percentage_change_cf_historical,0.0
ssp126_percentage_change_cf_historical,0.017598328808308507
ssp370_percentage_change_cf_historical,-0.10897546334697762
ssp585_percentage_change_cf_historical,0.5172919229145357
