Key,Value
historical,11260360.458873905
ssp126,11373684.95822256
ssp370,11374066.568006145
ssp585,11431352.088403875
historical_percentage_change_cf_historical,0.0
ssp126_percentage_change_cf_historical,1.0064020575766575
ssp370_percentage_change_cf_historical,1.0097910235425163
ssp585_percentage_change_cf_historical,1.518527139113181
