Key,Value
historical,11286970.450052042
ssp126,11328457.4011317
ssp370,11336231.758533806
ssp585,11337427.080358379
historical_percentage_change_cf_historical,0.0
ssp126_percentage_change_cf_historical,0.3675649835644593
ssp370_percentage_change_cf_historical,0.43644402809202815
ssp585_percentage_change_cf_historical,0.44703430853851833
