Key,Value
historical,11507007.630985886
ssp126,11622561.052659854
ssp370,11654351.042710591
ssp585,11680886.52988429
historical_percentage_change_cf_historical,0.0
ssp126_percentage_change_cf_historical,1.0042004435871583
ssp370_percentage_change_cf_historical,1.2804667942336394
ssp585_percentage_change_cf_historical,1.51106964099151
