Key,Value
historical,11289593.15513029
ssp126,11365003.512148734
ssp370,11361911.698797818
ssp585,11365030.98301544
historical_percentage_change_cf_historical,0.0
ssp126_percentage_change_cf_historical,0.6679634596413798
ssp370_percentage_change_cf_historical,0.6405770577716994
ssp585_percentage_change_cf_historical,0.6682067887527902
