Key,Value
historical,11286487.247803818
ssp126,11293519.124087539
ssp370,11292220.80508305
ssp585,11298854.125709185
historical_percentage_change_cf_historical,0.0
ssp126_percentage_change_cf_historical,0.06230349735333669
ssp370_percentage_change_cf_historical,0.050800192773413105
ssp585_percentage_change_cf_historical,0.10957242615742424
