Key,Value
historical,5518273.209873265
ssp126,5607093.119432775
ssp370,5644541.223266916
ssp585,5662241.154426857
historical_percentage_change_cf_historical,0.0
ssp126_percentage_change_cf_historical,1.6095598420280195
ssp370_percentage_change_cf_historical,2.288179808997743
ssp585_percentage_change_cf_historical,2.6089310745978573
