Key,Value
historical,5796784.945122274
ssp126,5839590.538060591
ssp370,5835018.225376874
ssp585,5843898.849036276
historical_percentage_change_cf_historical,0.0
ssp126_percentage_change_cf_historical,0.7384367945948368
ssp370_percentage_change_cf_historical,0.6595600943721762
ssp585_percentage_change_cf_historical,0.8127592167041986
