Key,Value
historical,5810405.651315535
ssp126,5849023.419273263
ssp370,5846763.138952787
ssp585,5828733.471504318
historical_percentage_change_cf_historical,0.0
ssp126_percentage_change_cf_historical,0.6646311854144635
ssp370_percentage_change_cf_historical,0.6257306256925437
ssp585_percentage_change_cf_historical,0.31543099206219055
