Key,Value
historical,11573192.045598652
ssp126,11672736.69628796
ssp370,11692590.17435438
ssp585,11694406.531316541
historical_percentage_change_cf_historical,0.0
ssp126_percentage_change_cf_historical,0.8601313302077708
ssp370_percentage_change_cf_historical,1.0316784538379413
ssp585_percentage_change_cf_historical,1.0473729740273985
