Key,Value
historical,8762447.171414873
ssp126,8839906.051629147
ssp370,8828876.133832686
ssp585,8823423.635857126
historical_percentage_change_cf_historical,0.0
ssp126_percentage_change_cf_historical,0.8839868440743665
ssp370_percentage_change_cf_historical,0.7581097051805304
ssp585_percentage_change_cf_historical,0.6958839608319971
