Key,Value
historical,11252317.513756532
ssp126,11270376.724194497
ssp370,11304967.133499216
ssp585,11299197.473767139
historical_percentage_change_cf_historical,0.0
ssp126_percentage_change_cf_historical,0.16049325319771987
ssp370_percentage_change_cf_historical,0.46790023191504526
ssp585_percentage_change_cf_historical,0.4166249304047247
