Key,Value
historical,8756938.28389768
ssp126,8806283.889642268
ssp370,8847770.340322934
ssp585,8874030.656104648
historical_percentage_change_cf_historical,0.0
ssp126_percentage_change_cf_historical,0.5635029521142815
ssp370_percentage_change_cf_historical,1.037258154397153
ssp585_percentage_change_cf_historical,1.3371382600957629
