Key,Value
historical,11484109.333651964
ssp126,11536030.073590923
ssp370,11543967.75730801
ssp585,11582755.005360324
historical_percentage_change_cf_historical,0.0
ssp126_percentage_change_cf_historical,0.4521094185930099
ssp370_percentage_change_cf_historical,0.5212282634809374
ssp585_percentage_change_cf_historical,0.8589753793034539
