Key,Value
historical,11051374.260227825
ssp126,11141719.722557433
ssp370,11103298.795626316
ssp585,11153555.971465478
historical_percentage_change_cf_historical,0.0
ssp126_percentage_change_cf_historical,0.8175043230120863
ssp370_percentage_change_cf_historical,0.4698468640715485
ssp585_percentage_change_cf_historical,0.9246063777370049
