Key,Value
historical,5775251.17879749
ssp126,5861181.088128783
ssp370,5894866.600831263
ssp585,5893781.813153058
historical_percentage_change_cf_historical,0.0
ssp126_percentage_change_cf_historical,1.4878990830176322
ssp370_percentage_change_cf_historical,2.071172635277118
ssp585_percentage_change_cf_historical,2.0523892500247674
