Key,Value
historical,10329859.041947803
ssp126,10337322.508895246
ssp370,10334668.79759089
ssp585,10384967.172111237
historical_percentage_change_cf_historical,0.0
ssp126_percentage_change_cf_historical,0.07225139198062541
ssp370_percentage_change_cf_historical,0.046561677400986504
ssp585_percentage_change_cf_historical,0.5334838543260866
