Key,Value
historical,5532530.023035299
ssp126,5584360.498344245
ssp370,5586306.251404671
ssp585,5630699.291632317
historical_percentage_change_cf_historical,0.0
ssp126_percentage_change_cf_historical,0.9368313428602183
ssp370_percentage_change_cf_historical,0.972000660556178
ssp585_percentage_change_cf_historical,1.7744010098143055
