Key,Value
historical,11071081.922403779
ssp126,11089828.337650238
ssp370,11082415.17633895
ssp585,11106696.47414424
historical_percentage_change_cf_historical,0.0
ssp126_percentage_change_cf_historical,0.16932776198252952
ssp370_percentage_change_cf_historical,0.10236807942173179
ssp585_percentage_change_cf_historical,0.32168989435794226
