Key,Value
historical,11408138.118624087
ssp126,11515837.0391465
ssp370,11505140.058666356
ssp585,11563082.255207099
historical_percentage_change_cf_historical,0.0
ssp126_percentage_change_cf_historical,0.9440534415216358
ssp370_percentage_change_cf_historical,0.8502872163154324
ssp585_percentage_change_cf_historical,1.358189522005008
