Key,Value
historical,8197684.132499688
ssp126,8292346.945657832
ssp370,8314501.465319383
ssp585,8343217.764542807
historical_percentage_change_cf_historical,0.0
ssp126_percentage_change_cf_historical,1.154750678705135
ssp370_percentage_change_cf_historical,1.425004073486715
ssp585_percentage_change_cf_historical,1.7753017765853047
