Key,Value
historical,5798071.14402084
ssp126,5857064.507596252
ssp370,5834161.145656316
ssp585,5814043.220062751
historical_percentage_change_cf_historical,0.0
ssp126_percentage_change_cf_historical,1.0174653278659378
ssp370_percentage_change_cf_historical,0.6224484098076859
ssp585_percentage_change_cf_historical,0.2754722328369954
