Key,Value
historical,11372409.774350446
ssp126,11498959.667575512
ssp370,11515647.928663233
ssp585,11487500.043332897
historical_percentage_change_cf_historical,0.0
ssp126_percentage_change_cf_historical,1.112779927350925
ssp370_percentage_change_cf_historical,1.2595233301903146
ssp585_percentage_change_cf_historical,1.012013032119439
