Key,Value
historical,11384142.694108907
ssp126,11458966.984794373
ssp370,11453075.605278738
ssp585,11448005.14873598
historical_percentage_change_cf_historical,0.0
ssp126_percentage_change_cf_historical,0.6572676809838812
ssp370_percentage_change_cf_historical,0.6055169284332871
ssp585_percentage_change_cf_historical,0.560977285185648
