Key,Value
historical,11358151.1304749
ssp126,11401895.798744667
ssp370,11422782.748592928
ssp585,11434819.423116311
historical_percentage_change_cf_historical,0.0
ssp126_percentage_change_cf_historical,0.3851389875628241
ssp370_percentage_change_cf_historical,0.5690329119201012
ssp585_percentage_change_cf_historical,0.6750068013772325
