Key,Value
historical,11403631.824291859
ssp126,11471681.48732634
ssp370,11504997.187483544
ssp585,11509408.420482103
historical_percentage_change_cf_historical,0.0
ssp126_percentage_change_cf_historical,0.5967367596832044
ssp370_percentage_change_cf_historical,0.888886670084855
ssp585_percentage_change_cf_historical,0.9275693728108628
