Key,Value
historical,11486834.97263515
ssp126,11600002.426844858
ssp370,11638565.23826894
ssp585,11646742.60148249
historical_percentage_change_cf_historical,0.0
ssp126_percentage_change_cf_historical,0.9851926529745066
ssp370_percentage_change_cf_historical,1.3209057673001632
ssp585_percentage_change_cf_historical,1.3920947696061166
