Key,Value
historical,11295388.525554081
ssp126,11408950.50633407
ssp370,11433529.868690953
ssp585,11450745.369969262
historical_percentage_change_cf_historical,0.0
ssp126_percentage_change_cf_historical,1.0053835733323573
ssp370_percentage_change_cf_historical,1.2229888580135837
ssp585_percentage_change_cf_historical,1.375400625341124
