Key,Value
historical,4568491.928812146
ssp126,4653255.368083261
ssp370,4660852.6251150295
ssp585,4663729.228516091
historical_percentage_change_cf_historical,0.0
ssp126_percentage_change_cf_historical,1.8553921204618198
ssp370_percentage_change_cf_historical,2.0216889455444007
ssp585_percentage_change_cf_historical,2.084655093802631
