Key,Value
historical,8759392.967049979
ssp126,8964926.767624393
ssp370,9018293.226059116
ssp585,9044982.960636677
historical_percentage_change_cf_historical,0.0
ssp126_percentage_change_cf_historical,2.3464388610896503
ssp370_percentage_change_cf_historical,2.955687226078763
ssp585_percentage_change_cf_historical,3.260385675822472
