Key,Value
historical,11306571.74985161
ssp126,11358177.11573356
ssp370,11375370.184057692
ssp585,11376241.839033248
historical_percentage_change_cf_historical,0.0
ssp126_percentage_change_cf_historical,0.45641921374290084
ssp370_percentage_change_cf_historical,0.6084818256867691
ssp585_percentage_change_cf_historical,0.6161911030419256
