Key,Value
historical,11324970.189709585
ssp126,11370598.962698461
ssp370,11381717.548739702
ssp585,11386376.020283666
historical_percentage_change_cf_historical,0.0
ssp126_percentage_change_cf_historical,0.4029041332959696
ssp370_percentage_change_cf_historical,0.5010817519120689
ssp585_percentage_change_cf_historical,0.5422162667578291
