Key,Value
historical,11083752.912647069
ssp126,11181313.290757801
ssp370,11119504.806174766
ssp585,11152542.486670861
historical_percentage_change_cf_historical,0.0
ssp126_percentage_change_cf_historical,0.8802106910865184
ssp370_percentage_change_cf_historical,0.322561264306995
ssp585_percentage_change_cf_historical,0.6206343155241261
