Key,Value
historical,11084048.45773931
ssp126,11087763.551764093
ssp370,11129653.857819214
ssp585,11137152.55614026
historical_percentage_change_cf_historical,0.0
ssp126_percentage_change_cf_historical,0.033517482704516495
ssp370_percentage_change_cf_historical,0.4114507461221055
ssp585_percentage_change_cf_historical,0.47910380943770686
