Key,Value
historical,11502691.39534799
ssp126,11626104.64143245
ssp370,11629230.416133985
ssp585,11712384.95410708
historical_percentage_change_cf_historical,0.0
ssp126_percentage_change_cf_historical,1.0729075643494261
ssp370_percentage_change_cf_historical,1.10008185420997
ssp585_percentage_change_cf_historical,1.8229956064360338
