Key,Value
historical,11302944.154651986
ssp126,11328286.7361081
ssp370,11356473.898097446
ssp585,11362565.023777947
historical_percentage_change_cf_historical,0.0
ssp126_percentage_change_cf_historical,0.2242122150597664
ssp370_percentage_change_cf_historical,0.4735911521196745
ssp585_percentage_change_cf_historical,0.5274808785233365
