Key,Value
historical,11318076.294553202
ssp126,11379141.24426434
ssp370,11423857.142131977
ssp585,11439885.298128413
historical_percentage_change_cf_historical,0.0
ssp126_percentage_change_cf_historical,0.5395347064458803
ssp370_percentage_change_cf_historical,0.9346186120841218
ssp585_percentage_change_cf_historical,1.076234162106079
