Key,Value
historical,11237966.620397013
ssp126,11346163.066995524
ssp370,11378468.62613979
ssp585,11379478.338357074
historical_percentage_change_cf_historical,0.0
ssp126_percentage_change_cf_historical,0.9627760096931917
ssp370_percentage_change_cf_historical,1.250244020904678
ssp585_percentage_change_cf_historical,1.2592288510914105
