Key,Value
historical,11264639.887680383
ssp126,11324330.91930477
ssp370,11347942.771906408
ssp585,11379724.00336003
historical_percentage_change_cf_historical,0.0
ssp126_percentage_change_cf_historical,0.5298973799390375
ssp370_percentage_change_cf_historical,0.7395077433156889
ssp585_percentage_change_cf_historical,1.0216404326028043
