Key,Value
historical,11308603.73950321
ssp126,11482642.453818412
ssp370,11526324.141306134
ssp585,11520612.404003099
historical_percentage_change_cf_historical,0.0
ssp126_percentage_change_cf_historical,1.5389938344664966
ssp370_percentage_change_cf_historical,1.925263337704395
ssp585_percentage_change_cf_historical,1.8747554462386864
