Key,Value
historical,5702892.267862648
ssp126,5717237.776361536
ssp370,5771244.931898084
ssp585,5722377.251141589
historical_percentage_change_cf_historical,0.0
ssp126_percentage_change_cf_historical,0.2515479483932971
ssp370_percentage_change_cf_historical,1.1985613759639413
ssp585_percentage_change_cf_historical,0.3416684440760797
