Key,Value
historical,11503213.931030327
ssp126,11608227.703565765
ssp370,11629699.233720284
ssp585,11612472.94301623
historical_percentage_change_cf_historical,0.0
ssp126_percentage_change_cf_historical,0.9129081069435676
ssp370_percentage_change_cf_historical,1.0995648994126581
ssp585_percentage_change_cf_historical,0.9498129187284928
