Key,Value
historical,5785780.666528783
ssp126,5865058.556380823
ssp370,5859538.981390696
ssp585,5921466.883271366
historical_percentage_change_cf_historical,0.0
ssp126_percentage_change_cf_historical,1.3702194124065152
ssp370_percentage_change_cf_historical,1.2748204453827836
ssp585_percentage_change_cf_historical,2.3451669629915193
