Key,Value
historical,10979882.846696261
ssp126,11087715.500632416
ssp370,11174999.013574352
ssp585,11130357.58901504
historical_percentage_change_cf_historical,0.0
ssp126_percentage_change_cf_historical,0.982092937071737
ssp370_percentage_change_cf_historical,1.7770332307033647
ssp585_percentage_change_cf_historical,1.3704585414957828
