Key,Value
historical,5690328.159115415
ssp126,5753212.771327119
ssp370,5762461.0826718025
ssp585,5764588.575002372
historical_percentage_change_cf_historical,0.0
ssp126_percentage_change_cf_historical,1.1051139838212762
ssp370_percentage_change_cf_historical,1.2676408379161173
ssp585_percentage_change_cf_historical,1.3050287050316844
