Key,Value
historical,11043168.273299467
ssp126,11157408.110113861
ssp370,11150887.536095161
ssp585,11145113.622636002
historical_percentage_change_cf_historical,0.0
ssp126_percentage_change_cf_historical,1.0344842529530862
ssp370_percentage_change_cf_historical,0.9754380276549922
ssp585_percentage_change_cf_historical,0.9231530916994314
