Key,Value
historical,11331346.446102306
ssp126,11381604.424821083
ssp370,11387520.412569437
ssp585,11405722.203373075
historical_percentage_change_cf_historical,0.0
ssp126_percentage_change_cf_historical,0.44353051032221963
ssp370_percentage_change_cf_historical,0.4957395551739867
ssp585_percentage_change_cf_historical,0.6563717526821505
