Key,Value
historical,4335558.294552468
ssp126,4386428.484437061
ssp370,4407952.852141223
ssp585,4418928.321792577
historical_percentage_change_cf_historical,0.0
ssp126_percentage_change_cf_historical,1.1733250121099752
ssp370_percentage_change_cf_historical,1.6697862805746908
ssp585_percentage_change_cf_historical,1.9229363688838461
