Key,Value
historical,5771876.059908349
ssp126,5911414.02743293
ssp370,5921577.375242544
ssp585,5953754.911003549
historical_percentage_change_cf_historical,0.0
ssp126_percentage_change_cf_historical,2.417549616039336
ssp370_percentage_change_cf_historical,2.5936335739089373
ssp585_percentage_change_cf_historical,3.15112190919234
