Key,Value
historical,11279470.069147184
ssp126,11315180.094078448
ssp370,11342008.07089675
ssp585,11348046.710778084
historical_percentage_change_cf_historical,0.0
ssp126_percentage_change_cf_historical,0.3165931086509203
ssp370_percentage_change_cf_historical,0.5544409565891439
ssp585_percentage_change_cf_historical,0.6079775132209211
