Key,Value
historical,5743058.183821395
ssp126,5811675.056897434
ssp370,5896880.927732218
ssp585,5883659.130910117
historical_percentage_change_cf_historical,0.0
ssp126_percentage_change_cf_historical,1.1947793471662538
ssp370_percentage_change_cf_historical,2.6784117274686974
ssp585_percentage_change_cf_historical,2.4481894939669084
