Key,Value
historical,11357389.318713408
ssp126,11423940.32772425
ssp370,11441202.234680997
ssp585,11489787.767443739
historical_percentage_change_cf_historical,0.0
ssp126_percentage_change_cf_historical,0.5859710109715701
ssp370_percentage_change_cf_historical,0.7379593462512718
ssp585_percentage_change_cf_historical,1.1657472066417576
