Key,Value
historical,11280656.118033547
ssp126,11380921.918623758
ssp370,11368858.626312826
ssp585,11403573.759712158
historical_percentage_change_cf_historical,0.0
ssp126_percentage_change_cf_historical,0.8888295108112022
ssp370_percentage_change_cf_historical,0.7818916502407699
ssp585_percentage_change_cf_historical,1.0896320248793996
