Key,Value
historical,8404372.216813004
ssp126,8521328.363847876
ssp370,8522071.209939178
ssp585,8616800.162392974
historical_percentage_change_cf_historical,0.0
ssp126_percentage_change_cf_historical,1.3916107475689947
ssp370_percentage_change_cf_historical,1.4004495528020142
ssp585_percentage_change_cf_historical,2.527588499174355
