Key,Value
historical,8760332.040918482
ssp126,8866805.393117398
ssp370,8845194.886366168
ssp585,8852640.971274605
historical_percentage_change_cf_historical,0.0
ssp126_percentage_change_cf_historical,1.2154031571131212
ssp370_percentage_change_cf_historical,0.9687172250013034
ssp585_percentage_change_cf_historical,1.05371497250285
