Key,Value
historical,11259591.071642468
ssp126,11309729.973448182
ssp370,11332105.924757682
ssp585,11350324.8766489
historical_percentage_change_cf_historical,0.0
ssp126_percentage_change_cf_historical,0.44529949166617355
ssp370_percentage_change_cf_historical,0.6440274131965975
ssp585_percentage_change_cf_historical,0.8058357042374882
