Key,Value
historical,11338597.792317204
ssp126,11379698.403079376
ssp370,11439018.20841965
ssp585,11433410.43496358
historical_percentage_change_cf_historical,0.0
ssp126_percentage_change_cf_historical,0.36248407003219
ssp370_percentage_change_cf_historical,0.8856511002664667
ssp585_percentage_change_cf_historical,0.8361937197438919
