Key,Value
historical,5737054.902758532
ssp126,5788285.226985294
ssp370,5820543.909675286
ssp585,5817971.974960709
historical_percentage_change_cf_historical,0.0
ssp126_percentage_change_cf_historical,0.892972528502895
ssp370_percentage_change_cf_historical,1.4552589844766897
ssp585_percentage_change_cf_historical,1.4104287578504724
