Key,Value
historical,5727021.938471798
ssp126,5758810.961571694
ssp370,5787308.640801314
ssp585,5778032.639832225
historical_percentage_change_cf_historical,0.0
ssp126_percentage_change_cf_historical,0.5550707408042356
ssp370_percentage_change_cf_historical,1.0526710562174544
ssp585_percentage_change_cf_historical,0.8907020421513973
