Key,Value
historical,10997178.826487727
ssp126,11081115.926819839
ssp370,11027870.865380706
ssp585,11079387.000328574
historical_percentage_change_cf_historical,0.0
ssp126_percentage_change_cf_historical,0.7632603020871208
ssp370_percentage_change_cf_historical,0.2790901137212953
ssp585_percentage_change_cf_historical,0.7475387564203361
