Key,Value
historical,5514888.578752028
ssp126,5596209.510881918
ssp370,5635662.105776877
ssp585,5634171.33619026
historical_percentage_change_cf_historical,0.0
ssp126_percentage_change_cf_historical,1.4745707183134416
ssp370_percentage_change_cf_historical,2.1899540725114583
ssp585_percentage_change_cf_historical,2.1629223462067633
