Key,Value
historical,8918899.01687045
ssp126,8935549.770109972
ssp370,8949571.772332447
ssp585,8941819.479808768
historical_percentage_change_cf_historical,0.0
ssp126_percentage_change_cf_historical,0.18669068018402493
ssp370_percentage_change_cf_historical,0.3439074195590475
ssp585_percentage_change_cf_historical,0.256987582155186
