Key,Value
historical,11174599.109705176
ssp126,11228485.157048848
ssp370,11265482.56607242
ssp585,11234329.586293925
historical_percentage_change_cf_historical,0.0
ssp126_percentage_change_cf_historical,0.48221906499420736
ssp370_percentage_change_cf_historical,0.8133039536810811
ssp585_percentage_change_cf_historical,0.5345200843659106
