Key,Value
historical,11259541.049836945
ssp126,11342674.841743084
ssp370,11347416.833171245
ssp585,11383740.540974032
historical_percentage_change_cf_historical,0.0
ssp126_percentage_change_cf_historical,0.7383408572176464
ssp370_percentage_change_cf_historical,0.7804561744154971
ssp585_percentage_change_cf_historical,1.1030599789756612
