Key,Value
historical,11272658.151078861
ssp126,11322505.548872016
ssp370,11306330.220985662
ssp585,11305522.506548516
historical_percentage_change_cf_historical,0.0
ssp126_percentage_change_cf_historical,0.4421973692902634
ssp370_percentage_change_cf_historical,0.29870567753869454
ssp585_percentage_change_cf_historical,0.2915404248864757
