Key,Value
historical,10359480.797237037
ssp126,10422509.127718687
ssp370,10419266.565955311
ssp585,10464802.908076886
historical_percentage_change_cf_historical,0.0
ssp126_percentage_change_cf_historical,0.6084120595933775
ssp370_percentage_change_cf_historical,0.5771116322182834
ssp585_percentage_change_cf_historical,1.0166736432190662
