Key,Value
historical,11312177.547705427
ssp126,11345050.094637241
ssp370,11338745.2265187
ssp585,11358009.53129602
historical_percentage_change_cf_historical,0.0
ssp126_percentage_change_cf_historical,0.2905943333472723
ssp370_percentage_change_cf_historical,0.2348591038394911
ssp585_percentage_change_cf_historical,0.4051561549251865
