Key,Value
historical,11476450.055173263
ssp126,11526777.082613833
ssp370,11550886.031946184
ssp585,11560622.098041993
historical_percentage_change_cf_historical,0.0
ssp126_percentage_change_cf_historical,0.4385243450598582
ssp370_percentage_change_cf_historical,0.6485975751653927
ssp585_percentage_change_cf_historical,0.7334327467472163
