Key,Value
historical,11295101.400648924
ssp126,11382319.820927816
ssp370,11446143.270102285
ssp585,11479132.62132672
historical_percentage_change_cf_historical,0.0
ssp126_percentage_change_cf_historical,0.7721791702895298
ssp370_percentage_change_cf_historical,1.3372334084994018
ssp585_percentage_change_cf_historical,1.6293011824331551
