Key,Value
historical,11504625.42907115
ssp126,11656395.586413309
ssp370,11710402.153744742
ssp585,11737566.967238836
historical_percentage_change_cf_historical,0.0
ssp126_percentage_change_cf_historical,1.3192098976003925
ssp370_percentage_change_cf_historical,1.7886434107938214
ssp585_percentage_change_cf_historical,2.0247642098721705
