Key,Value
historical,11041829.802653268
ssp126,11066771.614358824
ssp370,11061533.615140915
ssp585,11024756.07880535
historical_percentage_change_cf_historical,0.0
ssp126_percentage_change_cf_historical,0.22588476866001356
ssp370_percentage_change_cf_historical,0.17844698605037598
ssp585_percentage_change_cf_historical,-0.15462766727137495
