Key,Value
historical,5815440.622100825
ssp126,5898001.208971897
ssp370,5920374.677131394
ssp585,5934924.704256404
historical_percentage_change_cf_historical,0.0
ssp126_percentage_change_cf_historical,1.4196789587587044
ssp370_percentage_change_cf_historical,1.8044042033853853
ssp585_percentage_change_cf_historical,2.054600672930871
