Key,Value
historical,11576810.151868783
ssp126,11662945.57099529
ssp370,11687953.868293555
ssp585,11708898.779293977
historical_percentage_change_cf_historical,0.0
ssp126_percentage_change_cf_historical,0.7440341337255367
ssp370_percentage_change_cf_historical,0.9600547557293334
ssp585_percentage_change_cf_historical,1.1409760175074775
