Key,Value
historical,11529713.550009482
ssp126,11662676.597739719
ssp370,11733369.166009085
ssp585,11715577.943973964
historical_percentage_change_cf_historical,0.0
ssp126_percentage_change_cf_historical,1.1532207383428699
ssp370_percentage_change_cf_historical,1.7663545162354546
ssp585_percentage_change_cf_historical,1.6120469355834919
