Key,Value
historical,4567246.028179071
ssp126,4647574.920385353
ssp370,4669210.2817273205
ssp585,4686844.547259168
historical_percentage_change_cf_historical,0.0
ssp126_percentage_change_cf_historical,1.7588037016326208
ssp370_percentage_change_cf_historical,2.23251064031035
ssp585_percentage_change_cf_historical,2.6186134563847867
