Key,Value
historical,11373658.947806519
ssp126,11421669.53519721
ssp370,11447152.556251831
ssp585,11433917.80785584
historical_percentage_change_cf_historical,0.0
ssp126_percentage_change_cf_historical,0.42212086375203106
ssp370_percentage_change_cf_historical,0.646173837131687
ssp585_percentage_change_cf_historical,0.5298106820843572
