Key,Value
historical,11500260.257887127
ssp126,11574846.102533648
ssp370,11611859.402667895
ssp585,11584348.441420438
historical_percentage_change_cf_historical,0.0
ssp126_percentage_change_cf_historical,0.648557884551946
ssp370_percentage_change_cf_historical,0.9704053845584145
ssp585_percentage_change_cf_historical,0.731185048404808
