Key,Value
historical,8416713.553018043
ssp126,8544302.25809467
ssp370,8558953.411950016
ssp585,8550727.281239716
historical_percentage_change_cf_historical,0.0
ssp126_percentage_change_cf_historical,1.5158969623111032
ssp370_percentage_change_cf_historical,1.6899691077281533
ssp585_percentage_change_cf_historical,1.5922334457208567
