Key,Value
historical,5779668.715096107
ssp126,5760809.901672887
ssp370,5790548.324328842
ssp585,5807409.705868493
historical_percentage_change_cf_historical,0.0
ssp126_percentage_change_cf_historical,-0.32629575072291106
ssp370_percentage_change_cf_historical,0.18823932251199935
ssp585_percentage_change_cf_historical,0.4799754473803745
