Key,Value
historical,11313065.88278167
ssp126,11389906.176030666
ssp370,11411539.491134135
ssp585,11392256.899743456
historical_percentage_change_cf_historical,0.0
ssp126_percentage_change_cf_historical,0.6792172347015676
ssp370_percentage_change_cf_historical,0.8704413938076772
ssp585_percentage_change_cf_historical,0.699996073410255
