Key,Value
historical,11551673.174440319
ssp126,11611003.004227228
ssp370,11617349.623557618
ssp585,11658900.467091626
historical_percentage_change_cf_historical,0.0
ssp126_percentage_change_cf_historical,0.5136037774872755
ssp370_percentage_change_cf_historical,0.5685449036302155
ssp585_percentage_change_cf_historical,0.9282403599208652
