Key,Value
historical,10891898.474533282
ssp126,11049857.108671615
ssp370,11084471.180404443
ssp585,11024643.125098538
historical_percentage_change_cf_historical,0.0
ssp126_percentage_change_cf_historical,1.4502396850986183
ssp370_percentage_change_cf_historical,1.7680361814005323
ssp585_percentage_change_cf_historical,1.21874667557387
