Key,Value
historical,11250705.434500152
ssp126,11285646.247709814
ssp370,11269797.561891925
ssp585,11288972.565439453
historical_percentage_change_cf_historical,0.0
ssp126_percentage_change_cf_historical,0.3105655322066884
ssp370_percentage_change_cf_historical,0.16969715812865002
ssp585_percentage_change_cf_historical,0.3401309470067131
