Key,Value
historical,11529713.550009482
ssp126,11640595.43922405
ssp370,11654635.282340135
ssp585,11668656.738015117
historical_percentage_change_cf_historical,0.0
ssp126_percentage_change_cf_historical,0.96170549887145
ssp370_percentage_change_cf_historical,1.0834764609616088
ssp585_percentage_change_cf_historical,1.2050879443186275
