Key,Value
historical,11105896.064527221
ssp126,11158761.53083432
ssp370,11145145.72594551
ssp585,11162966.279218826
historical_percentage_change_cf_historical,0.0
ssp126_percentage_change_cf_historical,0.4760126152805711
ssp370_percentage_change_cf_historical,0.3534128285573849
ssp585_percentage_change_cf_historical,0.5138731207281013
