Key,Value
historical,5518265.527295528
ssp126,5550566.514710708
ssp370,5570451.78880145
ssp585,5583005.014791137
historical_percentage_change_cf_historical,0.0
ssp126_percentage_change_cf_historical,0.5853467408446753
ssp370_percentage_change_cf_historical,0.9457004424268526
ssp585_percentage_change_cf_historical,1.1731854361734038
