Key,Value
historical,11344376.074563922
ssp126,11475512.399513144
ssp370,11482830.116906326
ssp585,11506195.051983979
historical_percentage_change_cf_historical,0.0
ssp126_percentage_change_cf_historical,1.1559589005802822
ssp370_percentage_change_cf_historical,1.2204641439280395
ssp585_percentage_change_cf_historical,1.4264246562037266
