Key,Value
historical,9157836.896739058
ssp126,9193389.74079242
ssp370,9231177.535149068
ssp585,9231095.257956274
historical_percentage_change_cf_historical,0.0
ssp126_percentage_change_cf_historical,0.38822316289582853
ssp370_percentage_change_cf_historical,0.8008511096777092
ssp585_percentage_change_cf_historical,0.7999526748865952
