Key,Value
historical,5761692.619216718
ssp126,5819962.320034916
ssp370,5829648.234751163
ssp585,5850514.243978785
historical_percentage_change_cf_historical,0.0
ssp126_percentage_change_cf_historical,1.0113295635357822
ssp370_percentage_change_cf_historical,1.179438405092905
ssp585_percentage_change_cf_historical,1.5415890890434654
