Key,Value
historical,11560350.383327674
ssp126,11624162.68893547
ssp370,11614076.9766541
ssp585,11733660.706875112
historical_percentage_change_cf_historical,0.0
ssp126_percentage_change_cf_historical,0.5519928331915074
ssp370_percentage_change_cf_historical,0.46474883152252566
ssp585_percentage_change_cf_historical,1.4991788120659886
