Key,Value
historical,5503478.1184177585
ssp126,5522577.923109658
ssp370,5530126.312935848
ssp585,5522595.612703575
historical_percentage_change_cf_historical,0.0
ssp126_percentage_change_cf_historical,0.3470497071294022
ssp370_percentage_change_cf_historical,0.48420642264224373
ssp585_percentage_change_cf_historical,0.3473711328448522
