Key,Value
historical,10576403.998390818
ssp126,10669526.171806613
ssp370,10658250.5586395
ssp585,10633843.32233684
historical_percentage_change_cf_historical,0.0
ssp126_percentage_change_cf_historical,0.8804710318361832
ssp370_percentage_change_cf_historical,0.7738600025219828
ssp585_percentage_change_cf_historical,0.5430893520591762
