Key,Value
historical,5751015.470341794
ssp126,5819108.561593689
ssp370,5811355.93098601
ssp585,5847413.593316253
historical_percentage_change_cf_historical,0.0
ssp126_percentage_change_cf_historical,1.1840185720774616
ssp370_percentage_change_cf_historical,1.0492140206437175
ssp585_percentage_change_cf_historical,1.6761930735813158
