Key,Value
historical,11239686.275717929
ssp126,11325457.0021252
ssp370,11313710.015955936
ssp585,11359379.684507374
historical_percentage_change_cf_historical,0.0
ssp126_percentage_change_cf_historical,0.7631060538813155
ssp370_percentage_change_cf_historical,0.6585925836553559
ssp585_percentage_change_cf_historical,1.064917701911563
