Key,Value
historical,11297688.744303113
ssp126,11340452.054487197
ssp370,11352334.30147257
ssp585,11338052.954438169
historical_percentage_change_cf_historical,0.0
ssp126_percentage_change_cf_historical,0.3785137929706851
ssp370_percentage_change_cf_historical,0.4836879330474833
ssp585_percentage_change_cf_historical,0.3572784757006999
