Key,Value
historical,11372864.83347147
ssp126,11388627.126538893
ssp370,11408187.3465427
ssp585,11423217.481680244
historical_percentage_change_cf_historical,0.0
ssp126_percentage_change_cf_historical,0.13859562474561057
ssp370_percentage_change_cf_historical,0.31058588656810565
ssp585_percentage_change_cf_historical,0.44274374967142655
