Key,Value
historical,11516781.191888684
ssp126,11578031.171425564
ssp370,11573546.390172612
ssp585,11606306.119262561
historical_percentage_change_cf_historical,0.0
ssp126_percentage_change_cf_historical,0.5318324496780265
ssp370_percentage_change_cf_historical,0.49289117625945233
ssp585_percentage_change_cf_historical,0.777343303499849
