Key,Value
historical,11295552.37873844
ssp126,11326950.567182284
ssp370,11378081.773665333
ssp585,11388440.19030726
historical_percentage_change_cf_historical,0.0
ssp126_percentage_change_cf_historical,0.2779694820675076
ssp370_percentage_change_cf_historical,0.7306362022829201
ssp585_percentage_change_cf_historical,0.8223397002138757
