Key,Value
historical,11007382.435498167
ssp126,11037308.340103254
ssp370,10995893.904038314
ssp585,11040984.154571405
historical_percentage_change_cf_historical,0.0
ssp126_percentage_change_cf_historical,0.2718712171621983
ssp370_percentage_change_cf_historical,-0.10437114842856017
ssp585_percentage_change_cf_historical,0.30526530053933865
