Key,Value
historical,11059007.861901963
ssp126,11091564.55197592
ssp370,11111691.78133951
ssp585,11108252.35581524
historical_percentage_change_cf_historical,0.0
ssp126_percentage_change_cf_historical,0.29439069472149254
ssp370_percentage_change_cf_historical,0.47638920322175754
ssp585_percentage_change_cf_historical,0.4452885333676478
