Key,Value
historical,8165926.898972331
ssp126,8200567.251226792
ssp370,8251225.287498197
ssp585,8264574.230726972
historical_percentage_change_cf_historical,0.0
ssp126_percentage_change_cf_historical,0.42420600481766413
ssp370_percentage_change_cf_historical,1.0445646842197502
ssp585_percentage_change_cf_historical,1.2080359397664486
