Key,Value
historical,9141447.31866646
ssp126,9227707.9216408
ssp370,9221587.980957497
ssp585,9312394.369365185
historical_percentage_change_cf_historical,0.0
ssp126_percentage_change_cf_historical,0.943620850914928
ssp370_percentage_change_cf_historical,0.8766736764690749
ssp585_percentage_change_cf_historical,1.8700217234710597
