Key,Value
historical,10318634.243273236
ssp126,10405467.840298733
ssp370,10435651.681782186
ssp585,10416738.776198592
historical_percentage_change_cf_historical,0.0
ssp126_percentage_change_cf_historical,0.8415221915836789
ssp370_percentage_change_cf_historical,1.1340399877554954
ssp585_percentage_change_cf_historical,0.9507511421805747
