Key,Value
historical,11210865.116732415
ssp126,11286409.463458445
ssp370,11321179.770114027
ssp585,11329859.125125451
historical_percentage_change_cf_historical,0.0
ssp126_percentage_change_cf_historical,0.6738493946669543
ssp370_percentage_change_cf_historical,0.9839976864672609
ssp585_percentage_change_cf_historical,1.0614168233585786
