Key,Value
historical,11221580.782769725
ssp126,11289804.090709038
ssp370,11274416.568137664
ssp585,11311954.657001173
historical_percentage_change_cf_historical,0.0
ssp126_percentage_change_cf_historical,0.6079652168442028
ssp370_percentage_change_cf_historical,0.47084084132840526
ssp585_percentage_change_cf_historical,0.8053577831940911
