Key,Value
historical,11554220.300694063
ssp126,11580844.966678787
ssp370,11580736.47769084
ssp585,11569715.805405084
historical_percentage_change_cf_historical,0.0
ssp126_percentage_change_cf_historical,0.23043238999973345
ssp370_percentage_change_cf_historical,0.22949343449149923
ssp585_percentage_change_cf_historical,0.1341112105166449
