Key,Value
historical,11302423.65726459
ssp126,11373857.423630027
ssp370,11425929.64442912
ssp585,11443610.129614484
historical_percentage_change_cf_historical,0.0
ssp126_percentage_change_cf_historical,0.632021666605313
ssp370_percentage_change_cf_historical,1.0927389638694531
ssp585_percentage_change_cf_historical,1.2491698827724107
