Key,Value
historical,11227781.831236437
ssp126,11315486.679183014
ssp370,11373793.933323741
ssp585,11382894.560626928
historical_percentage_change_cf_historical,0.0
ssp126_percentage_change_cf_historical,0.7811413622464238
ssp370_percentage_change_cf_historical,1.3004536807180258
ssp585_percentage_change_cf_historical,1.3815082241708407
