Key,Value
historical,5795153.023290658
ssp126,5834346.7990743555
ssp370,5870776.966574321
ssp585,5914704.210336998
historical_percentage_change_cf_historical,0.0
ssp126_percentage_change_cf_historical,0.6763199457577354
ssp370_percentage_change_cf_historical,1.3049516204271117
ssp585_percentage_change_cf_historical,2.0629513416792413
