Key,Value
historical,11258532.931246577
ssp126,11314645.067183143
ssp370,11326973.193954809
ssp585,11360150.589059835
historical_percentage_change_cf_historical,0.0
ssp126_percentage_change_cf_historical,0.49839651648425565
ssp370_percentage_change_cf_historical,0.6078968114778512
ssp585_percentage_change_cf_historical,0.9025834754298406
