Key,Value
historical,9144788.53272429
ssp126,9233437.234987853
ssp370,9250120.498282623
ssp585,9241994.680608563
historical_percentage_change_cf_historical,0.0
ssp126_percentage_change_cf_historical,0.9693904013891382
ssp370_percentage_change_cf_historical,1.151825055127374
ssp585_percentage_change_cf_historical,1.0629676950585054
