Key,Value
historical,11298830.613320224
ssp126,11347717.258546494
ssp370,11368255.442267865
ssp585,11352992.045459606
historical_percentage_change_cf_historical,0.0
ssp126_percentage_change_cf_historical,0.4326699540803573
ssp370_percentage_change_cf_historical,0.6144426031645772
ssp585_percentage_change_cf_historical,0.4793543154415528
