Key,Value
historical,11327581.16582678
ssp126,11421507.954304606
ssp370,11527485.043415677
ssp585,11522458.43664396
historical_percentage_change_cf_historical,0.0
ssp126_percentage_change_cf_historical,0.829186629544397
ssp370_percentage_change_cf_historical,1.7647534337866335
ssp585_percentage_change_cf_historical,1.72037849885453
