Key,Value
historical,5743058.183821395
ssp126,5826406.599559054
ssp370,5838408.098063014
ssp585,5826692.439500682
historical_percentage_change_cf_historical,0.0
ssp126_percentage_change_cf_historical,1.4512897670522855
ssp370_percentage_change_cf_historical,1.6602637687047457
ssp585_percentage_change_cf_historical,1.4562669052333597
