Key,Value
historical,5524225.46139679
ssp126,5561196.921232592
ssp370,5569713.517457836
ssp585,5578358.595017143
historical_percentage_change_cf_historical,0.0
ssp126_percentage_change_cf_historical,0.6692605161421858
ssp370_percentage_change_cf_historical,0.8234286666776383
ssp585_percentage_change_cf_historical,0.9799225972696817
