Key,Value
historical,11610176.951166444
ssp126,11707141.384877475
ssp370,11708333.687982071
ssp585,11715402.608922701
historical_percentage_change_cf_historical,0.0
ssp126_percentage_change_cf_historical,0.8351675785724325
ssp370_percentage_change_cf_historical,0.8454370439699984
ssp585_percentage_change_cf_historical,0.9063226012734118
