Key,Value
historical,11343506.020185797
ssp126,11396950.682277782
ssp370,11397668.47017955
ssp585,11443373.052740397
historical_percentage_change_cf_historical,0.0
ssp126_percentage_change_cf_historical,0.47114765044317375
ssp370_percentage_change_cf_historical,0.477475393386944
ssp585_percentage_change_cf_historical,0.8803894702121793
