Key,Value
historical,11395612.06318276
ssp126,11508909.010927688
ssp370,11559980.17930996
ssp585,11588070.615536917
historical_percentage_change_cf_historical,0.0
ssp126_percentage_change_cf_historical,0.9942155552220932
ssp370_percentage_change_cf_historical,1.4423807621377813
ssp585_percentage_change_cf_historical,1.688882977825799
