Key,Value
historical,8677780.803572778
ssp126,8704501.83376947
ssp370,8703848.64223735
ssp585,8710698.852250516
historical_percentage_change_cf_historical,0.0
ssp126_percentage_change_cf_historical,0.307924696434961
ssp370_percentage_change_cf_historical,0.30039752391348895
ssp585_percentage_change_cf_historical,0.37933717643785014
