Key,Value
historical,11314524.388426922
ssp126,11375671.80328511
ssp370,11384550.327884993
ssp585,11390903.47540064
historical_percentage_change_cf_historical,0.0
ssp126_percentage_change_cf_historical,0.5404329228432545
ssp370_percentage_change_cf_historical,0.6189030758526312
ssp585_percentage_change_cf_historical,0.6750534476892542
