Key,Value
historical,11175060.001641672
ssp126,11237210.457968377
ssp370,11245467.393042518
ssp585,11211646.38439754
historical_percentage_change_cf_historical,0.0
ssp126_percentage_change_cf_historical,0.5561532226008116
ssp370_percentage_change_cf_historical,0.6300403880650531
ssp585_percentage_change_cf_historical,0.32739316612611846
