Key,Value
historical,8169858.4664779585
ssp126,8171871.5462209685
ssp370,8181417.529495742
ssp585,8168445.387894938
historical_percentage_change_cf_historical,0.0
ssp126_percentage_change_cf_historical,0.024640325793524237
ssp370_percentage_change_cf_historical,0.14148425049481694
ssp585_percentage_change_cf_historical,-0.017296243121209146
