Key,Value
historical,11268720.94761891
ssp126,11325981.721567525
ssp370,11325909.774106095
ssp585,11321518.388325812
historical_percentage_change_cf_historical,0.0
ssp126_percentage_change_cf_historical,0.508139071104735
ssp370_percentage_change_cf_historical,0.5075006005829746
ssp585_percentage_change_cf_historical,0.46853090916284745
