Key,Value
historical,8174006.121264087
ssp126,8231315.557571217
ssp370,8239591.225481496
ssp585,8249334.914324321
historical_percentage_change_cf_historical,0.0
ssp126_percentage_change_cf_historical,0.7011180987257157
ssp370_percentage_change_cf_historical,0.8023618192160908
ssp585_percentage_change_cf_historical,0.9215651657547871
