Key,Value
historical,11268139.081303632
ssp126,11309039.214388117
ssp370,11355087.168193096
ssp585,11371125.599466246
historical_percentage_change_cf_historical,0.0
ssp126_percentage_change_cf_historical,0.36297149679619944
ssp370_percentage_change_cf_historical,0.7716277396125751
ssp585_percentage_change_cf_historical,0.9139620785608819
