Key,Value
historical,11310823.015402537
ssp126,11437242.333574407
ssp370,11444337.9627182
ssp585,11417930.71607709
historical_percentage_change_cf_historical,0.0
ssp126_percentage_change_cf_historical,1.1176845221582743
ssp370_percentage_change_cf_historical,1.18041761535698
ssp585_percentage_change_cf_historical,0.9469487810807253
