Key,Value
historical,8386928.071323684
ssp126,8519797.532853127
ssp370,8582302.421452507
ssp585,8577309.44398675
historical_percentage_change_cf_historical,0.0
ssp126_percentage_change_cf_historical,1.584244676948466
ssp370_percentage_change_cf_historical,2.3295102624862216
ssp585_percentage_change_cf_historical,2.2699774106089063
