Key,Value
historical,11258182.941187136
ssp126,11367602.09695794
ssp370,11376848.57105757
ssp585,11363989.485876657
historical_percentage_change_cf_historical,0.0
ssp126_percentage_change_cf_historical,0.97190777892322
ssp370_percentage_change_cf_historical,1.0540389198713846
ssp585_percentage_change_cf_historical,0.9398190209046672
