Key,Value
historical,10942948.826600254
ssp126,11001523.476708518
ssp370,10999105.8303596
ssp585,10981449.951252956
historical_percentage_change_cf_historical,0.0
ssp126_percentage_change_cf_historical,0.5352729966705206
ssp370_percentage_change_cf_historical,0.5131798078305893
ssp585_percentage_change_cf_historical,0.35183500592740924
