Key,Value
historical,11222600.215764187
ssp126,11346302.790059503
ssp370,11407884.130047578
ssp585,11412113.70119778
historical_percentage_change_cf_historical,0.0
ssp126_percentage_change_cf_historical,1.1022630399107782
ssp370_percentage_change_cf_historical,1.6509891711470401
ssp585_percentage_change_cf_historical,1.6886771495912969
