Key,Value
historical,11339662.594990112
ssp126,11414077.774157427
ssp370,11422209.391138665
ssp585,11428445.315190913
historical_percentage_change_cf_historical,0.0
ssp126_percentage_change_cf_historical,0.6562380365725534
ssp370_percentage_change_cf_historical,0.7279475509705452
ssp585_percentage_change_cf_historical,0.7829396991055596
