Key,Value
historical,11109011.261846278
ssp126,11211978.098114893
ssp370,11236272.12890638
ssp585,11227544.458460484
historical_percentage_change_cf_historical,0.0
ssp126_percentage_change_cf_historical,0.9268766935384514
ssp370_percentage_change_cf_historical,1.1455642996526427
ssp585_percentage_change_cf_historical,1.0670004181317756
