Key,Value
historical,5763016.074703661
ssp126,5807252.923799997
ssp370,5800418.840197828
ssp585,5832411.416131157
historical_percentage_change_cf_historical,0.0
ssp126_percentage_change_cf_historical,0.7675989190887533
ssp370_percentage_change_cf_historical,0.6490137283903057
ssp585_percentage_change_cf_historical,1.204149711330885
