Key,Value
historical,11232248.574158438
ssp126,11281857.22791073
ssp370,11274825.535105333
ssp585,11325855.489274595
historical_percentage_change_cf_historical,0.0
ssp126_percentage_change_cf_historical,0.44166271272186874
ssp370_percentage_change_cf_historical,0.3790599955635794
ssp585_percentage_change_cf_historical,0.8333764561756128
