Key,Value
historical,11270257.007034449
ssp126,11271384.910287093
ssp370,11279750.34547687
ssp585,11268617.163675563
historical_percentage_change_cf_historical,0.0
ssp126_percentage_change_cf_historical,0.010007786441253929
ssp370_percentage_change_cf_historical,0.08423355773071742
ssp585_percentage_change_cf_historical,-0.014550186014941553
