Key,Value
historical,11308375.1579919
ssp126,11419844.041577782
ssp370,11403722.232458645
ssp585,11448766.137437787
historical_percentage_change_cf_historical,0.0
ssp126_percentage_change_cf_historical,0.9857197168339925
ssp370_percentage_change_cf_historical,0.8431545039373958
ssp585_percentage_change_cf_historical,1.2414779089343357
