Key,Value
historical,11319101.553936344
ssp126,11343097.938754015
ssp370,11355398.802513406
ssp585,11365214.149172693
historical_percentage_change_cf_historical,0.0
ssp126_percentage_change_cf_historical,0.21199902398018525
ssp370_percentage_change_cf_historical,0.3206725233809681
ssp585_percentage_change_cf_historical,0.40738741512848853
