Key,Value
historical,11280528.105886929
ssp126,11331338.492126543
ssp370,11345954.257859364
ssp585,11357840.049207864
historical_percentage_change_cf_historical,0.0
ssp126_percentage_change_cf_historical,0.4504255985417749
ssp370_percentage_change_cf_historical,0.5799919237672189
ssp585_percentage_change_cf_historical,0.685357481451503
