Key,Value
historical,5509880.283270074
ssp126,5586048.0889389645
ssp370,5600595.535916123
ssp585,5614048.65370192
historical_percentage_change_cf_historical,0.0
ssp126_percentage_change_cf_historical,1.382385855100384
ssp370_percentage_change_cf_historical,1.64641059301219
ssp585_percentage_change_cf_historical,1.890574115523665
