Key,Value
historical,5734417.699485609
ssp126,5795525.63159514
ssp370,5817099.6280694045
ssp585,5820288.774027446
historical_percentage_change_cf_historical,0.0
ssp126_percentage_change_cf_historical,1.0656344778478997
ssp370_percentage_change_cf_historical,1.4418539582704617
ssp585_percentage_change_cf_historical,1.4974680785729964
