Key,Value
historical,5525480.735514669
ssp126,5577926.236321684
ssp370,5631618.954687002
ssp585,5628662.465248501
historical_percentage_change_cf_historical,0.0
ssp126_percentage_change_cf_historical,0.9491572465346801
ssp370_percentage_change_cf_historical,1.9208866025020568
ssp585_percentage_change_cf_historical,1.8673801370917522
