Key,Value
historical,11079242.558492314
ssp126,11112055.337563831
ssp370,11170937.859233167
ssp585,11200549.480391651
historical_percentage_change_cf_historical,0.0
ssp126_percentage_change_cf_historical,0.2961644615891731
ssp370_percentage_change_cf_historical,0.8276314942718525
ssp585_percentage_change_cf_historical,1.0949026637778116
