Key,Value
historical,8432705.75308772
ssp126,8590128.828682376
ssp370,8628295.699420772
ssp585,8658804.546178496
historical_percentage_change_cf_historical,0.0
ssp126_percentage_change_cf_historical,1.8668157078410346
ssp370_percentage_change_cf_historical,2.3194209789833513
ssp585_percentage_change_cf_historical,2.6812128836344997
