Key,Value
historical,9485325.114616387
ssp126,9599389.413782023
ssp370,9665332.24469043
ssp585,9675331.502526347
historical_percentage_change_cf_historical,0.0
ssp126_percentage_change_cf_historical,1.2025344180334865
ssp370_percentage_change_cf_historical,1.8977433867465576
ssp585_percentage_change_cf_historical,2.0031615744743445
