Key,Value
historical,11344376.074563922
ssp126,11519580.062143445
ssp370,11596996.130967803
ssp585,11619406.57344206
historical_percentage_change_cf_historical,0.0
ssp126_percentage_change_cf_historical,1.544412724225184
ssp370_percentage_change_cf_historical,2.226830763926271
ssp585_percentage_change_cf_historical,2.424377480704335
