Key,Value
historical,11243029.389080044
ssp126,11318121.111993305
ssp370,11319983.23155196
ssp585,11352136.028527033
historical_percentage_change_cf_historical,0.0
ssp126_percentage_change_cf_historical,0.6678958162841363
ssp370_percentage_change_cf_historical,0.6844582523875529
ssp585_percentage_change_cf_historical,0.9704380880918101
