Key,Value
historical,8229132.002913855
ssp126,8317415.952416969
ssp370,8317814.618418804
ssp585,8334288.633964831
historical_percentage_change_cf_historical,0.0
ssp126_percentage_change_cf_historical,1.0728221332681742
ssp370_percentage_change_cf_historical,1.0776667025580307
ssp585_percentage_change_cf_historical,1.2778581144857204
