Key,Value
historical,11098824.242839975
ssp126,11208254.472264534
ssp370,11200737.207236335
ssp585,11175844.763586346
historical_percentage_change_cf_historical,0.0
ssp126_percentage_change_cf_historical,0.9859623598882893
ssp370_percentage_change_cf_historical,0.9182320772590399
ssp585_percentage_change_cf_historical,0.6939520715093576
