Key,Value
historical,11515776.348352477
ssp126,11649848.95204135
ssp370,11701820.119010651
ssp585,11754128.76952598
historical_percentage_change_cf_historical,0.0
ssp126_percentage_change_cf_historical,1.1642515418255293
ssp370_percentage_change_cf_historical,1.6155556085004308
ssp585_percentage_change_cf_historical,2.0697902943174467
