Key,Value
historical,11248392.909465315
ssp126,11306494.174990963
ssp370,11321635.627577817
ssp585,11303730.952860197
historical_percentage_change_cf_historical,0.0
ssp126_percentage_change_cf_historical,0.5165294810848688
ssp370_percentage_change_cf_historical,0.6511394001081688
ssp585_percentage_change_cf_historical,0.4919639973486016
