Key,Value
historical,11308228.964315705
ssp126,11350667.316919766
ssp370,11356985.07468016
ssp585,11358943.791052746
historical_percentage_change_cf_historical,0.0
ssp126_percentage_change_cf_historical,0.37528734816017617
ssp370_percentage_change_cf_historical,0.43115602379745505
ssp585_percentage_change_cf_historical,0.44847718327137326
