Key,Value
historical,11236001.487297678
ssp126,11309296.872564316
ssp370,11305043.968388926
ssp585,11286789.155917
historical_percentage_change_cf_historical,0.0
ssp126_percentage_change_cf_historical,0.6523262332200472
ssp370_percentage_change_cf_historical,0.6144755424721199
ssp585_percentage_change_cf_historical,0.45200838284631073
