Key,Value
historical,11024179.625394322
ssp126,11096493.33313756
ssp370,11046247.037074959
ssp585,11086433.267482594
historical_percentage_change_cf_historical,0.0
ssp126_percentage_change_cf_historical,0.6559554561018147
ssp370_percentage_change_cf_historical,0.20017282401498968
ssp585_percentage_change_cf_historical,0.5647009047718138
