Key,Value
historical,11304539.51631349
ssp126,11340421.322851386
ssp370,11352239.692406904
ssp585,11350512.92949624
historical_percentage_change_cf_historical,0.0
ssp126_percentage_change_cf_historical,0.31741059851324016
ssp370_percentage_change_cf_historical,0.4219559410144808
ssp585_percentage_change_cf_historical,0.40668098967150745
