Key,Value
historical,11286994.93481939
ssp126,11325997.314841893
ssp370,11342894.117553996
ssp585,11321148.782382118
historical_percentage_change_cf_historical,0.0
ssp126_percentage_change_cf_historical,0.34555149752202435
ssp370_percentage_change_cf_historical,0.4952530151507618
ssp585_percentage_change_cf_historical,0.3025946920323923
