Key,Value
historical,11333360.738543924
ssp126,11324056.653721664
ssp370,11334219.640750764
ssp585,11311285.27953491
historical_percentage_change_cf_historical,0.0
ssp126_percentage_change_cf_historical,-0.08209466756508807
ssp370_percentage_change_cf_historical,0.0075785305581858925
ssp585_percentage_change_cf_historical,-0.19478299083816383
