Key,Value
historical,11540320.960514003
ssp126,11647489.278160432
ssp370,11710083.391332293
ssp585,11700019.607601017
historical_percentage_change_cf_historical,0.0
ssp126_percentage_change_cf_historical,0.9286424356230011
ssp370_percentage_change_cf_historical,1.4710373428879775
ssp585_percentage_change_cf_historical,1.3838319370269958
