Key,Value
historical,4544805.209500444
ssp126,4598930.697636521
ssp370,4594344.675687385
ssp585,4611628.967547798
historical_percentage_change_cf_historical,0.0
ssp126_percentage_change_cf_historical,1.1909308681246356
ssp370_percentage_change_cf_historical,1.090023970298739
ssp585_percentage_change_cf_historical,1.47033271981966
