Key,Value
historical,8257995.180908562
ssp126,8320549.679756364
ssp370,8323482.360278012
ssp585,8308573.082645044
historical_percentage_change_cf_historical,0.0
ssp126_percentage_change_cf_historical,0.7575022445208038
ssp370_percentage_change_cf_historical,0.7930154708838849
ssp585_percentage_change_cf_historical,0.6124719211923464
