Key,Value
historical,5740513.338225565
ssp126,5783650.963110405
ssp370,5800593.780021609
ssp585,5801445.515327121
historical_percentage_change_cf_historical,0.0
ssp126_percentage_change_cf_historical,0.7514593616147621
ssp370_percentage_change_cf_historical,1.0466039926424977
ssp585_percentage_change_cf_historical,1.0614412598924612
