Key,Value
historical,11125344.895415287
ssp126,11155190.24834822
ssp370,11160887.70378689
ssp585,11180779.44383542
historical_percentage_change_cf_historical,0.0
ssp126_percentage_change_cf_historical,0.26826451865983064
ssp370_percentage_change_cf_historical,0.31947601360429445
ssp585_percentage_change_cf_historical,0.49827262832074026
