Key,Value
historical,5527920.397322004
ssp126,5543849.114823153
ssp370,5556518.175515037
ssp585,5565087.252442476
historical_percentage_change_cf_historical,0.0
ssp126_percentage_change_cf_historical,0.28815026911143954
ssp370_percentage_change_cf_historical,0.5173333937096393
ssp585_percentage_change_cf_historical,0.6723478713347258
