Key,Value
historical,5758937.845438875
ssp126,5835708.494625917
ssp370,5834946.239755645
ssp585,5868821.458643977
historical_percentage_change_cf_historical,0.0
ssp126_percentage_change_cf_historical,1.3330695910851758
ssp370_percentage_change_cf_historical,1.319833558838795
ssp585_percentage_change_cf_historical,1.908053466701851
