Key,Value
historical,11130004.427880766
ssp126,11224958.030341715
ssp370,11173030.602890996
ssp585,11252076.300397174
historical_percentage_change_cf_historical,0.0
ssp126_percentage_change_cf_historical,0.8531317581787218
ssp370_percentage_change_cf_historical,0.38657823803240743
ssp585_percentage_change_cf_historical,1.096781886363112
