Key,Value
historical,11374568.934758266
ssp126,11447563.542887932
ssp370,11434649.510768188
ssp585,11421416.219058692
historical_percentage_change_cf_historical,0.0
ssp126_percentage_change_cf_historical,0.6417351597967748
ssp370_percentage_change_cf_historical,0.5282009046191478
ssp585_percentage_change_cf_historical,0.4118598653639583
