Key,Value
historical,10635478.986218711
ssp126,10674903.200777775
ssp370,10693931.040159227
ssp585,10695534.579951623
historical_percentage_change_cf_historical,0.0
ssp126_percentage_change_cf_historical,0.37068583944501793
ssp370_percentage_change_cf_historical,0.5495949361214219
ssp585_percentage_change_cf_historical,0.5646722052737936
