Key,Value
historical,11273545.59533613
ssp126,11347118.839851588
ssp370,11427130.293006245
ssp585,11429132.808321025
historical_percentage_change_cf_historical,0.0
ssp126_percentage_change_cf_historical,0.6526185031432826
ssp370_percentage_change_cf_historical,1.3623460017197535
ssp585_percentage_change_cf_historical,1.3801089610110047
