Key,Value
historical,11548577.6619215
ssp126,11620694.586572658
ssp370,11610407.481674433
ssp585,11647379.639181009
historical_percentage_change_cf_historical,0.0
ssp126_percentage_change_cf_historical,0.624465858587471
ssp370_percentage_change_cf_historical,0.5353890458458931
ssp585_percentage_change_cf_historical,0.855533730229686
