Key,Value
historical,11295838.891135676
ssp126,11381193.15210292
ssp370,11378305.01980191
ssp585,11384021.228768934
historical_percentage_change_cf_historical,0.0
ssp126_percentage_change_cf_historical,0.7556256935837193
ssp370_percentage_change_cf_historical,0.7300575854613857
ssp585_percentage_change_cf_historical,0.780662140130718
