Key,Value
historical,11335637.568452567
ssp126,11420969.760519274
ssp370,11429477.130248241
ssp585,11422167.077467067
historical_percentage_change_cf_historical,0.0
ssp126_percentage_change_cf_historical,0.75277805550337
ssp370_percentage_change_cf_historical,0.8278278237902796
ssp585_percentage_change_cf_historical,0.7633404693117097
