Key,Value
historical,11233158.252694698
ssp126,11284598.355297014
ssp370,11282443.951702055
ssp585,11266468.174148595
historical_percentage_change_cf_historical,0.0
ssp126_percentage_change_cf_historical,0.45793089926402675
ssp370_percentage_change_cf_historical,0.43875193332679613
ssp585_percentage_change_cf_historical,0.29653211238171834
