Key,Value
historical,8404109.565063907
ssp126,8491695.134617686
ssp370,8530740.690029442
ssp585,8542781.823060483
historical_percentage_change_cf_historical,0.0
ssp126_percentage_change_cf_historical,1.0421754842163746
ssp370_percentage_change_cf_historical,1.5067762263826763
ssp585_percentage_change_cf_historical,1.6500529523441714
