Key,Value
historical,11078561.804331843
ssp126,11067120.792479672
ssp370,11102913.669524493
ssp585,11101304.320538575
historical_percentage_change_cf_historical,0.0
ssp126_percentage_change_cf_historical,-0.10327163447964614
ssp370_percentage_change_cf_historical,0.219810708490411
ssp585_percentage_change_cf_historical,0.20528401256776344
