Key,Value
historical,11509523.864371367
ssp126,11589859.973689161
ssp370,11620849.025977632
ssp585,11642393.179448504
historical_percentage_change_cf_historical,0.0
ssp126_percentage_change_cf_historical,0.6979968091163281
ssp370_percentage_change_cf_historical,0.967243848817074
ssp585_percentage_change_cf_historical,1.154429293886297
