Key,Value
historical,11513179.542884579
ssp126,11592059.279579662
ssp370,11631197.478981461
ssp585,11608978.018616889
historical_percentage_change_cf_historical,0.0
ssp126_percentage_change_cf_historical,0.6851255676268198
ssp370_percentage_change_cf_historical,1.0250681460954056
ssp585_percentage_change_cf_historical,0.8320766246672101
