Key,Value
historical,11537560.463377263
ssp126,11628783.52140294
ssp370,11668869.494814422
ssp585,11664737.153037474
historical_percentage_change_cf_historical,0.0
ssp126_percentage_change_cf_historical,0.7906615814949675
ssp370_percentage_change_cf_historical,1.1381004836677748
ssp585_percentage_change_cf_historical,1.1022840579158544
