Key,Value
historical,5737054.902758532
ssp126,5793064.274560832
ssp370,5822319.749176649
ssp585,5819216.385206759
historical_percentage_change_cf_historical,0.0
ssp126_percentage_change_cf_historical,0.9762739376150886
ssp370_percentage_change_cf_historical,1.4862128367835474
ssp585_percentage_change_cf_historical,1.4321195080200695
