Key,Value
historical,11519851.410688601
ssp126,11587785.91604143
ssp370,11581089.544446057
ssp585,11590738.445374884
historical_percentage_change_cf_historical,0.0
ssp126_percentage_change_cf_historical,0.5897168542451526
ssp370_percentage_change_cf_historical,0.531587878821388
ssp585_percentage_change_cf_historical,0.6153467797380643
