Key,Value
historical,11327876.39985612
ssp126,11366753.729129625
ssp370,11362491.956582047
ssp585,11375172.207747709
historical_percentage_change_cf_historical,0.0
ssp126_percentage_change_cf_historical,0.3432005073254413
ssp370_percentage_change_cf_historical,0.30557851713818457
ssp585_percentage_change_cf_historical,0.4175169839617016
