Key,Value
historical,11324769.991049673
ssp126,11373624.91761745
ssp370,11387235.13291452
ssp585,11426914.393180806
historical_percentage_change_cf_historical,0.0
ssp126_percentage_change_cf_historical,0.43139884171058424
ssp370_percentage_change_cf_historical,0.5515797840858188
ssp585_percentage_change_cf_historical,0.9019556442370199
