Key,Value
historical,11548225.604001628
ssp126,11665348.469449922
ssp370,11717939.395110391
ssp585,11737531.841588514
historical_percentage_change_cf_historical,0.0
ssp126_percentage_change_cf_historical,1.0142065929826434
ssp370_percentage_change_cf_historical,1.4696092449904559
ssp585_percentage_change_cf_historical,1.6392668802840873
