Key,Value
historical,9014986.44055343
ssp126,9113315.396779466
ssp370,9131789.471946007
ssp585,9145452.151270574
historical_percentage_change_cf_historical,0.0
ssp126_percentage_change_cf_historical,1.090727721826718
ssp370_percentage_change_cf_historical,1.295653988642113
ssp585_percentage_change_cf_historical,1.4472091730526684
