Key,Value
historical,11273919.89651445
ssp126,11356485.342353992
ssp370,11403408.569598313
ssp585,11449655.345191037
historical_percentage_change_cf_historical,0.0
ssp126_percentage_change_cf_historical,0.7323579251709036
ssp370_percentage_change_cf_historical,1.1485683264779811
ssp585_percentage_change_cf_historical,1.5587785818038322
