Key,Value
historical,11083752.912647069
ssp126,11117654.548901426
ssp370,11153327.157057798
ssp585,11098177.734970434
historical_percentage_change_cf_historical,0.0
ssp126_percentage_change_cf_historical,0.3058678456795429
ssp370_percentage_change_cf_historical,0.6277137803328477
ssp585_percentage_change_cf_historical,0.13014384601542098
