Key,Value
historical,11509002.090563025
ssp126,11636025.989682768
ssp370,11682971.28539643
ssp585,11658779.628489178
historical_percentage_change_cf_historical,0.0
ssp126_percentage_change_cf_historical,1.103691685171361
ssp370_percentage_change_cf_historical,1.5115923471423633
ssp585_percentage_change_cf_historical,1.3013946539202095
