Key,Value
historical,11326722.048319805
ssp126,11390139.969297223
ssp370,11388644.633057397
ssp585,11386549.715866983
historical_percentage_change_cf_historical,0.0
ssp126_percentage_change_cf_historical,0.5598965058635365
ssp370_percentage_change_cf_historical,0.5466946612923814
ssp585_percentage_change_cf_historical,0.5281993086080213
