Key,Value
historical,11496466.045623481
ssp126,11659856.893841267
ssp370,11713981.358490508
ssp585,11701286.755197974
historical_percentage_change_cf_historical,0.0
ssp126_percentage_change_cf_historical,1.4212267280168727
ssp370_percentage_change_cf_historical,1.8920189213261003
ssp585_percentage_change_cf_historical,1.781597133951129
