Key,Value
historical,5770974.889295187
ssp126,5842022.844220102
ssp370,5840961.241167661
ssp585,5809550.55320637
historical_percentage_change_cf_historical,0.0
ssp126_percentage_change_cf_historical,1.231125698652834
ssp370_percentage_change_cf_historical,1.212730140314671
ssp585_percentage_change_cf_historical,0.6684427614256113
