Key,Value
historical,11105896.064527221
ssp126,11158761.53083432
ssp370,11164844.559919726
ssp585,11181774.428873865
historical_percentage_change_cf_historical,0.0
ssp126_percentage_change_cf_historical,0.4760126152805711
ssp370_percentage_change_cf_historical,0.5307855849721976
ssp585_percentage_change_cf_historical,0.6832259540858044
