Key,Value
historical,11293289.720140286
ssp126,11326064.602897473
ssp370,11338425.872324511
ssp585,11341420.03957948
historical_percentage_change_cf_historical,0.0
ssp126_percentage_change_cf_historical,0.290215548962112
ssp370_percentage_change_cf_historical,0.3996723125213947
ssp585_percentage_change_cf_historical,0.42618511197282216
