Key,Value
historical,11006268.923640199
ssp126,11034522.253186088
ssp370,11000806.48805743
ssp585,11048531.139054518
historical_percentage_change_cf_historical,0.0
ssp126_percentage_change_cf_historical,0.2567021553071827
ssp370_percentage_change_cf_historical,-0.04963022092832467
ssp585_percentage_change_cf_historical,0.3839831255035466
