Key,Value
historical,11288713.637365658
ssp126,11364635.246999998
ssp370,11393876.534503354
ssp585,11400235.701409921
historical_percentage_change_cf_historical,0.0
ssp126_percentage_change_cf_historical,0.6725443843578349
ssp370_percentage_change_cf_historical,0.9315755587032218
ssp585_percentage_change_cf_historical,0.98790763612893
