Key,Value
historical,11294747.383918453
ssp126,11346064.56788262
ssp370,11385994.035143372
ssp585,11393973.99452948
historical_percentage_change_cf_historical,0.0
ssp126_percentage_change_cf_historical,0.45434556630485234
ssp370_percentage_change_cf_historical,0.8078680126554785
ssp585_percentage_change_cf_historical,0.8785199636452844
