Key,Value
historical,11346282.436697703
ssp126,11398239.366643857
ssp370,11417137.25367371
ssp585,11443955.01985433
historical_percentage_change_cf_historical,0.0
ssp126_percentage_change_cf_historical,0.4579202944755555
ssp370_percentage_change_cf_historical,0.6244760552305547
ssp585_percentage_change_cf_historical,0.8608333496152062
