Key,Value
historical,11260411.431344619
ssp126,11336756.828218631
ssp370,11358672.274167236
ssp585,11399424.151261946
historical_percentage_change_cf_historical,0.0
ssp126_percentage_change_cf_historical,0.6779982893120268
ssp370_percentage_change_cf_historical,0.872622136604146
ssp585_percentage_change_cf_historical,1.2345261162515755
