Key,Value
historical,11482641.289846253
ssp126,11606205.719648607
ssp370,11663375.867188655
ssp585,11660742.873304643
historical_percentage_change_cf_historical,0.0
ssp126_percentage_change_cf_historical,1.0760976214733682
ssp370_percentage_change_cf_historical,1.5739808706052694
ssp585_percentage_change_cf_historical,1.5510506595366682
