Key,Value
historical,11004021.56739476
ssp126,11037379.2670739
ssp370,11054373.141685082
ssp585,11016573.870172065
historical_percentage_change_cf_historical,0.0
ssp126_percentage_change_cf_historical,0.3031409878183068
ssp370_percentage_change_cf_historical,0.45757429665092025
ssp585_percentage_change_cf_historical,0.11407013972508095
