Key,Value
historical,9207255.670434453
ssp126,9292493.976994764
ssp370,9282360.030276854
ssp585,9281533.053107493
historical_percentage_change_cf_historical,0.0
ssp126_percentage_change_cf_historical,0.9257732120334334
ssp370_percentage_change_cf_historical,0.8157084209529409
ssp585_percentage_change_cf_historical,0.8067266222611064
