Key,Value
historical,11526607.263771614
ssp126,11562871.71860371
ssp370,11577325.21086169
ssp585,11602459.351050036
historical_percentage_change_cf_historical,0.0
ssp126_percentage_change_cf_historical,0.31461516821238156
ssp370_percentage_change_cf_historical,0.44000759225556274
ssp585_percentage_change_cf_historical,0.6580608286778954
