Key,Value
historical,10635478.986218711
ssp126,10732221.104927678
ssp370,10750586.946506634
ssp585,10750781.541457515
historical_percentage_change_cf_historical,0.0
ssp126_percentage_change_cf_historical,0.9096169418821968
ssp370_percentage_change_cf_historical,1.0823016098953147
ssp585_percentage_change_cf_historical,1.084131287252893
