Key,Value
historical,8266512.445492232
ssp126,8313157.71596189
ssp370,8332954.777367549
ssp585,8340908.70189329
historical_percentage_change_cf_historical,0.0
ssp126_percentage_change_cf_historical,0.564267830929039
ssp370_percentage_change_cf_historical,0.8037528802312288
ssp585_percentage_change_cf_historical,0.8999715042058151
