Key,Value
historical,5762268.3970519705
ssp126,5797469.246642241
ssp370,5860566.16581516
ssp585,5864155.994995206
historical_percentage_change_cf_historical,0.0
ssp126_percentage_change_cf_historical,0.6108852827521859
ssp370_percentage_change_cf_historical,1.7058866750024912
ssp585_percentage_change_cf_historical,1.7681855637852937
