Key,Value
historical,11264639.887680383
ssp126,11389995.92792473
ssp370,11457867.992969401
ssp585,11457124.749007646
historical_percentage_change_cf_historical,0.0
ssp126_percentage_change_cf_historical,1.1128277645292737
ssp370_percentage_change_cf_historical,1.715350931904556
ssp585_percentage_change_cf_historical,1.7087529050775465
