Key,Value
historical,9480501.344773684
ssp126,9617323.559057565
ssp370,9602732.155534955
ssp585,9641621.986135688
historical_percentage_change_cf_historical,0.0
ssp126_percentage_change_cf_historical,1.4431959799183796
ssp370_percentage_change_cf_historical,1.2892863606696625
ssp585_percentage_change_cf_historical,1.6994949476044847
