Key,Value
historical,11311965.542431321
ssp126,11316462.770559693
ssp370,11326080.770948458
ssp585,11311305.168929841
historical_percentage_change_cf_historical,0.0
ssp126_percentage_change_cf_historical,0.039756381077210697
ssp370_percentage_change_cf_historical,0.12478139598455346
ssp585_percentage_change_cf_historical,-0.005837831621768618
