Key,Value
historical,5734884.212995062
ssp126,5774133.069328215
ssp370,5770262.4119051825
ssp585,5816805.583971249
historical_percentage_change_cf_historical,0.0
ssp126_percentage_change_cf_historical,0.6843879470873482
ssp370_percentage_change_cf_historical,0.6168947374727292
ssp585_percentage_change_cf_historical,1.4284747160292464
