Key,Value
historical,11307186.494020782
ssp126,11417603.339663392
ssp370,11441499.43202068
ssp585,11460289.527492102
historical_percentage_change_cf_historical,0.0
ssp126_percentage_change_cf_historical,0.9765191871647092
ssp370_percentage_change_cf_historical,1.187854627417007
ssp585_percentage_change_cf_historical,1.3540329732093868
