Key,Value
historical,11510042.317652946
ssp126,11528246.110369999
ssp370,11602219.592893124
ssp585,11571312.855985614
historical_percentage_change_cf_historical,0.0
ssp126_percentage_change_cf_historical,0.15815574100134694
ssp370_percentage_change_cf_historical,0.8008421923766957
ssp585_percentage_change_cf_historical,0.5323224419313959
