Key,Value
historical,5756492.963568631
ssp126,5813043.321970302
ssp370,5798527.244997016
ssp585,5833742.240964166
historical_percentage_change_cf_historical,0.0
ssp126_percentage_change_cf_historical,0.9823751850226133
ssp370_percentage_change_cf_historical,0.7302064241962897
ssp585_percentage_change_cf_historical,1.3419503486658657
