Key,Value
historical,11549191.123256385
ssp126,11626029.887210216
ssp370,11622047.323596906
ssp585,11673284.685560178
historical_percentage_change_cf_historical,0.0
ssp126_percentage_change_cf_historical,0.6653172774940255
ssp370_percentage_change_cf_historical,0.6308337922801489
ssp585_percentage_change_cf_historical,1.074478385364217
