Key,Value
historical,11201990.195327923
ssp126,11269285.10630592
ssp370,11302537.75129043
ssp585,11342236.359545935
historical_percentage_change_cf_historical,0.0
ssp126_percentage_change_cf_historical,0.6007406702254029
ssp370_percentage_change_cf_historical,0.8975865378318454
ssp585_percentage_change_cf_historical,1.2519754237644798
