Key,Value
historical,5821509.983026029
ssp126,5999529.749174336
ssp370,5993941.612921456
ssp585,5942109.440855833
historical_percentage_change_cf_historical,0.0
ssp126_percentage_change_cf_historical,3.0579654877749167
ssp370_percentage_change_cf_historical,2.961974305604421
ssp585_percentage_change_cf_historical,2.0716181571695325
