Key,Value
historical,5543229.947222238
ssp126,5617847.448425338
ssp370,5645203.126983959
ssp585,5640048.376848165
historical_percentage_change_cf_historical,0.0
ssp126_percentage_change_cf_historical,1.3461014952210444
ssp370_percentage_change_cf_historical,1.8395985866114122
ssp585_percentage_change_cf_historical,1.7466067716430043
