Key,Value
historical,11324798.547751077
ssp126,11406687.147899866
ssp370,11418584.4718594
ssp585,11432234.316371696
historical_percentage_change_cf_historical,0.0
ssp126_percentage_change_cf_historical,0.7230910095531135
ssp370_percentage_change_cf_historical,0.8281465115063533
ssp585_percentage_change_cf_historical,0.9486770839023408
