Key,Value
historical,8407449.30027574
ssp126,8485939.830941912
ssp370,8489171.279144604
ssp585,8473290.048349803
historical_percentage_change_cf_historical,0.0
ssp126_percentage_change_cf_historical,0.9335831577788788
ssp370_percentage_change_cf_historical,0.9720186937812905
ssp585_percentage_change_cf_historical,0.7831239383376912
