Key,Value
historical,11514722.818292331
ssp126,11601627.99782554
ssp370,11608644.003906567
ssp585,11586827.330356816
historical_percentage_change_cf_historical,0.0
ssp126_percentage_change_cf_historical,0.7547309727260804
ssp370_percentage_change_cf_historical,0.815661714974434
ssp585_percentage_change_cf_historical,0.626194075205522
