Key,Value
historical,5778178.156459482
ssp126,5838247.779327539
ssp370,5796529.8517289655
ssp585,5806446.801381969
historical_percentage_change_cf_historical,0.0
ssp126_percentage_change_cf_historical,1.0395945095757213
ssp370_percentage_change_cf_historical,0.3176034862990093
ssp585_percentage_change_cf_historical,0.48923110636325234
