Key,Value
historical,11277270.6915396
ssp126,11328354.478562478
ssp370,11316621.819724645
ssp585,11301907.988347933
historical_percentage_change_cf_historical,0.0
ssp126_percentage_change_cf_historical,0.4529800553710341
ssp370_percentage_change_cf_historical,0.3489419493545265
ssp585_percentage_change_cf_historical,0.21846861250582134
