Key,Value
historical,11511901.487393882
ssp126,11545945.92870682
ssp370,11562809.387816902
ssp585,11600558.540970638
historical_percentage_change_cf_historical,0.0
ssp126_percentage_change_cf_historical,0.29573256294989547
ssp370_percentage_change_cf_historical,0.4422197364941567
ssp585_percentage_change_cf_historical,0.7701338799141068
