Key,Value
historical,8025693.211898525
ssp126,8054711.396153443
ssp370,8111732.352682823
ssp585,8089963.890433202
historical_percentage_change_cf_historical,0.0
ssp126_percentage_change_cf_historical,0.3615660789512398
ssp370_percentage_change_cf_historical,1.0720462209636967
ssp585_percentage_change_cf_historical,0.8008115540647823
