Key,Value
historical,4712116.2445290545
ssp126,4742773.591609875
ssp370,4767665.327089785
ssp585,4778042.430516837
historical_percentage_change_cf_historical,0.0
ssp126_percentage_change_cf_historical,0.650606765408527
ssp370_percentage_change_cf_historical,1.178856371067347
ssp585_percentage_change_cf_historical,1.3990780907479832
