Key,Value
historical,8170569.663797974
ssp126,8259581.847468207
ssp370,8305666.340154024
ssp585,8309462.918143916
historical_percentage_change_cf_historical,0.0
ssp126_percentage_change_cf_historical,1.0894244505940232
ssp370_percentage_change_cf_historical,1.6534548007666385
ssp585_percentage_change_cf_historical,1.6999213036680692
