Key,Value
historical,11602815.907308253
ssp126,11676293.876768379
ssp370,11686018.843481764
ssp585,11734928.854192123
historical_percentage_change_cf_historical,0.0
ssp126_percentage_change_cf_historical,0.6332770428068631
ssp370_percentage_change_cf_historical,0.7170926164665314
ssp585_percentage_change_cf_historical,1.138628311776079
