Key,Value
historical,11347336.534288574
ssp126,11392162.683462888
ssp370,11388042.889976617
ssp585,11413561.001299176
historical_percentage_change_cf_historical,0.0
ssp126_percentage_change_cf_historical,0.3950367475121719
ssp370_percentage_change_cf_historical,0.3587304876791075
ssp585_percentage_change_cf_historical,0.5836124346051602
