Key,Value
historical,10954720.931786047
ssp126,11038221.412229795
ssp370,10990306.077099184
ssp585,10967344.797129627
historical_percentage_change_cf_historical,0.0
ssp126_percentage_change_cf_historical,0.7622328397381993
ssp370_percentage_change_cf_historical,0.3248384466817678
ssp585_percentage_change_cf_historical,0.1152367588566388
