Key,Value
historical,11557766.10151706
ssp126,11565631.55104106
ssp370,11582654.697558703
ssp585,11638974.576473068
historical_percentage_change_cf_historical,0.0
ssp126_percentage_change_cf_historical,0.06805337168889422
ssp370_percentage_change_cf_historical,0.215340887010815
ssp585_percentage_change_cf_historical,0.7026312372366519
