Key,Value
historical,11196949.168324603
ssp126,11319859.830305673
ssp370,11367945.348365085
ssp585,11403110.786424503
historical_percentage_change_cf_historical,0.0
ssp126_percentage_change_cf_historical,1.097715637834422
ssp370_percentage_change_cf_historical,1.5271676013696556
ssp585_percentage_change_cf_historical,1.8412302762177126
