Key,Value
historical,11344550.659034234
ssp126,11384709.463227391
ssp370,11390018.976682043
ssp585,11407810.061589632
historical_percentage_change_cf_historical,0.0
ssp126_percentage_change_cf_historical,0.3539920213691076
ssp370_percentage_change_cf_historical,0.4007943462405932
ssp585_percentage_change_cf_historical,0.5576192875036616
