Key,Value
historical,11496470.001305562
ssp126,11545577.26521947
ssp370,11599389.16084927
ssp585,11613024.624993179
historical_percentage_change_cf_historical,0.0
ssp126_percentage_change_cf_historical,0.4271508028841223
ssp370_percentage_change_cf_historical,0.8952240081696405
ssp585_percentage_change_cf_historical,1.0138296683623869
