Key,Value
historical,10985746.370465603
ssp126,11124207.537345864
ssp370,11116555.772314792
ssp585,11118847.674935214
historical_percentage_change_cf_historical,0.0
ssp126_percentage_change_cf_historical,1.2603710500044325
ssp370_percentage_change_cf_historical,1.1907192960585868
ssp585_percentage_change_cf_historical,1.211581807745397
