Key,Value
historical,10937665.460995138
ssp126,10921273.352942731
ssp370,10833274.137751264
ssp585,10908361.750167435
historical_percentage_change_cf_historical,0.0
ssp126_percentage_change_cf_historical,-0.14986843500436575
ssp370_percentage_change_cf_historical,-0.9544205170302895
ssp585_percentage_change_cf_historical,-0.2679155888631149
