Key,Value
historical,11345246.73012599
ssp126,11384173.358131409
ssp370,11384696.104512043
ssp585,11422031.386794828
historical_percentage_change_cf_historical,0.0
ssp126_percentage_change_cf_historical,0.3431095764718256
ssp370_percentage_change_cf_historical,0.3477172010838714
ssp585_percentage_change_cf_historical,0.676800236216506
