Key,Value
historical,11308734.043964043
ssp126,11417331.795058692
ssp370,11424253.40480046
ssp585,11370288.528982816
historical_percentage_change_cf_historical,0.0
ssp126_percentage_change_cf_historical,0.9602998060831742
ssp370_percentage_change_cf_historical,1.0215056821331308
ssp585_percentage_change_cf_historical,0.5443092461054673
