Key,Value
historical,11325642.99591041
ssp126,11363177.706479412
ssp370,11412047.477081517
ssp585,11409600.037164893
historical_percentage_change_cf_historical,0.0
ssp126_percentage_change_cf_historical,0.3314135063462197
ssp370_percentage_change_cf_historical,0.7629101606178723
ssp585_percentage_change_cf_historical,0.7413004390549773
