Key,Value
historical,8267968.358419418
ssp126,8289425.801108736
ssp370,8298024.9536904
ssp585,8312899.549542742
historical_percentage_change_cf_historical,0.0
ssp126_percentage_change_cf_historical,0.2595249734775144
ssp370_percentage_change_cf_historical,0.36353060350521116
ssp585_percentage_change_cf_historical,0.5434369022175718
