Key,Value
historical,11155754.788084347
ssp126,11175170.50467188
ssp370,11172444.812843004
ssp585,11175725.304743512
historical_percentage_change_cf_historical,0.0
ssp126_percentage_change_cf_historical,0.1740421599107805
ssp370_percentage_change_cf_historical,0.14960910378277892
ssp585_percentage_change_cf_historical,0.17901537850666682
