Key,Value
historical,11291920.837157872
ssp126,11373545.35720675
ssp370,11409561.516650159
ssp585,11462972.966572924
historical_percentage_change_cf_historical,0.0
ssp126_percentage_change_cf_historical,0.7228577070809826
ssp370_percentage_change_cf_historical,1.0418128251942032
ssp585_percentage_change_cf_historical,1.5148187087194025
