Key,Value
historical,11275803.330423709
ssp126,11299486.227431148
ssp370,11305372.878821552
ssp585,11296420.672886454
historical_percentage_change_cf_historical,0.0
ssp126_percentage_change_cf_historical,0.21003290243223283
ssp370_percentage_change_cf_historical,0.26223895124225854
ssp585_percentage_change_cf_historical,0.18284588564183327
