Key,Value
historical,11294993.813074708
ssp126,11354170.028983274
ssp370,11361587.487885933
ssp585,11361586.53631793
historical_percentage_change_cf_historical,0.0
ssp126_percentage_change_cf_historical,0.5239154344650112
ssp370_percentage_change_cf_historical,0.5895857573125783
ssp585_percentage_change_cf_historical,0.5895773326244422
