Key,Value
historical,5821134.604887877
ssp126,5852180.493594194
ssp370,5849856.865476232
ssp585,5903848.569636745
historical_percentage_change_cf_historical,0.0
ssp126_percentage_change_cf_historical,0.5333305414420177
ssp370_percentage_change_cf_historical,0.4934134415005268
ssp585_percentage_change_cf_historical,1.4209251351002201
