Key,Value
historical,11260975.993140923
ssp126,11473305.892891139
ssp370,11562131.26033846
ssp585,11575540.41040411
historical_percentage_change_cf_historical,0.0
ssp126_percentage_change_cf_historical,1.8855372738521634
ssp370_percentage_change_cf_historical,2.6743265182429163
ssp585_percentage_change_cf_historical,2.7934027872432114
