Key,Value
historical,9505218.919778636
ssp126,9579550.437392997
ssp370,9592995.459304694
ssp585,9632961.942174561
historical_percentage_change_cf_historical,0.0
ssp126_percentage_change_cf_historical,0.782007423939395
ssp370_percentage_change_cf_historical,0.9234562640468102
ssp585_percentage_change_cf_historical,1.343925094982458
