Key,Value
historical,11067257.14216911
ssp126,11104499.745005606
ssp370,11140150.596668923
ssp585,11116777.268396653
historical_percentage_change_cf_historical,0.0
ssp126_percentage_change_cf_historical,0.3365115887168766
ssp370_percentage_change_cf_historical,0.6586406510974603
ssp585_percentage_change_cf_historical,0.4474471460399911
