Key,Value
historical,11463344.377488352
ssp126,11563085.786451537
ssp370,11570037.448778566
ssp585,11595693.630041048
historical_percentage_change_cf_historical,0.0
ssp126_percentage_change_cf_historical,0.870089963964237
ssp370_percentage_change_cf_historical,0.9307324963536543
ssp585_percentage_change_cf_historical,1.1545431088383094
