Key,Value
historical,5762369.230531286
ssp126,5833581.8606177755
ssp370,5870213.941117097
ssp585,5838897.133577082
historical_percentage_change_cf_historical,0.0
ssp126_percentage_change_cf_historical,1.2358220592525841
ssp370_percentage_change_cf_historical,1.871534194900368
ssp585_percentage_change_cf_historical,1.3280631626366648
