Key,Value
historical,11313154.850510724
ssp126,11389547.481301263
ssp370,11417644.008215565
ssp585,11429266.89035237
historical_percentage_change_cf_historical,0.0
ssp126_percentage_change_cf_historical,0.6752548851312717
ssp370_percentage_change_cf_historical,0.9236075973990956
ssp585_percentage_change_cf_historical,1.0263453596801473
