Key,Value
historical,11339794.225204036
ssp126,11373410.125086438
ssp370,11405509.088849347
ssp585,11394977.034351595
historical_percentage_change_cf_historical,0.0
ssp126_percentage_change_cf_historical,0.29644188611189215
ssp370_percentage_change_cf_historical,0.5795066677599173
ssp585_percentage_change_cf_historical,0.48662972230050505
