Key,Value
historical,11006268.923640199
ssp126,11063095.5363583
ssp370,11060584.487895893
ssp585,11081394.354567973
historical_percentage_change_cf_historical,0.0
ssp126_percentage_change_cf_historical,0.5163113232318408
ssp370_percentage_change_cf_historical,0.4934966120901366
ssp585_percentage_change_cf_historical,0.6825694651746438
