Key,Value
historical,5760133.522689485
ssp126,5802293.344715412
ssp370,5797199.142309685
ssp585,5800101.093589109
historical_percentage_change_cf_historical,0.0
ssp126_percentage_change_cf_historical,0.7319243878610958
ssp370_percentage_change_cf_historical,0.6434854239783977
ssp585_percentage_change_cf_historical,0.693865354721204
