Key,Value
historical,11332173.102711085
ssp126,11360329.241944013
ssp370,11384878.727152226
ssp585,11414145.877611872
historical_percentage_change_cf_historical,0.0
ssp126_percentage_change_cf_historical,0.24846195851166375
ssp370_percentage_change_cf_historical,0.46509724095665356
ssp585_percentage_change_cf_historical,0.723363243376291
