Key,Value
historical,11205275.166440334
ssp126,11255797.38442804
ssp370,11216782.985769775
ssp585,11210175.753516164
historical_percentage_change_cf_historical,0.0
ssp126_percentage_change_cf_historical,0.45087886943658884
ssp370_percentage_change_cf_historical,0.10270001547044892
ssp585_percentage_change_cf_historical,0.04373464286273581
