Key,Value
historical,11247015.205469836
ssp126,11343685.181275608
ssp370,11333868.84363678
ssp585,11370986.03487817
historical_percentage_change_cf_historical,0.0
ssp126_percentage_change_cf_historical,0.8595167165663501
ssp370_percentage_change_cf_historical,0.7722372254347399
ssp585_percentage_change_cf_historical,1.102255373034821
