Key,Value
historical,11249900.297950504
ssp126,11277106.443323022
ssp370,11277570.765479136
ssp585,11280745.036729123
historical_percentage_change_cf_historical,0.0
ssp126_percentage_change_cf_historical,0.2418345465468151
ssp370_percentage_change_cf_historical,0.2459618911793635
ssp585_percentage_change_cf_historical,0.2741778856852479
