Key,Value
historical,8728137.492221497
ssp126,8776381.244480684
ssp370,8786303.821482942
ssp585,8796159.065683149
historical_percentage_change_cf_historical,0.0
ssp126_percentage_change_cf_historical,0.5527382251045215
ssp370_percentage_change_cf_historical,0.6664231551494492
ssp585_percentage_change_cf_historical,0.7793366399449198
