Key,Value
historical,9141694.45360234
ssp126,9232603.441196032
ssp370,9326651.521980703
ssp585,9308522.869997766
historical_percentage_change_cf_historical,0.0
ssp126_percentage_change_cf_historical,0.9944435143297592
ssp370_percentage_change_cf_historical,2.023225227194936
ssp585_percentage_change_cf_historical,1.8249178775569999
