Key,Value
historical,11203869.78830398
ssp126,11219934.606043689
ssp370,11234128.815304704
ssp585,11244568.087508485
historical_percentage_change_cf_historical,0.0
ssp126_percentage_change_cf_historical,0.14338633028811923
ssp370_percentage_change_cf_historical,0.27007656794004886
ssp585_percentage_change_cf_historical,0.3632521617395996
