Key,Value
historical,11034353.178124463
ssp126,11125289.794415507
ssp370,11101700.023423426
ssp585,11080333.444729693
historical_percentage_change_cf_historical,0.0
ssp126_percentage_change_cf_historical,0.8241227630027791
ssp370_percentage_change_cf_historical,0.6103379528623152
ssp585_percentage_change_cf_historical,0.41670105952731007
