Key,Value
historical,11232748.603533113
ssp126,11336309.12568942
ssp370,11354135.112386763
ssp585,11397033.995785058
historical_percentage_change_cf_historical,0.0
ssp126_percentage_change_cf_historical,0.9219517485126826
ssp370_percentage_change_cf_historical,1.080648318039177
ssp585_percentage_change_cf_historical,1.462557367306078
