Key,Value
historical,11247238.105824526
ssp126,11336806.847365754
ssp370,11343685.48536553
ssp585,11365703.68331268
historical_percentage_change_cf_historical,0.0
ssp126_percentage_change_cf_historical,0.7963620997304485
ssp370_percentage_change_cf_historical,0.85752056312436
ssp585_percentage_change_cf_historical,1.0532859389435818
