Key,Value
historical,11258361.711047549
ssp126,11281121.51830658
ssp370,11332023.415427266
ssp585,11339233.158345034
historical_percentage_change_cf_historical,0.0
ssp126_percentage_change_cf_historical,0.2021591404075871
ssp370_percentage_change_cf_historical,0.6542844000778062
ssp585_percentage_change_cf_historical,0.7183234059546019
