Key,Value
historical,11331847.227014866
ssp126,11406969.646061532
ssp370,11451854.602521574
ssp585,11414572.710057875
historical_percentage_change_cf_historical,0.0
ssp126_percentage_change_cf_historical,0.6629318022182327
ssp370_percentage_change_cf_historical,1.0590274745375454
ssp585_percentage_change_cf_historical,0.7300264589324302
