Key,Value
historical,5516497.94575932
ssp126,5567362.550572238
ssp370,5598542.944398218
ssp585,5609009.961279299
historical_percentage_change_cf_historical,0.0
ssp126_percentage_change_cf_historical,0.9220452053647408
ssp370_percentage_change_cf_historical,1.4872660054549343
ssp585_percentage_change_cf_historical,1.6770062534165515
