Key,Value
historical,5525469.41507699
ssp126,5610074.131276589
ssp370,5608919.475777991
ssp585,5661872.346383887
historical_percentage_change_cf_historical,0.0
ssp126_percentage_change_cf_historical,1.5311769886689413
ssp370_percentage_change_cf_historical,1.510280022061052
ssp585_percentage_change_cf_historical,2.4686215968312815
