Key,Value
historical,11499104.608927691
ssp126,11688982.293399833
ssp370,11736583.67907751
ssp585,11762319.919423841
historical_percentage_change_cf_historical,0.0
ssp126_percentage_change_cf_historical,1.6512388653697807
ssp370_percentage_change_cf_historical,2.065196188974958
ssp585_percentage_change_cf_historical,2.2890070092222143
