Key,Value
historical,5525462.523495957
ssp126,5586714.47122381
ssp370,5588740.358314468
ssp585,5585155.427579909
historical_percentage_change_cf_historical,0.0
ssp126_percentage_change_cf_historical,1.1085397370336054
ssp370_percentage_change_cf_historical,1.145204307321489
ssp585_percentage_change_cf_historical,1.0803241145898443
