Key,Value
historical,11501512.160216335
ssp126,11551281.542849485
ssp370,11589633.564697873
ssp585,11581483.175341504
historical_percentage_change_cf_historical,0.0
ssp126_percentage_change_cf_historical,0.43272034094179057
ssp370_percentage_change_cf_historical,0.7661723367675868
ssp585_percentage_change_cf_historical,0.6953087038571134
