Key,Value
historical,11289807.231413715
ssp126,11396443.74744546
ssp370,11405744.527043257
ssp585,11441201.557650171
historical_percentage_change_cf_historical,0.0
ssp126_percentage_change_cf_historical,0.9445379699223859
ssp370_percentage_change_cf_historical,1.0269200638514764
ssp585_percentage_change_cf_historical,1.3409823846699902
