Key,Value
historical,11324008.85406791
ssp126,11408831.718600685
ssp370,11405458.975732356
ssp585,11358813.490854092
historical_percentage_change_cf_historical,0.0
ssp126_percentage_change_cf_historical,0.7490533222455359
ssp370_percentage_change_cf_historical,0.7192693216164929
ssp585_percentage_change_cf_historical,0.30735261014634985
