Key,Value
historical,4578470.719276422
ssp126,4609228.969714276
ssp370,4624885.409954657
ssp585,4636292.624835045
historical_percentage_change_cf_historical,0.0
ssp126_percentage_change_cf_historical,0.6718018378572239
ssp370_percentage_change_cf_historical,1.0137596923535745
ssp585_percentage_change_cf_historical,1.2629087113122677
