Key,Value
historical,11357478.728795815
ssp126,11386451.243841188
ssp370,11399667.54397684
ssp585,11432970.129799994
historical_percentage_change_cf_historical,0.0
ssp126_percentage_change_cf_historical,0.255096361940927
ssp370_percentage_change_cf_historical,0.3714628588654858
ssp585_percentage_change_cf_historical,0.6646845026685115
