Key,Value
historical,5764196.6524925735
ssp126,5778871.664452903
ssp370,5783185.166291965
ssp585,5807756.221653096
historical_percentage_change_cf_historical,0.0
ssp126_percentage_change_cf_historical,0.2545890233287525
ssp370_percentage_change_cf_historical,0.32942168604155114
ssp585_percentage_change_cf_historical,0.7556919339607665
