Key,Value
historical,5747590.886479053
ssp126,5784736.412491381
ssp370,5815603.657319704
ssp585,5822223.591161957
historical_percentage_change_cf_historical,0.0
ssp126_percentage_change_cf_historical,0.6462799239888772
ssp370_percentage_change_cf_historical,1.1833265829801547
ssp585_percentage_change_cf_historical,1.2985041238490784
