Key,Value
historical,11253409.999837296
ssp126,11328087.743573539
ssp370,11398839.384333065
ssp585,11388679.459738817
historical_percentage_change_cf_historical,0.0
ssp126_percentage_change_cf_historical,0.6636010217109533
ssp370_percentage_change_cf_historical,1.2923139252712852
ssp585_percentage_change_cf_historical,1.2020308502354107
