Key,Value
historical,11519524.671496924
ssp126,11589515.585316736
ssp370,11615012.999626439
ssp585,11612419.880851943
historical_percentage_change_cf_historical,0.0
ssp126_percentage_change_cf_historical,0.6075850854592348
ssp370_percentage_change_cf_historical,0.8289259396768726
ssp585_percentage_change_cf_historical,0.8064152992776882
