Key,Value
historical,11141260.20980914
ssp126,11169609.920244396
ssp370,11166126.998917203
ssp585,11140376.227471732
historical_percentage_change_cf_historical,0.0
ssp126_percentage_change_cf_historical,0.25445694563615273
ssp370_percentage_change_cf_historical,0.2231954791449038
ssp585_percentage_change_cf_historical,-0.007934311924870761
