Key,Value
historical,11289946.10950146
ssp126,11367130.964493372
ssp370,11383669.290659005
ssp585,11394177.885501046
historical_percentage_change_cf_historical,0.0
ssp126_percentage_change_cf_historical,0.6836600834343513
ssp370_percentage_change_cf_historical,0.8301472854566431
ssp585_percentage_change_cf_historical,0.923226514888899
