Key,Value
historical,11091182.03418468
ssp126,11098236.515148392
ssp370,11064209.942475047
ssp585,11080406.665654615
historical_percentage_change_cf_historical,0.0
ssp126_percentage_change_cf_historical,0.06360441062070386
ssp370_percentage_change_cf_historical,-0.24318500612919716
ssp585_percentage_change_cf_historical,-0.09715257126655685
