Key,Value
historical,11373077.299581125
ssp126,11392722.618849985
ssp370,11404910.390110662
ssp585,11390776.29988011
historical_percentage_change_cf_historical,0.0
ssp126_percentage_change_cf_historical,0.17273530066997317
ssp370_percentage_change_cf_historical,0.27989865619491794
ssp585_percentage_change_cf_historical,0.1556219115791661
