Key,Value
historical,5760017.396923637
ssp126,5807199.924295351
ssp370,5831386.339818895
ssp585,5822563.8326867595
historical_percentage_change_cf_historical,0.0
ssp126_percentage_change_cf_historical,0.8191386261595941
ssp370_percentage_change_cf_historical,1.239040405214318
ssp585_percentage_change_cf_historical,1.085872341228134
