Key,Value
historical,10626572.270044742
ssp126,10691961.344893692
ssp370,10717077.38230139
ssp585,10706511.550304633
historical_percentage_change_cf_historical,0.0
ssp126_percentage_change_cf_historical,0.6153355304727495
ssp370_percentage_change_cf_historical,0.8516867900270437
ssp585_percentage_change_cf_historical,0.7522583786046552
