Key,Value
historical,11200822.937694505
ssp126,11265475.625512257
ssp370,11272649.347738422
ssp585,11292880.878540792
historical_percentage_change_cf_historical,0.0
ssp126_percentage_change_cf_historical,0.5772137295392332
ssp370_percentage_change_cf_historical,0.6412601149349283
ssp585_percentage_change_cf_historical,0.8218855110768786
