Key,Value
historical,11347876.468354495
ssp126,11385591.554629575
ssp370,11393397.880843159
ssp585,11378226.082611319
historical_percentage_change_cf_historical,0.0
ssp126_percentage_change_cf_historical,0.3323536908447604
ssp370_percentage_change_cf_historical,0.401144765856483
ssp585_percentage_change_cf_historical,0.26744752061285254
