Key,Value
historical,11396897.02520271
ssp126,11497134.093636217
ssp370,11500940.997918235
ssp585,11483637.5958999
historical_percentage_change_cf_historical,0.0
ssp126_percentage_change_cf_historical,0.8795119251480958
ssp370_percentage_change_cf_historical,0.9129149143441909
ssp585_percentage_change_cf_historical,0.7610893605985479
