Key,Value
historical,11348084.899680633
ssp126,11415514.047131877
ssp370,11458428.024933234
ssp585,11468057.063088339
historical_percentage_change_cf_historical,0.0
ssp126_percentage_change_cf_historical,0.5941896632544751
ssp370_percentage_change_cf_historical,0.9723501914909548
ssp585_percentage_change_cf_historical,1.0572018491955597
