Key,Value
historical,11445837.426278241
ssp126,11523371.21039865
ssp370,11557910.501919247
ssp585,11585188.172970472
historical_percentage_change_cf_historical,0.0
ssp126_percentage_change_cf_historical,0.6773972164098779
ssp370_percentage_change_cf_historical,0.9791601214228343
ssp585_percentage_change_cf_historical,1.2174796959137186
