Key,Value
historical,11312497.408856586
ssp126,11345371.683472738
ssp370,11349487.16977597
ssp585,11352719.706720665
historical_percentage_change_cf_historical,0.0
ssp126_percentage_change_cf_historical,0.2906013891363607
ssp370_percentage_change_cf_historical,0.3269813868900891
ssp585_percentage_change_cf_historical,0.3555563056535096
