Key,Value
historical,11522565.448542401
ssp126,11599257.215624427
ssp370,11620573.742185125
ssp585,11649114.944795065
historical_percentage_change_cf_historical,0.0
ssp126_percentage_change_cf_historical,0.6655789235870879
ssp370_percentage_change_cf_historical,0.850577018463557
ssp585_percentage_change_cf_historical,1.0982753521150266
