Key,Value
historical,10951484.540015537
ssp126,10964163.973216077
ssp370,10925174.67529674
ssp585,10957159.29895208
historical_percentage_change_cf_historical,0.0
ssp126_percentage_change_cf_historical,0.11577821394177883
ssp370_percentage_change_cf_historical,-0.24024016673413812
ssp585_percentage_change_cf_historical,0.05181725743033343
