Key,Value
historical,5765960.421346791
ssp126,5791126.616389114
ssp370,5812935.281971822
ssp585,5811713.49261651
historical_percentage_change_cf_historical,0.0
ssp126_percentage_change_cf_historical,0.4364614600744189
ssp370_percentage_change_cf_historical,0.8146927344683067
ssp585_percentage_change_cf_historical,0.7935030407134169
