Key,Value
historical,9201074.951049972
ssp126,9312960.056999223
ssp370,9311988.702710059
ssp585,9394693.553492252
historical_percentage_change_cf_historical,0.0
ssp126_percentage_change_cf_historical,1.216000375439647
ssp370_percentage_change_cf_historical,1.2054434101466525
ssp585_percentage_change_cf_historical,2.1043041543769276
