Key,Value
historical,11555392.185311757
ssp126,11622779.044186275
ssp370,11624293.55609668
ssp585,11601127.860605568
historical_percentage_change_cf_historical,0.0
ssp126_percentage_change_cf_historical,0.583163754149123
ssp370_percentage_change_cf_historical,0.596270292517679
ssp585_percentage_change_cf_historical,0.39579509341055524
