Key,Value
historical,5505913.289996052
ssp126,5551896.708773168
ssp370,5570964.243999274
ssp585,5590974.899907049
historical_percentage_change_cf_historical,0.0
ssp126_percentage_change_cf_historical,0.8351642380686423
ssp370_percentage_change_cf_historical,1.1814743635977045
ssp585_percentage_change_cf_historical,1.5449137214991924
