Key,Value
historical,11349575.024181528
ssp126,11471576.168929048
ssp370,11477368.692303427
ssp585,11448600.6023804
historical_percentage_change_cf_historical,0.0
ssp126_percentage_change_cf_historical,1.0749402024972998
ssp370_percentage_change_cf_historical,1.1259775617115175
ssp585_percentage_change_cf_historical,0.8725047236384404
