Key,Value
historical,11255220.13740488
ssp126,11350460.867514256
ssp370,11360591.714847155
ssp585,11325661.995684642
historical_percentage_change_cf_historical,0.0
ssp126_percentage_change_cf_historical,0.8461916243900007
ssp370_percentage_change_cf_historical,0.9362018348454172
ssp585_percentage_change_cf_historical,0.6258594449491114
