Key,Value
historical,11016679.073178751
ssp126,11040024.262976397
ssp370,11026260.345353004
ssp585,11111340.461819923
historical_percentage_change_cf_historical,0.0
ssp126_percentage_change_cf_historical,0.2119076869043206
ssp370_percentage_change_cf_historical,0.08697060258003521
ssp585_percentage_change_cf_historical,0.8592552076027533
