Key,Value
historical,7979222.203862871
ssp126,7986701.463906275
ssp370,7952368.397655855
ssp585,7968992.656563153
historical_percentage_change_cf_historical,0.0
ssp126_percentage_change_cf_historical,0.09373419930307535
ssp370_percentage_change_cf_historical,-0.33654666483677753
ssp585_percentage_change_cf_historical,-0.1282023114328887
