Key,Value
historical,11279011.316875389
ssp126,11358380.61874475
ssp370,11390636.380821906
ssp585,11398856.482686212
historical_percentage_change_cf_historical,0.0
ssp126_percentage_change_cf_historical,0.7036902405675421
ssp370_percentage_change_cf_historical,0.9896706440883378
ssp585_percentage_change_cf_historical,1.0625502754085718
