Key,Value
historical,11294286.349843148
ssp126,11353839.88852278
ssp370,11356376.354699478
ssp585,11347849.008303788
historical_percentage_change_cf_historical,0.0
ssp126_percentage_change_cf_historical,0.5272890808232296
ssp370_percentage_change_cf_historical,0.5497470396364769
ssp585_percentage_change_cf_historical,0.4742456212063658
