Key,Value
historical,11092297.159795247
ssp126,11085530.501875091
ssp370,11048726.636398936
ssp585,11091429.531368751
historical_percentage_change_cf_historical,0.0
ssp126_percentage_change_cf_historical,-0.06100321531848124
ssp370_percentage_change_cf_historical,-0.3927998210707474
ssp585_percentage_change_cf_historical,-0.007821900315118813
