Key,Value
historical,11242001.428439066
ssp126,11315641.355397731
ssp370,11325356.814997882
ssp585,11330479.408697538
historical_percentage_change_cf_historical,0.0
ssp126_percentage_change_cf_historical,0.6550428536005802
ssp370_percentage_change_cf_historical,0.7414639385114328
ssp585_percentage_change_cf_historical,0.7870305018343811
