Key,Value
historical,11529870.233712032
ssp126,11598903.663206223
ssp370,11639484.506736394
ssp585,11632070.372147977
historical_percentage_change_cf_historical,0.0
ssp126_percentage_change_cf_historical,0.5987355286301926
ssp370_percentage_change_cf_historical,0.9506982368618676
ssp585_percentage_change_cf_historical,0.8863945245205216
