Key,Value
historical,11033178.243755665
ssp126,11160977.616411824
ssp370,11142517.928947007
ssp585,11132999.744233148
historical_percentage_change_cf_historical,0.0
ssp126_percentage_change_cf_historical,1.1583187530618244
ssp370_percentage_change_cf_historical,0.9910080556636024
ssp585_percentage_change_cf_historical,0.9047393078597135
