Key,Value
historical,11530021.926998539
ssp126,11596701.405136924
ssp370,11600280.805650778
ssp585,11599078.783995338
historical_percentage_change_cf_historical,0.0
ssp126_percentage_change_cf_historical,0.5783118068687242
ssp370_percentage_change_cf_historical,0.6093559847247298
ssp585_percentage_change_cf_historical,0.598930838414941
