Key,Value
historical,11308540.062790524
ssp126,11382071.650810966
ssp370,11387490.562048053
ssp585,11386024.918298196
historical_percentage_change_cf_historical,0.0
ssp126_percentage_change_cf_historical,0.6502306010515845
ssp370_percentage_change_cf_historical,0.6981493527825654
ssp585_percentage_change_cf_historical,0.6851888491126013
