Key,Value
historical,5777723.964226979
ssp126,5831643.184662506
ssp370,5814582.893658649
ssp585,5858288.62445916
historical_percentage_change_cf_historical,0.0
ssp126_percentage_change_cf_historical,0.9332259687269637
ssp370_percentage_change_cf_historical,0.637948951176691
ssp585_percentage_change_cf_historical,1.3944013374643756
