Key,Value
historical,4335544.546088142
ssp126,4408475.372233167
ssp370,4408316.152851309
ssp585,4433271.795820913
historical_percentage_change_cf_historical,0.0
ssp126_percentage_change_cf_historical,1.6821606921517782
ssp370_percentage_change_cf_historical,1.6784882726859869
ssp585_percentage_change_cf_historical,2.254094005814054
