Key,Value
historical,11119751.345853256
ssp126,11130161.205407865
ssp370,11183938.45749371
ssp585,11190352.017363569
historical_percentage_change_cf_historical,0.0
ssp126_percentage_change_cf_historical,0.09361593826008796
ssp370_percentage_change_cf_historical,0.5772351345283435
ssp585_percentage_change_cf_historical,0.6349123223572881
