Key,Value
historical,10925780.238380577
ssp126,11016554.833274594
ssp370,11001531.687991727
ssp585,11120458.434687156
historical_percentage_change_cf_historical,0.0
ssp126_percentage_change_cf_historical,0.8308294045228828
ssp370_percentage_change_cf_historical,0.6933275972826782
ssp585_percentage_change_cf_historical,1.7818241998196558
