Key,Value
historical,11604772.970647251
ssp126,11685257.807949536
ssp370,11720145.536499893
ssp585,11712628.49518989
historical_percentage_change_cf_historical,0.0
ssp126_percentage_change_cf_historical,0.6935494344082399
ssp370_percentage_change_cf_historical,0.9941820158348794
ssp585_percentage_change_cf_historical,0.929406588267133
