Key,Value
historical,11486917.312456546
ssp126,11572965.407522481
ssp370,11597635.491347605
ssp585,11587101.59509005
historical_percentage_change_cf_historical,0.0
ssp126_percentage_change_cf_historical,0.7490964958250638
ssp370_percentage_change_cf_historical,0.9638632879423179
ssp585_percentage_change_cf_historical,0.8721598659447379
