Key,Value
historical,9200693.919116072
ssp126,9236586.321108654
ssp370,9278866.384905523
ssp585,9284298.571244232
historical_percentage_change_cf_historical,0.0
ssp126_percentage_change_cf_historical,0.3901053801823464
ssp370_percentage_change_cf_historical,0.849636630417986
ssp585_percentage_change_cf_historical,0.90867768086988
