Key,Value
historical,11326722.023249034
ssp126,11443454.45703534
ssp370,11437655.640875444
ssp585,11467921.017276455
historical_percentage_change_cf_historical,0.0
ssp126_percentage_change_cf_historical,1.0305932603157697
ssp370_percentage_change_cf_historical,0.9793973702074577
ssp585_percentage_change_cf_historical,1.2466006823297884
