Key,Value
historical,11298907.84595546
ssp126,11345223.989303045
ssp370,11348748.947798744
ssp585,11359880.402545776
historical_percentage_change_cf_historical,0.0
ssp126_percentage_change_cf_historical,0.40991699356292066
ssp370_percentage_change_cf_historical,0.44111433178141635
ssp585_percentage_change_cf_historical,0.5396323027109426
