Key,Value
historical,11343287.193132874
ssp126,11422229.305330306
ssp370,11420523.246591192
ssp585,11435054.235788736
historical_percentage_change_cf_historical,0.0
ssp126_percentage_change_cf_historical,0.6959368201946217
ssp370_percentage_change_cf_historical,0.6808965703087915
ssp585_percentage_change_cf_historical,0.8089986711384495
