Key,Value
historical,10629642.014198357
ssp126,10710030.888984937
ssp370,10709209.703517163
ssp585,10706296.195951097
historical_percentage_change_cf_historical,0.0
ssp126_percentage_change_cf_historical,0.7562707632035205
ssp370_percentage_change_cf_historical,0.7485453340058376
ssp585_percentage_change_cf_historical,0.7211360613118485
