Key,Value
historical,5535744.095120598
ssp126,5580338.9628738
ssp370,5592901.509606063
ssp585,5611482.809259459
historical_percentage_change_cf_historical,0.0
ssp126_percentage_change_cf_historical,0.8055803698098978
ssp370_percentage_change_cf_historical,1.0325154758480675
ssp585_percentage_change_cf_historical,1.368175855629247
