Key,Value
historical,11537560.463377263
ssp126,11669743.77440748
ssp370,11743500.431799738
ssp585,11767553.5209253
historical_percentage_change_cf_historical,0.0
ssp126_percentage_change_cf_historical,1.145678165239482
ssp370_percentage_change_cf_historical,1.7849524522638278
ssp585_percentage_change_cf_historical,1.9934288386014096
