Key,Value
historical,10683972.887712624
ssp126,10783487.41722707
ssp370,10877108.449498715
ssp585,10852183.885348607
historical_percentage_change_cf_historical,0.0
ssp126_percentage_change_cf_historical,0.9314374957736562
ssp370_percentage_change_cf_historical,1.8077129529990799
ssp585_percentage_change_cf_historical,1.574423666213514
