Key,Value
historical,11245504.742796276
ssp126,11284851.382958665
ssp370,11269962.064140487
ssp585,11278499.623687476
historical_percentage_change_cf_historical,0.0
ssp126_percentage_change_cf_historical,0.3498877201363031
ssp370_percentage_change_cf_historical,0.21748531438643284
ssp585_percentage_change_cf_historical,0.2934050684771286
