Key,Value
historical,5778178.156459482
ssp126,5838247.779327539
ssp370,5830758.07225837
ssp585,5837008.4688224895
historical_percentage_change_cf_historical,0.0
ssp126_percentage_change_cf_historical,1.0395945095757213
ssp370_percentage_change_cf_historical,0.909973946374568
ssp585_percentage_change_cf_historical,1.0181463909561201
