Key,Value
historical,5789038.778923828
ssp126,5806673.625276111
ssp370,5833766.034940189
ssp585,5861679.920295446
historical_percentage_change_cf_historical,0.0
ssp126_percentage_change_cf_historical,0.3046247749537653
ssp370_percentage_change_cf_historical,0.7726197340256081
ssp585_percentage_change_cf_historical,1.2548048846396203
