Key,Value
historical,4525532.936561973
ssp126,4587842.5119888475
ssp370,4600230.207792569
ssp585,4614984.540917486
historical_percentage_change_cf_historical,0.0
ssp126_percentage_change_cf_historical,1.3768450324043158
ssp370_percentage_change_cf_historical,1.6505740269198728
ssp585_percentage_change_cf_historical,1.976598239575936
