Key,Value
historical,11235999.835414628
ssp126,11285340.774760464
ssp370,11294203.347598404
ssp585,11271068.420378637
historical_percentage_change_cf_historical,0.0
ssp126_percentage_change_cf_historical,0.43913261007996335
ssp370_percentage_change_cf_historical,0.5180091939866811
ssp585_percentage_change_cf_historical,0.3121091623148365
