Key,Value
historical,11310844.600950364
ssp126,11350837.989465231
ssp370,11365256.13449363
ssp585,11379063.48092149
historical_percentage_change_cf_historical,0.0
ssp126_percentage_change_cf_historical,0.3535844574463229
ssp370_percentage_change_cf_historical,0.48105632658673936
ssp585_percentage_change_cf_historical,0.6031280808631584
