Key,Value
historical,11461633.551605944
ssp126,11547926.87199235
ssp370,11571501.81348991
ssp585,11584381.453600504
historical_percentage_change_cf_historical,0.0
ssp126_percentage_change_cf_historical,0.7528884953254772
ssp370_percentage_change_cf_historical,0.9585741979036878
ssp585_percentage_change_cf_historical,1.0709459645685595
