Key,Value
historical,11259859.641854348
ssp126,11331511.67620569
ssp370,11333340.03158044
ssp585,11344769.141849916
historical_percentage_change_cf_historical,0.0
ssp126_percentage_change_cf_historical,0.6363492674899924
ssp370_percentage_change_cf_historical,0.6525870842382171
ssp585_percentage_change_cf_historical,0.7540902168971025
