Key,Value
historical,10982935.023887455
ssp126,11147533.463123862
ssp370,11113785.440196715
ssp585,11137747.716831766
historical_percentage_change_cf_historical,0.0
ssp126_percentage_change_cf_historical,1.498674433367866
ssp370_percentage_change_cf_historical,1.19139752738831
ssp585_percentage_change_cf_historical,1.4095748778227226
