Key,Value
historical,11241205.151433297
ssp126,11284525.340788372
ssp370,11338079.454163283
ssp585,11355251.311317433
historical_percentage_change_cf_historical,0.0
ssp126_percentage_change_cf_historical,0.38536961803914654
ssp370_percentage_change_cf_historical,0.8617786209304682
ssp585_percentage_change_cf_historical,1.0145367720612666
