Key,Value
historical,11510046.902100267
ssp126,11615165.901818888
ssp370,11629719.76898935
ssp585,11647738.982675707
historical_percentage_change_cf_historical,0.0
ssp126_percentage_change_cf_historical,0.9132803768109758
ssp370_percentage_change_cf_historical,1.0397252757262592
ssp585_percentage_change_cf_historical,1.196277319689419
