Key,Value
historical,11084082.147927186
ssp126,11085050.940919423
ssp370,11119249.2367178
ssp585,11145579.89502785
historical_percentage_change_cf_historical,0.0
ssp126_percentage_change_cf_historical,0.008740398882907301
ssp370_percentage_change_cf_historical,0.3172756058758613
ssp585_percentage_change_cf_historical,0.5548294056280059
