Key,Value
historical,11314941.251560869
ssp126,11395225.501021383
ssp370,11431140.496442277
ssp585,11404149.641606655
historical_percentage_change_cf_historical,0.0
ssp126_percentage_change_cf_historical,0.7095419028308222
ssp370_percentage_change_cf_historical,1.0269540274049491
ssp585_percentage_change_cf_historical,0.7884123130862937
