Key,Value
historical,5060134.104023567
ssp126,5075531.356182908
ssp370,5083915.42256388
ssp585,5063836.552715763
historical_percentage_change_cf_historical,0.0
ssp126_percentage_change_cf_historical,0.3042854565276675
ssp370_percentage_change_cf_historical,0.46997407680169234
ssp585_percentage_change_cf_historical,0.07316898358982316
