Key,Value
historical,11207552.51348584
ssp126,11339725.935975313
ssp370,11328646.498886244
ssp585,11408568.369311191
historical_percentage_change_cf_historical,0.0
ssp126_percentage_change_cf_historical,1.1793245878654752
ssp370_percentage_change_cf_historical,1.0804677047436952
ssp585_percentage_change_cf_historical,1.7935749628072044
