Key,Value
historical,11533074.717915617
ssp126,11622274.909352299
ssp370,11605302.533742897
ssp585,11736039.314574787
historical_percentage_change_cf_historical,0.0
ssp126_percentage_change_cf_historical,0.7734294073211652
ssp370_percentage_change_cf_historical,0.6262667813560657
ssp585_percentage_change_cf_historical,1.7598481031591933
