Key,Value
historical,10981457.46323177
ssp126,11044639.217326261
ssp370,11043666.656494934
ssp585,11104808.878062421
historical_percentage_change_cf_historical,0.0
ssp126_percentage_change_cf_historical,0.5753494406916075
ssp370_percentage_change_cf_historical,0.5664930495014278
ssp585_percentage_change_cf_historical,1.123269977993883
