Key,Value
historical,8158462.495496344
ssp126,8245644.956803579
ssp370,8267481.1190934805
ssp585,8257451.3270431915
historical_percentage_change_cf_historical,0.0
ssp126_percentage_change_cf_historical,1.0686138638911653
ssp370_percentage_change_cf_historical,1.3362643225646678
ssp585_percentage_change_cf_historical,1.213327040499258
