Key,Value
historical,11567994.402109735
ssp126,11652001.892209273
ssp370,11673380.950448211
ssp585,11704475.67092743
historical_percentage_change_cf_historical,0.0
ssp126_percentage_change_cf_historical,0.7262061786978138
ssp370_percentage_change_cf_historical,0.9110183206801734
ssp585_percentage_change_cf_historical,1.1798179016477035
