Key,Value
historical,11337542.520419942
ssp126,11407143.574515557
ssp370,11412901.517710552
ssp585,11353224.239490503
historical_percentage_change_cf_historical,0.0
ssp126_percentage_change_cf_historical,0.613898946533227
ssp370_percentage_change_cf_historical,0.664685465610215
ssp585_percentage_change_cf_historical,0.1383167387669509
