Key,Value
historical,5013659.124332348
ssp126,5067665.11587695
ssp370,5082067.649850576
ssp585,5097685.335273157
historical_percentage_change_cf_historical,0.0
ssp126_percentage_change_cf_historical,1.0771771715093261
ssp370_percentage_change_cf_historical,1.3644430908002354
ssp585_percentage_change_cf_historical,1.6759458283274988
