Key,Value
historical,11244095.548321579
ssp126,11285461.63342449
ssp370,11319562.66894611
ssp585,11307964.39142321
historical_percentage_change_cf_historical,0.0
ssp126_percentage_change_cf_historical,0.3678916185400684
ssp370_percentage_change_cf_historical,0.671171107540047
ssp585_percentage_change_cf_historical,0.5680211701079473
