Key,Value
historical,5757164.350016475
ssp126,5812149.3668406885
ssp370,5779261.812830528
ssp585,5823563.677611576
historical_percentage_change_cf_historical,0.0
ssp126_percentage_change_cf_historical,0.9550711683965812
ssp370_percentage_change_cf_historical,0.38382546459682515
ssp585_percentage_change_cf_historical,1.1533338907532085
