Key,Value
historical,11000944.601384236
ssp126,11034155.142360426
ssp370,11008440.406067986
ssp585,10986165.569689367
historical_percentage_change_cf_historical,0.0
ssp126_percentage_change_cf_historical,0.30188808488329355
ssp370_percentage_change_cf_historical,0.06813782775351225
ssp585_percentage_change_cf_historical,-0.1343432971474918
