Key,Value
historical,8012142.531659838
ssp126,8061725.310498989
ssp370,8040356.427057613
ssp585,8056593.579418822
historical_percentage_change_cf_historical,0.0
ssp126_percentage_change_cf_historical,0.6188454416933536
ssp370_percentage_change_cf_historical,0.3521392097842515
ssp585_percentage_change_cf_historical,0.554796018459942
