Key,Value
historical,4828163.545395622
ssp126,4886444.6098671565
ssp370,4894850.781608214
ssp585,4907125.28113837
historical_percentage_change_cf_historical,0.0
ssp126_percentage_change_cf_historical,1.207106261491788
ssp370_percentage_change_cf_historical,1.3812132829714918
ssp585_percentage_change_cf_historical,1.6354403698285995
