Key,Value
historical,11298180.822203215
ssp126,11399701.157379119
ssp370,11416864.684172962
ssp585,11426326.915221283
historical_percentage_change_cf_historical,0.0
ssp126_percentage_change_cf_historical,0.8985547033943331
ssp370_percentage_change_cf_historical,1.0504687775620372
ssp585_percentage_change_cf_historical,1.1342188183626427
