Key,Value
historical,5518499.294722369
ssp126,5539070.143907901
ssp370,5555519.264484744
ssp585,5556392.111514301
historical_percentage_change_cf_historical,0.0
ssp126_percentage_change_cf_historical,0.3727616528864096
ssp370_percentage_change_cf_historical,0.670834003689713
ssp585_percentage_change_cf_historical,0.686650749927086
