Key,Value
historical,11102738.083076172
ssp126,11130827.086860087
ssp370,11124142.98411237
ssp585,11136252.17328204
historical_percentage_change_cf_historical,0.0
ssp126_percentage_change_cf_historical,0.25299168163510105
ssp370_percentage_change_cf_historical,0.19278939011293555
ssp585_percentage_change_cf_historical,0.301854280944932
