Key,Value
historical,11401728.526591294
ssp126,11498583.136041326
ssp370,11507777.979088932
ssp585,11538834.20960093
historical_percentage_change_cf_historical,0.0
ssp126_percentage_change_cf_historical,0.84947303581336
ssp370_percentage_change_cf_historical,0.930117326073047
ssp585_percentage_change_cf_historical,1.2024991008150703
