Key,Value
historical,11503418.300104333
ssp126,11626206.917031014
ssp370,11646581.826885652
ssp585,11687638.463490345
historical_percentage_change_cf_historical,0.0
ssp126_percentage_change_cf_historical,1.067409823092042
ssp370_percentage_change_cf_historical,1.2445303043532743
ssp585_percentage_change_cf_historical,1.601438447077428
