Key,Value
historical,5773013.454371445
ssp126,5813906.115273505
ssp370,5802161.94333981
ssp585,5827296.275739563
historical_percentage_change_cf_historical,0.0
ssp126_percentage_change_cf_historical,0.7083416871494697
ssp370_percentage_change_cf_historical,0.5049094238000269
ssp585_percentage_change_cf_historical,0.9402857242089699
