Key,Value
historical,11499662.912000913
ssp126,11578165.298124125
ssp370,11599815.467999816
ssp585,11620064.621649962
historical_percentage_change_cf_historical,0.0
ssp126_percentage_change_cf_historical,0.6826494543704223
ssp370_percentage_change_cf_historical,0.8709173196232103
ssp585_percentage_change_cf_historical,1.0470020779774243
