Key,Value
historical,11029898.119526602
ssp126,11096647.691883087
ssp370,11107619.858740928
ssp585,11123950.13794824
historical_percentage_change_cf_historical,0.0
ssp126_percentage_change_cf_historical,0.6051694370441718
ssp370_percentage_change_cf_historical,0.7046460300184632
ssp585_percentage_change_cf_historical,0.852700699520818
