Key,Value
historical,5764714.101413875
ssp126,5794258.461995149
ssp370,5793805.236870009
ssp585,5833119.9991737725
historical_percentage_change_cf_historical,0.0
ssp126_percentage_change_cf_historical,0.5125034834603157
ssp370_percentage_change_cf_historical,0.5046414261723676
ssp585_percentage_change_cf_historical,1.1866312284787923
