Key,Value
historical,11557836.23380798
ssp126,11661867.161096763
ssp370,11683823.874161307
ssp585,11691446.683252165
historical_percentage_change_cf_historical,0.0
ssp126_percentage_change_cf_historical,0.9000899924890914
ssp370_percentage_change_cf_historical,1.0900625152033172
ssp585_percentage_change_cf_historical,1.1560161153119668
