Key,Value
historical,8202592.518889587
ssp126,8274940.916736948
ssp370,8278007.427857618
ssp585,8280879.894896505
historical_percentage_change_cf_historical,0.0
ssp126_percentage_change_cf_historical,0.8820186749585724
ssp370_percentage_change_cf_historical,0.9194033324751775
ssp585_percentage_change_cf_historical,0.9544223466743178
