Key,Value
historical,11582389.821750846
ssp126,11668769.012397498
ssp370,11700055.152196385
ssp585,11689616.22750235
historical_percentage_change_cf_historical,0.0
ssp126_percentage_change_cf_historical,0.7457803784538368
ssp370_percentage_change_cf_historical,1.0158985516492691
ssp585_percentage_change_cf_historical,0.9257709971921423
