Key,Value
historical,5778202.990923364
ssp126,5810466.342962965
ssp370,5834899.033025719
ssp585,5840383.690340541
historical_percentage_change_cf_historical,0.0
ssp126_percentage_change_cf_historical,0.5583630774183987
ssp370_percentage_change_cf_historical,0.9812054403664247
ssp585_percentage_change_cf_historical,1.076125216003203
