Key,Value
historical,11235028.927399665
ssp126,11329670.995698808
ssp370,11321692.044216914
ssp585,11339555.955826435
historical_percentage_change_cf_historical,0.0
ssp126_percentage_change_cf_historical,0.8423838417392259
ssp370_percentage_change_cf_historical,0.7713653198159327
ssp585_percentage_change_cf_historical,0.9303672389472235
