Key,Value
historical,11220870.615596294
ssp126,11273042.23359187
ssp370,11266353.543667331
ssp585,11258242.06315042
historical_percentage_change_cf_historical,0.0
ssp126_percentage_change_cf_historical,0.4649516047628234
ssp370_percentage_change_cf_historical,0.4053422379527179
ssp585_percentage_change_cf_historical,0.3330530119666691
