Key,Value
historical,11277121.81177162
ssp126,11326053.52959162
ssp370,11335487.612747107
ssp585,11338350.37766369
historical_percentage_change_cf_historical,0.0
ssp126_percentage_change_cf_historical,0.4339025385796804
ssp370_percentage_change_cf_historical,0.5175593733018075
ssp585_percentage_change_cf_historical,0.542944972254863
