Key,Value
historical,5774273.912835942
ssp126,5811443.3622477725
ssp370,5797535.010114385
ssp585,5809731.1267034635
historical_percentage_change_cf_historical,0.0
ssp126_percentage_change_cf_historical,0.6437077626193817
ssp370_percentage_change_cf_historical,0.40284021211281357
ssp585_percentage_change_cf_historical,0.6140549340533035
