Key,Value
historical,7992932.57115142
ssp126,8036711.577330509
ssp370,7993930.496141649
ssp585,8035161.053627888
historical_percentage_change_cf_historical,0.0
ssp126_percentage_change_cf_historical,0.5477214500357418
ssp370_percentage_change_cf_historical,0.012485092065346336
ssp585_percentage_change_cf_historical,0.5283227664009305
