Key,Value
historical,11368090.290091751
ssp126,11454977.939123718
ssp370,11482040.32596174
ssp585,11457500.084278738
historical_percentage_change_cf_historical,0.0
ssp126_percentage_change_cf_historical,0.7643117429116202
ssp370_percentage_change_cf_historical,1.002367442219443
ssp585_percentage_change_cf_historical,0.7864979245011376
