Key,Value
historical,11527116.968167335
ssp126,11702558.02144077
ssp370,11670458.704031166
ssp585,11712147.994808394
historical_percentage_change_cf_historical,0.0
ssp126_percentage_change_cf_historical,1.5219855386036616
ssp370_percentage_change_cf_historical,1.2435176658628149
ssp585_percentage_change_cf_historical,1.6051804380230665
