Key,Value
historical,11298962.43049527
ssp126,11326264.189504292
ssp370,11369566.549695803
ssp585,11365527.579808738
historical_percentage_change_cf_historical,0.0
ssp126_percentage_change_cf_historical,0.2416306734088817
ssp370_percentage_change_cf_historical,0.6248725901590457
ssp585_percentage_change_cf_historical,0.5891262115697709
