Key,Value
historical,11237416.04558891
ssp126,11329282.011282269
ssp370,11349865.872965708
ssp585,11385915.816524161
historical_percentage_change_cf_historical,0.0
ssp126_percentage_change_cf_historical,0.8175007966303697
ssp370_percentage_change_cf_historical,1.0006733480419494
ssp585_percentage_change_cf_historical,1.3214761323493218
