Key,Value
historical,11243029.389080044
ssp126,11314311.976106592
ssp370,11299024.928499185
ssp585,11316138.475757398
historical_percentage_change_cf_historical,0.0
ssp126_percentage_change_cf_historical,0.6340158382560299
ssp370_percentage_change_cf_historical,0.49804672283012225
ssp585_percentage_change_cf_historical,0.6502614566529737
