Key,Value
historical,11047332.677912552
ssp126,11040967.930662805
ssp370,11028387.383339275
ssp585,11158354.33226588
historical_percentage_change_cf_historical,0.0
ssp126_percentage_change_cf_historical,-0.05761342973288051
ssp370_percentage_change_cf_historical,-0.17149202550182496
ssp585_percentage_change_cf_historical,1.004963438598159
