Key,Value
historical,8404109.565063907
ssp126,8481114.944244409
ssp370,8494693.490609169
ssp585,8488328.995765217
historical_percentage_change_cf_historical,0.0
ssp126_percentage_change_cf_historical,0.9162824280708504
ssp370_percentage_change_cf_historical,1.0778527438745185
ssp585_percentage_change_cf_historical,1.0021219981639946
