Key,Value
historical,5698718.252658228
ssp126,5717018.891572806
ssp370,5759753.199394555
ssp585,5759631.802391503
historical_percentage_change_cf_historical,0.0
ssp126_percentage_change_cf_historical,0.3211360538142262
ssp370_percentage_change_cf_historical,1.0710293794197676
ssp585_percentage_change_cf_historical,1.0688991284112148
