Key,Value
historical,11053058.505709484
ssp126,11078491.661424182
ssp370,11098081.767610155
ssp585,11095766.021101642
historical_percentage_change_cf_historical,0.0
ssp126_percentage_change_cf_historical,0.23010061605627596
ssp370_percentage_change_cf_historical,0.40733758784877466
ssp585_percentage_change_cf_historical,0.38638640490410425
