Key,Value
historical,11315684.694603566
ssp126,11343193.296373699
ssp370,11358390.999049556
ssp585,11340418.839727335
historical_percentage_change_cf_historical,0.0
ssp126_percentage_change_cf_historical,0.24310152246687813
ssp370_percentage_change_cf_historical,0.3774080455454543
ssp585_percentage_change_cf_historical,0.21858284135085768
