Key,Value
historical,8430123.04392318
ssp126,8525362.276474986
ssp370,8565023.395994322
ssp585,8558575.704614338
historical_percentage_change_cf_historical,0.0
ssp126_percentage_change_cf_historical,1.129749020928686
ssp370_percentage_change_cf_historical,1.600218067616275
ssp585_percentage_change_cf_historical,1.5237341142221115
