Key,Value
historical,11522565.448542401
ssp126,11610340.324432366
ssp370,11589857.772273123
ssp585,11607420.299850477
historical_percentage_change_cf_historical,0.0
ssp126_percentage_change_cf_historical,0.7617650451364361
ssp370_percentage_change_cf_historical,0.5840046995717826
ssp585_percentage_change_cf_historical,0.7364232530248705
