Key,Value
historical,11233098.84530861
ssp126,11313063.468940709
ssp370,11337898.83152809
ssp585,11342635.406863159
historical_percentage_change_cf_historical,0.0
ssp126_percentage_change_cf_historical,0.7118661086606204
ssp370_percentage_change_cf_historical,0.9329570376143292
ssp585_percentage_change_cf_historical,0.9751232768711556
