Key,Value
historical,5753664.731392599
ssp126,5772607.14298688
ssp370,5775782.928350107
ssp585,5822911.196984733
historical_percentage_change_cf_historical,0.0
ssp126_percentage_change_cf_historical,0.3292234163546094
ssp370_percentage_change_cf_historical,0.3844192873600872
ssp585_percentage_change_cf_historical,1.2035193016082213
