Key,Value
historical,11364124.017260643
ssp126,11449481.368517224
ssp370,11452160.005640998
ssp585,11462667.327923018
historical_percentage_change_cf_historical,0.0
ssp126_percentage_change_cf_historical,0.7511124581792155
ssp370_percentage_change_cf_historical,0.7746834533540853
ssp585_percentage_change_cf_historical,0.867143921631805
