Key,Value
historical,11358840.552670967
ssp126,11428034.918020345
ssp370,11471681.976907477
ssp585,11477785.144536026
historical_percentage_change_cf_historical,0.0
ssp126_percentage_change_cf_historical,0.6091675028672515
ssp370_percentage_change_cf_historical,0.9934237892790557
ssp585_percentage_change_cf_historical,1.0471543403881116
