Key,Value
historical,10580022.738927647
ssp126,10673863.170530988
ssp370,10704932.973591592
ssp585,10702075.116946254
historical_percentage_change_cf_historical,0.0
ssp126_percentage_change_cf_historical,0.8869586948813284
ssp370_percentage_change_cf_historical,1.1806234990814881
ssp585_percentage_change_cf_historical,1.1536116795811089
