Key,Value
historical,11394393.386623256
ssp126,11438578.992278812
ssp370,11461254.332977526
ssp585,11451313.792303156
historical_percentage_change_cf_historical,0.0
ssp126_percentage_change_cf_historical,0.3877837472895168
ssp370_percentage_change_cf_historical,0.586788116625525
ssp585_percentage_change_cf_historical,0.4995474857549098
