Key,Value
historical,11272708.531825121
ssp126,11298624.774870094
ssp370,11313024.626969654
ssp585,11339509.081175871
historical_percentage_change_cf_historical,0.0
ssp126_percentage_change_cf_historical,0.22990253825693852
ssp370_percentage_change_cf_historical,0.3576433740898399
ssp585_percentage_change_cf_historical,0.5925865036087673
