Key,Value
historical,11361292.713892244
ssp126,11435794.919908859
ssp370,11461804.658431225
ssp585,11477494.19724165
historical_percentage_change_cf_historical,0.0
ssp126_percentage_change_cf_historical,0.6557546565587207
ssp370_percentage_change_cf_historical,0.8846875709493671
ssp585_percentage_change_cf_historical,1.022783993649943
