Key,Value
historical,11356795.629319414
ssp126,11412548.208444629
ssp370,11409725.138292069
ssp585,11403862.334066132
historical_percentage_change_cf_historical,0.0
ssp126_percentage_change_cf_historical,0.4909182215208665
ssp370_percentage_change_cf_historical,0.4660602400558128
ssp585_percentage_change_cf_historical,0.41443648616170603
