Key,Value
historical,11253165.225466698
ssp126,11304756.654333055
ssp370,11324751.821333766
ssp585,11314953.465082537
historical_percentage_change_cf_historical,0.0
ssp126_percentage_change_cf_historical,0.45846148912486956
ssp370_percentage_change_cf_historical,0.6361463146836421
ssp585_percentage_change_cf_historical,0.5490743126743388
