Key,Value
historical,8389786.366101101
ssp126,8510525.417396734
ssp370,8528076.308415033
ssp585,8547609.588242585
historical_percentage_change_cf_historical,0.0
ssp126_percentage_change_cf_historical,1.4391194963375726
ssp370_percentage_change_cf_historical,1.648313035391364
ssp585_percentage_change_cf_historical,1.881135171440931
