Key,Value
historical,5760017.396923637
ssp126,5804303.7375076935
ssp370,5818077.523240499
ssp585,5815739.789195657
historical_percentage_change_cf_historical,0.0
ssp126_percentage_change_cf_historical,0.7688577574038111
ssp370_percentage_change_cf_historical,1.0079852596950742
ssp585_percentage_change_cf_historical,0.9673997217748074
