Key,Value
historical,4823667.398648401
ssp126,4860598.03213485
ssp370,4861260.84779939
ssp585,4887648.040873271
historical_percentage_change_cf_historical,0.0
ssp126_percentage_change_cf_historical,0.7656131825506213
ssp370_percentage_change_cf_historical,0.7793540898263959
ssp585_percentage_change_cf_historical,1.3263900044766372
