Key,Value
historical,11493191.374558173
ssp126,11607475.72728547
ssp370,11660509.116876075
ssp585,11673380.771250993
historical_percentage_change_cf_historical,0.0
ssp126_percentage_change_cf_historical,0.9943656988108847
ssp370_percentage_change_cf_historical,1.4557988017869756
ssp585_percentage_change_cf_historical,1.5677925375165591
