Key,Value
historical,11272491.167566575
ssp126,11317977.398655418
ssp370,11357393.79654123
ssp585,11349783.117871253
historical_percentage_change_cf_historical,0.0
ssp126_percentage_change_cf_historical,0.4035153402445507
ssp370_percentage_change_cf_historical,0.7531842581428593
ssp585_percentage_change_cf_historical,0.6856687590677699
