Key,Value
historical,11277991.822902812
ssp126,11330829.747028463
ssp370,11329120.186021823
ssp585,11275850.736924382
historical_percentage_change_cf_historical,0.0
ssp126_percentage_change_cf_historical,0.46850472101203466
ssp370_percentage_change_cf_historical,0.45334633968418636
ssp585_percentage_change_cf_historical,-0.018984638507023463
