Key,Value
historical,5514959.157300383
ssp126,5608382.952617011
ssp370,5609154.825888847
ssp585,5667294.9440768575
historical_percentage_change_cf_historical,0.0
ssp126_percentage_change_cf_historical,1.6940070207584252
ssp370_percentage_change_cf_historical,1.7080030132911028
ssp585_percentage_change_cf_historical,2.762228738808
