Key,Value
historical,11024179.625394322
ssp126,11088212.701140476
ssp370,11101443.36548516
ssp585,11096637.618833365
historical_percentage_change_cf_historical,0.0
ssp126_percentage_change_cf_historical,0.5808420936706573
ssp370_percentage_change_cf_historical,0.7008570498330761
ssp585_percentage_change_cf_historical,0.6572642672851151
