Key,Value
historical,11068185.786871832
ssp126,11123024.811931299
ssp370,11100522.059548084
ssp585,11140124.78472488
historical_percentage_change_cf_historical,0.0
ssp126_percentage_change_cf_historical,0.495465346493485
ssp370_percentage_change_cf_historical,0.2921551309213335
ssp585_percentage_change_cf_historical,0.6499619652064048
