Key,Value
historical,11278455.596506711
ssp126,11340228.576726746
ssp370,11331675.414499342
ssp585,11342159.438678984
historical_percentage_change_cf_historical,0.0
ssp126_percentage_change_cf_historical,0.5477077928929183
ssp370_percentage_change_cf_historical,0.4718715034806289
ssp585_percentage_change_cf_historical,0.5648277073680511
