Key,Value
historical,9089496.114924505
ssp126,9169861.82236221
ssp370,9181560.848520141
ssp585,9161591.075618666
historical_percentage_change_cf_historical,0.0
ssp126_percentage_change_cf_historical,0.8841602044996609
ssp370_percentage_change_cf_historical,1.0128694971822474
ssp585_percentage_change_cf_historical,0.7931678476190109
