Key,Value
historical,11298887.192651775
ssp126,11364598.317960119
ssp370,11385917.932317175
ssp585,11376517.782655012
historical_percentage_change_cf_historical,0.0
ssp126_percentage_change_cf_historical,0.5815716555793152
ssp370_percentage_change_cf_historical,0.7702593908717014
ssp585_percentage_change_cf_historical,0.6870640327635463
