Key,Value
historical,5530151.720057204
ssp126,5579255.847694511
ssp370,5579132.903631546
ssp585,5634783.193708403
historical_percentage_change_cf_historical,0.0
ssp126_percentage_change_cf_historical,0.8879345472423728
ssp370_percentage_change_cf_historical,0.8857113882914331
ssp585_percentage_change_cf_historical,1.8920181388823878
