Key,Value
historical,11257046.957303459
ssp126,11312731.845785465
ssp370,11393110.084091857
ssp585,11381116.538994849
historical_percentage_change_cf_historical,0.0
ssp126_percentage_change_cf_historical,0.4946669290197681
ssp370_percentage_change_cf_historical,1.2086928952545752
ssp585_percentage_change_cf_historical,1.1021503433535453
