Key,Value
historical,8266294.89003835
ssp126,8273345.199972069
ssp370,8291483.1367438845
ssp585,8284640.390413445
historical_percentage_change_cf_historical,0.0
ssp126_percentage_change_cf_historical,0.08528984300107054
ssp370_percentage_change_cf_historical,0.30471023645538026
ssp585_percentage_change_cf_historical,0.22193135641947376
