Key,Value
historical,11330269.153269878
ssp126,11395863.17686274
ssp370,11395494.544894217
ssp585,11412638.145357883
historical_percentage_change_cf_historical,0.0
ssp126_percentage_change_cf_historical,0.5789273203093592
ssp370_percentage_change_cf_historical,0.5756738056440177
ssp585_percentage_change_cf_historical,0.7269817775179113
