Key,Value
historical,8765817.419819007
ssp126,8809923.954134755
ssp370,8821410.339187426
ssp585,8846354.19394027
historical_percentage_change_cf_historical,0.0
ssp126_percentage_change_cf_historical,0.5031651037589011
ssp370_percentage_change_cf_historical,0.6342012011649639
ssp585_percentage_change_cf_historical,0.9187594295447564
