Key,Value
historical,11293808.661817938
ssp126,11283063.028410085
ssp370,11287669.553716213
ssp585,11313556.836546984
historical_percentage_change_cf_historical,0.0
ssp126_percentage_change_cf_historical,-0.09514623214914501
ssp370_percentage_change_cf_historical,-0.0543581734519786
ssp585_percentage_change_cf_historical,0.1748584142018452
