Key,Value
historical,11384998.673683526
ssp126,11447059.528677793
ssp370,11440224.53588261
ssp585,11448461.2300261
historical_percentage_change_cf_historical,0.0
ssp126_percentage_change_cf_historical,0.5451107793075213
ssp370_percentage_change_cf_historical,0.4850757016488694
ssp585_percentage_change_cf_historical,0.5574226063747184
