Key,Value
historical,11514168.757319257
ssp126,11577274.467215417
ssp370,11640139.713351414
ssp585,11633255.514994062
historical_percentage_change_cf_historical,0.0
ssp126_percentage_change_cf_historical,0.5480700450568403
ssp370_percentage_change_cf_historical,1.0940516739610968
ssp585_percentage_change_cf_historical,1.0342627434490699
