Key,Value
historical,11314975.535228785
ssp126,11375556.290885624
ssp370,11375853.286909284
ssp585,11390303.630792502
historical_percentage_change_cf_historical,0.0
ssp126_percentage_change_cf_historical,0.5354033286967552
ssp370_percentage_change_cf_historical,0.5380281335205558
ssp585_percentage_change_cf_historical,0.6657380330093138
