Key,Value
historical,10347030.464222694
ssp126,10442985.744293971
ssp370,10462642.465692364
ssp585,10413546.566292413
historical_percentage_change_cf_historical,0.0
ssp126_percentage_change_cf_historical,0.9273702286183969
ssp370_percentage_change_cf_historical,1.1173447480359289
ssp585_percentage_change_cf_historical,0.6428520946151065
