Key,Value
historical,11046655.249880433
ssp126,11138073.155179504
ssp370,11132593.62814466
ssp585,11125663.074167315
historical_percentage_change_cf_historical,0.0
ssp126_percentage_change_cf_historical,0.8275618567897347
ssp370_percentage_change_cf_historical,0.7779583622396127
ssp585_percentage_change_cf_historical,0.715219426149259
