Key,Value
historical,5780745.398133613
ssp126,5863712.612755097
ssp370,5899998.486521849
ssp585,5903209.750075517
historical_percentage_change_cf_historical,0.0
ssp126_percentage_change_cf_historical,1.4352338480132907
ssp370_percentage_change_cf_historical,2.06293618166852
ssp585_percentage_change_cf_historical,2.1184872106881447
