Key,Value
historical,11312664.557964403
ssp126,11335586.68601858
ssp370,11337895.782633249
ssp585,11331645.324608458
historical_percentage_change_cf_historical,0.0
ssp126_percentage_change_cf_historical,0.20262359885885264
ssp370_percentage_change_cf_historical,0.22303520571625288
ssp585_percentage_change_cf_historical,0.1677833418183701
