Key,Value
historical,11267124.881680273
ssp126,11307016.658546833
ssp370,11324836.43932036
ssp585,11327157.933951575
historical_percentage_change_cf_historical,0.0
ssp126_percentage_change_cf_historical,0.35405462605125326
ssp370_percentage_change_cf_historical,0.5122119284745187
ssp585_percentage_change_cf_historical,0.5328160724384376
