Key,Value
historical,11087156.889671179
ssp126,11122831.471583301
ssp370,11128169.939659951
ssp585,11090532.270566404
historical_percentage_change_cf_historical,0.0
ssp126_percentage_change_cf_historical,0.3217649237502645
ssp370_percentage_change_cf_historical,0.3699149420982811
ssp585_percentage_change_cf_historical,0.03044406179883541
