Key,Value
historical,11338039.101110656
ssp126,11448984.14842191
ssp370,11444289.420700554
ssp585,11467600.60750485
historical_percentage_change_cf_historical,0.0
ssp126_percentage_change_cf_historical,0.9785205918048551
ssp370_percentage_change_cf_historical,0.9371137164228857
ssp585_percentage_change_cf_historical,1.1427152899966875
