Key,Value
historical,11256281.30750587
ssp126,11330380.586510343
ssp370,11360802.959013132
ssp585,11381516.281334355
historical_percentage_change_cf_historical,0.0
ssp126_percentage_change_cf_historical,0.6582927076907952
ssp370_percentage_change_cf_historical,0.9285628943687239
ssp585_percentage_change_cf_historical,1.1125785719745342
