Key,Value
historical,4568447.345797012
ssp126,4599873.451028891
ssp370,4604964.522620746
ssp585,4642211.324401867
historical_percentage_change_cf_historical,0.0
ssp126_percentage_change_cf_historical,0.6878946577066585
ssp370_percentage_change_cf_historical,0.799334523518811
ssp585_percentage_change_cf_historical,1.6146400083327688
