Key,Value
historical,8257995.180908562
ssp126,8278558.331483632
ssp370,8293249.217295522
ssp585,8272377.372375988
historical_percentage_change_cf_historical,0.0
ssp126_percentage_change_cf_historical,0.24900899218989664
ssp370_percentage_change_cf_historical,0.4269079312187424
ssp585_percentage_change_cf_historical,0.17416081206582104
