Key,Value
historical,11506991.713742994
ssp126,11633124.05589988
ssp370,11767583.639898121
ssp585,11734128.428101841
historical_percentage_change_cf_historical,0.0
ssp126_percentage_change_cf_historical,1.0961365515388795
ssp370_percentage_change_cf_historical,2.2646399044843166
ssp585_percentage_change_cf_historical,1.97390178084142
