Key,Value
historical,5772788.016556814
ssp126,5841906.799948648
ssp370,5846711.166078582
ssp585,5876055.429793023
historical_percentage_change_cf_historical,0.0
ssp126_percentage_change_cf_historical,1.1973206567363144
ssp370_percentage_change_cf_historical,1.2805450210496319
ssp585_percentage_change_cf_historical,1.7888655003445324
