Key,Value
historical,11047340.355639338
ssp126,11153802.897994349
ssp370,11077600.803661473
ssp585,11104225.356859704
historical_percentage_change_cf_historical,0.0
ssp126_percentage_change_cf_historical,0.9636938749756572
ssp370_percentage_change_cf_historical,0.27391613771261736
ssp585_percentage_change_cf_historical,0.5149203282338258
