Key,Value
historical,8931982.47425975
ssp126,8983849.578772534
ssp370,9028047.430833146
ssp585,9001542.097515749
historical_percentage_change_cf_historical,0.0
ssp126_percentage_change_cf_historical,0.5806897255145064
ssp370_percentage_change_cf_historical,1.075516626350709
ssp585_percentage_change_cf_historical,0.778770261321664
