Key,Value
historical,8213687.059377519
ssp126,8284149.215690781
ssp370,8283191.028360022
ssp585,8234689.750141428
historical_percentage_change_cf_historical,0.0
ssp126_percentage_change_cf_historical,0.8578626846127002
ssp370_percentage_change_cf_historical,0.8461969451727595
ssp585_percentage_change_cf_historical,0.2557035666452594
