Key,Value
historical,8728033.023288121
ssp126,8813769.159000745
ssp370,8823331.99903474
ssp585,8821022.19032886
historical_percentage_change_cf_historical,0.0
ssp126_percentage_change_cf_historical,0.9823076457646596
ssp370_percentage_change_cf_historical,1.0918723095151226
ssp585_percentage_change_cf_historical,1.0654080569198774
