Key,Value
historical,8217271.4065337535
ssp126,8224501.82974538
ssp370,8237442.446111361
ssp585,8228694.12560243
historical_percentage_change_cf_historical,0.0
ssp126_percentage_change_cf_historical,0.087990561025861
ssp370_percentage_change_cf_historical,0.2454712590065916
ssp585_percentage_change_cf_historical,0.1390086624082265
