Key,Value
historical,8208993.34712541
ssp126,8306248.70132118
ssp370,8389564.601987962
ssp585,8374711.995315562
historical_percentage_change_cf_historical,0.0
ssp126_percentage_change_cf_historical,1.1847415399578358
ssp370_percentage_change_cf_historical,2.199675980073528
ssp585_percentage_change_cf_historical,2.0187450663263427
