Key,Value
historical,11601919.597318038
ssp126,11832766.362548303
ssp370,11876876.951179793
ssp585,11911870.271818174
historical_percentage_change_cf_historical,0.0
ssp126_percentage_change_cf_historical,1.9897290555575673
ssp370_percentage_change_cf_historical,2.3699298340708665
ssp585_percentage_change_cf_historical,2.6715464790135726
