Key,Value
historical,9157915.216371628
ssp126,9231625.475054577
ssp370,9229337.97153715
ssp585,9214376.644399272
historical_percentage_change_cf_historical,0.0
ssp126_percentage_change_cf_historical,0.8048803351135798
ssp370_percentage_change_cf_historical,0.779901904287564
ssp585_percentage_change_cf_historical,0.6165314560535406
