Key,Value
historical,11296980.562849943
ssp126,11401559.84813892
ssp370,11463034.777346727
ssp585,11486622.964866402
historical_percentage_change_cf_historical,0.0
ssp126_percentage_change_cf_historical,0.9257277615656426
ssp370_percentage_change_cf_historical,1.4698990900528968
ssp585_percentage_change_cf_historical,1.67869990535433
