Key,Value
historical,11402189.99894927
ssp126,11473357.026668075
ssp370,11491003.16631527
ssp585,11496228.588147782
historical_percentage_change_cf_historical,0.0
ssp126_percentage_change_cf_historical,0.6241522700934025
ssp370_percentage_change_cf_historical,0.7789132383707355
ssp585_percentage_change_cf_historical,0.824741468149337
