Key,Value
historical,5789848.684017152
ssp126,5823239.913452037
ssp370,5874915.48565983
ssp585,5864219.649715088
historical_percentage_change_cf_historical,0.0
ssp126_percentage_change_cf_historical,0.5767202436060447
ssp370_percentage_change_cf_historical,1.4692404980721716
ssp585_percentage_change_cf_historical,1.2845062065825208
