Key,Value
historical,11320930.401423842
ssp126,11445771.742109885
ssp370,11440931.794245418
ssp585,11518446.234015398
historical_percentage_change_cf_historical,0.0
ssp126_percentage_change_cf_historical,1.1027480627417543
ssp370_percentage_change_cf_historical,1.059995853401623
ssp585_percentage_change_cf_historical,1.7446961123152411
