Key,Value
historical,5503476.387560991
ssp126,5562741.246217046
ssp370,5581238.311636914
ssp585,5597696.770752427
historical_percentage_change_cf_historical,0.0
ssp126_percentage_change_cf_historical,1.0768622318432453
ssp370_percentage_change_cf_historical,1.4129600746844515
ssp585_percentage_change_cf_historical,1.7120157616083234
