Key,Value
historical,5008322.958483367
ssp126,5072255.504582064
ssp370,5055879.9772599945
ssp585,5041877.3653620975
historical_percentage_change_cf_historical,0.0
ssp126_percentage_change_cf_historical,1.2765260273482286
ssp370_percentage_change_cf_historical,0.9495597462634198
ssp585_percentage_change_cf_historical,0.6699729062378859
