Key,Value
historical,11507041.492062602
ssp126,11572223.177138664
ssp370,11575838.969835311
ssp585,11539885.760116521
historical_percentage_change_cf_historical,0.0
ssp126_percentage_change_cf_historical,0.5664504218658033
ssp370_percentage_change_cf_historical,0.5978728574166047
ssp585_percentage_change_cf_historical,0.2854275625631019
