Key,Value
historical,7981679.593891749
ssp126,8010505.995365785
ssp370,8028901.265883529
ssp585,8045468.361998862
historical_percentage_change_cf_historical,0.0
ssp126_percentage_change_cf_historical,0.36115708648711803
ssp370_percentage_change_cf_historical,0.5916257529044069
ssp585_percentage_change_cf_historical,0.7991897865197322
