Key,Value
historical,11387031.002983645
ssp126,11527615.089771014
ssp370,11571675.939401954
ssp585,11562171.589109726
historical_percentage_change_cf_historical,0.0
ssp126_percentage_change_cf_historical,1.2345982613952053
ssp370_percentage_change_cf_historical,1.6215371361501423
ssp585_percentage_change_cf_historical,1.5380706883136708
