Key,Value
historical,11279767.394640893
ssp126,11308642.21666497
ssp370,11350324.122341957
ssp585,11363226.784357253
historical_percentage_change_cf_historical,0.0
ssp126_percentage_change_cf_historical,0.2559877434865885
ssp370_percentage_change_cf_historical,0.6255158039392396
ssp585_percentage_change_cf_historical,0.7399034642860892
