Key,Value
historical,11024694.697611693
ssp126,11062227.702432912
ssp370,11013892.363569988
ssp585,11057696.406235088
historical_percentage_change_cf_historical,0.0
ssp126_percentage_change_cf_historical,0.3404448454191608
ssp370_percentage_change_cf_historical,-0.09798306744989038
ssp585_percentage_change_cf_historical,0.29934351497773093
