Key,Value
historical,11270307.019513762
ssp126,11331376.220902132
ssp370,11355590.225731585
ssp585,11369787.332587123
historical_percentage_change_cf_historical,0.0
ssp126_percentage_change_cf_historical,0.5418592526595161
ssp370_percentage_change_cf_historical,0.7567070361984065
ssp585_percentage_change_cf_historical,0.8826761586984095
