Key,Value
historical,4541677.0424831025
ssp126,4603235.339724608
ssp370,4617748.887887775
ssp585,4627978.050767967
historical_percentage_change_cf_historical,0.0
ssp126_percentage_change_cf_historical,1.3554089528094018
ssp370_percentage_change_cf_historical,1.6749725859653188
ssp585_percentage_change_cf_historical,1.9002013458376616
