Key,Value
historical,11324561.27142181
ssp126,11368421.442702001
ssp370,11381838.33554262
ssp585,11351772.151348455
historical_percentage_change_cf_historical,0.0
ssp126_percentage_change_cf_historical,0.38730128460582436
ssp370_percentage_change_cf_historical,0.5057773343091941
ssp585_percentage_change_cf_historical,0.24028197891703323
