Key,Value
historical,11318769.828211784
ssp126,11355767.596979994
ssp370,11362634.679041209
ssp585,11383376.744204648
historical_percentage_change_cf_historical,0.0
ssp126_percentage_change_cf_historical,0.3268709350020869
ssp370_percentage_change_cf_historical,0.3875407972348034
ssp585_percentage_change_cf_historical,0.5707945030548475
