Key,Value
historical,11567809.662284076
ssp126,11620867.750017185
ssp370,11643605.827439025
ssp585,11707668.521811858
historical_percentage_change_cf_historical,0.0
ssp126_percentage_change_cf_historical,0.458670131011061
ssp370_percentage_change_cf_historical,0.6552335089163526
ssp585_percentage_change_cf_historical,1.2090349306470722
