Key,Value
historical,11248755.009902535
ssp126,11308279.139504068
ssp370,11323571.82690271
ssp585,11337440.514224967
historical_percentage_change_cf_historical,0.0
ssp126_percentage_change_cf_historical,0.5291619343574657
ssp370_percentage_change_cf_historical,0.6651119784750575
ssp585_percentage_change_cf_historical,0.7884028431978483
