Key,Value
historical,10976533.475886282
ssp126,11018396.167694531
ssp370,10999594.586666755
ssp585,11054767.125509607
historical_percentage_change_cf_historical,0.0
ssp126_percentage_change_cf_historical,0.3813835388031709
ssp370_percentage_change_cf_historical,0.21009466086114922
ssp585_percentage_change_cf_historical,0.7127354897171508
