Key,Value
historical,11572061.785891917
ssp126,11539733.853400413
ssp370,11567437.2357569
ssp585,11613974.834883954
historical_percentage_change_cf_historical,0.0
ssp126_percentage_change_cf_historical,-0.27936190706237213
ssp370_percentage_change_cf_historical,-0.0399630612122592
ssp585_percentage_change_cf_historical,0.36219171455804083
