Key,Value
historical,10918227.290210191
ssp126,11007756.653048243
ssp370,11094849.281043429
ssp585,11081228.537447482
historical_percentage_change_cf_historical,0.0
ssp126_percentage_change_cf_historical,0.8199990754756366
ssp370_percentage_change_cf_historical,1.617680106289833
ssp585_percentage_change_cf_historical,1.4929277702749966
