Key,Value
historical,5820237.538357753
ssp126,5933416.808128636
ssp370,6055192.604752212
ssp585,6015108.988759734
historical_percentage_change_cf_historical,0.0
ssp126_percentage_change_cf_historical,1.9445816261790898
ssp370_percentage_change_cf_historical,4.036863871036332
ssp585_percentage_change_cf_historical,3.3481700552202143
