Key,Value
historical,11217708.63742929
ssp126,11331656.650436541
ssp370,11386585.702587405
ssp585,11432817.248285785
historical_percentage_change_cf_historical,0.0
ssp126_percentage_change_cf_historical,1.015786883847649
ssp370_percentage_change_cf_historical,1.5054506282560791
ssp585_percentage_change_cf_historical,1.9175806558102158
