Key,Value
historical,10994620.378091127
ssp126,11081847.429054447
ssp370,11096603.7256384
ssp585,11006231.033777691
historical_percentage_change_cf_historical,0.0
ssp126_percentage_change_cf_historical,0.7933611890514777
ssp370_percentage_change_cf_historical,0.9275749779455351
ssp585_percentage_change_cf_historical,0.10560306119983173
