Key,Value
historical,11237033.966204975
ssp126,11270939.341705555
ssp370,11290432.435834534
ssp585,11269453.167651463
historical_percentage_change_cf_historical,0.0
ssp126_percentage_change_cf_historical,0.3017288690463128
ssp370_percentage_change_cf_historical,0.47520074950519753
ssp585_percentage_change_cf_historical,0.2885031899341786
