Key,Value
historical,5518127.816827711
ssp126,5568839.530220139
ssp370,5598122.575651112
ssp585,5607221.095144052
historical_percentage_change_cf_historical,0.0
ssp126_percentage_change_cf_historical,0.9190021521027676
ssp370_percentage_change_cf_historical,1.4496720894984467
ssp585_percentage_change_cf_historical,1.6145562638953104
