Key,Value
historical,5524230.484733622
ssp126,5584689.201547815
ssp370,5594189.672986692
ssp585,5627575.2173030805
historical_percentage_change_cf_historical,0.0
ssp126_percentage_change_cf_historical,1.094427848028307
ssp370_percentage_change_cf_historical,1.266406035128414
ssp585_percentage_change_cf_historical,1.870753453445782
