Key,Value
historical,11499104.608927691
ssp126,11569040.479944013
ssp370,11667299.641558064
ssp585,11625392.677808627
historical_percentage_change_cf_historical,0.0
ssp126_percentage_change_cf_historical,0.6081853622065911
ssp370_percentage_change_cf_historical,1.4626793854870168
ssp585_percentage_change_cf_historical,1.0982426299773673
