Key,Value
historical,11272498.770095553
ssp126,11355010.79502057
ssp370,11362468.695845578
ssp585,11396269.69881158
historical_percentage_change_cf_historical,0.0
ssp126_percentage_change_cf_historical,0.7319763488811314
ssp370_percentage_change_cf_historical,0.7981364876144669
ssp585_percentage_change_cf_historical,1.097990172723497
