Key,Value
historical,11358840.552670967
ssp126,11431571.536186654
ssp370,11421512.970494475
ssp585,11406198.383247662
historical_percentage_change_cf_historical,0.0
ssp126_percentage_change_cf_historical,0.6403028828376767
ssp370_percentage_change_cf_historical,0.5517501327084948
ssp585_percentage_change_cf_historical,0.4169248644445456
