Key,Value
historical,11319055.107214214
ssp126,11381691.03749457
ssp370,11382024.382375509
ssp585,11327015.472625496
historical_percentage_change_cf_historical,0.0
ssp126_percentage_change_cf_historical,0.5533671290321279
ssp370_percentage_change_cf_historical,0.556312117618022
ssp585_percentage_change_cf_historical,0.07032711949788138
