Key,Value
historical,11354260.771105133
ssp126,11429010.778728839
ssp370,11486590.257930549
ssp585,11518326.40090035
historical_percentage_change_cf_historical,0.0
ssp126_percentage_change_cf_historical,0.6583432345849711
ssp370_percentage_change_cf_historical,1.1654610502004172
ssp585_percentage_change_cf_historical,1.4449697175595964
