Key,Value
historical,10956221.070506565
ssp126,11074626.359082567
ssp370,11089037.307556493
ssp585,11140572.464905564
historical_percentage_change_cf_historical,0.0
ssp126_percentage_change_cf_historical,1.0807128462818318
ssp370_percentage_change_cf_historical,1.2122449537592903
ssp585_percentage_change_cf_historical,1.682618424844132
