Key,Value
historical,11502163.864738524
ssp126,11628659.346082699
ssp370,11627452.922054492
ssp585,11688246.86764513
historical_percentage_change_cf_historical,0.0
ssp126_percentage_change_cf_historical,1.0997537753045235
ssp370_percentage_change_cf_historical,1.0892651051517266
ssp585_percentage_change_cf_historical,1.6178086583957374
