Key,Value
historical,8233593.128469353
ssp126,8410444.192468453
ssp370,8499768.715372866
ssp585,8501779.229844557
historical_percentage_change_cf_historical,0.0
ssp126_percentage_change_cf_historical,2.147920855933498
ssp370_percentage_change_cf_historical,3.2327998572476964
ssp585_percentage_change_cf_historical,3.2572182908564615
