Key,Value
historical,11229329.821565408
ssp126,11296658.586859325
ssp370,11320147.998936128
ssp585,11345323.17041312
historical_percentage_change_cf_historical,0.0
ssp126_percentage_change_cf_historical,0.5995795507280844
ssp370_percentage_change_cf_historical,0.8087586598116256
ssp585_percentage_change_cf_historical,1.0329498793859593
