Key,Value
historical,8681491.502842247
ssp126,8717101.247662716
ssp370,8734088.19271707
ssp585,8730514.247227252
historical_percentage_change_cf_historical,0.0
ssp126_percentage_change_cf_historical,0.4101800342580511
ssp370_percentage_change_cf_historical,0.6058485440848794
ssp585_percentage_change_cf_historical,0.5646811307590914
