Key,Value
historical,11297892.883005427
ssp126,11322230.15134683
ssp370,11351915.93021576
ssp585,11342112.769910019
historical_percentage_change_cf_historical,0.0
ssp126_percentage_change_cf_historical,0.21541422452333725
ssp370_percentage_change_cf_historical,0.47816922827791036
ssp585_percentage_change_cf_historical,0.39139941724096494
