Key,Value
historical,4345611.217725156
ssp126,4380796.090555033
ssp370,4392717.277755309
ssp585,4384023.193208061
historical_percentage_change_cf_historical,0.0
ssp126_percentage_change_cf_historical,0.8096645343320761
ssp370_percentage_change_cf_historical,1.083991587604842
ssp585_percentage_change_cf_historical,0.8839257254820235
