Key,Value
historical,11167997.20098507
ssp126,11209630.858504113
ssp370,11241434.26217103
ssp585,11233026.57750659
historical_percentage_change_cf_historical,0.0
ssp126_percentage_change_cf_historical,0.37279430474221653
ssp370_percentage_change_cf_historical,0.6575669734183156
ssp585_percentage_change_cf_historical,0.5822832451622071
