Key,Value
historical,11306348.552921206
ssp126,11464761.64491674
ssp370,11467680.244013373
ssp585,11550410.586721264
historical_percentage_change_cf_historical,0.0
ssp126_percentage_change_cf_historical,1.4010986062746542
ssp370_percentage_change_cf_historical,1.4269124141806506
ssp585_percentage_change_cf_historical,2.158628249055705
