Key,Value
historical,11175060.001641672
ssp126,11278004.344091658
ssp370,11273687.853362566
ssp585,11301405.606247436
historical_percentage_change_cf_historical,0.0
ssp126_percentage_change_cf_historical,0.921197223414124
ssp370_percentage_change_cf_historical,0.8825711155591544
ssp585_percentage_change_cf_historical,1.1306033666683073
