Key,Value
historical,5527925.646355076
ssp126,5568430.556934388
ssp370,5580893.868809054
ssp585,5570304.786101521
historical_percentage_change_cf_historical,0.0
ssp126_percentage_change_cf_historical,0.7327325505186586
ssp370_percentage_change_cf_historical,0.9581934679042461
ssp585_percentage_change_cf_historical,0.7666372968382558
