Key,Value
historical,11345763.357483312
ssp126,11401308.144328397
ssp370,11435648.6440314
ssp585,11392816.285503317
historical_percentage_change_cf_historical,0.0
ssp126_percentage_change_cf_historical,0.4895641227035523
ssp370_percentage_change_cf_historical,0.7922365707442843
ssp585_percentage_change_cf_historical,0.4147180452954674
