Key,Value
historical,11512114.039797798
ssp126,11607544.542405177
ssp370,11614551.162329292
ssp585,11636378.192549061
historical_percentage_change_cf_historical,0.0
ssp126_percentage_change_cf_historical,0.8289572382402778
ssp370_percentage_change_cf_historical,0.8898202552317085
ssp585_percentage_change_cf_historical,1.0794207937975382
