Key,Value
historical,8669650.8345829
ssp126,8691942.49521171
ssp370,8684475.2794405
ssp585,8678771.075939327
historical_percentage_change_cf_historical,0.0
ssp126_percentage_change_cf_historical,0.25712293440801665
ssp370_percentage_change_cf_historical,0.17099240950356476
ssp585_percentage_change_cf_historical,0.10519733182386724
