Key,Value
historical,10975334.95232508
ssp126,11114670.910810404
ssp370,11052448.762579972
ssp585,11167013.770269092
historical_percentage_change_cf_historical,0.0
ssp126_percentage_change_cf_historical,1.2695371857950102
ssp370_percentage_change_cf_historical,0.7026100851578666
ssp585_percentage_change_cf_historical,1.7464507350038208
