Key,Value
historical,11413990.244179204
ssp126,11444915.221465856
ssp370,11460191.437165726
ssp585,11481767.783662755
historical_percentage_change_cf_historical,0.0
ssp126_percentage_change_cf_historical,0.2709392300595539
ssp370_percentage_change_cf_historical,0.40477687467871376
ssp585_percentage_change_cf_historical,0.5938110865138987
