Key,Value
historical,11082479.25864257
ssp126,11101583.884256257
ssp370,11160825.13050159
ssp585,11125783.510542318
historical_percentage_change_cf_historical,0.0
ssp126_percentage_change_cf_historical,0.17238584587279054
ssp370_percentage_change_cf_historical,0.7069345227776915
ssp585_percentage_change_cf_historical,0.39074516531107983
