Key,Value
historical,11276560.888483783
ssp126,11325182.134893049
ssp370,11353978.806132784
ssp585,11366654.29703999
historical_percentage_change_cf_historical,0.0
ssp126_percentage_change_cf_historical,0.431170876387675
ssp370_percentage_change_cf_historical,0.6865383729543298
ssp585_percentage_change_cf_historical,0.7989440171268377
