Key,Value
historical,8167151.390410902
ssp126,8246271.893116128
ssp370,8270627.52598296
ssp585,8286466.128203576
historical_percentage_change_cf_historical,0.0
ssp126_percentage_change_cf_historical,0.9687649820979386
ssp370_percentage_change_cf_historical,1.2669795210794068
ssp585_percentage_change_cf_historical,1.4609100785466345
