Key,Value
historical,10331597.071145117
ssp126,10375815.133431409
ssp370,10471783.753943726
ssp585,10436469.574879415
historical_percentage_change_cf_historical,0.0
ssp126_percentage_change_cf_historical,0.42798864475451615
ssp370_percentage_change_cf_historical,1.3568733065494136
ssp585_percentage_change_cf_historical,1.0150657542307189
