Key,Value
historical,9020987.206104297
ssp126,9127051.40301648
ssp370,9175242.248981364
ssp585,9187094.029005157
historical_percentage_change_cf_historical,0.0
ssp126_percentage_change_cf_historical,1.1757493330709001
ssp370_percentage_change_cf_historical,1.7099574509171902
ssp585_percentage_change_cf_historical,1.841337528873325
