Key,Value
historical,11286647.580202272
ssp126,11296613.25040795
ssp370,11302664.786279624
ssp585,11304885.767004417
historical_percentage_change_cf_historical,0.0
ssp126_percentage_change_cf_historical,0.08829610506451491
ssp370_percentage_change_cf_historical,0.14191287504579916
ssp585_percentage_change_cf_historical,0.16159082378133613
