Key,Value
historical,5778629.620648127
ssp126,5865024.02895622
ssp370,5909919.769659225
ssp585,5926025.628839409
historical_percentage_change_cf_historical,0.0
ssp126_percentage_change_cf_historical,1.4950674118200808
ssp370_percentage_change_cf_historical,2.271994532094141
ssp585_percentage_change_cf_historical,2.550708695096297
