Key,Value
historical,5526188.746442064
ssp126,5588007.951339108
ssp370,5594849.097461121
ssp585,5655733.431595687
historical_percentage_change_cf_historical,0.0
ssp126_percentage_change_cf_historical,1.118658948028972
ssp370_percentage_change_cf_historical,1.2424539618423849
ssp585_percentage_change_cf_historical,2.3441958119332806
