Key,Value
historical,11384171.993744966
ssp126,11465850.09166303
ssp370,11498399.76485602
ssp585,11475811.674947547
historical_percentage_change_cf_historical,0.0
ssp126_percentage_change_cf_historical,0.7174706949521081
ssp370_percentage_change_cf_historical,1.0033911221107412
ssp585_percentage_change_cf_historical,0.8049744966338578
