Key,Value
historical,11357972.290639563
ssp126,11367980.245935716
ssp370,11374861.601571508
ssp585,11363168.576667516
historical_percentage_change_cf_historical,0.0
ssp126_percentage_change_cf_historical,0.08811392597251756
ssp370_percentage_change_cf_historical,0.14870005402165135
ssp585_percentage_change_cf_historical,0.045750120664015355
