Key,Value
historical,11355601.259002255
ssp126,11486860.141242363
ssp370,11514899.30174866
ssp585,11575477.75935154
historical_percentage_change_cf_historical,0.0
ssp126_percentage_change_cf_historical,1.1558954849356886
ssp370_percentage_change_cf_historical,1.4028146912971184
ssp585_percentage_change_cf_historical,1.9362823274106777
