Key,Value
historical,8489064.275785398
ssp126,8495893.72040278
ssp370,8534165.046172522
ssp585,8531792.576776512
historical_percentage_change_cf_historical,0.0
ssp126_percentage_change_cf_historical,0.08044991056156575
ssp370_percentage_change_cf_historical,0.5312808210885127
ssp585_percentage_change_cf_historical,0.5033334605911093
