Key,Value
historical,11507041.492062602
ssp126,11614884.632595837
ssp370,11625457.689840853
ssp585,11607091.008045256
historical_percentage_change_cf_historical,0.0
ssp126_percentage_change_cf_historical,0.9371925929668684
ssp370_percentage_change_cf_historical,1.0290759606622857
ssp585_percentage_change_cf_historical,0.8694634155240225
