Key,Value
historical,5525249.665066507
ssp126,5586324.70027369
ssp370,5617681.775036633
ssp585,5639194.997626548
historical_percentage_change_cf_historical,0.0
ssp126_percentage_change_cf_historical,1.1053805512777304
ssp370_percentage_change_cf_historical,1.6729037703857987
ssp585_percentage_change_cf_historical,2.062265770187046
