Key,Value
historical,11538612.151649022
ssp126,11623066.615883276
ssp370,11648326.413966306
ssp585,11645742.309263531
historical_percentage_change_cf_historical,0.0
ssp126_percentage_change_cf_historical,0.7319291360545793
ssp370_percentage_change_cf_historical,0.9508445285735982
ssp585_percentage_change_cf_historical,0.9284492468117
