Key,Value
historical,11389922.316304803
ssp126,11463635.748488238
ssp370,11501132.685444683
ssp585,11511579.170359973
historical_percentage_change_cf_historical,0.0
ssp126_percentage_change_cf_historical,0.6471811671438144
ssp370_percentage_change_cf_historical,0.976392692166838
ssp585_percentage_change_cf_historical,1.0681096031797934
