Key,Value
historical,11255154.318980997
ssp126,11312322.754661676
ssp370,11320289.650262384
ssp585,11330266.69836089
historical_percentage_change_cf_historical,0.0
ssp126_percentage_change_cf_historical,0.5079311581207528
ssp370_percentage_change_cf_historical,0.5787155771959548
ssp585_percentage_change_cf_historical,0.6673598357796051
