Key,Value
historical,11481290.847221082
ssp126,11557032.969393604
ssp370,11540651.370163053
ssp585,11608972.189054988
historical_percentage_change_cf_historical,0.0
ssp126_percentage_change_cf_historical,0.6597004046008812
ssp370_percentage_change_cf_historical,0.5170195906703187
ssp585_percentage_change_cf_historical,1.1120817644368803
