Key,Value
historical,11033178.243755665
ssp126,11180463.783297734
ssp370,11211482.452593883
ssp585,11202461.21524104
historical_percentage_change_cf_historical,0.0
ssp126_percentage_change_cf_historical,1.3349330200971543
ssp370_percentage_change_cf_historical,1.6160729474223063
ssp585_percentage_change_cf_historical,1.5343083175619123
