Key,Value
historical,11506991.713742994
ssp126,11622867.381703425
ssp370,11676993.663640564
ssp585,11664591.883167662
historical_percentage_change_cf_historical,0.0
ssp126_percentage_change_cf_historical,1.0070022716887783
ssp370_percentage_change_cf_historical,1.477379615165051
ssp585_percentage_change_cf_historical,1.3696035709875711
