Key,Value
historical,11301652.752760515
ssp126,11310932.26182024
ssp370,11336416.58812542
ssp585,11356926.360452533
historical_percentage_change_cf_historical,0.0
ssp126_percentage_change_cf_historical,0.08210754004504994
ssp370_percentage_change_cf_historical,0.30759957083635214
ssp585_percentage_change_cf_historical,0.48907543791342517
