Key,Value
historical,5732000.734946081
ssp126,5775337.067103494
ssp370,5798360.818099537
ssp585,5773386.587765206
historical_percentage_change_cf_historical,0.0
ssp126_percentage_change_cf_historical,0.7560419853613328
ssp370_percentage_change_cf_historical,1.1577123978522963
ssp585_percentage_change_cf_historical,0.722014087800244
