Key,Value
historical,11241011.458643857
ssp126,11309112.435264222
ssp370,11313490.002863348
ssp585,11307774.84251491
historical_percentage_change_cf_historical,0.0
ssp126_percentage_change_cf_historical,0.6058260581880129
ssp370_percentage_change_cf_historical,0.6447688847764427
ssp585_percentage_change_cf_historical,0.5939268376042284
