Key,Value
historical,11256447.037906498
ssp126,11351570.369906459
ssp370,11352656.53373896
ssp585,11324319.903922081
historical_percentage_change_cf_historical,0.0
ssp126_percentage_change_cf_historical,0.8450564523568581
ssp370_percentage_change_cf_historical,0.8547057122773541
ssp585_percentage_change_cf_historical,0.6029688212187995
