Key,Value
historical,11483402.337197058
ssp126,11580823.46922862
ssp370,11587799.623941664
ssp585,11616176.151787708
historical_percentage_change_cf_historical,0.0
ssp126_percentage_change_cf_historical,0.8483647021231252
ssp370_percentage_change_cf_historical,0.9091145958235902
ssp585_percentage_change_cf_historical,1.1562236582146783
