Key,Value
historical,5744602.486243863
ssp126,5760966.634782793
ssp370,5763509.813718233
ssp585,5810295.973385783
historical_percentage_change_cf_historical,0.0
ssp126_percentage_change_cf_historical,0.28486128636604974
ssp370_percentage_change_cf_historical,0.3291320421151238
ssp585_percentage_change_cf_historical,1.143568894440149
