Key,Value
historical,7963941.595064153
ssp126,8048720.489597738
ssp370,8022497.061836206
ssp585,7987626.485304986
historical_percentage_change_cf_historical,0.0
ssp126_percentage_change_cf_historical,1.064534358038595
ssp370_percentage_change_cf_historical,0.7352573606057655
ssp585_percentage_change_cf_historical,0.29740160645467884
