Key,Value
historical,11029898.119526602
ssp126,11110323.914239274
ssp370,11187207.633115571
ssp585,11192179.130446475
historical_percentage_change_cf_historical,0.0
ssp126_percentage_change_cf_historical,0.7291617188221485
ssp370_percentage_change_cf_historical,1.4262100328059995
ssp585_percentage_change_cf_historical,1.4712829543962975
