Key,Value
historical,11062590.39290069
ssp126,11090074.39175357
ssp370,11104599.270025257
ssp585,11108728.460308062
historical_percentage_change_cf_historical,0.0
ssp126_percentage_change_cf_historical,0.24844089744583148
ssp370_percentage_change_cf_historical,0.3797381592608307
ssp585_percentage_change_cf_historical,0.4170638681242337
