Key,Value
historical,11296657.09973083
ssp126,11352263.95432186
ssp370,11377520.681542508
ssp585,11366868.873125693
historical_percentage_change_cf_historical,0.0
ssp126_percentage_change_cf_historical,0.49224167911013006
ssp370_percentage_change_cf_historical,0.7158186806750505
ssp585_percentage_change_cf_historical,0.621526994888914
