Key,Value
historical,5788451.9201681465
ssp126,5863581.061809935
ssp370,5870304.78225518
ssp585,5887337.669443615
historical_percentage_change_cf_historical,0.0
ssp126_percentage_change_cf_historical,1.297914238175201
ssp370_percentage_change_cf_historical,1.414071727914706
ssp585_percentage_change_cf_historical,1.7083280752653431
