Key,Value
historical,11283912.744094312
ssp126,11524196.860480158
ssp370,11564190.425153714
ssp585,11603970.605341092
historical_percentage_change_cf_historical,0.0
ssp126_percentage_change_cf_historical,2.1294396884768854
ssp370_percentage_change_cf_historical,2.4838696240901994
ssp585_percentage_change_cf_historical,2.836408509222911
