Key,Value
historical,11290588.543610718
ssp126,11353164.758173306
ssp370,11348652.675630912
ssp585,11358858.556650031
historical_percentage_change_cf_historical,0.0
ssp126_percentage_change_cf_historical,0.554233415918774
ssp370_percentage_change_cf_historical,0.5142701976599108
ssp585_percentage_change_cf_historical,0.6046630144709939
