Key,Value
historical,9096423.43639396
ssp126,9146122.629911322
ssp370,9182149.91876357
ssp585,9166191.756808642
historical_percentage_change_cf_historical,0.0
ssp126_percentage_change_cf_historical,0.5463597189035942
ssp370_percentage_change_cf_historical,0.9424196550330672
ssp585_percentage_change_cf_historical,0.7669862875506231
