Key,Value
historical,8392070.99644313
ssp126,8425138.247791082
ssp370,8434604.804499062
ssp585,8468673.00621621
historical_percentage_change_cf_historical,0.0
ssp126_percentage_change_cf_historical,0.3940296901916906
ssp370_percentage_change_cf_historical,0.5068332724301201
ssp585_percentage_change_cf_historical,0.912790297002326
