Key,Value
historical,5530146.70509175
ssp126,5535350.417997761
ssp370,5550273.0570769645
ssp585,5555637.971363135
historical_percentage_change_cf_historical,0.0
ssp126_percentage_change_cf_historical,0.09409719458652434
ssp370_percentage_change_cf_historical,0.36393884391318987
ssp585_percentage_change_cf_historical,0.4609509951682468
