Key,Value
historical,11279141.620513933
ssp126,11322720.341776205
ssp370,11349833.866849942
ssp585,11350330.654207919
historical_percentage_change_cf_historical,0.0
ssp126_percentage_change_cf_historical,0.38636558284731237
ssp370_percentage_change_cf_historical,0.6267520057327578
ssp585_percentage_change_cf_historical,0.6311564841469053
