Key,Value
historical,10571061.07365523
ssp126,10629223.035843637
ssp370,10626960.29390652
ssp585,10654322.123100664
historical_percentage_change_cf_historical,0.0
ssp126_percentage_change_cf_historical,0.5501998501678775
ssp370_percentage_change_cf_historical,0.5287947904359197
ssp585_percentage_change_cf_historical,0.7876319024675144
