Key,Value
historical,7981679.593891749
ssp126,8074382.621785628
ssp370,8153744.246977099
ssp585,8101291.793233781
historical_percentage_change_cf_historical,0.0
ssp126_percentage_change_cf_historical,1.1614476226886212
ssp370_percentage_change_cf_historical,2.1557449288872528
ssp585_percentage_change_cf_historical,1.4985843259552696
