Key,Value
historical,8684719.823820442
ssp126,8728514.880526299
ssp370,8753301.327353477
ssp585,8757203.483937996
historical_percentage_change_cf_historical,0.0
ssp126_percentage_change_cf_historical,0.5042771395541817
ssp370_percentage_change_cf_historical,0.7896800924415572
ssp585_percentage_change_cf_historical,0.8346113816906957
