Key,Value
historical,11082997.682724562
ssp126,11151680.819292596
ssp370,11140078.470814595
ssp585,11155655.920479143
historical_percentage_change_cf_historical,0.0
ssp126_percentage_change_cf_historical,0.6197162404454236
ssp370_percentage_change_cf_historical,0.5150302266958622
ssp585_percentage_change_cf_historical,0.655582901256366
