Key,Value
historical,11339792.87271164
ssp126,11390032.862135267
ssp370,11422227.432006573
ssp585,11432229.830930727
historical_percentage_change_cf_historical,0.0
ssp126_percentage_change_cf_historical,0.4430415086727536
ssp370_percentage_change_cf_historical,0.7269494268568699
ssp585_percentage_change_cf_historical,0.8151556140106345
