Key,Value
historical,11498046.97365909
ssp126,11632896.28679178
ssp370,11634879.279265769
ssp585,11676394.001405528
historical_percentage_change_cf_historical,0.0
ssp126_percentage_change_cf_historical,1.1728018979363632
ssp370_percentage_change_cf_historical,1.1900482396718994
ssp585_percentage_change_cf_historical,1.5511071415433668
