Key,Value
historical,4545683.135044968
ssp126,4587359.707957902
ssp370,4599631.964629848
ssp585,4597781.236578186
historical_percentage_change_cf_historical,0.0
ssp126_percentage_change_cf_historical,0.9168384965425433
ssp370_percentage_change_cf_historical,1.1868145663071195
ssp585_percentage_change_cf_historical,1.146100596664288
