Key,Value
historical,9041021.369340649
ssp126,9129361.574833252
ssp370,9178286.101284105
ssp585,9196773.250845067
historical_percentage_change_cf_historical,0.0
ssp126_percentage_change_cf_historical,0.9771042660310094
ssp370_percentage_change_cf_historical,1.5182436401371653
ssp585_percentage_change_cf_historical,1.7227244040434904
