Key,Value
historical,8677780.803572778
ssp126,8759347.685449472
ssp370,8760757.598255612
ssp585,8760071.939382618
historical_percentage_change_cf_historical,0.0
ssp126_percentage_change_cf_historical,0.9399509358788101
ssp370_percentage_change_cf_historical,0.9561983249066566
ssp585_percentage_change_cf_historical,0.948297009022861
