Key,Value
historical,11069536.44754067
ssp126,11196442.288107999
ssp370,11165616.88484288
ssp585,11228472.549895916
historical_percentage_change_cf_historical,0.0
ssp126_percentage_change_cf_historical,1.1464422306096007
ssp370_percentage_change_cf_historical,0.8679716423315605
ssp585_percentage_change_cf_historical,1.4357972721663197
