Key,Value
historical,9208700.63847769
ssp126,9254219.204457007
ssp370,9276796.626992509
ssp585,9295088.235559475
historical_percentage_change_cf_historical,0.0
ssp126_percentage_change_cf_historical,0.49429955176435836
ssp370_percentage_change_cf_historical,0.7394744512628151
ssp585_percentage_change_cf_historical,0.9381084310724761
