Key,Value
historical,11057440.755329896
ssp126,11146421.59742672
ssp370,11136604.757637136
ssp585,11127397.64574238
historical_percentage_change_cf_historical,0.0
ssp126_percentage_change_cf_historical,0.8047146176562939
ssp370_percentage_change_cf_historical,0.7159342207561128
ssp585_percentage_change_cf_historical,0.6326680102605372
