Key,Value
historical,5757252.37079613
ssp126,5794735.1123508755
ssp370,5824818.63463393
ssp585,5826556.568985596
historical_percentage_change_cf_historical,0.0
ssp126_percentage_change_cf_historical,0.6510526053170438
ssp370_percentage_change_cf_historical,1.1735852362584045
ssp585_percentage_change_cf_historical,1.2037721073513175
