Key,Value
historical,10789623.052503448
ssp126,10896706.942896426
ssp370,10951806.0699529
ssp585,10960461.110399626
historical_percentage_change_cf_historical,0.0
ssp126_percentage_change_cf_historical,0.9924710981273044
ssp370_percentage_change_cf_historical,1.503138864631803
ssp585_percentage_change_cf_historical,1.5833552021684367
