Key,Value
historical,11258560.270711012
ssp126,11315033.636717714
ssp370,11344649.729672141
ssp585,11370507.08498367
historical_percentage_change_cf_historical,0.0
ssp126_percentage_change_cf_historical,0.5016037987878154
ssp370_percentage_change_cf_historical,0.7646577971882401
ssp585_percentage_change_cf_historical,0.994326197852181
