Key,Value
historical,11502163.864738524
ssp126,11651053.523635745
ssp370,11622886.400193242
ssp585,11719181.292049786
historical_percentage_change_cf_historical,0.0
ssp126_percentage_change_cf_historical,1.2944491197318355
ssp370_percentage_change_cf_historical,1.0495636897054654
ssp585_percentage_change_cf_historical,1.8867530480639307
