Key,Value
historical,4848872.635191493
ssp126,4885780.028382482
ssp370,4925959.37838072
ssp585,4918952.350020993
historical_percentage_change_cf_historical,0.0
ssp126_percentage_change_cf_historical,0.7611541066912704
ssp370_percentage_change_cf_historical,1.5897869255166053
ssp585_percentage_change_cf_historical,1.445278523524927
