Key,Value
historical,5725264.992696762
ssp126,5781823.589170145
ssp370,5755244.075063415
ssp585,5797466.492999978
historical_percentage_change_cf_historical,0.0
ssp126_percentage_change_cf_historical,0.9878773566905604
ssp370_percentage_change_cf_historical,0.523627856612656
ssp585_percentage_change_cf_historical,1.2611032047480362
