Key,Value
historical,11356444.651196271
ssp126,11418878.019077782
ssp370,11425089.006386995
ssp585,11437902.9772223
historical_percentage_change_cf_historical,0.0
ssp126_percentage_change_cf_historical,0.5497615653410839
ssp370_percentage_change_cf_historical,0.6044528661837245
ssp585_percentage_change_cf_historical,0.7172872190897115
