Key,Value
historical,8759392.967049979
ssp126,8794919.063125912
ssp370,8816574.932151888
ssp585,8814880.731692744
historical_percentage_change_cf_historical,0.0
ssp126_percentage_change_cf_historical,0.40557714683621554
ssp370_percentage_change_cf_historical,0.6528073956381346
ssp585_percentage_change_cf_historical,0.6334658674578578
