Key,Value
historical,5518118.461494515
ssp126,5589146.937318851
ssp370,5626621.962519408
ssp585,5624793.353558741
historical_percentage_change_cf_historical,0.0
ssp126_percentage_change_cf_historical,1.2871864988034225
ssp370_percentage_change_cf_historical,1.9663133689867658
ssp585_percentage_change_cf_historical,1.9331750996033217
