Key,Value
historical,11290115.053763721
ssp126,11356360.595011313
ssp370,11378724.200244926
ssp585,11361001.58324469
historical_percentage_change_cf_historical,0.0
ssp126_percentage_change_cf_historical,0.5867570076312684
ssp370_percentage_change_cf_historical,0.784838294908834
ssp585_percentage_change_cf_historical,0.6278636589920179
