Key,Value
historical,8170670.688915368
ssp126,8214029.348928371
ssp370,8209600.525379269
ssp585,8218930.979889141
historical_percentage_change_cf_historical,0.0
ssp126_percentage_change_cf_historical,0.5306621899696096
ssp370_percentage_change_cf_historical,0.4764582730854012
ssp585_percentage_change_cf_historical,0.5906527482406666
