Key,Value
historical,5767375.294548586
ssp126,5860728.486165047
ssp370,5817489.741797067
ssp585,5837402.081065316
historical_percentage_change_cf_historical,0.0
ssp126_percentage_change_cf_historical,1.6186425687383235
ssp370_percentage_change_cf_historical,0.8689298803885742
ssp585_percentage_change_cf_historical,1.2141881348161991
