Key,Value
historical,11326617.477559704
ssp126,11376060.207745349
ssp370,11404794.771282356
ssp585,11387551.28564222
historical_percentage_change_cf_historical,0.0
ssp126_percentage_change_cf_historical,0.43651805389915077
ssp370_percentage_change_cf_historical,0.6902086512371125
ssp585_percentage_change_cf_historical,0.5379700356548408
