Key,Value
historical,11506338.411664952
ssp126,11693302.331570864
ssp370,11653962.66262107
ssp585,11768442.337844621
historical_percentage_change_cf_historical,0.0
ssp126_percentage_change_cf_historical,1.624877638887893
ssp370_percentage_change_cf_historical,1.2829820023932104
ssp585_percentage_change_cf_historical,2.2779090689176393
