Key,Value
historical,11274642.606396498
ssp126,11373478.888903439
ssp370,11381904.540697671
ssp585,11403476.302104462
historical_percentage_change_cf_historical,0.0
ssp126_percentage_change_cf_historical,0.8766245277776487
ssp370_percentage_change_cf_historical,0.9513555156091589
ssp585_percentage_change_cf_historical,1.1426854065854994
