Key,Value
historical,5518505.695655884
ssp126,5536801.470203475
ssp370,5568647.005143875
ssp585,5574531.505572222
historical_percentage_change_cf_historical,0.0
ssp126_percentage_change_cf_historical,0.3315349400109007
ssp370_percentage_change_cf_historical,0.9086030214204871
ssp585_percentage_change_cf_historical,1.015235156148175
