Key,Value
historical,11512669.875971552
ssp126,11645314.796482924
ssp370,11715712.9171229
ssp585,11739314.583788712
historical_percentage_change_cf_historical,0.0
ssp126_percentage_change_cf_historical,1.15216471887394
ssp370_percentage_change_cf_historical,1.7636486005311929
ssp585_percentage_change_cf_historical,1.9686546236351026
