Key,Value
historical,8728095.218806477
ssp126,8814200.908323264
ssp370,8804450.029017087
ssp585,8820185.0757578
historical_percentage_change_cf_historical,0.0
ssp126_percentage_change_cf_historical,0.9865347175779436
ssp370_percentage_change_cf_historical,0.874816420953883
ssp585_percentage_change_cf_historical,1.0550968412087882
