Key,Value
historical,11149645.109137274
ssp126,11148169.629725747
ssp370,11172693.083392397
ssp585,11207309.288240539
historical_percentage_change_cf_historical,0.0
ssp126_percentage_change_cf_historical,-0.013233420410110996
ssp370_percentage_change_cf_historical,0.2067148687650528
ssp585_percentage_change_cf_historical,0.5171839869235665
