Key,Value
historical,11507423.905534219
ssp126,11664223.941058058
ssp370,11829577.703780707
ssp585,11802399.458334733
historical_percentage_change_cf_historical,0.0
ssp126_percentage_change_cf_historical,1.3625989344881098
ssp370_percentage_change_cf_historical,2.799530119782551
ssp585_percentage_change_cf_historical,2.5633500184055302
