Key,Value
historical,11343368.95114615
ssp126,11385136.661581168
ssp370,11389504.062383018
ssp585,11424273.407502677
historical_percentage_change_cf_historical,0.0
ssp126_percentage_change_cf_historical,0.3682125708412021
ssp370_percentage_change_cf_historical,0.40671436709467934
ssp585_percentage_change_cf_historical,0.7132312869745154
