Key,Value
historical,11276881.395614158
ssp126,11404257.183694858
ssp370,11419291.838056866
ssp585,11495799.088116035
historical_percentage_change_cf_historical,0.0
ssp126_percentage_change_cf_historical,1.1295302629523012
ssp370_percentage_change_cf_historical,1.2628530659025505
ssp585_percentage_change_cf_historical,1.9412963994373362
