Key,Value
historical,11273698.773276439
ssp126,11324250.486443387
ssp370,11311757.294792132
ssp585,11329101.306589007
historical_percentage_change_cf_historical,0.0
ssp126_percentage_change_cf_historical,0.4484039726764557
ssp370_percentage_change_cf_historical,0.337586822932583
ssp585_percentage_change_cf_historical,0.49143173351319713
