Key,Value
historical,11511223.723604351
ssp126,11616727.321724853
ssp370,11664789.545969065
ssp585,11700878.28662182
historical_percentage_change_cf_historical,0.0
ssp126_percentage_change_cf_historical,0.9165280829714113
ssp370_percentage_change_cf_historical,1.334052973445555
ssp585_percentage_change_cf_historical,1.647562132152575
