Key,Value
historical,10690813.072901057
ssp126,10770031.628501678
ssp370,10770220.848622777
ssp585,10769253.322461603
historical_percentage_change_cf_historical,0.0
ssp126_percentage_change_cf_historical,0.7409965459168212
ssp370_percentage_change_cf_historical,0.7427664779117816
ssp585_percentage_change_cf_historical,0.7337164070277828
