Key,Value
historical,11354663.97192565
ssp126,11408516.270084076
ssp370,11410853.888457991
ssp585,11406864.000887789
historical_percentage_change_cf_historical,0.0
ssp126_percentage_change_cf_historical,0.4742746970898952
ssp370_percentage_change_cf_historical,0.4948619939019832
ssp585_percentage_change_cf_historical,0.45972323876077137
