Key,Value
historical,11373908.112111844
ssp126,11451389.612414964
ssp370,11444794.944792708
ssp585,11418097.49053951
historical_percentage_change_cf_historical,0.0
ssp126_percentage_change_cf_historical,0.6812214371646887
ssp370_percentage_change_cf_historical,0.6232407716163832
ssp585_percentage_change_cf_historical,0.38851534575533725
