Key,Value
historical,5775942.518442834
ssp126,5784663.299356582
ssp370,5791922.430214101
ssp585,5790474.801465856
historical_percentage_change_cf_historical,0.0
ssp126_percentage_change_cf_historical,0.15098455162775629
ssp370_percentage_change_cf_historical,0.2766632756514301
ssp585_percentage_change_cf_historical,0.2516002016401636
