Key,Value
historical,11290593.044533748
ssp126,11329879.11371173
ssp370,11352599.235393813
ssp585,11350298.136385616
historical_percentage_change_cf_historical,0.0
ssp126_percentage_change_cf_historical,0.347953991637326
ssp370_percentage_change_cf_historical,0.5491845345544937
ssp585_percentage_change_cf_historical,0.5288038601371208
