Key,Value
historical,5844864.1385563975
ssp126,5857042.1002657125
ssp370,5883287.643419426
ssp585,5890305.457067137
historical_percentage_change_cf_historical,0.0
ssp126_percentage_change_cf_historical,0.20835320412294048
ssp370_percentage_change_cf_historical,0.6573891873647297
ssp585_percentage_change_cf_historical,0.7774572245568487
