Key,Value
historical,5744893.813228762
ssp126,5802763.196849456
ssp370,5798488.932200963
ssp585,5852306.896391407
historical_percentage_change_cf_historical,0.0
ssp126_percentage_change_cf_historical,1.007318594600278
ssp370_percentage_change_cf_historical,0.9329174866346088
ssp585_percentage_change_cf_historical,1.869713986972307
