Key,Value
historical,10626545.23544924
ssp126,10678748.220770072
ssp370,10713644.616261335
ssp585,10717513.636531936
historical_percentage_change_cf_historical,0.0
ssp126_percentage_change_cf_historical,0.4912507702568085
ssp370_percentage_change_cf_historical,0.8196396748167923
ssp585_percentage_change_cf_historical,0.8560486881402776
