Key,Value
historical,11615907.51917807
ssp126,11663388.292383853
ssp370,11668794.249201912
ssp585,11629549.06129495
historical_percentage_change_cf_historical,0.0
ssp126_percentage_change_cf_historical,0.4087564671756521
ssp370_percentage_change_cf_historical,0.4552957221510706
ssp585_percentage_change_cf_historical,0.11743845321046151
