Key,Value
historical,11501783.200748794
ssp126,11563203.961505067
ssp370,11608942.102121029
ssp585,11602633.668001559
historical_percentage_change_cf_historical,0.0
ssp126_percentage_change_cf_historical,0.534010767584927
ssp370_percentage_change_cf_historical,0.9316720677299757
ssp585_percentage_change_cf_historical,0.876824623560973
