Key,Value
historical,5746300.357092721
ssp126,5797858.202827554
ssp370,5815938.570352271
ssp585,5816295.841720626
historical_percentage_change_cf_historical,0.0
ssp126_percentage_change_cf_historical,0.8972354824995251
ssp370_percentage_change_cf_historical,1.211879103632211
ssp585_percentage_change_cf_historical,1.2180965191196138
