Key,Value
historical,4712114.164024989
ssp126,4769565.136497742
ssp370,4791880.375471447
ssp585,4812138.381852485
historical_percentage_change_cf_historical,0.0
ssp126_percentage_change_cf_historical,1.2192186027954601
ssp370_percentage_change_cf_historical,1.6927902990007977
ssp585_percentage_change_cf_historical,2.122703617648719
