Key,Value
historical,11152020.377372883
ssp126,11142223.404433023
ssp370,11215026.124594575
ssp585,11205508.929852718
historical_percentage_change_cf_historical,0.0
ssp126_percentage_change_cf_historical,-0.08784930988592742
ssp370_percentage_change_cf_historical,0.5649715933942187
ssp585_percentage_change_cf_historical,0.4796310504270769
