Key,Value
historical,4586911.179200532
ssp126,4652791.645004099
ssp370,4672785.28904011
ssp585,4679409.089561883
historical_percentage_change_cf_historical,0.0
ssp126_percentage_change_cf_historical,1.4362707981419829
ssp370_percentage_change_cf_historical,1.8721554982136246
ssp585_percentage_change_cf_historical,2.016562055545911
