Key,Value
historical,11004759.442658752
ssp126,11058808.604395924
ssp370,11054857.725262709
ssp585,11085661.791215908
historical_percentage_change_cf_historical,0.0
ssp126_percentage_change_cf_historical,0.49114350948605234
ssp370_percentage_change_cf_historical,0.4552419602172876
ssp585_percentage_change_cf_historical,0.7351578103883528
