Key,Value
historical,5514892.696540699
ssp126,5569682.708328061
ssp370,5593419.75045768
ssp585,5598283.581454359
historical_percentage_change_cf_historical,0.0
ssp126_percentage_change_cf_historical,0.9934918919044307
ssp370_percentage_change_cf_historical,1.4239090085331634
ssp585_percentage_change_cf_historical,1.5121034896285084
