Key,Value
historical,5758143.510853015
ssp126,5832890.2019284135
ssp370,5819889.35701597
ssp585,5839248.784044102
historical_percentage_change_cf_historical,0.0
ssp126_percentage_change_cf_historical,1.2981039971392718
ssp370_percentage_change_cf_historical,1.07232211296186
ssp585_percentage_change_cf_historical,1.4085316393768026
