Key,Value
historical,11523979.77588769
ssp126,11581954.129835265
ssp370,11630368.723866014
ssp585,11638613.730504017
historical_percentage_change_cf_historical,0.0
ssp126_percentage_change_cf_historical,0.5030758043230643
ssp370_percentage_change_cf_historical,0.9231962399042668
ssp585_percentage_change_cf_historical,0.9947427611438739
