Key,Value
historical,11159106.060585909
ssp126,11121576.261045875
ssp370,11193261.34756999
ssp585,11117088.080531435
historical_percentage_change_cf_historical,0.0
ssp126_percentage_change_cf_historical,-0.3363154659188091
ssp370_percentage_change_cf_historical,0.3060754759265097
ssp585_percentage_change_cf_historical,-0.37653535889296275
