Key,Value
historical,11017953.36516593
ssp126,11004749.643337324
ssp370,11004438.170085447
ssp585,11049772.3604175
historical_percentage_change_cf_historical,0.0
ssp126_percentage_change_cf_historical,-0.1198382439187891
ssp370_percentage_change_cf_historical,-0.1226652049845538
ssp585_percentage_change_cf_historical,0.28879224840584267
