Key,Value
historical,11323893.369486254
ssp126,11360944.984554956
ssp370,11368632.190615732
ssp585,11354784.126329506
historical_percentage_change_cf_historical,0.0
ssp126_percentage_change_cf_historical,0.32719855141468007
ssp370_percentage_change_cf_historical,0.39508338404204035
ssp585_percentage_change_cf_historical,0.2727927209778519
