Key,Value
historical,10580945.14155591
ssp126,10679083.591736984
ssp370,10668984.104741642
ssp585,10646632.871680155
historical_percentage_change_cf_historical,0.0
ssp126_percentage_change_cf_historical,0.9275017389102679
ssp370_percentage_change_cf_historical,0.8320519765286802
ssp585_percentage_change_cf_historical,0.6208115555411073
