Key,Value
historical,11240067.195745172
ssp126,11329533.751013929
ssp370,11322992.185565852
ssp585,11318460.932911182
historical_percentage_change_cf_historical,0.0
ssp126_percentage_change_cf_historical,0.7959610357367243
ssp370_percentage_change_cf_historical,0.7377624028090345
ssp585_percentage_change_cf_historical,0.6974490080956552
