Key,Value
historical,10954992.837936217
ssp126,10920388.91520702
ssp370,10977590.45164804
ssp585,11065855.90071349
historical_percentage_change_cf_historical,0.0
ssp126_percentage_change_cf_historical,-0.315873531284908
ssp370_percentage_change_cf_historical,0.20627684605661398
ssp585_percentage_change_cf_historical,1.0119866294514033
