Key,Value
historical,11587817.272851799
ssp126,11673110.241948482
ssp370,11663022.376823168
ssp585,11691651.360208878
historical_percentage_change_cf_historical,0.0
ssp126_percentage_change_cf_historical,0.7360572495090103
ssp370_percentage_change_cf_historical,0.649001465940974
ssp585_percentage_change_cf_historical,0.8960625190418255
