Key,Value
historical,11293257.232166843
ssp126,11389842.655017959
ssp370,11437626.302349959
ssp585,11454081.118227493
historical_percentage_change_cf_historical,0.0
ssp126_percentage_change_cf_historical,0.8552485865283312
ssp370_percentage_change_cf_historical,1.2783651980573447
ssp585_percentage_change_cf_historical,1.4240699804709236
