Key,Value
historical,10569787.840737088
ssp126,10700289.229462355
ssp370,10719048.861969318
ssp585,10767890.646347847
historical_percentage_change_cf_historical,0.0
ssp126_percentage_change_cf_historical,1.2346642211899608
ssp370_percentage_change_cf_historical,1.4121477505628137
ssp585_percentage_change_cf_historical,1.8742363479354798
