Key,Value
historical,10641188.821440585
ssp126,10701085.45718371
ssp370,10724710.35229959
ssp585,10711044.809533168
historical_percentage_change_cf_historical,0.0
ssp126_percentage_change_cf_historical,0.5628754150329578
ssp370_percentage_change_cf_historical,0.7848890970783254
ssp585_percentage_change_cf_historical,0.6564678934352909
