Key,Value
historical,9480501.344773684
ssp126,9634165.389867462
ssp370,9645927.548629776
ssp585,9694511.772111095
historical_percentage_change_cf_historical,0.0
ssp126_percentage_change_cf_historical,1.6208430282907866
ssp370_percentage_change_cf_historical,1.7449098717473042
ssp585_percentage_change_cf_historical,2.2573745791976423
