Key,Value
historical,5761622.549556274
ssp126,5745578.145966567
ssp370,5799768.150711145
ssp585,5788267.236109473
historical_percentage_change_cf_historical,0.0
ssp126_percentage_change_cf_historical,-0.2784702304204657
ssp370_percentage_change_cf_historical,0.6620635216343534
ssp585_percentage_change_cf_historical,0.4624510947050993
