Key,Value
historical,11295803.288333783
ssp126,11379832.97010951
ssp370,11388864.149694879
ssp585,11432543.783734895
historical_percentage_change_cf_historical,0.0
ssp126_percentage_change_cf_historical,0.7439017804294766
ssp370_percentage_change_cf_historical,0.8238534169341301
ssp585_percentage_change_cf_historical,1.2105424635212696
