Key,Value
historical,5457397.691473758
ssp126,5506190.19417572
ssp370,5532760.2226523515
ssp585,5530597.681419186
historical_percentage_change_cf_historical,0.0
ssp126_percentage_change_cf_historical,0.8940617023053355
ssp370_percentage_change_cf_historical,1.3809243056692493
ssp585_percentage_change_cf_historical,1.3412984371615577
