Key,Value
historical,11279940.955160327
ssp126,11319671.488783166
ssp370,11322639.953687739
ssp585,11307062.964470044
historical_percentage_change_cf_historical,0.0
ssp126_percentage_change_cf_historical,0.35222288645635774
ssp370_percentage_change_cf_historical,0.37853920244039496
ssp585_percentage_change_cf_historical,0.24044460354474456
