Key,Value
historical,11291551.442039283
ssp126,11357883.330522606
ssp370,11389143.050430186
ssp585,11397185.374023706
historical_percentage_change_cf_historical,0.0
ssp126_percentage_change_cf_historical,0.5874470733611027
ssp370_percentage_change_cf_historical,0.8642887462529046
ssp585_percentage_change_cf_historical,0.9355130030328673
