Key,Value
historical,8728579.427477831
ssp126,8827007.18962702
ssp370,8873120.742319576
ssp585,8924978.367148817
historical_percentage_change_cf_historical,0.0
ssp126_percentage_change_cf_historical,1.127649269471446
ssp370_percentage_change_cf_historical,1.655954626324703
ssp585_percentage_change_cf_historical,2.2500676232917787
