Key,Value
historical,11501142.168114759
ssp126,11587441.309229665
ssp370,11622926.02694302
ssp585,11591153.960298624
historical_percentage_change_cf_historical,0.0
ssp126_percentage_change_cf_historical,0.7503527897790645
ssp370_percentage_change_cf_historical,1.0588849094126451
ssp585_percentage_change_cf_historical,0.7826335060304658
