Key,Value
historical,11284718.147638693
ssp126,11362956.118798878
ssp370,11316637.760795802
ssp585,11346655.568940122
historical_percentage_change_cf_historical,0.0
ssp126_percentage_change_cf_historical,0.6933090409223533
ssp370_percentage_change_cf_historical,0.28285698180053837
ssp585_percentage_change_cf_historical,0.5488610392488049
