Key,Value
historical,11281069.716599813
ssp126,11381154.248835573
ssp370,11384762.03521951
ssp585,11399409.43074639
historical_percentage_change_cf_historical,0.0
ssp126_percentage_change_cf_historical,0.8871900870224066
ssp370_percentage_change_cf_historical,0.919170976021146
ssp585_percentage_change_cf_historical,1.0490114600784968
