Key,Value
historical,11333534.517276227
ssp126,11371094.424906533
ssp370,11388559.174983041
ssp585,11381029.297388786
historical_percentage_change_cf_historical,0.0
ssp126_percentage_change_cf_historical,0.3314050667340488
ssp370_percentage_change_cf_historical,0.48550306722882675
ssp585_percentage_change_cf_historical,0.4190641502009854
