Key,Value
historical,11351635.018961597
ssp126,11421428.866457183
ssp370,11428214.024638176
ssp585,11433685.454512361
historical_percentage_change_cf_historical,0.0
ssp126_percentage_change_cf_historical,0.6148351966831483
ssp370_percentage_change_cf_historical,0.6746077155287528
ssp585_percentage_change_cf_historical,0.7228072027836379
