Key,Value
historical,5744602.486243863
ssp126,5775716.7685226165
ssp370,5783740.477932803
ssp585,5810300.559368731
historical_percentage_change_cf_historical,0.0
ssp126_percentage_change_cf_historical,0.5416263762942812
ssp370_percentage_change_cf_historical,0.6813002602470977
ssp585_percentage_change_cf_historical,1.1436487256026973
