Key,Value
historical,5822220.531393512
ssp126,5907412.776172545
ssp370,5920422.10412059
ssp585,5929994.520937562
historical_percentage_change_cf_historical,0.0
ssp126_percentage_change_cf_historical,1.4632260032005766
ssp370_percentage_change_cf_historical,1.68666872368666
ssp585_percentage_change_cf_historical,1.8510805106562118
