Key,Value
historical,11298962.43049527
ssp126,11324393.62823086
ssp370,11336752.232002715
ssp585,11320443.823183965
historical_percentage_change_cf_historical,0.0
ssp126_percentage_change_cf_historical,0.22507551372109597
ssp370_percentage_change_cf_historical,0.3344537318351682
ssp585_percentage_change_cf_historical,0.19011827697309852
