Key,Value
historical,11273545.59533613
ssp126,11344920.265905658
ssp370,11350967.266924642
ssp585,11343541.820224911
historical_percentage_change_cf_historical,0.0
ssp126_percentage_change_cf_historical,0.6331164403065493
ssp370_percentage_change_cf_historical,0.6867552974686288
ssp585_percentage_change_cf_historical,0.6208891807537333
