Key,Value
historical,5514941.646270483
ssp126,5582768.496726057
ssp370,5584706.610909889
ssp585,5597193.786894354
historical_percentage_change_cf_historical,0.0
ssp126_percentage_change_cf_historical,1.2298743088504325
ssp370_percentage_change_cf_historical,1.2650172769567867
ssp585_percentage_change_cf_historical,1.4914417214095965
