Key,Value
historical,11062288.877779197
ssp126,11097857.4223928
ssp370,11104444.370560966
ssp585,11063349.61009039
historical_percentage_change_cf_historical,0.0
ssp126_percentage_change_cf_historical,0.32152970336048614
ssp370_percentage_change_cf_historical,0.38107387401939175
ssp585_percentage_change_cf_historical,0.009588723662094843
