Key,Value
historical,11349517.443730645
ssp126,11386463.949866842
ssp370,11372944.286298044
ssp585,11398934.16799691
historical_percentage_change_cf_historical,0.0
ssp126_percentage_change_cf_historical,0.32553371823404226
ssp370_percentage_change_cf_historical,0.2064126751075209
ssp585_percentage_change_cf_historical,0.4354081529128083
