Key,Value
historical,11288713.637365658
ssp126,11348569.296325812
ssp370,11349291.839297231
ssp585,11348572.54343342
historical_percentage_change_cf_historical,0.0
ssp126_percentage_change_cf_historical,0.5302256827742707
ssp370_percentage_change_cf_historical,0.536626261215977
ssp585_percentage_change_cf_historical,0.5302544469693116
