Key,Value
historical,5730949.87008459
ssp126,5803283.680622292
ssp370,5794023.132244388
ssp585,5835411.632856198
historical_percentage_change_cf_historical,0.0
ssp126_percentage_change_cf_historical,1.2621609362748414
ssp370_percentage_change_cf_historical,1.1005725680665637
ssp585_percentage_change_cf_historical,1.8227652507814642
