Key,Value
historical,5778629.620648127
ssp126,5846550.989428437
ssp370,5877884.403330844
ssp585,5917575.953383565
historical_percentage_change_cf_historical,0.0
ssp126_percentage_change_cf_historical,1.1753888592827353
ssp370_percentage_change_cf_historical,1.717618002857648
ssp585_percentage_change_cf_historical,2.4044858704727603
