Key,Value
historical,5535754.774516725
ssp126,5567993.224675372
ssp370,5579341.101146184
ssp585,5596499.863714492
historical_percentage_change_cf_historical,0.0
ssp126_percentage_change_cf_historical,0.5823677433663361
ssp370_percentage_change_cf_historical,0.787360141567399
ssp585_percentage_change_cf_historical,1.0973226176383517
