Key,Value
historical,11275157.365567107
ssp126,11363121.571171949
ssp370,11367029.220411632
ssp585,11420610.596787002
historical_percentage_change_cf_historical,0.0
ssp126_percentage_change_cf_historical,0.7801594492461223
ssp370_percentage_change_cf_historical,0.8148166084589683
ssp585_percentage_change_cf_historical,1.2900328261855645
