Key,Value
historical,11343506.020185797
ssp126,11420918.236144356
ssp370,11434315.932306143
ssp585,11508087.576131642
historical_percentage_change_cf_historical,0.0
ssp126_percentage_change_cf_historical,0.6824364162262061
ssp370_percentage_change_cf_historical,0.8005453689428076
ssp585_percentage_change_cf_historical,1.4508878970308832
