Key,Value
historical,4712113.187095039
ssp126,4761144.410138568
ssp370,4761399.867433317
ssp585,4782600.95425422
historical_percentage_change_cf_historical,0.0
ssp126_percentage_change_cf_historical,1.0405357659448855
ssp370_percentage_change_cf_historical,1.0459570553877773
ssp585_percentage_change_cf_historical,1.4958844229851047
