Key,Value
historical,5765096.259485932
ssp126,5815894.175968939
ssp370,5813997.048125032
ssp585,5832744.400534343
historical_percentage_change_cf_historical,0.0
ssp126_percentage_change_cf_historical,0.8811286784574343
ssp370_percentage_change_cf_historical,0.8482215463209057
ssp585_percentage_change_cf_historical,1.1734086995876636
