Key,Value
historical,5812946.463030057
ssp126,6100017.317289382
ssp370,5996623.330388408
ssp585,5916451.0580239445
historical_percentage_change_cf_historical,0.0
ssp126_percentage_change_cf_historical,4.9384740782506125
ssp370_percentage_change_cf_historical,3.159789420503414
ssp585_percentage_change_cf_historical,1.7805874465242306
