Key,Value
historical,4335540.846374476
ssp126,4411904.369524024
ssp370,4456846.032105368
ssp585,4459003.310039964
historical_percentage_change_cf_historical,0.0
ssp126_percentage_change_cf_historical,1.7613378781428348
ssp370_percentage_change_cf_historical,2.797925103907872
ssp585_percentage_change_cf_historical,2.847683092842515
