Key,Value
historical,11371988.573115483
ssp126,11474449.605831563
ssp370,11471137.808247635
ssp585,11413801.532702003
historical_percentage_change_cf_historical,0.0
ssp126_percentage_change_cf_historical,0.9009948616929555
ssp370_percentage_change_cf_historical,0.8718724477665314
ssp585_percentage_change_cf_historical,0.3676837988157125
