Key,Value
historical,11062350.236178398
ssp126,11106531.694476597
ssp370,11097745.43675208
ssp585,11107940.893858522
historical_percentage_change_cf_historical,0.0
ssp126_percentage_change_cf_historical,0.3993858208693075
ssp370_percentage_change_cf_historical,0.3199609469778496
ssp585_percentage_change_cf_historical,0.4121245188117801
