Key,Value
historical,11240186.183841774
ssp126,11335053.059088964
ssp370,11334119.471409516
ssp585,11356458.093481593
historical_percentage_change_cf_historical,0.0
ssp126_percentage_change_cf_historical,0.8439973653066778
ssp370_percentage_change_cf_historical,0.8356915626786957
ssp585_percentage_change_cf_historical,1.0344304599417062
