Key,Value
historical,5473076.895701155
ssp126,5537617.60827136
ssp370,5532458.983467627
ssp585,5520194.102100097
historical_percentage_change_cf_historical,0.0
ssp126_percentage_change_cf_historical,1.1792400106948804
ssp370_percentage_change_cf_historical,1.084985445994996
ssp585_percentage_change_cf_historical,0.8608906342235011
