Key,Value
historical,11514494.480063314
ssp126,11556364.298735905
ssp370,11559946.391507676
ssp585,11571409.079647427
historical_percentage_change_cf_historical,0.0
ssp126_percentage_change_cf_historical,0.36362706799753136
ssp370_percentage_change_cf_historical,0.39473649080347933
ssp585_percentage_change_cf_historical,0.49428656796577713
