Key,Value
historical,5514886.225924635
ssp126,5560989.839642376
ssp370,5584531.411920513
ssp585,5594107.481497976
historical_percentage_change_cf_historical,0.0
ssp126_percentage_change_cf_historical,0.8359848567866075
ssp370_percentage_change_cf_historical,1.2628580743603806
ssp585_percentage_change_cf_historical,1.4364984575916309
