Key,Value
historical,11322740.536812495
ssp126,11390014.906251375
ssp370,11421713.47518062
ssp585,11399123.788449457
historical_percentage_change_cf_historical,0.0
ssp126_percentage_change_cf_historical,0.5941527072898717
ssp370_percentage_change_cf_historical,0.8741076247958174
ssp585_percentage_change_cf_historical,0.6746003883832208
