Key,Value
historical,5746760.391663931
ssp126,5783613.443851114
ssp370,5801941.874505509
ssp585,5786007.949786466
historical_percentage_change_cf_historical,0.0
ssp126_percentage_change_cf_historical,0.641283952618606
ssp370_percentage_change_cf_historical,0.9602189595658432
ssp585_percentage_change_cf_historical,0.682951009745692
