Key,Value
historical,5780369.074733604
ssp126,5844386.492089804
ssp370,5823711.673117571
ssp585,5872049.698274241
historical_percentage_change_cf_historical,0.0
ssp126_percentage_change_cf_historical,1.1074970564773297
ssp370_percentage_change_cf_historical,0.7498240652732773
ssp585_percentage_change_cf_historical,1.5860686810013478
