Key,Value
historical,11355903.529941171
ssp126,11416007.359517239
ssp370,11422838.720457394
ssp585,11406574.204361822
historical_percentage_change_cf_historical,0.0
ssp126_percentage_change_cf_historical,0.5292738655061381
ssp370_percentage_change_cf_historical,0.5894307779186375
ssp585_percentage_change_cf_historical,0.44620557304887165
