Key,Value
historical,5751798.952672297
ssp126,5801217.773287255
ssp370,5807405.635410969
ssp585,5794790.080356427
historical_percentage_change_cf_historical,0.0
ssp126_percentage_change_cf_historical,0.8591889428262806
ssp370_percentage_change_cf_historical,0.9667702782420278
ssp585_percentage_change_cf_historical,0.7474379413792903
