Key,Value
historical,8464260.261670612
ssp126,8542766.992329098
ssp370,8557751.873251842
ssp585,8575556.683298867
historical_percentage_change_cf_historical,0.0
ssp126_percentage_change_cf_historical,0.9275084677392874
ssp370_percentage_change_cf_historical,1.1045455679641147
ssp585_percentage_change_cf_historical,1.314898386717241
