Key,Value
historical,11487935.035681186
ssp126,11559448.915677425
ssp370,11668875.311941896
ssp585,11669988.862940986
historical_percentage_change_cf_historical,0.0
ssp126_percentage_change_cf_historical,0.6225129213746272
ssp370_percentage_change_cf_historical,1.575046130559707
ssp585_percentage_change_cf_historical,1.584739352149413
