Key,Value
historical,9143552.7599216
ssp126,9206813.385187505
ssp370,9202875.350177893
ssp585,9177482.271864457
historical_percentage_change_cf_historical,0.0
ssp126_percentage_change_cf_historical,0.6918604499466798
ssp370_percentage_change_cf_historical,0.6487914688513581
ssp585_percentage_change_cf_historical,0.37107580427138914
