Key,Value
historical,9094312.54583948
ssp126,9152366.917683482
ssp370,9148275.91089113
ssp585,9128049.86515721
historical_percentage_change_cf_historical,0.0
ssp126_percentage_change_cf_historical,0.6383591013766295
ssp370_percentage_change_cf_historical,0.5933748678600106
ssp585_percentage_change_cf_historical,0.3709716281211876
