Key,Value
historical,5760453.35853252
ssp126,5775428.352397429
ssp370,5803451.09411225
ssp585,5788650.006539172
historical_percentage_change_cf_historical,0.0
ssp126_percentage_change_cf_historical,0.25996207126176096
ssp370_percentage_change_cf_historical,0.7464297148772283
ssp585_percentage_change_cf_historical,0.4894866124536189
