Key,Value
historical,11342338.85879729
ssp126,11407120.552236676
ssp370,11389110.011524046
ssp585,11415406.643867228
historical_percentage_change_cf_historical,0.0
ssp126_percentage_change_cf_historical,0.5711493391783223
ssp370_percentage_change_cf_historical,0.41235897912254665
ssp585_percentage_change_cf_historical,0.6442038628855307
