Key,Value
historical,11386139.332958532
ssp126,11428731.252744881
ssp370,11427172.190193776
ssp585,11434241.84949752
historical_percentage_change_cf_historical,0.0
ssp126_percentage_change_cf_historical,0.37406814145565187
ssp370_percentage_change_cf_historical,0.36037550600201307
ssp585_percentage_change_cf_historical,0.4224655533570407
