Key,Value
historical,11501512.160216335
ssp126,11630639.640419247
ssp370,11638807.803597761
ssp585,11675925.11340949
historical_percentage_change_cf_historical,0.0
ssp126_percentage_change_cf_historical,1.1227000276499524
ssp370_percentage_change_cf_historical,1.1937181952155036
ssp585_percentage_change_cf_historical,1.5164349762324958
