Key,Value
historical,5764196.6524925735
ssp126,5790352.765503803
ssp370,5803921.720908694
ssp585,5821401.169010177
historical_percentage_change_cf_historical,0.0
ssp126_percentage_change_cf_historical,0.45376857501763523
ssp370_percentage_change_cf_historical,0.6891692079752767
ssp585_percentage_change_cf_historical,0.9924109111174617
