Key,Value
historical,11003762.656248089
ssp126,10992278.813350787
ssp370,10995912.793855822
ssp585,11029597.219595827
historical_percentage_change_cf_historical,0.0
ssp126_percentage_change_cf_historical,-0.10436287346474939
ssp370_percentage_change_cf_historical,-0.07133798353793057
ssp585_percentage_change_cf_historical,0.23477935825041643
