Key,Value
historical,11072640.774927482
ssp126,11163388.827747919
ssp370,11147644.338943267
ssp585,11106093.13486921
historical_percentage_change_cf_historical,0.0
ssp126_percentage_change_cf_historical,0.8195700977306473
ssp370_percentage_change_cf_historical,0.6773773803411088
ssp585_percentage_change_cf_historical,0.30211726923785714
