Key,Value
historical,11155754.788084347
ssp126,11165431.475516904
ssp370,11135681.94739048
ssp585,11123358.401678473
historical_percentage_change_cf_historical,0.0
ssp126_percentage_change_cf_historical,0.08674166487500407
ssp370_percentage_change_cf_historical,-0.17993260944841652
ssp585_percentage_change_cf_historical,-0.2904006678282063
