Key,Value
historical,5771138.124461703
ssp126,5819476.408885123
ssp370,5832716.161270153
ssp585,5801965.11314909
historical_percentage_change_cf_historical,0.0
ssp126_percentage_change_cf_historical,0.8375866836132762
ssp370_percentage_change_cf_historical,1.0669998790610025
ssp585_percentage_change_cf_historical,0.5341578735868862
