Key,Value
historical,11310536.795608696
ssp126,11374295.218429966
ssp370,11393089.246305505
ssp585,11390858.931014122
historical_percentage_change_cf_historical,0.0
ssp126_percentage_change_cf_historical,0.5637081950524616
ssp370_percentage_change_cf_historical,0.7298720846640994
ssp585_percentage_change_cf_historical,0.7101531682971213
