Key,Value
historical,11293257.232166843
ssp126,11356062.643986715
ssp370,11351036.762202311
ssp585,11355306.764676068
historical_percentage_change_cf_historical,0.0
ssp126_percentage_change_cf_historical,0.556131951382294
ssp370_percentage_change_cf_historical,0.5116285660340142
ssp585_percentage_change_cf_historical,0.549438760081435
