Key,Value
historical,11254582.850056695
ssp126,11283924.548760049
ssp370,11310569.304493895
ssp585,11322391.021920629
historical_percentage_change_cf_historical,0.0
ssp126_percentage_change_cf_historical,0.26070889604945613
ssp370_percentage_change_cf_historical,0.49745472740393887
ssp585_percentage_change_cf_historical,0.6024938708731656
