Key,Value
historical,11265066.341537062
ssp126,11296785.023713674
ssp370,11303464.862345535
ssp585,11316457.750569712
historical_percentage_change_cf_historical,0.0
ssp126_percentage_change_cf_historical,0.2815667588184346
ssp370_percentage_change_cf_historical,0.34086368996237926
ssp585_percentage_change_cf_historical,0.45620156574806453
