Key,Value
historical,5282205.641260852
ssp126,5355956.89069263
ssp370,5360585.512479217
ssp585,5375126.74766783
historical_percentage_change_cf_historical,0.0
ssp126_percentage_change_cf_historical,1.3962207161282245
ssp370_percentage_change_cf_historical,1.4838474027992512
ssp585_percentage_change_cf_historical,1.759134587285743
