Key,Value
historical,11263574.195805004
ssp126,11317436.082048466
ssp370,11320190.71645924
ssp585,11287329.44152978
historical_percentage_change_cf_historical,0.0
ssp126_percentage_change_cf_historical,0.4781953339777603
ssp370_percentage_change_cf_historical,0.5026514645353258
ssp585_percentage_change_cf_historical,0.21090326491234146
