Key,Value
historical,7964599.271194342
ssp126,8029750.59914057
ssp370,7985125.808614252
ssp585,7994190.220269089
historical_percentage_change_cf_historical,0.0
ssp126_percentage_change_cf_historical,0.818011374180011
ssp370_percentage_change_cf_historical,0.25772216179348917
ssp585_percentage_change_cf_historical,0.3715309216091884
