Key,Value
historical,11086390.876832422
ssp126,11131739.928189827
ssp370,11132665.511098415
ssp585,11093838.355944471
historical_percentage_change_cf_historical,0.0
ssp126_percentage_change_cf_historical,0.40905152868254535
ssp370_percentage_change_cf_historical,0.41740034949240645
ssp585_percentage_change_cf_historical,0.06717676829898533
