Key,Value
historical,11051574.633270297
ssp126,11122985.980651012
ssp370,11156535.02840156
ssp585,11198657.347667182
historical_percentage_change_cf_historical,0.0
ssp126_percentage_change_cf_historical,0.6461644584630832
ssp370_percentage_change_cf_historical,0.9497324916513091
ssp585_percentage_change_cf_historical,1.3308756378851063
