Key,Value
historical,8389786.366101101
ssp126,8522740.895502122
ssp370,8547486.30556265
ssp585,8566846.998661947
historical_percentage_change_cf_historical,0.0
ssp126_percentage_change_cf_historical,1.584718890319107
ssp370_percentage_change_cf_historical,1.8796657337871645
ssp585_percentage_change_cf_historical,2.110430764676658
