Key,Value
historical,11127308.199387375
ssp126,11142966.359160474
ssp370,11158119.369521698
ssp585,11155005.902246166
historical_percentage_change_cf_historical,0.0
ssp126_percentage_change_cf_historical,0.14071830754144457
ssp370_percentage_change_cf_historical,0.27689688810829427
ssp585_percentage_change_cf_historical,0.24891647074461082
