Key,Value
historical,11298915.519765878
ssp126,11333689.649157517
ssp370,11337402.956713889
ssp585,11372656.035996538
historical_percentage_change_cf_historical,0.0
ssp126_percentage_change_cf_historical,0.3077651950827145
ssp370_percentage_change_cf_historical,0.34062947794133247
ssp585_percentage_change_cf_historical,0.6526335744493426
