Key,Value
historical,11062350.236178398
ssp126,11106531.694476597
ssp370,11169773.934172798
ssp585,11135667.653976941
historical_percentage_change_cf_historical,0.0
ssp126_percentage_change_cf_historical,0.3993858208693075
ssp370_percentage_change_cf_historical,0.9710748231698586
ssp585_percentage_change_cf_historical,0.6627652915812182
