Key,Value
historical,11228667.132389976
ssp126,11275153.587402595
ssp370,11315100.545152795
ssp585,11314389.42998855
historical_percentage_change_cf_historical,0.0
ssp126_percentage_change_cf_historical,0.41399797914149267
ssp370_percentage_change_cf_historical,0.7697566571681056
ssp585_percentage_change_cf_historical,0.7634236244416007
