Key,Value
historical,11325534.125485893
ssp126,11468273.414414538
ssp370,11442389.188793842
ssp585,11495601.931235025
historical_percentage_change_cf_historical,0.0
ssp126_percentage_change_cf_historical,1.2603316306949088
ssp370_percentage_change_cf_historical,1.0317841261454417
ssp585_percentage_change_cf_historical,1.5016316569690706
