Key,Value
historical,11281182.000596318
ssp126,11329792.631850224
ssp370,11339895.1636703
ssp585,11332315.736767378
historical_percentage_change_cf_historical,0.0
ssp126_percentage_change_cf_historical,0.43090015967596357
ssp370_percentage_change_cf_historical,0.5204522280633149
ssp585_percentage_change_cf_historical,0.4532657674378129
