Key,Value
historical,8201175.533827107
ssp126,8290164.38413357
ssp370,8320825.182523068
ssp585,8320652.829602867
historical_percentage_change_cf_historical,0.0
ssp126_percentage_change_cf_historical,1.085074327935224
ssp370_percentage_change_cf_historical,1.4589329078794355
ssp585_percentage_change_cf_historical,1.4568313442744405
