Key,Value
historical,11293113.789118014
ssp126,11407056.146444991
ssp370,11433183.35201874
ssp585,11420856.92337333
historical_percentage_change_cf_historical,0.0
ssp126_percentage_change_cf_historical,1.0089543013085658
ssp370_percentage_change_cf_historical,1.2403094975957478
ssp585_percentage_change_cf_historical,1.1311595423611929
