Key,Value
historical,11119176.584889472
ssp126,11205474.949311992
ssp370,11218584.033070832
ssp585,11162475.54209831
historical_percentage_change_cf_historical,0.0
ssp126_percentage_change_cf_historical,0.7761218986286875
ssp370_percentage_change_cf_historical,0.8940180724933519
ssp585_percentage_change_cf_historical,0.3894079465171901
