Key,Value
historical,8446131.473742103
ssp126,8540504.18904436
ssp370,8520432.782505997
ssp585,8534510.52333303
historical_percentage_change_cf_historical,0.0
ssp126_percentage_change_cf_historical,1.1173484049549673
ssp370_percentage_change_cf_historical,0.8797081716628044
ssp585_percentage_change_cf_historical,1.0463849617506582
