Key,Value
historical,5790844.95578625
ssp126,5815306.994217731
ssp370,5824302.767172098
ssp585,5815402.461272933
historical_percentage_change_cf_historical,0.0
ssp126_percentage_change_cf_historical,0.4224260642143222
ssp370_percentage_change_cf_historical,0.577770802729182
ssp585_percentage_change_cf_historical,0.4240746501448804
