Key,Value
historical,11561229.76857713
ssp126,11624983.712186052
ssp370,11651327.458777716
ssp585,11699875.807548694
historical_percentage_change_cf_historical,0.0
ssp126_percentage_change_cf_historical,0.5514460389170812
ssp370_percentage_change_cf_historical,0.7793088797998556
ssp585_percentage_change_cf_historical,1.1992326227128287
