Key,Value
historical,11529892.951043844
ssp126,11644212.408575907
ssp370,11665403.768152192
ssp585,11673916.35654565
historical_percentage_change_cf_historical,0.0
ssp126_percentage_change_cf_historical,0.9915049343256335
ssp370_percentage_change_cf_historical,1.175299872112687
ssp585_percentage_change_cf_historical,1.2491304655934925
