Key,Value
historical,5525244.779363867
ssp126,5541753.911241934
ssp370,5554502.976179346
ssp585,5563879.900932001
historical_percentage_change_cf_historical,0.0
ssp126_percentage_change_cf_historical,0.2987945790153308
ssp370_percentage_change_cf_historical,0.5295366627874196
ssp585_percentage_change_cf_historical,0.6992472390079738
