Key,Value
historical,5740133.119974233
ssp126,5774177.012742851
ssp370,5792885.004146215
ssp585,5835064.868375175
historical_percentage_change_cf_historical,0.0
ssp126_percentage_change_cf_historical,0.5930854225340777
ssp370_percentage_change_cf_historical,0.9190010591987483
ssp585_percentage_change_cf_historical,1.653824857660577
