Key,Value
historical,11345246.73012599
ssp126,11426070.359344095
ssp370,11426413.405229036
ssp585,11477723.743707329
historical_percentage_change_cf_historical,0.0
ssp126_percentage_change_cf_historical,0.71240080661699
ssp370_percentage_change_cf_historical,0.7154245036162792
ssp585_percentage_change_cf_historical,1.1676873736871838
