Key,Value
historical,8941439.685860792
ssp126,8963703.084801547
ssp370,8936602.877731262
ssp585,8941627.106455723
historical_percentage_change_cf_historical,0.0
ssp126_percentage_change_cf_historical,0.24899121084449566
ssp370_percentage_change_cf_historical,-0.05409428793865157
ssp585_percentage_change_cf_historical,0.0020960896848302773
