Key,Value
historical,9101040.377669219
ssp126,9144885.062043315
ssp370,9157150.026110925
ssp585,9151943.695919197
historical_percentage_change_cf_historical,0.0
ssp126_percentage_change_cf_historical,0.4817546407295967
ssp370_percentage_change_cf_historical,0.6165190584076451
ssp585_percentage_change_cf_historical,0.5593131789072943
