Key,Value
historical,8196253.817125473
ssp126,8290627.585317422
ssp370,8330507.088900933
ssp585,8402213.065089118
historical_percentage_change_cf_historical,0.0
ssp126_percentage_change_cf_historical,1.1514256427096174
ssp370_percentage_change_cf_historical,1.6379833369111565
ssp585_percentage_change_cf_historical,2.51284614360414
