Key,Value
historical,11319387.27800336
ssp126,11359689.953396257
ssp370,11362734.426588165
ssp585,11376166.346179003
historical_percentage_change_cf_historical,0.0
ssp126_percentage_change_cf_historical,0.35604997340462796
ssp370_percentage_change_cf_historical,0.382946068724415
ssp585_percentage_change_cf_historical,0.5016090251278956
