Key,Value
historical,11234785.206517544
ssp126,11304017.550924003
ssp370,11317706.775569152
ssp585,11285385.516172512
historical_percentage_change_cf_historical,0.0
ssp126_percentage_change_cf_historical,0.6162320252130524
ssp370_percentage_change_cf_historical,0.7380788108303471
ssp585_percentage_change_cf_historical,0.4503896489771208
