Key,Value
historical,11245960.976581536
ssp126,11311850.012026679
ssp370,11332555.160539236
ssp585,11326439.913274463
historical_percentage_change_cf_historical,0.0
ssp126_percentage_change_cf_historical,0.5858906640557364
ssp370_percentage_change_cf_historical,0.7700025292460329
ssp585_percentage_change_cf_historical,0.7156252530176431
