Key,Value
historical,11011664.362630907
ssp126,11063673.210377268
ssp370,11061201.373844163
ssp585,11073050.094266374
historical_percentage_change_cf_historical,0.0
ssp126_percentage_change_cf_historical,0.47230687418023604
ssp370_percentage_change_cf_historical,0.4498594361572119
ssp585_percentage_change_cf_historical,0.5574609760517613
