Key,Value
historical,11308454.645414945
ssp126,11380794.047782004
ssp370,11372404.845968831
ssp585,11350897.600947857
historical_percentage_change_cf_historical,0.0
ssp126_percentage_change_cf_historical,0.6396930848229507
ssp370_percentage_change_cf_historical,0.5655078660974728
ssp585_percentage_change_cf_historical,0.3753205620373675
