Key,Value
historical,11276152.19051458
ssp126,11345436.275254708
ssp370,11332448.993076298
ssp585,11349833.106247447
historical_percentage_change_cf_historical,0.0
ssp126_percentage_change_cf_historical,0.6144302025154437
ssp370_percentage_change_cf_historical,0.49925543403959594
ssp585_percentage_change_cf_historical,0.6534225016477508
