Key,Value
historical,11294849.847716447
ssp126,11359311.470341878
ssp370,11350239.41156894
ssp585,11355004.408585494
historical_percentage_change_cf_historical,0.0
ssp126_percentage_change_cf_historical,0.5707169505972995
ssp370_percentage_change_cf_historical,0.49039663739922307
ssp585_percentage_change_cf_historical,0.5325839801332929
