Key,Value
historical,11010707.927617949
ssp126,11089528.389465086
ssp370,11080292.47446586
ssp585,11093744.827496134
historical_percentage_change_cf_historical,0.0
ssp126_percentage_change_cf_historical,0.7158528076967131
ssp370_percentage_change_cf_historical,0.6319715980602297
ssp585_percentage_change_cf_historical,0.7541467853298095
