Key,Value
historical,5541160.528339121
ssp126,5602116.9054041905
ssp370,5606409.84037054
ssp585,5644813.31001202
historical_percentage_change_cf_historical,0.0
ssp126_percentage_change_cf_historical,1.1000651714261152
ssp370_percentage_change_cf_historical,1.1775387429711681
ssp585_percentage_change_cf_historical,1.8705969831191296
