Key,Value
historical,8672167.52730172
ssp126,8773126.65082666
ssp370,8790765.938270269
ssp585,8811395.827397559
historical_percentage_change_cf_historical,0.0
ssp126_percentage_change_cf_historical,1.1641740453825642
ssp370_percentage_change_cf_historical,1.3675751834264964
ssp585_percentage_change_cf_historical,1.6054613758039251
