Key,Value
historical,11328358.180122506
ssp126,11425040.076481566
ssp370,11425109.877809318
ssp585,11490886.470894706
historical_percentage_change_cf_historical,0.0
ssp126_percentage_change_cf_historical,0.8534502071862846
ssp370_percentage_change_cf_historical,0.8540663717411311
ssp585_percentage_change_cf_historical,1.4347029656723127
