Key,Value
historical,11306348.552921206
ssp126,11399940.054107964
ssp370,11386346.26865388
ssp585,11430795.883481225
historical_percentage_change_cf_historical,0.0
ssp126_percentage_change_cf_historical,0.8277783118810463
ssp370_percentage_change_cf_historical,0.7075468738490831
ssp585_percentage_change_cf_historical,1.1006854244544402
