Key,Value
historical,11323749.269531533
ssp126,11428218.81222282
ssp370,11504716.228617603
ssp585,11529237.783687294
historical_percentage_change_cf_historical,0.0
ssp126_percentage_change_cf_historical,0.9225702565878924
ssp370_percentage_change_cf_historical,1.5981187394619563
ssp585_percentage_change_cf_historical,1.8146685277522179
