Key,Value
historical,11232248.574158438
ssp126,11272232.966875259
ssp370,11275800.90858266
ssp585,11276025.186754528
historical_percentage_change_cf_historical,0.0
ssp126_percentage_change_cf_historical,0.3559785242717268
ssp370_percentage_change_cf_historical,0.38774368406002796
ssp585_percentage_change_cf_historical,0.3897404184662179
