Key,Value
historical,11376932.831543118
ssp126,11379638.708993103
ssp370,11379115.159094945
ssp585,11397743.129696168
historical_percentage_change_cf_historical,0.0
ssp126_percentage_change_cf_historical,0.023783892284952344
ssp370_percentage_change_cf_historical,0.019182037761321942
ssp585_percentage_change_cf_historical,0.18291659501893734
