Key,Value
historical,5535755.602649851
ssp126,5591856.615375869
ssp370,5630060.297470391
ssp585,5644802.950504176
historical_percentage_change_cf_historical,0.0
ssp126_percentage_change_cf_historical,1.0134300853015228
ssp370_percentage_change_cf_historical,1.7035559657908008
ssp585_percentage_change_cf_historical,1.9698728715936604
