Key,Value
historical,5514966.965483508
ssp126,5578676.354146829
ssp370,5577508.902667708
ssp585,5581693.871785389
historical_percentage_change_cf_historical,0.0
ssp126_percentage_change_cf_historical,1.1552088899545252
ssp370_percentage_change_cf_historical,1.1340401053284734
ssp585_percentage_change_cf_historical,1.2099239527544678
