Key,Value
historical,11347114.793842494
ssp126,11368988.421442894
ssp370,11376184.097561464
ssp585,11376510.736529402
historical_percentage_change_cf_historical,0.0
ssp126_percentage_change_cf_historical,0.19276818819414332
ssp370_percentage_change_cf_historical,0.2561823357488519
ssp585_percentage_change_cf_historical,0.25906094386971074
