Key,Value
historical,11290632.603856077
ssp126,11372117.622364212
ssp370,11383243.884703625
ssp585,11394468.661349768
historical_percentage_change_cf_historical,0.0
ssp126_percentage_change_cf_historical,0.7217046322125912
ssp370_percentage_change_cf_historical,0.8202488212743558
ssp585_percentage_change_cf_historical,0.9196655416652861
