Key,Value
historical,11109246.088134268
ssp126,11180430.826343365
ssp370,11216134.614853997
ssp585,11192037.48365312
historical_percentage_change_cf_historical,0.0
ssp126_percentage_change_cf_historical,0.6407701984847449
ssp370_percentage_change_cf_historical,0.9621582407279249
ssp585_percentage_change_cf_historical,0.7452476510290063
