Key,Value
historical,11007382.435498167
ssp126,11051326.748690328
ssp370,11065408.42683161
ssp585,11050056.545689382
historical_percentage_change_cf_historical,0.0
ssp126_percentage_change_cf_historical,0.3992258236657877
ssp370_percentage_change_cf_historical,0.5271552221744675
ssp585_percentage_change_cf_historical,0.3876862682048124
