Key,Value
historical,5773964.643090494
ssp126,5804028.287351845
ssp370,5847044.859151384
ssp585,5817454.378995651
historical_percentage_change_cf_historical,0.0
ssp126_percentage_change_cf_historical,0.5206759327376033
ssp370_percentage_change_cf_historical,1.2656852020793454
ssp585_percentage_change_cf_historical,0.7532040563705232
