Key,Value
historical,11512197.94173783
ssp126,11633712.497237876
ssp370,11706247.485994931
ssp585,11700466.610505924
historical_percentage_change_cf_historical,0.0
ssp126_percentage_change_cf_historical,1.0555287193203189
ssp370_percentage_change_cf_historical,1.685599441906467
ssp585_percentage_change_cf_historical,1.635384222204164
