Key,Value
historical,11388179.09565263
ssp126,11452132.07575694
ssp370,11505668.202317847
ssp585,11555172.938001504
historical_percentage_change_cf_historical,0.0
ssp126_percentage_change_cf_historical,0.5615733610013408
ssp370_percentage_change_cf_historical,1.0316759657394847
ssp585_percentage_change_cf_historical,1.466378785811531
