Key,Value
historical,5784950.789678242
ssp126,5810697.270833731
ssp370,5839575.571460988
ssp585,5832879.750064261
historical_percentage_change_cf_historical,0.0
ssp126_percentage_change_cf_historical,0.44505963994415676
ssp370_percentage_change_cf_historical,0.9442566370695874
ssp585_percentage_change_cf_historical,0.828511116663881
