Key,Value
historical,10966211.909086803
ssp126,11052464.531874327
ssp370,10977314.59307389
ssp585,11012634.328253493
historical_percentage_change_cf_historical,0.0
ssp126_percentage_change_cf_historical,0.7865306953995073
ssp370_percentage_change_cf_historical,0.10124447784824175
ssp585_percentage_change_cf_historical,0.4233222880566741
