Key,Value
historical,10986306.028179636
ssp126,11070507.165410481
ssp370,11052190.134453967
ssp585,11030037.992214369
historical_percentage_change_cf_historical,0.0
ssp126_percentage_change_cf_historical,0.7664190039388225
ssp370_percentage_change_cf_historical,0.5996929823849771
ssp585_percentage_change_cf_historical,0.3980588554748147
