Key,Value
historical,11361171.47099381
ssp126,11398184.02063905
ssp370,11408521.881225122
ssp585,11420950.63883542
historical_percentage_change_cf_historical,0.0
ssp126_percentage_change_cf_historical,0.3257811022370187
ssp370_percentage_change_cf_historical,0.4167740127169368
ssp585_percentage_change_cf_historical,0.5261708090070952
