Key,Value
historical,11554586.79012863
ssp126,11640590.927642435
ssp370,11677588.115507485
ssp585,11643274.900836753
historical_percentage_change_cf_historical,0.0
ssp126_percentage_change_cf_historical,0.7443289758079505
ssp370_percentage_change_cf_historical,1.0645237913997823
ssp585_percentage_change_cf_historical,0.7675576142964413
