Key,Value
historical,11602815.907308253
ssp126,11646189.381160973
ssp370,11672198.662067305
ssp585,11708544.257753128
historical_percentage_change_cf_historical,0.0
ssp126_percentage_change_cf_historical,0.3738185126715706
ssp370_percentage_change_cf_historical,0.597982035682827
ssp585_percentage_change_cf_historical,0.9112300952588643
