Key,Value
historical,11552704.547268385
ssp126,11659785.209753042
ssp370,11662159.922373807
ssp585,11665285.325955857
historical_percentage_change_cf_historical,0.0
ssp126_percentage_change_cf_historical,0.926888262800558
ssp370_percentage_change_cf_historical,0.9474437319640663
ssp585_percentage_change_cf_historical,0.9744971684062589
