Key,Value
historical,11342338.85879729
ssp126,11421270.416657835
ssp370,11456100.456515372
ssp585,11506203.254888667
historical_percentage_change_cf_historical,0.0
ssp126_percentage_change_cf_historical,0.6959019549951578
ssp370_percentage_change_cf_historical,1.0029818288301902
ssp585_percentage_change_cf_historical,1.4447143409428442
