Key,Value
historical,5524233.507329666
ssp126,5584822.343699299
ssp370,5657197.023195247
ssp585,5643230.122620763
historical_percentage_change_cf_historical,0.0
ssp126_percentage_change_cf_historical,1.0967826810586887
ssp370_percentage_change_cf_historical,2.40691338787838
ssp585_percentage_change_cf_historical,2.1540837318554704
