Key,Value
historical,11334991.307847787
ssp126,11410457.91222518
ssp370,11461914.570500635
ssp585,11495137.583504725
historical_percentage_change_cf_historical,0.0
ssp126_percentage_change_cf_historical,0.6657844044851039
ssp370_percentage_change_cf_historical,1.1197473311247494
ssp585_percentage_change_cf_historical,1.4128486851689177
