Key,Value
historical,8213126.185775732
ssp126,8260320.024406087
ssp370,8274059.603961785
ssp585,8260293.41783302
historical_percentage_change_cf_historical,0.0
ssp126_percentage_change_cf_historical,0.5746148002947978
ssp370_percentage_change_cf_historical,0.7419028614412851
ssp585_percentage_change_cf_historical,0.5742908484588605
