Key,Value
historical,5503483.083761076
ssp126,5574300.717991685
ssp370,5568613.245554844
ssp585,5603266.39552137
historical_percentage_change_cf_historical,0.0
ssp126_percentage_change_cf_historical,1.286778448353318
ssp370_percentage_change_cf_historical,1.1834353045609358
ssp585_percentage_change_cf_historical,1.8130938215240497
