Key,Value
historical,11255891.746657245
ssp126,11320402.104605708
ssp370,11340737.261534315
ssp585,11362020.64114308
historical_percentage_change_cf_historical,0.0
ssp126_percentage_change_cf_historical,0.5731252520940563
ssp370_percentage_change_cf_historical,0.7537875877516947
ssp585_percentage_change_cf_historical,0.9428741575926488
