Key,Value
historical,11333941.039162993
ssp126,11352624.370186418
ssp370,11360711.085697023
ssp585,11342348.127243012
historical_percentage_change_cf_historical,0.0
ssp126_percentage_change_cf_historical,0.16484408167350603
ssp370_percentage_change_cf_historical,0.23619362798455779
ssp585_percentage_change_cf_historical,0.07417621153109173
