Key,Value
historical,5516481.35988746
ssp126,5561545.43132472
ssp370,5578189.169563185
ssp585,5588133.738658253
historical_percentage_change_cf_historical,0.0
ssp126_percentage_change_cf_historical,0.81689882548936
ssp370_percentage_change_cf_historical,1.1186081425821053
ssp585_percentage_change_cf_historical,1.2988782902776745
