Key,Value
historical,8469669.96923381
ssp126,8458327.90210938
ssp370,8557770.863349043
ssp585,8534415.628473349
historical_percentage_change_cf_historical,0.0
ssp126_percentage_change_cf_historical,-0.13391392067967584
ssp370_percentage_change_cf_historical,1.040192763534584
ssp585_percentage_change_cf_historical,0.7644413474754918
