Key,Value
historical,11344429.805287141
ssp126,11408530.494086137
ssp370,11431593.27494922
ssp585,11432442.667322721
historical_percentage_change_cf_historical,0.0
ssp126_percentage_change_cf_historical,0.5650410809463615
ssp370_percentage_change_cf_historical,0.7683371589240621
ssp585_percentage_change_cf_historical,0.775824466687264
