Key,Value
historical,5530150.3217971455
ssp126,5543767.478559531
ssp370,5553498.520335538
ssp585,5550447.703500291
historical_percentage_change_cf_historical,0.0
ssp126_percentage_change_cf_historical,0.24623483938065074
ssp370_percentage_change_cf_historical,0.4221982618874864
ssp585_percentage_change_cf_historical,0.36703128345613784
