Key,Value
historical,11347523.907114312
ssp126,11398834.610096233
ssp370,11378550.089096548
ssp585,11379612.527816134
historical_percentage_change_cf_historical,0.0
ssp126_percentage_change_cf_historical,0.4521753239026159
ssp370_percentage_change_cf_historical,0.2734180798930431
ssp585_percentage_change_cf_historical,0.28278081601311816
