Key,Value
historical,11271902.325963419
ssp126,11353972.556019317
ssp370,11361510.07900779
ssp585,11392140.459149463
historical_percentage_change_cf_historical,0.0
ssp126_percentage_change_cf_historical,0.728095645992779
ssp370_percentage_change_cf_historical,0.7949656628763566
ssp585_percentage_change_cf_historical,1.066706663249651
