Key,Value
historical,11027474.272843547
ssp126,11053002.693666387
ssp370,11084940.093177333
ssp585,11097811.20721157
historical_percentage_change_cf_historical,0.0
ssp126_percentage_change_cf_historical,0.23149834849950113
ssp370_percentage_change_cf_historical,0.521114979839968
ssp585_percentage_change_cf_historical,0.6378335838990495
