Key,Value
historical,11576810.151868783
ssp126,11691047.832907343
ssp370,11782914.44810751
ssp585,11768087.737038989
historical_percentage_change_cf_historical,0.0
ssp126_percentage_change_cf_historical,0.9867802921525802
ssp370_percentage_change_cf_historical,1.780320256918591
ssp585_percentage_change_cf_historical,1.6522477492587089
