Key,Value
historical,8430123.04392318
ssp126,8562729.332464058
ssp370,8646735.875437902
ssp585,8670817.572932165
historical_percentage_change_cf_historical,0.0
ssp126_percentage_change_cf_historical,1.5730053742983752
ssp370_percentage_change_cf_historical,2.5695097258499238
ssp585_percentage_change_cf_historical,2.85517219327526
