Key,Value
historical,11261017.218964523
ssp126,11301250.062735638
ssp370,11314008.02545735
ssp585,11299512.760418935
historical_percentage_change_cf_historical,0.0
ssp126_percentage_change_cf_historical,0.3572753951868519
ssp370_percentage_change_cf_historical,0.47056855932683195
ssp585_percentage_change_cf_historical,0.3418478162841474
