Key,Value
historical,9050910.656018948
ssp126,9103607.003078707
ssp370,9155069.692401212
ssp585,9126133.768027313
historical_percentage_change_cf_historical,0.0
ssp126_percentage_change_cf_historical,0.5822214919856133
ssp370_percentage_change_cf_historical,1.150812778303106
ssp585_percentage_change_cf_historical,0.8311109773063634
