Key,Value
historical,11270307.019513762
ssp126,11369044.960553998
ssp370,11419201.809810244
ssp585,11457016.831183583
historical_percentage_change_cf_historical,0.0
ssp126_percentage_change_cf_historical,0.8760891861178097
ssp370_percentage_change_cf_historical,1.321124526942175
ssp585_percentage_change_cf_historical,1.6566523995002598
