Key,Value
historical,11498046.97365909
ssp126,11600223.785056375
ssp370,11599519.634618802
ssp585,11626899.805516819
historical_percentage_change_cf_historical,0.0
ssp126_percentage_change_cf_historical,0.8886449292767844
ssp370_percentage_change_cf_historical,0.8825208419497269
ssp585_percentage_change_cf_historical,1.1206497255831114
