Key,Value
historical,11337776.585809961
ssp126,11423227.450158853
ssp370,11443699.769914275
ssp585,11434429.970704988
historical_percentage_change_cf_historical,0.0
ssp126_percentage_change_cf_historical,0.7536827322549291
ssp370_percentage_change_cf_historical,0.9342500560196655
ssp585_percentage_change_cf_historical,0.8524897643158299
