Key,Value
historical,11295500.087366566
ssp126,11360266.700828325
ssp370,11342496.833420455
ssp585,11355454.837653548
historical_percentage_change_cf_historical,0.0
ssp126_percentage_change_cf_historical,0.5733842057528472
ssp370_percentage_change_cf_historical,0.4160660943772895
ssp585_percentage_change_cf_historical,0.5307843815966834
