Key,Value
historical,11170041.515284708
ssp126,11253260.669069674
ssp370,11341063.345001847
ssp585,11334116.04536196
historical_percentage_change_cf_historical,0.0
ssp126_percentage_change_cf_historical,0.7450209891439689
ssp370_percentage_change_cf_historical,1.531076043747181
ssp585_percentage_change_cf_historical,1.4688802172555804
