Key,Value
historical,11273600.556551352
ssp126,11294773.964937849
ssp370,11307628.377677515
ssp585,11327948.891859708
historical_percentage_change_cf_historical,0.0
ssp126_percentage_change_cf_historical,0.18781407306641235
ssp370_percentage_change_cf_historical,0.301836320663221
ssp585_percentage_change_cf_historical,0.48208498283871803
