Key,Value
historical,5757164.350016475
ssp126,5812149.3668406885
ssp370,5784584.664146524
ssp585,5846652.964970427
historical_percentage_change_cf_historical,0.0
ssp126_percentage_change_cf_historical,0.9550711683965812
ssp370_percentage_change_cf_historical,0.47628159390604735
ssp585_percentage_change_cf_historical,1.554387012656601
