Key,Value
historical,11343410.801627241
ssp126,11409951.837840227
ssp370,11428585.149980754
ssp585,11419104.605351744
historical_percentage_change_cf_historical,0.0
ssp126_percentage_change_cf_historical,0.5866051875987851
ssp370_percentage_change_cf_historical,0.7508707023225687
ssp585_percentage_change_cf_historical,0.6672931541335404
