Key,Value
historical,11485296.172614861
ssp126,11553000.827862814
ssp370,11566251.167892244
ssp585,11538904.601798963
historical_percentage_change_cf_historical,0.0
ssp126_percentage_change_cf_historical,0.5894898505916234
ssp370_percentage_change_cf_historical,0.7048577072867193
ssp585_percentage_change_cf_historical,0.4667570463870456
