Key,Value
historical,11355998.941026125
ssp126,11443391.61130508
ssp370,11434164.539588595
ssp585,11445871.747877156
historical_percentage_change_cf_historical,0.0
ssp126_percentage_change_cf_historical,0.7695727230409417
ssp370_percentage_change_cf_historical,0.6883198824550673
ssp585_percentage_change_cf_historical,0.7914126033100032
