Key,Value
historical,11090003.663484253
ssp126,11117868.276660211
ssp370,11079283.548818573
ssp585,11070566.916348185
historical_percentage_change_cf_historical,0.0
ssp126_percentage_change_cf_historical,0.251258827512451
ssp370_percentage_change_cf_historical,-0.09666466297912468
ssp585_percentage_change_cf_historical,-0.17526366740586782
