Key,Value
historical,4335549.898073546
ssp126,4401636.601883889
ssp370,4415022.920603882
ssp585,4427399.0355228335
historical_percentage_change_cf_historical,0.0
ssp126_percentage_change_cf_historical,1.524298078998201
ssp370_percentage_change_cf_historical,1.8330551925062357
ssp585_percentage_change_cf_historical,2.11851182914767
