Key,Value
historical,11064264.192782545
ssp126,11049581.113407776
ssp370,11105867.485144995
ssp585,11135418.942308638
historical_percentage_change_cf_historical,0.0
ssp126_percentage_change_cf_historical,-0.13270723763400177
ssp370_percentage_change_cf_historical,0.37601499419715956
ssp585_percentage_change_cf_historical,0.6431042162976236
