Key,Value
historical,5753627.606968651
ssp126,5805816.882921919
ssp370,5874094.514996777
ssp585,5827703.76919805
historical_percentage_change_cf_historical,0.0
ssp126_percentage_change_cf_historical,0.9070673237534226
ssp370_percentage_change_cf_historical,2.093755735637464
ssp585_percentage_change_cf_historical,1.2874688333961688
