Key,Value
historical,11293289.720140286
ssp126,11401852.602799356
ssp370,11431102.078166569
ssp585,11429759.617385823
historical_percentage_change_cf_historical,0.0
ssp126_percentage_change_cf_historical,0.9613043262802401
ssp370_percentage_change_cf_historical,1.2203030422615506
ssp585_percentage_change_cf_historical,1.2084157993587916
