Key,Value
historical,5509871.7383321
ssp126,5585999.851855908
ssp370,5599769.064307634
ssp585,5606651.390318645
historical_percentage_change_cf_historical,0.0
ssp126_percentage_change_cf_historical,1.381667616583253
ssp370_percentage_change_cf_historical,1.6315683965947725
ssp585_percentage_change_cf_historical,1.7564774024275425
