Key,Value
historical,11207552.51348584
ssp126,11282323.66109763
ssp370,11293429.599418046
ssp585,11320442.604407452
historical_percentage_change_cf_historical,0.0
ssp126_percentage_change_cf_historical,0.6671496521816028
ssp370_percentage_change_cf_historical,0.7662429939888487
ssp585_percentage_change_cf_historical,1.007268007763282
