Key,Value
historical,11295552.37873844
ssp126,11333463.773271974
ssp370,11325949.181547035
ssp585,11352926.061462428
historical_percentage_change_cf_historical,0.0
ssp126_percentage_change_cf_historical,0.3356311693520542
ssp370_percentage_change_cf_historical,0.26910417294695305
ssp585_percentage_change_cf_historical,0.5079316247692501
