Key,Value
historical,5703094.231742471
ssp126,5742885.019963261
ssp370,5775580.736593248
ssp585,5774553.213311456
historical_percentage_change_cf_historical,0.0
ssp126_percentage_change_cf_historical,0.6977052561979493
ssp370_percentage_change_cf_historical,1.271003106477341
ssp585_percentage_change_cf_historical,1.252986162691402
