Key,Value
historical,10786346.259019557
ssp126,10878833.607905375
ssp370,10916333.833130911
ssp585,10936774.21635443
historical_percentage_change_cf_historical,0.0
ssp126_percentage_change_cf_historical,0.8574483579968463
ssp370_percentage_change_cf_historical,1.205112194527019
ssp585_percentage_change_cf_historical,1.3946145777499426
