Key,Value
historical,8758225.671920095
ssp126,9002135.046450917
ssp370,9010837.873664415
ssp585,9104657.345586516
historical_percentage_change_cf_historical,0.0
ssp126_percentage_change_cf_historical,2.784917672455327
ssp370_percentage_change_cf_historical,2.8842851418435633
ssp585_percentage_change_cf_historical,3.955500653255855
