Key,Value
historical,11349575.024181528
ssp126,11489804.43114318
ssp370,11549145.745846698
ssp585,11528048.551790336
historical_percentage_change_cf_historical,0.0
ssp126_percentage_change_cf_historical,1.235547645289601
ssp370_percentage_change_cf_historical,1.758398188830529
ssp585_percentage_change_cf_historical,1.572512867032911
