Key,Value
historical,9505218.919778636
ssp126,9609916.230397997
ssp370,9603037.12371968
ssp585,9662292.875711026
historical_percentage_change_cf_historical,0.0
ssp126_percentage_change_cf_historical,1.1014718493385312
ssp370_percentage_change_cf_historical,1.0290999583134433
ssp585_percentage_change_cf_historical,1.6525022438520331
