Key,Value
historical,5518257.015403207
ssp126,5584740.31018674
ssp370,5599870.638897622
ssp585,5603821.166940742
historical_percentage_change_cf_historical,0.0
ssp126_percentage_change_cf_historical,1.2047879357187719
ssp370_percentage_change_cf_historical,1.4789746702012079
ssp585_percentage_change_cf_historical,1.5505648123800335
