Key,Value
historical,9157890.297649646
ssp126,9239033.38172225
ssp370,9238936.744129004
ssp585,9202561.50020605
historical_percentage_change_cf_historical,0.0
ssp126_percentage_change_cf_historical,0.8860456004089514
ssp370_percentage_change_cf_historical,0.8849903618102761
ssp585_percentage_change_cf_historical,0.48778922988265244
