Key,Value
historical,10992133.413546097
ssp126,11078544.511688353
ssp370,11114326.236572243
ssp585,11089479.337204846
historical_percentage_change_cf_historical,0.0
ssp126_percentage_change_cf_historical,0.7861176251351598
ssp370_percentage_change_cf_historical,1.1116388277780824
ssp585_percentage_change_cf_historical,0.8855962714097462
