Key,Value
historical,10353841.61681255
ssp126,10450963.201898037
ssp370,10417483.043601645
ssp585,10411470.190550247
historical_percentage_change_cf_historical,0.0
ssp126_percentage_change_cf_historical,0.9380246354916337
ssp370_percentage_change_cf_historical,0.61466486686212
ssp585_percentage_change_cf_historical,0.5565912235331136
