Key,Value
historical,11335047.368543716
ssp126,11403833.385996647
ssp370,11427674.723189691
ssp585,11438358.87050329
historical_percentage_change_cf_historical,0.0
ssp126_percentage_change_cf_historical,0.6068436700478332
ssp370_percentage_change_cf_historical,0.8171765995705349
ssp585_percentage_change_cf_historical,0.9114342322580568
