Key,Value
historical,11311934.496701863
ssp126,11406697.09905413
ssp370,11414408.144637235
ssp585,11446703.737392206
historical_percentage_change_cf_historical,0.0
ssp126_percentage_change_cf_historical,0.8377223398871021
ssp370_percentage_change_cf_historical,0.9058896863772447
ssp585_percentage_change_cf_historical,1.1913898611208962
