Key,Value
historical,11456877.65477864
ssp126,11542472.844970353
ssp370,11549515.262812112
ssp585,11519328.637473973
historical_percentage_change_cf_historical,0.0
ssp126_percentage_change_cf_historical,0.7471074822555223
ssp370_percentage_change_cf_historical,0.8085763924940915
ssp585_percentage_change_cf_historical,0.545096007630697
