Key,Value
historical,11010707.927617949
ssp126,11089769.170577398
ssp370,11146223.671573395
ssp585,11148634.086437156
historical_percentage_change_cf_historical,0.0
ssp126_percentage_change_cf_historical,0.7180395981728047
ssp370_percentage_change_cf_historical,1.2307632247290372
ssp585_percentage_change_cf_historical,1.25265477684001
