Key,Value
historical,5773964.643090494
ssp126,5822560.289075976
ssp370,5847044.859151384
ssp585,5881333.208132682
historical_percentage_change_cf_historical,0.0
ssp126_percentage_change_cf_historical,0.841633937672878
ssp370_percentage_change_cf_historical,1.2656852020793454
ssp585_percentage_change_cf_historical,1.8595293126824508
