Key,Value
historical,11349022.226289129
ssp126,11393947.876939507
ssp370,11393851.945913943
ssp585,11403110.220985493
historical_percentage_change_cf_historical,0.0
ssp126_percentage_change_cf_historical,0.39585481246403353
ssp370_percentage_change_cf_historical,0.3950095323716001
ssp585_percentage_change_cf_historical,0.47658726556260644
