Key,Value
historical,8758657.529603371
ssp126,8831874.765756203
ssp370,8915758.8369418
ssp585,8957279.129217349
historical_percentage_change_cf_historical,0.0
ssp126_percentage_change_cf_historical,0.8359413061346975
ssp370_percentage_change_cf_historical,1.7936687992131364
ssp585_percentage_change_cf_historical,2.267717386399192
