Key,Value
historical,11020499.03191783
ssp126,11071975.225678282
ssp370,11081499.967680395
ssp585,11121443.112560313
historical_percentage_change_cf_historical,0.0
ssp126_percentage_change_cf_historical,0.4670949438075749
ssp370_percentage_change_cf_historical,0.5535224456341892
ssp585_percentage_change_cf_historical,0.9159665124975341
