Key,Value
historical,11524633.695579309
ssp126,11637873.69227354
ssp370,11659076.034609238
ssp585,11668921.378258705
historical_percentage_change_cf_historical,0.0
ssp126_percentage_change_cf_historical,0.9825908543858423
ssp370_percentage_change_cf_historical,1.1665649649367937
ssp585_percentage_change_cf_historical,1.2519936554230169
