Key,Value
historical,11496290.184265142
ssp126,11586760.442899082
ssp370,11591735.480374387
ssp585,11604584.851768173
historical_percentage_change_cf_historical,0.0
ssp126_percentage_change_cf_historical,0.7869517660381024
ssp370_percentage_change_cf_historical,0.830226921723664
ssp585_percentage_change_cf_historical,0.9419966421102766
