Key,Value
historical,10929272.250076933
ssp126,11072130.737761267
ssp370,11153960.893450473
ssp585,11000216.2240359
historical_percentage_change_cf_historical,0.0
ssp126_percentage_change_cf_historical,1.307118025935607
ssp370_percentage_change_cf_historical,2.055842678564056
ssp585_percentage_change_cf_historical,0.6491189196834937
