Key,Value
historical,11527767.048981242
ssp126,11691110.159407284
ssp370,11672264.286541365
ssp585,11686479.972475689
historical_percentage_change_cf_historical,0.0
ssp126_percentage_change_cf_historical,1.4169536019595188
ssp370_percentage_change_cf_historical,1.2534711791638178
ssp585_percentage_change_cf_historical,1.3767880875808742
