Key,Value
historical,11397494.415723909
ssp126,11458429.61894958
ssp370,11462304.669657739
ssp585,11490266.9138405
historical_percentage_change_cf_historical,0.0
ssp126_percentage_change_cf_historical,0.5346368333517635
ssp370_percentage_change_cf_historical,0.5686359788377556
ssp585_percentage_change_cf_historical,0.8139727446464341
