Key,Value
historical,11259859.641854348
ssp126,11347369.887171652
ssp370,11369069.73421986
ssp585,11356468.507426426
historical_percentage_change_cf_historical,0.0
ssp126_percentage_change_cf_historical,0.7771877101559744
ssp370_percentage_change_cf_historical,0.9699063384375117
ssp585_percentage_change_cf_historical,0.8579935154162185
