Key,Value
historical,11093085.829250235
ssp126,11104811.866745451
ssp370,11163686.83194299
ssp585,11142023.174567742
historical_percentage_change_cf_historical,0.0
ssp126_percentage_change_cf_historical,0.10570582140721524
ssp370_percentage_change_cf_historical,0.6364415076154434
ssp585_percentage_change_cf_historical,0.4411517775195539
