Key,Value
historical,11268139.081303632
ssp126,11305938.72571326
ssp370,11298235.860344565
ssp585,11330195.581432682
historical_percentage_change_cf_historical,0.0
ssp126_percentage_change_cf_historical,0.3354559624876007
ssp370_percentage_change_cf_historical,0.267096268725241
ssp585_percentage_change_cf_historical,0.5507253653978702
