Key,Value
historical,10346073.631778473
ssp126,10377378.680406949
ssp370,10368409.28247832
ssp585,10397485.499363791
historical_percentage_change_cf_historical,0.0
ssp126_percentage_change_cf_historical,0.30257902410746934
ssp370_percentage_change_cf_historical,0.21588528648434704
ssp585_percentage_change_cf_historical,0.4969215319268953
