Key,Value
historical,11322403.825025758
ssp126,11507793.273006234
ssp370,11561181.42088639
ssp585,11633272.516486017
historical_percentage_change_cf_historical,0.0
ssp126_percentage_change_cf_historical,1.6373682730756585
ssp370_percentage_change_cf_historical,2.1088948914970267
ssp585_percentage_change_cf_historical,2.745606818696489
