Key,Value
historical,11279542.741960742
ssp126,11382341.72340517
ssp370,11390153.565804997
ssp585,11473544.579547098
historical_percentage_change_cf_historical,0.0
ssp126_percentage_change_cf_historical,0.9113754324633023
ssp370_percentage_change_cf_historical,0.9806321619118066
ssp585_percentage_change_cf_historical,1.7199441681678727
