Key,Value
historical,11392535.743021434
ssp126,11496700.224165061
ssp370,11489216.462055374
ssp585,11594668.171877444
historical_percentage_change_cf_historical,0.0
ssp126_percentage_change_cf_historical,0.9143221798310696
ssp370_percentage_change_cf_historical,0.8486321326063174
ssp585_percentage_change_cf_historical,1.7742531901190395
