Key,Value
historical,11281160.83168371
ssp126,11329104.366189614
ssp370,11362966.546388447
ssp585,11373263.52346937
historical_percentage_change_cf_historical,0.0
ssp126_percentage_change_cf_historical,0.4249875985390784
ssp370_percentage_change_cf_historical,0.7251533412676964
ssp585_percentage_change_cf_historical,0.8164292058223706
