Key,Value
historical,11344858.020561961
ssp126,11437045.733127046
ssp370,11434901.093064077
ssp585,11445579.021770567
historical_percentage_change_cf_historical,0.0
ssp126_percentage_change_cf_historical,0.8125946785583347
ssp370_percentage_change_cf_historical,0.7936906071360028
ssp585_percentage_change_cf_historical,0.887811914667012
