Key,Value
historical,5761622.549556274
ssp126,5811062.052241407
ssp370,5819725.74247738
ssp585,5793026.345172118
historical_percentage_change_cf_historical,0.0
ssp126_percentage_change_cf_historical,0.8580829837411149
ssp370_percentage_change_cf_historical,1.0084519147402418
ssp585_percentage_change_cf_historical,0.5450512480770363
