Key,Value
historical,10959995.185728183
ssp126,10966834.852581825
ssp370,11041543.925019866
ssp585,10945567.425966967
historical_percentage_change_cf_historical,0.0
ssp126_percentage_change_cf_historical,0.062405746879784445
ssp370_percentage_change_cf_historical,0.7440581670863639
ssp585_percentage_change_cf_historical,-0.1316402016307778
