Key,Value
historical,7979222.203862871
ssp126,7986701.463906275
ssp370,8062081.197650082
ssp585,7960834.801079688
historical_percentage_change_cf_historical,0.0
ssp126_percentage_change_cf_historical,0.09373419930307535
ssp370_percentage_change_cf_historical,1.0384344698045629
ssp585_percentage_change_cf_historical,-0.23044104191360582
