Key,Value
historical,11198088.60104278
ssp126,11276425.110705838
ssp370,11298773.521673635
ssp585,11304456.998496197
historical_percentage_change_cf_historical,0.0
ssp126_percentage_change_cf_historical,0.6995525080571666
ssp370_percentage_change_cf_historical,0.8991259510259598
ssp585_percentage_change_cf_historical,0.9498799415063822
