Key,Value
historical,11408138.118624087
ssp126,11534257.011816867
ssp370,11545996.41797708
ssp585,11574731.285656545
historical_percentage_change_cf_historical,0.0
ssp126_percentage_change_cf_historical,1.105516885239028
ssp370_percentage_change_cf_historical,1.2084206723263193
ssp585_percentage_change_cf_historical,1.4603011052302228
