Key,Value
historical,5518258.81009632
ssp126,5571821.614919474
ssp370,5579843.565867305
ssp585,5600213.084169011
historical_percentage_change_cf_historical,0.0
ssp126_percentage_change_cf_historical,0.9706468410860863
ssp370_percentage_change_cf_historical,1.1160178942370065
ssp585_percentage_change_cf_historical,1.4851473425411952
