Key,Value
historical,5513321.20234664
ssp126,5590856.521739598
ssp370,5618533.136215994
ssp585,5642417.816629022
historical_percentage_change_cf_historical,0.0
ssp126_percentage_change_cf_historical,1.4063269043704043
ssp370_percentage_change_cf_historical,1.908322225532098
ssp585_percentage_change_cf_historical,2.341539873052111
