Key,Value
historical,8162003.825203468
ssp126,8254748.606603645
ssp370,8269413.576335641
ssp585,8269187.237835309
historical_percentage_change_cf_historical,0.0
ssp126_percentage_change_cf_historical,1.1362991660674049
ssp370_percentage_change_cf_historical,1.3159728105064317
ssp585_percentage_change_cf_historical,1.3131997353501423
