Key,Value
historical,5841505.868457302
ssp126,5867204.11902345
ssp370,5868845.5587839335
ssp585,5873671.336090431
historical_percentage_change_cf_historical,0.0
ssp126_percentage_change_cf_historical,0.43992510056202305
ssp370_percentage_change_cf_historical,0.4680247001763481
ssp585_percentage_change_cf_historical,0.5506365714158363
