Key,Value
historical,9101040.377669219
ssp126,9174938.807767842
ssp370,9167535.274887055
ssp585,9232244.498140376
historical_percentage_change_cf_historical,0.0
ssp126_percentage_change_cf_historical,0.8119778292594332
ssp370_percentage_change_cf_historical,0.7306296253886702
ssp585_percentage_change_cf_historical,1.4416387031210884
