Key,Value
historical,5525256.366212212
ssp126,5580267.967517118
ssp370,5582417.894769856
ssp585,5623484.361139521
historical_percentage_change_cf_historical,0.0
ssp126_percentage_change_cf_historical,0.9956388927274178
ssp370_percentage_change_cf_historical,1.0345497976744702
ssp585_percentage_change_cf_historical,1.7777997692195548
