Key,Value
historical,11052823.851499122
ssp126,11084259.3643137
ssp370,11118044.552773513
ssp585,11082409.70349421
historical_percentage_change_cf_historical,0.0
ssp126_percentage_change_cf_historical,0.28441159686367384
ssp370_percentage_change_cf_historical,0.5900817940344287
ssp585_percentage_change_cf_historical,0.2676768615205548
