Key,Value
historical,10329859.041947803
ssp126,10402389.292331755
ssp370,10376138.357615069
ssp585,10424477.187080584
historical_percentage_change_cf_historical,0.0
ssp126_percentage_change_cf_historical,0.7021417241941019
ssp370_percentage_change_cf_historical,0.4480149775455172
ssp585_percentage_change_cf_historical,0.91596743719884
