Key,Value
historical,5746392.19146418
ssp126,5808219.869574383
ssp370,5817299.046061169
ssp585,5828207.266564095
historical_percentage_change_cf_historical,0.0
ssp126_percentage_change_cf_historical,1.075939059677183
ssp370_percentage_change_cf_historical,1.2339369161456792
ssp585_percentage_change_cf_historical,1.4237642049814354
