Key,Value
historical,8680154.195549754
ssp126,8749718.799952967
ssp370,8754140.106431631
ssp585,8778900.718900938
historical_percentage_change_cf_historical,0.0
ssp126_percentage_change_cf_historical,0.8014212977792248
ssp370_percentage_change_cf_historical,0.8523571035156141
ssp585_percentage_change_cf_historical,1.1376125484246549
