Key,Value
historical,11558641.740074348
ssp126,11683370.555189054
ssp370,11801546.646439712
ssp585,11778028.76927668
historical_percentage_change_cf_historical,0.0
ssp126_percentage_change_cf_historical,1.0790957788947309
ssp370_percentage_change_cf_historical,2.101500434287207
ssp585_percentage_change_cf_historical,1.898034683796001
