Key,Value
historical,11285977.589291751
ssp126,11270249.235155508
ssp370,11282278.959363371
ssp585,11259381.271535758
historical_percentage_change_cf_historical,0.0
ssp126_percentage_change_cf_historical,-0.13936191182203553
ssp370_percentage_change_cf_historical,-0.032771905660078114
ssp585_percentage_change_cf_historical,-0.23565807698597865
