Key,Value
historical,5810149.927304372
ssp126,5870255.4322294
ssp370,5893822.344774477
ssp585,5949037.100941818
historical_percentage_change_cf_historical,0.0
ssp126_percentage_change_cf_historical,1.034491461959804
ssp370_percentage_change_cf_historical,1.4401077169608416
ssp585_percentage_change_cf_historical,2.390423231331019
