Key,Value
historical,5530153.306013823
ssp126,5581351.754333429
ssp370,5597941.552490044
ssp585,5608256.000531714
historical_percentage_change_cf_historical,0.0
ssp126_percentage_change_cf_historical,0.925805226121493
ssp370_percentage_change_cf_historical,1.2257932597005006
ssp585_percentage_change_cf_historical,1.4123061368472059
