Key,Value
historical,11344270.241959237
ssp126,11416986.144092664
ssp370,11447340.68845417
ssp585,11432506.75173508
historical_percentage_change_cf_historical,0.0
ssp126_percentage_change_cf_historical,0.6409923298941881
ssp370_percentage_change_cf_historical,0.9085683282976184
ssp585_percentage_change_cf_historical,0.7778068389933241
